Survey_id,District_code,District_Name,Taluk_code,Taluk_Name,Hobli_code,Hobli_Name,Village_code,Village_Name,Year_code,Years,Season_code,Season,Cropname,Crop_Extent,CropSurveyDate,Month,Weekname,Latitude,Longtitude,Image_url
40012620,24,Dakshina Kannada,3,Belthangady,3,VENURU,5,HOSANGADI,119,2021-2022,2,Rabi,NA Land ,0-13-0.00,2021-12-28,,,13.0027418,75.1586556,
440273533,24,Dakshina Kannada,3,Belthangady,3,VENURU,5,HOSANGADI,119,2021-2022,2,Rabi,Fallow,1-14-0.00,2021-12-29,,,13.0369647,75.0836785,
440273546,24,Dakshina Kannada,3,Belthangady,3,VENURU,5,HOSANGADI,119,2021-2022,2,Rabi,Fallow,0-53-0.00,2021-12-29,,,13.0359334,75.0809633,
440273548,24,Dakshina Kannada,3,Belthangady,3,VENURU,5,HOSANGADI,119,2021-2022,2,Rabi,Fallow,0-74-0.00,2021-12-29,,,13.0359287,75.080961,
440273563,24,Dakshina Kannada,3,Belthangady,3,VENURU,5,HOSANGADI,119,2021-2022,2,Rabi,NA Land ,0-9-0.00,2021-12-29,,,13.0359076,75.0808599,
440273590,24,Dakshina Kannada,3,Belthangady,3,VENURU,5,HOSANGADI,119,2021-2022,2,Rabi,Fallow,0-98-0.00,2021-12-29,,,13.0361122,75.079899,
440273592,24,Dakshina Kannada,3,Belthangady,3,VENURU,5,HOSANGADI,119,2021-2022,2,Rabi,Fallow,0-27-0.00,2021-12-29,,,13.0361022,75.0799172,
440273592,24,Dakshina Kannada,3,Belthangady,3,VENURU,5,HOSANGADI,119,2021-2022,2,Rabi,Betel Nuts (Areca nuts),1-53-0.00,2021-12-29,,,13.0360784,75.0799351,
440273616,24,Dakshina Kannada,3,Belthangady,3,VENURU,5,HOSANGADI,119,2021-2022,2,Rabi,Fallow,0-70-0.00,2021-12-29,,,13.0360569,75.0799655,
440273622,24,Dakshina Kannada,3,Belthangady,3,VENURU,5,HOSANGADI,119,2021-2022,2,Rabi,Fallow,0-67-0.00,2021-12-29,,,13.0360621,75.0799865,
440273624,24,Dakshina Kannada,3,Belthangady,3,VENURU,5,HOSANGADI,119,2021-2022,2,Rabi,Fallow,0-52-0.00,2021-12-29,,,13.0360784,75.0799768,
440273635,24,Dakshina Kannada,3,Belthangady,3,VENURU,5,HOSANGADI,119,2021-2022,2,Rabi,Fallow,0-23-0.00,2021-12-29,,,13.0360834,75.0799358,
440273677,24,Dakshina Kannada,3,Belthangady,3,VENURU,5,HOSANGADI,119,2021-2022,2,Rabi,Fallow,1-68-0.00,2021-12-29,,,13.0374295,75.0876479,
440273685,24,Dakshina Kannada,3,Belthangady,3,VENURU,5,HOSANGADI,119,2021-2022,2,Rabi,Fallow,0-16-0.00,2021-12-29,,,13.0374721,75.0873007,
440273748,24,Dakshina Kannada,3,Belthangady,3,VENURU,5,HOSANGADI,119,2021-2022,2,Rabi,Fallow,0-18-0.00,2021-12-29,,,13.0297813,75.0906707,
440273748,24,Dakshina Kannada,3,Belthangady,3,VENURU,5,HOSANGADI,119,2021-2022,2,Rabi,Betel Nuts (Areca nuts),0-70-0.00,2021-12-29,,,13.0297871,75.0905844,
440273777,24,Dakshina Kannada,3,Belthangady,3,VENURU,5,HOSANGADI,119,2021-2022,2,Rabi,Fallow,0-65-0.00,2021-12-29,,,13.030567,75.0913118,
440273603,24,Dakshina Kannada,3,Belthangady,3,VENURU,5,HOSANGADI,119,2021-2022,2,Rabi,Fallow,0-72-0.00,2021-12-29,,,13.0360455,75.0799422,
440273610,24,Dakshina Kannada,3,Belthangady,3,VENURU,5,HOSANGADI,119,2021-2022,2,Rabi,Fallow,1-55-0.00,2021-12-29,,,13.0361061,75.079955,
440273650,24,Dakshina Kannada,3,Belthangady,3,VENURU,5,HOSANGADI,119,2021-2022,2,Rabi,Fallow,4-49-0.00,2021-12-29,,,13.0357214,75.0876103,
440273657,24,Dakshina Kannada,3,Belthangady,3,VENURU,5,HOSANGADI,119,2021-2022,2,Rabi,NA Land ,0-16-0.00,2021-12-29,,,13.035742,75.0876194,
440273665,24,Dakshina Kannada,3,Belthangady,3,VENURU,5,HOSANGADI,119,2021-2022,2,Rabi,Fallow,0-53-0.00,2021-12-29,,,13.0362556,75.0874261,
440273708,24,Dakshina Kannada,3,Belthangady,3,VENURU,5,HOSANGADI,119,2021-2022,2,Rabi,Fallow,0-21-0.00,2021-12-29,,,13.0374462,75.0872879,
440273772,24,Dakshina Kannada,3,Belthangady,3,VENURU,5,HOSANGADI,119,2021-2022,2,Rabi,Fallow,0-46-0.00,2021-12-29,,,13.0305669,75.0913002,
440273653,24,Dakshina Kannada,3,Belthangady,3,VENURU,5,HOSANGADI,119,2021-2022,2,Rabi,Fallow,0-66-0.00,2021-12-29,,,13.0357619,75.087642,
440273669,24,Dakshina Kannada,3,Belthangady,3,VENURU,5,HOSANGADI,119,2021-2022,2,Rabi,Fallow,0-65-0.00,2021-12-29,,,13.0365825,75.0874017,
440273700,24,Dakshina Kannada,3,Belthangady,3,VENURU,5,HOSANGADI,119,2021-2022,2,Rabi,Fallow,0-77-0.00,2021-12-29,,,13.0374467,75.0872895,
440273539,24,Dakshina Kannada,3,Belthangady,3,VENURU,5,HOSANGADI,119,2021-2022,2,Rabi,NA Land ,0-9-0.00,2021-12-29,,,13.0369681,75.083668,
440273531,24,Dakshina Kannada,3,Belthangady,3,VENURU,5,HOSANGADI,119,2021-2022,2,Rabi,NA Land ,0-5-0.00,2021-12-29,,,13.0369634,75.0836801,
440273542,24,Dakshina Kannada,3,Belthangady,3,VENURU,5,HOSANGADI,119,2021-2022,2,Rabi,Fallow,0-38-0.00,2021-12-29,,,13.0359476,75.0809509,
440273552,24,Dakshina Kannada,3,Belthangady,3,VENURU,5,HOSANGADI,119,2021-2022,2,Rabi,Fallow,0-56-0.00,2021-12-29,,,13.0359254,75.0809609,
440273572,24,Dakshina Kannada,3,Belthangady,3,VENURU,5,HOSANGADI,119,2021-2022,2,Rabi,NA Land ,0-6-0.00,2021-12-29,,,13.0359604,75.0809671,
440273572,24,Dakshina Kannada,3,Belthangady,3,VENURU,5,HOSANGADI,119,2021-2022,2,Rabi,Fallow,0-14-0.00,2021-12-29,,,13.0359519,75.0809482,
440273588,24,Dakshina Kannada,3,Belthangady,3,VENURU,5,HOSANGADI,119,2021-2022,2,Rabi,Fallow,1-2-0.00,2021-12-29,,,13.0360691,75.0798965,
440273567,24,Dakshina Kannada,3,Belthangady,3,VENURU,5,HOSANGADI,119,2021-2022,2,Rabi,NA Land ,0-7-0.00,2021-12-29,,,13.0359249,75.0809189,
440273567,24,Dakshina Kannada,3,Belthangady,3,VENURU,5,HOSANGADI,119,2021-2022,2,Rabi,Fallow,0-13-0.00,2021-12-29,,,13.0359438,75.08096,
440273579,24,Dakshina Kannada,3,Belthangady,3,VENURU,5,HOSANGADI,119,2021-2022,2,Rabi,Fallow,0-1-0.00,2021-12-29,,,13.0359472,75.0809483,
440273535,24,Dakshina Kannada,3,Belthangady,3,VENURU,5,HOSANGADI,119,2021-2022,2,Rabi,Fallow,0-1-50.00,2021-12-29,,,13.0369649,75.083669,
440273555,24,Dakshina Kannada,3,Belthangady,3,VENURU,5,HOSANGADI,119,2021-2022,2,Rabi,NA Land ,0-5-0.00,2021-12-29,,,13.035933,75.0809652,
440273555,24,Dakshina Kannada,3,Belthangady,3,VENURU,5,HOSANGADI,119,2021-2022,2,Rabi,Coconut,0-8-0.00,2021-12-29,,,13.0359281,75.0809862,
440273570,24,Dakshina Kannada,3,Belthangady,3,VENURU,5,HOSANGADI,119,2021-2022,2,Rabi,Fallow,0-40-0.00,2021-12-29,,,13.0359359,75.0809542,
440273581,24,Dakshina Kannada,3,Belthangady,3,VENURU,5,HOSANGADI,119,2021-2022,2,Rabi,Coconut,0-65-0.00,2021-12-29,,,13.0359327,75.0809233,
440273597,24,Dakshina Kannada,3,Belthangady,3,VENURU,5,HOSANGADI,119,2021-2022,2,Rabi,Fallow,0-76-0.00,2021-12-29,,,13.0360629,75.0799397,
440273597,24,Dakshina Kannada,3,Belthangady,3,VENURU,5,HOSANGADI,119,2021-2022,2,Rabi,Coconut,0-37-0.00,2021-12-29,,,13.0360752,75.079922,
440273601,24,Dakshina Kannada,3,Belthangady,3,VENURU,5,HOSANGADI,119,2021-2022,2,Rabi,NA Land ,0-10-0.00,2021-12-29,,,13.0361284,75.0799427,
440273601,24,Dakshina Kannada,3,Belthangady,3,VENURU,5,HOSANGADI,119,2021-2022,2,Rabi,Fallow,0-40-0.00,2021-12-29,,,13.0360894,75.0799346,
440273607,24,Dakshina Kannada,3,Belthangady,3,VENURU,5,HOSANGADI,119,2021-2022,2,Rabi,NA Land ,0-8-0.00,2021-12-29,,,13.036119,75.0798951,
440273614,24,Dakshina Kannada,3,Belthangady,3,VENURU,5,HOSANGADI,119,2021-2022,2,Rabi,Fallow,0-27-0.00,2021-12-29,,,13.0360697,75.0799563,
440273692,24,Dakshina Kannada,3,Belthangady,3,VENURU,5,HOSANGADI,119,2021-2022,2,Rabi,NA Land ,0-10-0.00,2021-12-29,,,13.0374471,75.0872949,
440273559,24,Dakshina Kannada,3,Belthangady,3,VENURU,5,HOSANGADI,119,2021-2022,2,Rabi,NA Land ,0-5-0.00,2021-12-29,,,13.0359393,75.080971,
440273559,24,Dakshina Kannada,3,Belthangady,3,VENURU,5,HOSANGADI,119,2021-2022,2,Rabi,Fallow,1-8-0.00,2021-12-29,,,13.035942,75.0809578,
440273620,24,Dakshina Kannada,3,Belthangady,3,VENURU,5,HOSANGADI,119,2021-2022,2,Rabi,Fallow,0-51-0.00,2021-12-29,,,13.0360355,75.0799908,
440273627,24,Dakshina Kannada,3,Belthangady,3,VENURU,5,HOSANGADI,119,2021-2022,2,Rabi,Fallow,0-9-0.00,2021-12-29,,,13.0360792,75.0799624,
440273627,24,Dakshina Kannada,3,Belthangady,3,VENURU,5,HOSANGADI,119,2021-2022,2,Rabi,Coconut,0-15-0.00,2021-12-29,,,13.0360685,75.0799532,
440273639,24,Dakshina Kannada,3,Belthangady,3,VENURU,5,HOSANGADI,119,2021-2022,2,Rabi,Fallow,0-55-0.00,2021-12-29,,,13.0360769,75.0799321,
440273737,24,Dakshina Kannada,3,Belthangady,3,VENURU,5,HOSANGADI,119,2021-2022,2,Rabi,NA Land ,0-8-0.00,2021-12-29,,,13.0291659,75.0906358,
440273737,24,Dakshina Kannada,3,Belthangady,3,VENURU,5,HOSANGADI,119,2021-2022,2,Rabi,Betel Nuts (Areca nuts),0-31-0.00,2021-12-29,,,13.0291707,75.0906466,
440273574,24,Dakshina Kannada,3,Belthangady,3,VENURU,5,HOSANGADI,119,2021-2022,2,Rabi,Fallow,0-60-0.00,2021-12-29,,,13.0359482,75.0809512,
440273583,24,Dakshina Kannada,3,Belthangady,3,VENURU,5,HOSANGADI,119,2021-2022,2,Rabi,Fallow,0-28-0.00,2021-12-29,,,13.0359217,75.0809361,
440273585,24,Dakshina Kannada,3,Belthangady,3,VENURU,5,HOSANGADI,119,2021-2022,2,Rabi,Coconut,0-37-0.00,2021-12-29,,,13.0359534,75.0809373,
440273629,24,Dakshina Kannada,3,Belthangady,3,VENURU,5,HOSANGADI,119,2021-2022,2,Rabi,NA Land ,0-12-0.00,2021-12-29,,,13.0360633,75.0799423,
440273642,24,Dakshina Kannada,3,Belthangady,3,VENURU,5,HOSANGADI,119,2021-2022,2,Rabi,NA Land ,0-9-0.00,2021-12-29,,,13.0357286,75.0875912,
440273645,24,Dakshina Kannada,3,Belthangady,3,VENURU,5,HOSANGADI,119,2021-2022,2,Rabi,Fallow,0-61-0.00,2021-12-29,,,13.0357122,75.0876195,
440273673,24,Dakshina Kannada,3,Belthangady,3,VENURU,5,HOSANGADI,119,2021-2022,2,Rabi,Fallow,0-20-0.00,2021-12-29,,,13.0365577,75.0873551,
440273712,24,Dakshina Kannada,3,Belthangady,3,VENURU,5,HOSANGADI,119,2021-2022,2,Rabi,Fallow,0-63-0.00,2021-12-29,,,13.0337911,75.0880716,
440273715,24,Dakshina Kannada,3,Belthangady,3,VENURU,5,HOSANGADI,119,2021-2022,2,Rabi,Fallow,0-6-0.00,2021-12-29,,,13.0337942,75.08808,
440273729,24,Dakshina Kannada,3,Belthangady,3,VENURU,5,HOSANGADI,119,2021-2022,2,Rabi,Fallow,3-28-0.00,2021-12-29,,,13.0315259,75.0892522,
440273751,24,Dakshina Kannada,3,Belthangady,3,VENURU,5,HOSANGADI,119,2021-2022,2,Rabi,Fallow,1-6-0.00,2021-12-29,,,13.029787,75.0906128,
440273767,24,Dakshina Kannada,3,Belthangady,3,VENURU,5,HOSANGADI,119,2021-2022,2,Rabi,Fallow,0-21-0.00,2021-12-29,,,13.0298077,75.0906167,
440273787,24,Dakshina Kannada,3,Belthangady,3,VENURU,5,HOSANGADI,119,2021-2022,2,Rabi,Fallow,0-14-0.00,2021-12-29,,,13.0305654,75.0913231,
440273576,24,Dakshina Kannada,3,Belthangady,3,VENURU,5,HOSANGADI,119,2021-2022,2,Rabi,NA Land ,0-9-0.00,2021-12-29,,,13.0359439,75.0809498,
440273594,24,Dakshina Kannada,3,Belthangady,3,VENURU,5,HOSANGADI,119,2021-2022,2,Rabi,Fallow,1-90-0.00,2021-12-29,,,13.0360726,75.0799366,
440273599,24,Dakshina Kannada,3,Belthangady,3,VENURU,5,HOSANGADI,119,2021-2022,2,Rabi,Fallow,1-35-0.00,2021-12-29,,,13.0360779,75.0799252,
440273612,24,Dakshina Kannada,3,Belthangady,3,VENURU,5,HOSANGADI,119,2021-2022,2,Rabi,NA Land ,0-8-0.00,2021-12-29,,,13.0360664,75.0799674,
440273612,24,Dakshina Kannada,3,Belthangady,3,VENURU,5,HOSANGADI,119,2021-2022,2,Rabi,Fallow,0-12-0.00,2021-12-29,,,13.0360522,75.0799561,
440273661,24,Dakshina Kannada,3,Belthangady,3,VENURU,5,HOSANGADI,119,2021-2022,2,Rabi,Fallow,0-2-50.00,2021-12-29,,,13.0357205,75.0876117,
440273688,24,Dakshina Kannada,3,Belthangady,3,VENURU,5,HOSANGADI,119,2021-2022,2,Rabi,Fallow,0-20-0.00,2021-12-29,,,13.037454,75.0872968,
440273688,24,Dakshina Kannada,3,Belthangady,3,VENURU,5,HOSANGADI,119,2021-2022,2,Rabi,Coconut,0-60-0.00,2021-12-29,,,13.0374622,75.0872953,
440273733,24,Dakshina Kannada,3,Belthangady,3,VENURU,5,HOSANGADI,119,2021-2022,2,Rabi,Fallow,1-48-0.00,2021-12-29,,,13.029169,75.0906359,
440273745,24,Dakshina Kannada,3,Belthangady,3,VENURU,5,HOSANGADI,119,2021-2022,2,Rabi,Fallow,0-31-0.00,2021-12-29,,,13.0291534,75.0906287,
440273764,24,Dakshina Kannada,3,Belthangady,3,VENURU,5,HOSANGADI,119,2021-2022,2,Rabi,Fallow,0-72-0.00,2021-12-29,,,13.0298135,75.0906148,
440273769,24,Dakshina Kannada,3,Belthangady,3,VENURU,5,HOSANGADI,119,2021-2022,2,Rabi,Fallow,0-17-0.00,2021-12-29,,,13.0305612,75.0912817,
440273741,24,Dakshina Kannada,3,Belthangady,3,VENURU,5,HOSANGADI,119,2021-2022,2,Rabi,NA Land ,0-15-0.00,2021-12-29,,,13.0291537,75.0906443,
440273754,24,Dakshina Kannada,3,Belthangady,3,VENURU,5,HOSANGADI,119,2021-2022,2,Rabi,Fallow,0-25-0.00,2021-12-29,,,13.0298024,75.0906469,
440273782,24,Dakshina Kannada,3,Belthangady,3,VENURU,5,HOSANGADI,119,2021-2022,2,Rabi,Fallow,0-20-0.00,2021-12-29,,,13.0305654,75.0913157,
440273923,24,Dakshina Kannada,3,Belthangady,3,VENURU,5,HOSANGADI,119,2021-2022,2,Rabi,Fallow,0-4-0.00,2021-12-29,,,13.0382199,75.089923,
440273947,24,Dakshina Kannada,3,Belthangady,3,VENURU,5,HOSANGADI,119,2021-2022,2,Rabi,Fallow,0-15-0.00,2021-12-29,,,13.0382358,75.0899463,
440273974,24,Dakshina Kannada,3,Belthangady,3,VENURU,5,HOSANGADI,119,2021-2022,2,Rabi,Fallow,0-8-0.00,2021-12-29,,,13.0382402,75.0899427,
440273605,24,Dakshina Kannada,3,Belthangady,3,VENURU,5,HOSANGADI,119,2021-2022,2,Rabi,Fallow,0-30-0.00,2021-12-29,,,13.0360539,75.0799633,
440273618,24,Dakshina Kannada,3,Belthangady,3,VENURU,5,HOSANGADI,119,2021-2022,2,Rabi,Fallow,0-21-0.00,2021-12-29,,,13.0360533,75.0799697,
440273632,24,Dakshina Kannada,3,Belthangady,3,VENURU,5,HOSANGADI,119,2021-2022,2,Rabi,NA Land ,0-8-0.00,2021-12-29,,,13.0360757,75.0799416,
440273648,24,Dakshina Kannada,3,Belthangady,3,VENURU,5,HOSANGADI,119,2021-2022,2,Rabi,NA Land ,0-9-0.00,2021-12-29,,,13.0357122,75.0876185,
440273648,24,Dakshina Kannada,3,Belthangady,3,VENURU,5,HOSANGADI,119,2021-2022,2,Rabi,Fallow,0-61-0.00,2021-12-29,,,13.0357157,75.0876178,
440273681,24,Dakshina Kannada,3,Belthangady,3,VENURU,5,HOSANGADI,119,2021-2022,2,Rabi,Fallow,0-43-0.00,2021-12-29,,,13.0374685,75.0872945,
440273757,24,Dakshina Kannada,3,Belthangady,3,VENURU,5,HOSANGADI,119,2021-2022,2,Rabi,Fallow,0-56-0.00,2021-12-29,,,13.0298125,75.0906327,
440273757,24,Dakshina Kannada,3,Belthangady,3,VENURU,5,HOSANGADI,119,2021-2022,2,Rabi,Betel Nuts (Areca nuts),3-0-0.00,2021-12-29,,,13.0298187,75.0906402,
440273785,24,Dakshina Kannada,3,Belthangady,3,VENURU,5,HOSANGADI,119,2021-2022,2,Rabi,Fallow,0-18-0.00,2021-12-29,,,13.0305669,75.0913209,
440273937,24,Dakshina Kannada,3,Belthangady,3,VENURU,5,HOSANGADI,119,2021-2022,2,Rabi,Fallow,0-1-0.00,2021-12-29,,,13.0382361,75.089935,
440273941,24,Dakshina Kannada,3,Belthangady,3,VENURU,5,HOSANGADI,119,2021-2022,2,Rabi,NA Land ,0-9-0.00,2021-12-29,,,13.0382363,75.0899442,
440440176,24,Dakshina Kannada,3,Belthangady,3,VENURU,5,HOSANGADI,119,2021-2022,2,Rabi,Paddy-L,0-33-0.00,2021-12-31,November,3rd week,13.0294003,75.0943966,
440440225,24,Dakshina Kannada,3,Belthangady,3,VENURU,5,HOSANGADI,119,2021-2022,2,Rabi,Paddy-L,0-90-0.00,2021-12-31,November,4th week,13.0289733,75.0944255,
440440245,24,Dakshina Kannada,3,Belthangady,3,VENURU,5,HOSANGADI,119,2021-2022,2,Rabi,Paddy-L,0-26-0.00,2021-12-31,November,3rd week,13.0289856,75.0943941,
440440164,24,Dakshina Kannada,3,Belthangady,3,VENURU,5,HOSANGADI,119,2021-2022,2,Rabi,Paddy-L,0-40-0.00,2021-12-31,November,4th week,13.0293971,75.0943908,
440440252,24,Dakshina Kannada,3,Belthangady,3,VENURU,5,HOSANGADI,119,2021-2022,2,Rabi,Paddy-L,0-37-0.00,2021-12-31,November,3rd week,13.0289782,75.0943882,
440440155,24,Dakshina Kannada,3,Belthangady,3,VENURU,5,HOSANGADI,119,2021-2022,2,Rabi,Fallow,0-17-0.00,2021-12-31,,,13.0294197,75.0944161,
440440170,24,Dakshina Kannada,3,Belthangady,3,VENURU,5,HOSANGADI,119,2021-2022,2,Rabi,Paddy-L,0-18-0.00,2021-12-31,November,4th week,13.0293841,75.094399,
440440272,24,Dakshina Kannada,3,Belthangady,3,VENURU,5,HOSANGADI,119,2021-2022,2,Rabi,Fallow,0-30-0.00,2021-12-31,,,13.0289911,75.0944064,
440440287,24,Dakshina Kannada,3,Belthangady,3,VENURU,5,HOSANGADI,119,2021-2022,2,Rabi,Fallow,0-20-0.00,2021-12-31,,,13.0289669,75.0943955,
440440346,24,Dakshina Kannada,3,Belthangady,3,VENURU,5,HOSANGADI,119,2021-2022,2,Rabi,Fallow,0-50-0.00,2021-12-31,,,13.0289379,75.0943396,
440440316,24,Dakshina Kannada,3,Belthangady,3,VENURU,5,HOSANGADI,119,2021-2022,2,Rabi,Paddy-L,0-36-0.00,2021-12-31,November,4th week,13.0289081,75.0943484,
440440340,24,Dakshina Kannada,3,Belthangady,3,VENURU,5,HOSANGADI,119,2021-2022,2,Rabi,NA Land ,0-6-0.00,2021-12-31,,,13.0289216,75.0943613,
440440414,24,Dakshina Kannada,3,Belthangady,3,VENURU,5,HOSANGADI,119,2021-2022,2,Rabi,NA Land ,0-11-0.00,2021-12-31,,,13.02758,75.1012242,
440440497,24,Dakshina Kannada,3,Belthangady,3,VENURU,5,HOSANGADI,119,2021-2022,2,Rabi,NA Land ,0-10-0.00,2021-12-31,,,13.027856,75.100756,
440440449,24,Dakshina Kannada,3,Belthangady,3,VENURU,5,HOSANGADI,119,2021-2022,2,Rabi,Fallow,0-50-0.00,2021-12-31,,,13.0275722,75.1012152,
440440462,24,Dakshina Kannada,3,Belthangady,3,VENURU,5,HOSANGADI,119,2021-2022,2,Rabi,NA Land ,0-10-0.00,2021-12-31,,,13.0266325,75.1016773,
440440462,24,Dakshina Kannada,3,Belthangady,3,VENURU,5,HOSANGADI,119,2021-2022,2,Rabi,Fallow,3-50-0.00,2021-12-31,,,13.0266583,75.1017011,
440440497,24,Dakshina Kannada,3,Belthangady,3,VENURU,5,HOSANGADI,119,2021-2022,2,Rabi,Fallow,0-8-0.00,2021-12-31,,,13.0279019,75.1008023,
440474712,24,Dakshina Kannada,3,Belthangady,3,VENURU,10,BAJIRE,119,2021-2022,2,Rabi,NA Land ,3-18-0.00,2021-12-31,,,12.9794922,75.1456181,
440440190,24,Dakshina Kannada,3,Belthangady,3,VENURU,5,HOSANGADI,119,2021-2022,2,Rabi,NA Land ,0-7-0.00,2021-12-31,,,13.0289797,75.0944091,
440440233,24,Dakshina Kannada,3,Belthangady,3,VENURU,5,HOSANGADI,119,2021-2022,2,Rabi,Paddy-L,0-89-0.00,2021-12-31,November,3rd week,13.0289429,75.0943935,
440440279,24,Dakshina Kannada,3,Belthangady,3,VENURU,5,HOSANGADI,119,2021-2022,2,Rabi,Paddy-L,0-24-0.00,2021-12-31,November,4th week,13.0289924,75.0944058,
440440333,24,Dakshina Kannada,3,Belthangady,3,VENURU,5,HOSANGADI,119,2021-2022,2,Rabi,Fallow,0-11-0.00,2021-12-31,,,13.028919,75.094351,
440440396,24,Dakshina Kannada,3,Belthangady,3,VENURU,5,HOSANGADI,119,2021-2022,2,Rabi,Fallow,1-92-0.00,2021-12-31,,,13.0275785,75.1012269,
440440405,24,Dakshina Kannada,3,Belthangady,3,VENURU,5,HOSANGADI,119,2021-2022,2,Rabi,Fallow,1-40-0.00,2021-12-31,,,13.0275791,75.1012243,
440440443,24,Dakshina Kannada,3,Belthangady,3,VENURU,5,HOSANGADI,119,2021-2022,2,Rabi,Fallow,0-80-0.00,2021-12-31,,,13.0275672,75.1012076,
440440507,24,Dakshina Kannada,3,Belthangady,3,VENURU,5,HOSANGADI,119,2021-2022,2,Rabi,Fallow,0-18-0.00,2021-12-31,,,13.0279489,75.1008483,
440440198,24,Dakshina Kannada,3,Belthangady,3,VENURU,5,HOSANGADI,119,2021-2022,2,Rabi,NA Land ,0-10-0.00,2021-12-31,,,13.0289872,75.0944102,
440440212,24,Dakshina Kannada,3,Belthangady,3,VENURU,5,HOSANGADI,119,2021-2022,2,Rabi,Fallow,0-69-0.00,2021-12-31,,,13.028978,75.0943729,
440440239,24,Dakshina Kannada,3,Belthangady,3,VENURU,5,HOSANGADI,119,2021-2022,2,Rabi,Fallow,0-30-0.00,2021-12-31,,,13.028958,75.0943938,
440440239,24,Dakshina Kannada,3,Belthangady,3,VENURU,5,HOSANGADI,119,2021-2022,2,Rabi,Betel Nuts (Areca nuts),1-86-0.00,2021-12-31,,,13.0289573,75.094393,
440440239,24,Dakshina Kannada,3,Belthangady,3,VENURU,5,HOSANGADI,119,2021-2022,2,Rabi,Coconut,1-86-0.00,2021-12-31,,,13.0289663,75.0943957,
440440474,24,Dakshina Kannada,3,Belthangady,3,VENURU,5,HOSANGADI,119,2021-2022,2,Rabi,Fallow,1-8-0.00,2021-12-31,,,13.0266635,75.1016935,
440440220,24,Dakshina Kannada,3,Belthangady,3,VENURU,5,HOSANGADI,119,2021-2022,2,Rabi,Paddy-L,0-84-0.00,2021-12-31,November,3rd week,13.0289819,75.0944183,
440440264,24,Dakshina Kannada,3,Belthangady,3,VENURU,5,HOSANGADI,119,2021-2022,2,Rabi,Fallow,0-16-0.00,2021-12-31,,,13.0289911,75.0943967,
440440294,24,Dakshina Kannada,3,Belthangady,3,VENURU,5,HOSANGADI,119,2021-2022,2,Rabi,NA Land ,0-15-0.00,2021-12-31,,,13.0289586,75.0943931,
440216293,24,Dakshina Kannada,3,Belthangady,3,VENURU,10,BAJIRE,119,2021-2022,2,Rabi,Fallow,0-5-0.00,2021-12-28,,,13.0083617,75.1367583,
440216297,24,Dakshina Kannada,3,Belthangady,3,VENURU,10,BAJIRE,119,2021-2022,2,Rabi,Fallow,0-5-0.00,2021-12-28,,,13.00835,75.13678,
440321313,24,Dakshina Kannada,3,Belthangady,3,VENURU,10,BAJIRE,119,2021-2022,2,Rabi,Fallow,0-3-0.00,2021-12-30,,,12.984095,75.1405183,
440321318,24,Dakshina Kannada,3,Belthangady,3,VENURU,10,BAJIRE,119,2021-2022,2,Rabi,Fallow,0-6-0.00,2021-12-30,,,12.9841017,75.1405333,
440321296,24,Dakshina Kannada,3,Belthangady,3,VENURU,10,BAJIRE,119,2021-2022,2,Rabi,NA Land ,2-3-0.00,2021-12-30,,,12.9818806,75.142165,
440321321,24,Dakshina Kannada,3,Belthangady,3,VENURU,10,BAJIRE,119,2021-2022,2,Rabi,Coconut,0-41-0.00,2021-12-30,,,12.9841317,75.1405,
440321324,24,Dakshina Kannada,3,Belthangady,3,VENURU,10,BAJIRE,119,2021-2022,2,Rabi,Fallow,0-16-0.00,2021-12-30,,,12.98408,75.1404767,
440321308,24,Dakshina Kannada,3,Belthangady,3,VENURU,10,BAJIRE,119,2021-2022,2,Rabi,Fallow,1-34-0.00,2021-12-30,,,12.981886,75.142191,
440321302,24,Dakshina Kannada,3,Belthangady,3,VENURU,10,BAJIRE,119,2021-2022,2,Rabi,Fallow,0-2-0.00,2021-12-30,,,12.9818832,75.1422079,
440321329,24,Dakshina Kannada,3,Belthangady,3,VENURU,10,BAJIRE,119,2021-2022,2,Rabi,Fallow,0-15-0.00,2021-12-30,,,12.9840766,75.1404811,
440321275,24,Dakshina Kannada,3,Belthangady,3,VENURU,10,BAJIRE,119,2021-2022,2,Rabi,Coconut,2-2-0.00,2021-12-29,,,12.9152243,75.1825579,
440321290,24,Dakshina Kannada,3,Belthangady,3,VENURU,10,BAJIRE,119,2021-2022,2,Rabi,Fallow,0-13-0.00,2021-12-30,,,12.9818871,75.1421519,
440321333,24,Dakshina Kannada,3,Belthangady,3,VENURU,10,BAJIRE,119,2021-2022,2,Rabi,Fallow,0-40-0.00,2021-12-30,,,12.9947115,75.1375658,
440321286,24,Dakshina Kannada,3,Belthangady,3,VENURU,10,BAJIRE,119,2021-2022,2,Rabi,Fallow,0-12-0.00,2021-12-30,,,12.9818664,75.1422168,
440321281,24,Dakshina Kannada,3,Belthangady,3,VENURU,10,BAJIRE,119,2021-2022,2,Rabi,Fallow,0-41-0.00,2021-12-30,,,12.9818687,75.1421048,
440321281,24,Dakshina Kannada,3,Belthangady,3,VENURU,10,BAJIRE,119,2021-2022,2,Rabi,Fallow,0-41-0.00,2021-12-30,,,12.9818766,75.142007,
440321281,24,Dakshina Kannada,3,Belthangady,3,VENURU,10,BAJIRE,119,2021-2022,2,Rabi,Fallow,0-41-0.00,2021-12-30,,,12.9818712,75.1420328,
440497517,24,Dakshina Kannada,3,Belthangady,3,VENURU,5,HOSANGADI,119,2021-2022,2,Rabi,NA Land ,0-5-0.00,2022-01-01,,,13.0350954,75.1087891,
440497621,24,Dakshina Kannada,3,Belthangady,3,VENURU,5,HOSANGADI,119,2021-2022,2,Rabi,NA Land ,0-5-0.00,2022-01-01,,,13.0350521,75.1088495,
440497738,24,Dakshina Kannada,3,Belthangady,3,VENURU,5,HOSANGADI,119,2021-2022,2,Rabi,Fallow,0-4-0.00,2022-01-01,,,13.0350615,75.1088283,
440497805,24,Dakshina Kannada,3,Belthangady,3,VENURU,5,HOSANGADI,119,2021-2022,2,Rabi,Fallow,0-86-0.00,2022-01-01,,,13.03506,75.1088126,
440497841,24,Dakshina Kannada,3,Belthangady,3,VENURU,5,HOSANGADI,119,2021-2022,2,Rabi,Fallow,0-16-0.00,2022-01-01,,,13.0350562,75.1088115,
440497599,24,Dakshina Kannada,3,Belthangady,3,VENURU,5,HOSANGADI,119,2021-2022,2,Rabi,NA Land ,0-5-0.00,2022-01-01,,,13.0350737,75.1088555,
440497683,24,Dakshina Kannada,3,Belthangady,3,VENURU,5,HOSANGADI,119,2021-2022,2,Rabi,NA Land ,0-5-0.00,2022-01-01,,,13.0350325,75.108817,
440497707,24,Dakshina Kannada,3,Belthangady,3,VENURU,5,HOSANGADI,119,2021-2022,2,Rabi,NA Land ,0-3-50.00,2022-01-01,,,13.0350361,75.1088099,
440497772,24,Dakshina Kannada,3,Belthangady,3,VENURU,5,HOSANGADI,119,2021-2022,2,Rabi,Fallow,0-8-0.00,2022-01-01,,,13.0350613,75.1088374,
440497834,24,Dakshina Kannada,3,Belthangady,3,VENURU,5,HOSANGADI,119,2021-2022,2,Rabi,Fallow,0-20-0.00,2022-01-01,,,13.0350566,75.1088102,
440497857,24,Dakshina Kannada,3,Belthangady,3,VENURU,5,HOSANGADI,119,2021-2022,2,Rabi,Fallow,0-18-0.00,2022-01-01,,,13.0350694,75.1088302,
440245921,24,Dakshina Kannada,3,Belthangady,3,VENURU,10,BAJIRE,119,2021-2022,2,Rabi,Coconut,0-27-0.00,2021-12-29,,,12.976615,75.1360867,
440397080,24,Dakshina Kannada,3,Belthangady,3,VENURU,10,BAJIRE,119,2021-2022,2,Rabi,NA Land ,0-9-0.00,2021-12-31,,,12.9856178,75.1287662,
440397085,24,Dakshina Kannada,3,Belthangady,3,VENURU,10,BAJIRE,119,2021-2022,2,Rabi,Fallow,0-19-0.00,2021-12-31,,,12.9856365,75.1287892,
440497446,24,Dakshina Kannada,3,Belthangady,3,VENURU,5,HOSANGADI,119,2021-2022,2,Rabi,NA Land ,0-1-25.00,2022-01-01,,,13.035094,75.1087859,
440497488,24,Dakshina Kannada,3,Belthangady,3,VENURU,5,HOSANGADI,119,2021-2022,2,Rabi,NA Land ,0-5-0.00,2022-01-01,,,13.0350953,75.1087861,
440497437,24,Dakshina Kannada,3,Belthangady,3,VENURU,5,HOSANGADI,119,2021-2022,2,Rabi,NA Land ,0-9-0.00,2022-01-01,,,13.0350794,75.1087729,
440497470,24,Dakshina Kannada,3,Belthangady,3,VENURU,5,HOSANGADI,119,2021-2022,2,Rabi,NA Land ,0-5-0.00,2022-01-01,,,13.0350948,75.1087758,
440497609,24,Dakshina Kannada,3,Belthangady,3,VENURU,5,HOSANGADI,119,2021-2022,2,Rabi,NA Land ,0-5-0.00,2022-01-01,,,13.0350721,75.1088643,
440497656,24,Dakshina Kannada,3,Belthangady,3,VENURU,5,HOSANGADI,119,2021-2022,2,Rabi,NA Land ,0-5-0.00,2022-01-01,,,13.0350481,75.1088371,
440497661,24,Dakshina Kannada,3,Belthangady,3,VENURU,5,HOSANGADI,119,2021-2022,2,Rabi,NA Land ,0-5-0.00,2022-01-01,,,13.0350451,75.1088362,
440497687,24,Dakshina Kannada,3,Belthangady,3,VENURU,5,HOSANGADI,119,2021-2022,2,Rabi,NA Land ,0-5-0.00,2022-01-01,,,13.0350368,75.1088497,
440497723,24,Dakshina Kannada,3,Belthangady,3,VENURU,5,HOSANGADI,119,2021-2022,2,Rabi,NA Land ,0-2-75.00,2022-01-01,,,13.0350609,75.1088233,
440497837,24,Dakshina Kannada,3,Belthangady,3,VENURU,5,HOSANGADI,119,2021-2022,2,Rabi,Fallow,0-23-0.00,2022-01-01,,,13.0350548,75.1088113,
440497852,24,Dakshina Kannada,3,Belthangady,3,VENURU,5,HOSANGADI,119,2021-2022,2,Rabi,Fallow,0-54-0.00,2022-01-01,,,13.0350678,75.1088339,
440497590,24,Dakshina Kannada,3,Belthangady,3,VENURU,5,HOSANGADI,119,2021-2022,2,Rabi,NA Land ,0-5-0.00,2022-01-01,,,13.0350685,75.1089135,
440497500,24,Dakshina Kannada,3,Belthangady,3,VENURU,5,HOSANGADI,119,2021-2022,2,Rabi,NA Land ,0-5-0.00,2022-01-01,,,13.0350937,75.1087857,
440497529,24,Dakshina Kannada,3,Belthangady,3,VENURU,5,HOSANGADI,119,2021-2022,2,Rabi,NA Land ,0-5-0.00,2022-01-01,,,13.035092,75.1087937,
440497562,24,Dakshina Kannada,3,Belthangady,3,VENURU,5,HOSANGADI,119,2021-2022,2,Rabi,NA Land ,0-5-0.00,2022-01-01,,,13.0350973,75.1087584,
440497570,24,Dakshina Kannada,3,Belthangady,3,VENURU,5,HOSANGADI,119,2021-2022,2,Rabi,NA Land ,0-5-0.00,2022-01-01,,,13.0350943,75.1087332,
440497553,24,Dakshina Kannada,3,Belthangady,3,VENURU,5,HOSANGADI,119,2021-2022,2,Rabi,NA Land ,0-5-0.00,2022-01-01,,,13.0350665,75.1087889,
440497615,24,Dakshina Kannada,3,Belthangady,3,VENURU,5,HOSANGADI,119,2021-2022,2,Rabi,NA Land ,0-5-0.00,2022-01-01,,,13.0350666,75.1088653,
440497630,24,Dakshina Kannada,3,Belthangady,3,VENURU,5,HOSANGADI,119,2021-2022,2,Rabi,NA Land ,0-5-0.00,2022-01-01,,,13.0350475,75.1088427,
440497699,24,Dakshina Kannada,3,Belthangady,3,VENURU,5,HOSANGADI,119,2021-2022,2,Rabi,NA Land ,0-5-0.00,2022-01-01,,,13.0350338,75.1088109,
440497733,24,Dakshina Kannada,3,Belthangady,3,VENURU,5,HOSANGADI,119,2021-2022,2,Rabi,Fallow,0-41-50.00,2022-01-01,,,13.0350623,75.1088256,
440497625,24,Dakshina Kannada,3,Belthangady,3,VENURU,5,HOSANGADI,119,2021-2022,2,Rabi,NA Land ,0-5-0.00,2022-01-01,,,13.0350495,75.1088436,
440497680,24,Dakshina Kannada,3,Belthangady,3,VENURU,5,HOSANGADI,119,2021-2022,2,Rabi,NA Land ,0-5-0.00,2022-01-01,,,13.0350279,75.108814,
440497640,24,Dakshina Kannada,3,Belthangady,3,VENURU,5,HOSANGADI,119,2021-2022,2,Rabi,NA Land ,0-5-0.00,2022-01-01,,,13.0350526,75.1088392,
440245922,24,Dakshina Kannada,3,Belthangady,3,VENURU,10,BAJIRE,119,2021-2022,2,Rabi,NA Land ,0-7-0.00,2021-12-29,,,12.9765903,75.1360919,
440245926,24,Dakshina Kannada,3,Belthangady,3,VENURU,10,BAJIRE,119,2021-2022,2,Rabi,Fallow,0-37-0.00,2021-12-29,,,12.9766228,75.1360397,
440245927,24,Dakshina Kannada,3,Belthangady,3,VENURU,10,BAJIRE,119,2021-2022,2,Rabi,Fallow,0-15-0.00,2021-12-29,,,12.9766277,75.1360792,
440314892,24,Dakshina Kannada,3,Belthangady,3,VENURU,5,HOSANGADI,119,2021-2022,2,Rabi,Fallow,0-1-0.00,2021-12-29,,,13.0382444,75.0899429,
440314916,24,Dakshina Kannada,3,Belthangady,3,VENURU,5,HOSANGADI,119,2021-2022,2,Rabi,Fallow,0-42-0.00,2021-12-29,,,13.0390767,75.0899685,
440314927,24,Dakshina Kannada,3,Belthangady,3,VENURU,5,HOSANGADI,119,2021-2022,2,Rabi,Fallow,0-6-0.00,2021-12-29,,,13.0390808,75.0899694,
440314905,24,Dakshina Kannada,3,Belthangady,3,VENURU,5,HOSANGADI,119,2021-2022,2,Rabi,Fallow,0-8-0.00,2021-12-29,,,13.0382432,75.0899513,
440314919,24,Dakshina Kannada,3,Belthangady,3,VENURU,5,HOSANGADI,119,2021-2022,2,Rabi,Fallow,0-46-0.00,2021-12-29,,,13.0390811,75.0899666,
440314931,24,Dakshina Kannada,3,Belthangady,3,VENURU,5,HOSANGADI,119,2021-2022,2,Rabi,Fallow,0-35-0.00,2021-12-29,,,13.0390905,75.0899544,
440314932,24,Dakshina Kannada,3,Belthangady,3,VENURU,5,HOSANGADI,119,2021-2022,2,Rabi,Fallow,1-84-0.00,2021-12-29,,,13.0390944,75.0899448,
440314913,24,Dakshina Kannada,3,Belthangady,3,VENURU,5,HOSANGADI,119,2021-2022,2,Rabi,Fallow,0-12-0.00,2021-12-29,,,13.0390766,75.0899686,
440314924,24,Dakshina Kannada,3,Belthangady,3,VENURU,5,HOSANGADI,119,2021-2022,2,Rabi,Fallow,0-21-0.00,2021-12-29,,,13.0390775,75.0899666,
440314929,24,Dakshina Kannada,3,Belthangady,3,VENURU,5,HOSANGADI,119,2021-2022,2,Rabi,Fallow,0-36-0.00,2021-12-29,,,13.039082,75.0899694,
440314907,24,Dakshina Kannada,3,Belthangady,3,VENURU,5,HOSANGADI,119,2021-2022,2,Rabi,Fallow,0-41-0.00,2021-12-29,,,13.039131,75.0899093,
440314909,24,Dakshina Kannada,3,Belthangady,3,VENURU,5,HOSANGADI,119,2021-2022,2,Rabi,Fallow,0-42-0.00,2021-12-29,,,13.0390898,75.0899766,
440314897,24,Dakshina Kannada,3,Belthangady,3,VENURU,5,HOSANGADI,119,2021-2022,2,Rabi,Fallow,0-2-0.00,2021-12-29,,,13.0382434,75.0899474,
440314901,24,Dakshina Kannada,3,Belthangady,3,VENURU,5,HOSANGADI,119,2021-2022,2,Rabi,Fallow,0-3-0.00,2021-12-29,,,13.0382429,75.0899497,
440314930,24,Dakshina Kannada,3,Belthangady,3,VENURU,5,HOSANGADI,119,2021-2022,2,Rabi,Fallow,0-35-0.00,2021-12-29,,,13.0390843,75.0899673,
440314889,24,Dakshina Kannada,3,Belthangady,3,VENURU,5,HOSANGADI,119,2021-2022,2,Rabi,Fallow,0-39-0.00,2021-12-29,,,13.0382443,75.0899397,
440314900,24,Dakshina Kannada,3,Belthangady,3,VENURU,5,HOSANGADI,119,2021-2022,2,Rabi,Fallow,0-2-0.00,2021-12-29,,,13.0382431,75.089949,
440314886,24,Dakshina Kannada,3,Belthangady,3,VENURU,5,HOSANGADI,119,2021-2022,2,Rabi,Fallow,0-7-0.00,2021-12-29,,,13.0382428,75.0899392,
440314894,24,Dakshina Kannada,3,Belthangady,3,VENURU,5,HOSANGADI,119,2021-2022,2,Rabi,NA Land ,0-4-0.00,2021-12-29,,,13.0382437,75.0899461,
440556700,24,Dakshina Kannada,3,Belthangady,3,VENURU,10,BAJIRE,119,2021-2022,2,Rabi,Betel Nuts (Areca nuts),1-65-0.00,2022-01-02,,,13.0020467,75.1264867,
440558390,24,Dakshina Kannada,3,Belthangady,3,VENURU,10,BAJIRE,119,2021-2022,2,Rabi,Fallow,3-8-0.00,2022-01-02,,,13.0005534,75.1236949,
440671453,24,Dakshina Kannada,3,Belthangady,3,VENURU,5,HOSANGADI,119,2021-2022,2,Rabi,NA Land ,0-9-0.00,2022-01-03,,,13.033373,75.082531,
440671497,24,Dakshina Kannada,3,Belthangady,3,VENURU,5,HOSANGADI,119,2021-2022,2,Rabi,Fallow,0-44-0.00,2022-01-03,,,13.0334262,75.0825009,
440671557,24,Dakshina Kannada,3,Belthangady,3,VENURU,5,HOSANGADI,119,2021-2022,2,Rabi,Fallow,0-9-0.00,2022-01-03,,,13.0334235,75.0824119,
40009305,24,Dakshina Kannada,3,Belthangady,3,VENURU,1,KARAMBARU,119,2021-2022,2,Rabi,Fallow,1-75-0.00,2021-12-21,,,13.0383134,75.2347487,
40009304,24,Dakshina Kannada,3,Belthangady,3,VENURU,1,KARAMBARU,119,2021-2022,2,Rabi,Betel Nuts (Areca nuts),1-0-0.00,2021-12-21,,,13.0392447,75.2389152,
40009304,24,Dakshina Kannada,3,Belthangady,3,VENURU,1,KARAMBARU,119,2021-2022,2,Rabi,Betel Nuts (Areca nuts),1-0-0.00,2021-12-21,,,13.0392705,75.2389176,
40009304,24,Dakshina Kannada,3,Belthangady,3,VENURU,1,KARAMBARU,119,2021-2022,2,Rabi,Paddy-L,0-63-0.00,2021-12-21,December,4th week,13.0392707,75.2388888,
40009300,24,Dakshina Kannada,3,Belthangady,3,VENURU,1,KARAMBARU,119,2021-2022,2,Rabi,NA Land ,0-6-0.00,2021-12-21,,,13.0377706,75.2406401,
40009298,24,Dakshina Kannada,3,Belthangady,3,VENURU,1,KARAMBARU,119,2021-2022,2,Rabi,Paddy-L,1-20-0.00,2021-12-21,December,4th week,13.0387786,75.2426012,
40009298,24,Dakshina Kannada,3,Belthangady,3,VENURU,1,KARAMBARU,119,2021-2022,2,Rabi,Paddy-L,1-20-0.00,2021-12-21,December,4th week,13.0387824,75.2425497,
440216283,24,Dakshina Kannada,3,Belthangady,3,VENURU,10,BAJIRE,119,2021-2022,2,Rabi,NA Land ,0-21-0.00,2021-12-28,,,12.9811096,75.1427563,
440216283,24,Dakshina Kannada,3,Belthangady,3,VENURU,10,BAJIRE,119,2021-2022,2,Rabi,NA Land ,0-21-0.00,2021-12-28,,,12.981033,75.1427669,
440216283,24,Dakshina Kannada,3,Belthangady,3,VENURU,10,BAJIRE,119,2021-2022,2,Rabi,NA Land ,0-21-0.00,2021-12-28,,,12.9810302,75.142756,
440216301,24,Dakshina Kannada,3,Belthangady,3,VENURU,10,BAJIRE,119,2021-2022,2,Rabi,NA Land ,0-5-0.00,2021-12-28,,,13.0083767,75.1367783,
440497540,24,Dakshina Kannada,3,Belthangady,3,VENURU,5,HOSANGADI,119,2021-2022,2,Rabi,NA Land ,0-5-0.00,2022-01-01,,,13.0350897,75.1087964,
440497580,24,Dakshina Kannada,3,Belthangady,3,VENURU,5,HOSANGADI,119,2021-2022,2,Rabi,NA Land ,0-5-0.00,2022-01-01,,,13.0350966,75.1087793,
440497666,24,Dakshina Kannada,3,Belthangady,3,VENURU,5,HOSANGADI,119,2021-2022,2,Rabi,NA Land ,0-5-0.00,2022-01-01,,,13.0350544,75.1088349,
440497671,24,Dakshina Kannada,3,Belthangady,3,VENURU,5,HOSANGADI,119,2021-2022,2,Rabi,NA Land ,0-5-0.00,2022-01-01,,,13.0350361,75.1088154,
440497718,24,Dakshina Kannada,3,Belthangady,3,VENURU,5,HOSANGADI,119,2021-2022,2,Rabi,NA Land ,0-2-75.00,2022-01-01,,,13.0350598,75.1088205,
440497727,24,Dakshina Kannada,3,Belthangady,3,VENURU,5,HOSANGADI,119,2021-2022,2,Rabi,NA Land ,0-3-50.00,2022-01-01,,,13.0350613,75.1088272,
440497778,24,Dakshina Kannada,3,Belthangady,3,VENURU,5,HOSANGADI,119,2021-2022,2,Rabi,NA Land ,0-10-0.00,2022-01-01,,,13.0350627,75.1088532,
440497799,24,Dakshina Kannada,3,Belthangady,3,VENURU,5,HOSANGADI,119,2021-2022,2,Rabi,Fallow,0-63-0.00,2022-01-01,,,13.0350588,75.10883,
440497799,24,Dakshina Kannada,3,Belthangady,3,VENURU,5,HOSANGADI,119,2021-2022,2,Rabi,Betel Nuts (Areca nuts),1-0-0.00,2022-01-01,,,13.035065,75.1088213,
440552292,24,Dakshina Kannada,3,Belthangady,3,VENURU,10,BAJIRE,119,2021-2022,2,Rabi,Betel Nuts (Areca nuts),0-45-0.00,2022-01-02,,,12.9767033,75.1271233,
440552320,24,Dakshina Kannada,3,Belthangady,3,VENURU,10,BAJIRE,119,2021-2022,2,Rabi,Fallow,0-58-0.00,2022-01-02,,,12.9841199,75.1311752,
440552290,24,Dakshina Kannada,3,Belthangady,3,VENURU,10,BAJIRE,119,2021-2022,2,Rabi,Betel Nuts (Areca nuts),0-30-0.00,2022-01-02,,,12.976715,75.1271183,
440552284,24,Dakshina Kannada,3,Belthangady,3,VENURU,10,BAJIRE,119,2021-2022,2,Rabi,Betel Nuts (Areca nuts),2-80-0.00,2022-01-01,,,12.9893433,75.1384967,
440552308,24,Dakshina Kannada,3,Belthangady,3,VENURU,10,BAJIRE,119,2021-2022,2,Rabi,Fallow,0-23-0.00,2022-01-02,,,12.9767032,75.1271445,
440694565,24,Dakshina Kannada,3,Belthangady,3,VENURU,5,HOSANGADI,119,2021-2022,2,Rabi,Fallow,2-97-0.00,2022-01-03,,,13.0296425,75.0798887,
440694568,24,Dakshina Kannada,3,Belthangady,3,VENURU,5,HOSANGADI,119,2021-2022,2,Rabi,Fallow,0-1-0.00,2022-01-03,,,13.0295958,75.0798767,
440216288,24,Dakshina Kannada,3,Belthangady,3,VENURU,10,BAJIRE,119,2021-2022,2,Rabi,Fallow,0-2-0.00,2021-12-28,,,13.0084033,75.1368383,
440216288,24,Dakshina Kannada,3,Belthangady,3,VENURU,10,BAJIRE,119,2021-2022,2,Rabi,Fallow,0-2-0.00,2021-12-28,,,13.0083657,75.1368264,
440216304,24,Dakshina Kannada,3,Belthangady,3,VENURU,10,BAJIRE,119,2021-2022,2,Rabi,Betel Nuts (Areca nuts),0-33-0.00,2021-12-28,,,13.0078713,75.1368599,
440397087,24,Dakshina Kannada,3,Belthangady,3,VENURU,10,BAJIRE,119,2021-2022,2,Rabi,Fallow,0-36-0.00,2021-12-31,,,12.9856383,75.128795,
440397091,24,Dakshina Kannada,3,Belthangady,3,VENURU,10,BAJIRE,119,2021-2022,2,Rabi,NA Land ,0-22-0.00,2021-12-31,,,12.985615,75.1287902,
440397073,24,Dakshina Kannada,3,Belthangady,3,VENURU,10,BAJIRE,119,2021-2022,2,Rabi,Fallow,0-9-0.00,2021-12-31,,,12.9856633,75.1288433,
440397095,24,Dakshina Kannada,3,Belthangady,3,VENURU,10,BAJIRE,119,2021-2022,2,Rabi,Fallow,0-12-0.00,2021-12-31,,,12.9856236,75.1288171,
440397064,24,Dakshina Kannada,3,Belthangady,3,VENURU,10,BAJIRE,119,2021-2022,2,Rabi,Coconut,0-8-0.00,2021-12-31,,,12.985635,75.1287767,
440397076,24,Dakshina Kannada,3,Belthangady,3,VENURU,10,BAJIRE,119,2021-2022,2,Rabi,Fallow,0-80-0.00,2021-12-31,,,12.9856677,75.1288313,
440497456,24,Dakshina Kannada,3,Belthangady,3,VENURU,5,HOSANGADI,119,2021-2022,2,Rabi,NA Land ,0-5-0.00,2022-01-01,,,13.0350992,75.1087788,
440497635,24,Dakshina Kannada,3,Belthangady,3,VENURU,5,HOSANGADI,119,2021-2022,2,Rabi,NA Land ,0-5-0.00,2022-01-01,,,13.0350534,75.1088373,
440497652,24,Dakshina Kannada,3,Belthangady,3,VENURU,5,HOSANGADI,119,2021-2022,2,Rabi,NA Land ,0-5-0.00,2022-01-01,,,13.0350527,75.1088359,
440497675,24,Dakshina Kannada,3,Belthangady,3,VENURU,5,HOSANGADI,119,2021-2022,2,Rabi,NA Land ,0-5-0.00,2022-01-01,,,13.0350276,75.1088158,
440497794,24,Dakshina Kannada,3,Belthangady,3,VENURU,5,HOSANGADI,119,2021-2022,2,Rabi,Fallow,0-47-0.00,2022-01-01,,,13.0350576,75.1088334,
440556713,24,Dakshina Kannada,3,Belthangady,3,VENURU,10,BAJIRE,119,2021-2022,2,Rabi,Fallow,0-4-0.00,2022-01-02,,,13.0018678,75.1264549,
440575427,24,Dakshina Kannada,3,Belthangady,3,VENURU,10,BAJIRE,119,2021-2022,2,Rabi,NA Land ,0-4-0.00,2022-01-02,,,12.9988439,75.121941,
440575449,24,Dakshina Kannada,3,Belthangady,3,VENURU,10,BAJIRE,119,2021-2022,2,Rabi,Fallow,0-7-0.00,2022-01-02,,,12.99887,75.1219483,
440575456,24,Dakshina Kannada,3,Belthangady,3,VENURU,10,BAJIRE,119,2021-2022,2,Rabi,Fallow,1-30-0.00,2022-01-02,,,12.9986515,75.1218274,
440575440,24,Dakshina Kannada,3,Belthangady,3,VENURU,10,BAJIRE,119,2021-2022,2,Rabi,NA Land ,0-84-0.00,2022-01-02,,,12.9988854,75.1219161,
440556706,24,Dakshina Kannada,3,Belthangady,3,VENURU,10,BAJIRE,119,2021-2022,2,Rabi,Fallow,0-5-0.00,2022-01-02,,,13.0019197,75.1264424,
440664471,24,Dakshina Kannada,3,Belthangady,3,VENURU,10,BAJIRE,119,2021-2022,2,Rabi,NA Land ,0-16-0.00,2022-01-03,,,12.985031,75.1338351,
440664475,24,Dakshina Kannada,3,Belthangady,3,VENURU,10,BAJIRE,119,2021-2022,2,Rabi,NA Land ,0-10-0.00,2022-01-03,,,12.9850333,75.133885,
440664466,24,Dakshina Kannada,3,Belthangady,3,VENURU,10,BAJIRE,119,2021-2022,2,Rabi,Betel Nuts (Areca nuts),0-40-0.00,2022-01-03,,,12.9850717,75.1338783,
440664467,24,Dakshina Kannada,3,Belthangady,3,VENURU,10,BAJIRE,119,2021-2022,2,Rabi,NA Land ,0-9-0.00,2022-01-03,,,12.9850616,75.1338608,
440664468,24,Dakshina Kannada,3,Belthangady,3,VENURU,10,BAJIRE,119,2021-2022,2,Rabi,Fallow,0-56-0.00,2022-01-03,,,12.985035,75.1338683,
440664469,24,Dakshina Kannada,3,Belthangady,3,VENURU,10,BAJIRE,119,2021-2022,2,Rabi,NA Land ,0-8-0.00,2022-01-03,,,12.9850483,75.13387,
440671465,24,Dakshina Kannada,3,Belthangady,3,VENURU,5,HOSANGADI,119,2021-2022,2,Rabi,Fallow,0-16-0.00,2022-01-03,,,13.0334093,75.0825507,
440694580,24,Dakshina Kannada,3,Belthangady,3,VENURU,5,HOSANGADI,119,2021-2022,2,Rabi,Fallow,1-0-0.00,2022-01-03,,,13.0296202,75.0841062,
440694989,24,Dakshina Kannada,3,Belthangady,3,VENURU,5,HOSANGADI,119,2021-2022,2,Rabi,Fallow,0-11-0.00,2022-01-03,,,13.0296726,75.0841622,
440694989,24,Dakshina Kannada,3,Belthangady,3,VENURU,5,HOSANGADI,119,2021-2022,2,Rabi,Coconut,1-0-0.00,2022-01-03,,,13.0296403,75.0841725,
440694601,24,Dakshina Kannada,3,Belthangady,3,VENURU,5,HOSANGADI,119,2021-2022,2,Rabi,Fallow,0-22-0.00,2022-01-03,,,13.0296266,75.0841318,
440694601,24,Dakshina Kannada,3,Belthangady,3,VENURU,5,HOSANGADI,119,2021-2022,2,Rabi,Betel Nuts (Areca nuts),1-0-0.00,2022-01-03,,,13.0296229,75.0841238,
440694605,24,Dakshina Kannada,3,Belthangady,3,VENURU,5,HOSANGADI,119,2021-2022,2,Rabi,Fallow,1-20-0.00,2022-01-03,,,13.0296256,75.0841266,
440694620,24,Dakshina Kannada,3,Belthangady,3,VENURU,5,HOSANGADI,119,2021-2022,2,Rabi,Fallow,0-4-0.00,2022-01-03,,,13.0296217,75.0841283,
440695136,24,Dakshina Kannada,3,Belthangady,3,VENURU,5,HOSANGADI,119,2021-2022,2,Rabi,Fallow,0-14-0.00,2022-01-03,,,13.02713,75.0820217,
440695194,24,Dakshina Kannada,3,Belthangady,3,VENURU,5,HOSANGADI,119,2021-2022,2,Rabi,Fallow,0-45-0.00,2022-01-03,,,13.0293244,75.0805128,
440694635,24,Dakshina Kannada,3,Belthangady,3,VENURU,5,HOSANGADI,119,2021-2022,2,Rabi,Fallow,0-20-0.00,2022-01-03,,,13.0296283,75.0841437,
440694635,24,Dakshina Kannada,3,Belthangady,3,VENURU,5,HOSANGADI,119,2021-2022,2,Rabi,Betel Nuts (Areca nuts),1-0-0.00,2022-01-03,,,13.0295956,75.0841397,
440694683,24,Dakshina Kannada,3,Belthangady,3,VENURU,5,HOSANGADI,119,2021-2022,2,Rabi,Fallow,3-78-0.00,2022-01-03,,,13.0296259,75.0841337,
440694686,24,Dakshina Kannada,3,Belthangady,3,VENURU,5,HOSANGADI,119,2021-2022,2,Rabi,Fallow,0-15-0.00,2022-01-03,,,13.0296266,75.0841302,
440695346,24,Dakshina Kannada,3,Belthangady,3,VENURU,5,HOSANGADI,119,2021-2022,2,Rabi,NA Land ,0-11-0.00,2022-01-03,,,13.0293282,75.0805246,
440695352,24,Dakshina Kannada,3,Belthangady,3,VENURU,5,HOSANGADI,119,2021-2022,2,Rabi,Fallow,0-58-0.00,2022-01-03,,,13.0293377,75.0805269,
440695352,24,Dakshina Kannada,3,Belthangady,3,VENURU,5,HOSANGADI,119,2021-2022,2,Rabi,Betel Nuts (Areca nuts),1-42-0.00,2022-01-03,,,13.0293563,75.0805288,
440694936,24,Dakshina Kannada,3,Belthangady,3,VENURU,5,HOSANGADI,119,2021-2022,2,Rabi,NA Land ,0-11-0.00,2022-01-03,,,13.0297391,75.08414,
440694936,24,Dakshina Kannada,3,Belthangady,3,VENURU,5,HOSANGADI,119,2021-2022,2,Rabi,Fallow,1-0-0.00,2022-01-03,,,13.0297403,75.0841447,
440694976,24,Dakshina Kannada,3,Belthangady,3,VENURU,5,HOSANGADI,119,2021-2022,2,Rabi,Fallow,2-0-0.00,2022-01-03,,,13.0297401,75.0841463,
440694976,24,Dakshina Kannada,3,Belthangady,3,VENURU,5,HOSANGADI,119,2021-2022,2,Rabi,Betel Nuts (Areca nuts),4-0-0.00,2022-01-03,,,13.0297371,75.0841452,
440694976,24,Dakshina Kannada,3,Belthangady,3,VENURU,5,HOSANGADI,119,2021-2022,2,Rabi,Coconut,4-0-0.00,2022-01-03,,,13.0297002,75.0841642,
440695040,24,Dakshina Kannada,3,Belthangady,3,VENURU,5,HOSANGADI,119,2021-2022,2,Rabi,Fallow,0-86-0.00,2022-01-03,,,13.0296477,75.0841858,
440695162,24,Dakshina Kannada,3,Belthangady,3,VENURU,5,HOSANGADI,119,2021-2022,2,Rabi,Fallow,0-60-0.00,2022-01-03,,,13.0293444,75.0805252,
440695320,24,Dakshina Kannada,3,Belthangady,3,VENURU,5,HOSANGADI,119,2021-2022,2,Rabi,NA Land ,0-15-0.00,2022-01-03,,,13.0293314,75.0805284,
440695377,24,Dakshina Kannada,3,Belthangady,3,VENURU,5,HOSANGADI,119,2021-2022,2,Rabi,NA Land ,0-11-0.00,2022-01-03,,,13.0293489,75.0805318,
440695401,24,Dakshina Kannada,3,Belthangady,3,VENURU,5,HOSANGADI,119,2021-2022,2,Rabi,Fallow,0-11-0.00,2022-01-03,,,13.0293532,75.0805334,
440694595,24,Dakshina Kannada,3,Belthangady,3,VENURU,5,HOSANGADI,119,2021-2022,2,Rabi,Fallow,1-0-0.00,2022-01-03,,,13.0296314,75.084142,
440684924,24,Dakshina Kannada,3,Belthangady,3,VENURU,5,HOSANGADI,119,2021-2022,2,Rabi,Fallow,0-11-0.00,2022-01-03,,,13.0435399,75.0846731,
440685046,24,Dakshina Kannada,3,Belthangady,3,VENURU,5,HOSANGADI,119,2021-2022,2,Rabi,Fallow,0-37-0.00,2022-01-03,,,13.0383059,75.0848187,
440685088,24,Dakshina Kannada,3,Belthangady,3,VENURU,5,HOSANGADI,119,2021-2022,2,Rabi,Fallow,0-3-0.00,2022-01-03,,,13.0375356,75.086677,
440685018,24,Dakshina Kannada,3,Belthangady,3,VENURU,5,HOSANGADI,119,2021-2022,2,Rabi,NA Land ,0-10-0.00,2022-01-03,,,13.0384572,75.0844795,
440685022,24,Dakshina Kannada,3,Belthangady,3,VENURU,5,HOSANGADI,119,2021-2022,2,Rabi,Fallow,0-35-0.00,2022-01-03,,,13.0384573,75.0844798,
440685037,24,Dakshina Kannada,3,Belthangady,3,VENURU,5,HOSANGADI,119,2021-2022,2,Rabi,Fallow,0-39-0.00,2022-01-03,,,13.0383942,75.0846383,
440685051,24,Dakshina Kannada,3,Belthangady,3,VENURU,5,HOSANGADI,119,2021-2022,2,Rabi,NA Land ,0-3-0.00,2022-01-03,,,13.0382923,75.0847105,
440685055,24,Dakshina Kannada,3,Belthangady,3,VENURU,5,HOSANGADI,119,2021-2022,2,Rabi,NA Land ,0-3-0.00,2022-01-03,,,13.0383156,75.0847209,
440684953,24,Dakshina Kannada,3,Belthangady,3,VENURU,5,HOSANGADI,119,2021-2022,2,Rabi,Fallow,0-26-0.00,2022-01-03,,,13.0433375,75.0858712,
440684980,24,Dakshina Kannada,3,Belthangady,3,VENURU,5,HOSANGADI,119,2021-2022,2,Rabi,Fallow,0-40-0.00,2022-01-03,,,13.0433545,75.0858595,
440684993,24,Dakshina Kannada,3,Belthangady,3,VENURU,5,HOSANGADI,119,2021-2022,2,Rabi,Paddy-L,0-71-0.00,2022-01-03,january,1st week,13.0433985,75.0858151,
440685041,24,Dakshina Kannada,3,Belthangady,3,VENURU,5,HOSANGADI,119,2021-2022,2,Rabi,NA Land ,0-3-0.00,2022-01-03,,,13.0383001,75.0847882,
440684909,24,Dakshina Kannada,3,Belthangady,3,VENURU,5,HOSANGADI,119,2021-2022,2,Rabi,Fallow,0-1-0.00,2022-01-03,,,13.0435061,75.0846584,
440684947,24,Dakshina Kannada,3,Belthangady,3,VENURU,5,HOSANGADI,119,2021-2022,2,Rabi,Fallow,0-22-0.00,2022-01-03,,,13.0435207,75.0851901,
440684972,24,Dakshina Kannada,3,Belthangady,3,VENURU,5,HOSANGADI,119,2021-2022,2,Rabi,Betel Nuts (Areca nuts),1-9-0.00,2022-01-03,,,13.0434049,75.0858293,
440694516,24,Dakshina Kannada,3,Belthangady,3,VENURU,5,HOSANGADI,119,2021-2022,2,Rabi,Fallow,0-40-0.00,2022-01-03,,,13.0296048,75.0798774,
440694575,24,Dakshina Kannada,3,Belthangady,3,VENURU,5,HOSANGADI,119,2021-2022,2,Rabi,Fallow,0-60-0.00,2022-01-03,,,13.029606,75.0840976,
440694575,24,Dakshina Kannada,3,Belthangady,3,VENURU,5,HOSANGADI,119,2021-2022,2,Rabi,Betel Nuts (Areca nuts),3-0-0.00,2022-01-03,,,13.0295593,75.0841089,
440694654,24,Dakshina Kannada,3,Belthangady,3,VENURU,5,HOSANGADI,119,2021-2022,2,Rabi,NA Land ,0-14-0.00,2022-01-03,,,13.0296407,75.08417,
440694648,24,Dakshina Kannada,3,Belthangady,3,VENURU,5,HOSANGADI,119,2021-2022,2,Rabi,Fallow,0-88-0.00,2022-01-03,,,13.0296216,75.0840997,
440694898,24,Dakshina Kannada,3,Belthangady,3,VENURU,5,HOSANGADI,119,2021-2022,2,Rabi,NA Land ,0-10-0.00,2022-01-03,,,13.0295957,75.0841282,
440695142,24,Dakshina Kannada,3,Belthangady,3,VENURU,5,HOSANGADI,119,2021-2022,2,Rabi,Fallow,0-5-0.00,2022-01-03,,,13.0271283,75.0820253,
440695230,24,Dakshina Kannada,3,Belthangady,3,VENURU,5,HOSANGADI,119,2021-2022,2,Rabi,Fallow,0-42-0.00,2022-01-03,,,13.029328,75.0805155,
440695230,24,Dakshina Kannada,3,Belthangady,3,VENURU,5,HOSANGADI,119,2021-2022,2,Rabi,Coconut,0-50-0.00,2022-01-03,,,13.0293317,75.0805187,
440695246,24,Dakshina Kannada,3,Belthangady,3,VENURU,5,HOSANGADI,119,2021-2022,2,Rabi,Fallow,0-35-0.00,2022-01-03,,,13.0293483,75.0805245,
440695270,24,Dakshina Kannada,3,Belthangady,3,VENURU,5,HOSANGADI,119,2021-2022,2,Rabi,Fallow,2-0-0.00,2022-01-03,,,13.0293386,75.0805009,
440695270,24,Dakshina Kannada,3,Belthangady,3,VENURU,5,HOSANGADI,119,2021-2022,2,Rabi,Betel Nuts (Areca nuts),2-12-0.00,2022-01-03,,,13.0293351,75.0805088,
440671518,24,Dakshina Kannada,3,Belthangady,3,VENURU,5,HOSANGADI,119,2021-2022,2,Rabi,Fallow,0-46-0.00,2022-01-03,,,13.0334447,75.0824625,
440671607,24,Dakshina Kannada,3,Belthangady,3,VENURU,5,HOSANGADI,119,2021-2022,2,Rabi,Fallow,0-36-0.00,2022-01-03,,,13.0334598,75.0824273,
440660064,24,Dakshina Kannada,3,Belthangady,3,VENURU,10,BAJIRE,119,2021-2022,2,Rabi,NA Land ,0-22-0.00,2022-01-03,,,12.9772208,75.13216,
440660087,24,Dakshina Kannada,3,Belthangady,3,VENURU,10,BAJIRE,119,2021-2022,2,Rabi,NA Land ,0-10-0.00,2022-01-03,,,12.9771557,75.1319908,
440671473,24,Dakshina Kannada,3,Belthangady,3,VENURU,5,HOSANGADI,119,2021-2022,2,Rabi,NA Land ,0-9-0.00,2022-01-03,,,13.033411,75.0825451,
440671478,24,Dakshina Kannada,3,Belthangady,3,VENURU,5,HOSANGADI,119,2021-2022,2,Rabi,Fallow,0-8-0.00,2022-01-03,,,13.0334224,75.0825283,
440671501,24,Dakshina Kannada,3,Belthangady,3,VENURU,5,HOSANGADI,119,2021-2022,2,Rabi,Fallow,0-44-0.00,2022-01-03,,,13.0334427,75.0824626,
440671586,24,Dakshina Kannada,3,Belthangady,3,VENURU,5,HOSANGADI,119,2021-2022,2,Rabi,Fallow,0-29-0.00,2022-01-03,,,13.0334253,75.0824318,
440660074,24,Dakshina Kannada,3,Belthangady,3,VENURU,10,BAJIRE,119,2021-2022,2,Rabi,Fallow,0-40-0.00,2022-01-03,,,12.9772425,75.1321757,
440660109,24,Dakshina Kannada,3,Belthangady,3,VENURU,10,BAJIRE,119,2021-2022,2,Rabi,NA Land ,1-11-0.00,2022-01-03,,,12.9851778,75.1331753,
440660328,24,Dakshina Kannada,3,Belthangady,3,VENURU,10,BAJIRE,119,2021-2022,2,Rabi,NA Land ,0-33-0.00,2022-01-03,,,12.9851674,75.133595,
440660350,24,Dakshina Kannada,3,Belthangady,3,VENURU,10,BAJIRE,119,2021-2022,2,Rabi,NA Land ,0-10-0.00,2022-01-03,,,12.9851697,75.1335828,
440660056,24,Dakshina Kannada,3,Belthangady,3,VENURU,10,BAJIRE,119,2021-2022,2,Rabi,Cashewnuts,0-31-0.00,2022-01-03,,,12.97722,75.1321983,
440664472,24,Dakshina Kannada,3,Belthangady,3,VENURU,10,BAJIRE,119,2021-2022,2,Rabi,Fallow,1-86-0.00,2022-01-03,,,12.9850193,75.1338435,
440664473,24,Dakshina Kannada,3,Belthangady,3,VENURU,10,BAJIRE,119,2021-2022,2,Rabi,NA Land ,2-5-0.00,2022-01-03,,,12.9850367,75.1338569,
440660436,24,Dakshina Kannada,3,Belthangady,3,VENURU,10,BAJIRE,119,2021-2022,2,Rabi,Fallow,0-47-0.00,2022-01-03,,,12.9851638,75.1335628,
440660461,24,Dakshina Kannada,3,Belthangady,3,VENURU,10,BAJIRE,119,2021-2022,2,Rabi,Betel Nuts (Areca nuts),0-47-0.00,2022-01-03,,,12.9851433,75.1336083,
440660508,24,Dakshina Kannada,3,Belthangady,3,VENURU,10,BAJIRE,119,2021-2022,2,Rabi,Betel Nuts (Areca nuts),1-85-0.00,2022-01-03,,,12.98517,75.1335683,
440671492,24,Dakshina Kannada,3,Belthangady,3,VENURU,5,HOSANGADI,119,2021-2022,2,Rabi,Fallow,0-10-0.00,2022-01-03,,,13.0334237,75.0825133,
440671525,24,Dakshina Kannada,3,Belthangady,3,VENURU,5,HOSANGADI,119,2021-2022,2,Rabi,Fallow,0-49-0.00,2022-01-03,,,13.0334386,75.0824739,
440660095,24,Dakshina Kannada,3,Belthangady,3,VENURU,10,BAJIRE,119,2021-2022,2,Rabi,NA Land ,0-5-0.00,2022-01-03,,,12.9780681,75.1321823,
440660391,24,Dakshina Kannada,3,Belthangady,3,VENURU,10,BAJIRE,119,2021-2022,2,Rabi,Fallow,1-43-0.00,2022-01-03,,,12.985168,75.1335703,
440660521,24,Dakshina Kannada,3,Belthangady,3,VENURU,10,BAJIRE,119,2021-2022,2,Rabi,NA Land ,2-56-0.00,2022-01-03,,,12.9851578,75.133592,
440660102,24,Dakshina Kannada,3,Belthangady,3,VENURU,10,BAJIRE,119,2021-2022,2,Rabi,Fallow,2-81-0.00,2022-01-03,,,12.9851983,75.1331517,
440660491,24,Dakshina Kannada,3,Belthangady,3,VENURU,10,BAJIRE,119,2021-2022,2,Rabi,NA Land ,0-7-0.00,2022-01-03,,,12.9851497,75.1335998,
440671484,24,Dakshina Kannada,3,Belthangady,3,VENURU,5,HOSANGADI,119,2021-2022,2,Rabi,Fallow,0-30-0.00,2022-01-03,,,13.0334216,75.0825278,
440671487,24,Dakshina Kannada,3,Belthangady,3,VENURU,5,HOSANGADI,119,2021-2022,2,Rabi,Fallow,0-39-0.00,2022-01-03,,,13.0334219,75.0825171,
440497645,24,Dakshina Kannada,3,Belthangady,3,VENURU,5,HOSANGADI,119,2021-2022,2,Rabi,NA Land ,0-5-0.00,2022-01-01,,,13.0350536,75.1088356,
440497691,24,Dakshina Kannada,3,Belthangady,3,VENURU,5,HOSANGADI,119,2021-2022,2,Rabi,NA Land ,0-2-0.00,2022-01-01,,,13.0350383,75.1088201,
440497693,24,Dakshina Kannada,3,Belthangady,3,VENURU,5,HOSANGADI,119,2021-2022,2,Rabi,NA Land ,0-5-0.00,2022-01-01,,,13.035037,75.1088099,
440497712,24,Dakshina Kannada,3,Belthangady,3,VENURU,5,HOSANGADI,119,2021-2022,2,Rabi,NA Land ,0-12-0.00,2022-01-01,,,13.0350343,75.1088099,
440497759,24,Dakshina Kannada,3,Belthangady,3,VENURU,5,HOSANGADI,119,2021-2022,2,Rabi,NA Land ,0-3-0.00,2022-01-01,,,13.0350524,75.108859,
440497790,24,Dakshina Kannada,3,Belthangady,3,VENURU,5,HOSANGADI,119,2021-2022,2,Rabi,Fallow,0-3-0.00,2022-01-01,,,13.0350577,75.1088355,
440497811,24,Dakshina Kannada,3,Belthangady,3,VENURU,5,HOSANGADI,119,2021-2022,2,Rabi,Fallow,0-34-0.00,2022-01-01,,,13.0350559,75.1088144,
440497824,24,Dakshina Kannada,3,Belthangady,3,VENURU,5,HOSANGADI,119,2021-2022,2,Rabi,Fallow,0-38-0.00,2022-01-01,,,13.0350572,75.1088143,
440497765,24,Dakshina Kannada,3,Belthangady,3,VENURU,5,HOSANGADI,119,2021-2022,2,Rabi,Fallow,0-31-0.00,2022-01-01,,,13.0350626,75.1088182,
440497743,24,Dakshina Kannada,3,Belthangady,3,VENURU,5,HOSANGADI,119,2021-2022,2,Rabi,Fallow,0-73-0.00,2022-01-01,,,13.0350662,75.1088442,
440497748,24,Dakshina Kannada,3,Belthangady,3,VENURU,5,HOSANGADI,119,2021-2022,2,Rabi,Fallow,0-4-0.00,2022-01-01,,,13.0350404,75.1088575,
440497753,24,Dakshina Kannada,3,Belthangady,3,VENURU,5,HOSANGADI,119,2021-2022,2,Rabi,Fallow,0-4-0.00,2022-01-01,,,13.0350425,75.1088638,
440497785,24,Dakshina Kannada,3,Belthangady,3,VENURU,5,HOSANGADI,119,2021-2022,2,Rabi,Fallow,0-10-0.00,2022-01-01,,,13.0350585,75.1088389,
440497844,24,Dakshina Kannada,3,Belthangady,3,VENURU,5,HOSANGADI,119,2021-2022,2,Rabi,Fallow,0-40-0.00,2022-01-01,,,13.0350559,75.1088153,
440497848,24,Dakshina Kannada,3,Belthangady,3,VENURU,5,HOSANGADI,119,2021-2022,2,Rabi,Fallow,0-2-50.00,2022-01-01,,,13.0350477,75.1088189,
440497829,24,Dakshina Kannada,3,Belthangady,3,VENURU,5,HOSANGADI,119,2021-2022,2,Rabi,Fallow,0-58-0.00,2022-01-01,,,13.0350553,75.1088126,
440558391,24,Dakshina Kannada,3,Belthangady,3,VENURU,10,BAJIRE,119,2021-2022,2,Rabi,Fallow,0-9-0.00,2022-01-02,,,13.0005857,75.1236388,
440558389,24,Dakshina Kannada,3,Belthangady,3,VENURU,10,BAJIRE,119,2021-2022,2,Rabi,Fallow,0-9-0.00,2022-01-02,,,13.00055,75.12365,
440558385,24,Dakshina Kannada,3,Belthangady,3,VENURU,10,BAJIRE,119,2021-2022,2,Rabi,Fallow,0-57-0.00,2022-01-02,,,13.0005806,75.1236717,
440558387,24,Dakshina Kannada,3,Belthangady,3,VENURU,10,BAJIRE,119,2021-2022,2,Rabi,NA Land ,1-8-0.00,2022-01-02,,,13.0005783,75.1237017,
440684917,24,Dakshina Kannada,3,Belthangady,3,VENURU,5,HOSANGADI,119,2021-2022,2,Rabi,Fallow,0-1-50.00,2022-01-03,,,13.043509,75.0846574,
440684968,24,Dakshina Kannada,3,Belthangady,3,VENURU,5,HOSANGADI,119,2021-2022,2,Rabi,NA Land ,0-6-0.00,2022-01-03,,,13.0433434,75.0858295,
440685008,24,Dakshina Kannada,3,Belthangady,3,VENURU,5,HOSANGADI,119,2021-2022,2,Rabi,Fallow,0-34-0.00,2022-01-03,,,13.0384568,75.084484,
440684930,24,Dakshina Kannada,3,Belthangady,3,VENURU,5,HOSANGADI,119,2021-2022,2,Rabi,Fallow,0-10-0.00,2022-01-03,,,13.0435493,75.084674,
440684976,24,Dakshina Kannada,3,Belthangady,3,VENURU,5,HOSANGADI,119,2021-2022,2,Rabi,Fallow,0-64-0.00,2022-01-03,,,13.0433994,75.0858541,
440684984,24,Dakshina Kannada,3,Belthangady,3,VENURU,5,HOSANGADI,119,2021-2022,2,Rabi,Fallow,0-5-0.00,2022-01-03,,,13.0433405,75.0858865,
440684997,24,Dakshina Kannada,3,Belthangady,3,VENURU,5,HOSANGADI,119,2021-2022,2,Rabi,Fallow,0-66-0.00,2022-01-03,,,13.0433509,75.0858718,
440273705,24,Dakshina Kannada,3,Belthangady,3,VENURU,5,HOSANGADI,119,2021-2022,2,Rabi,Fallow,0-31-0.00,2021-12-29,,,13.0374457,75.087288,
440273720,24,Dakshina Kannada,3,Belthangady,3,VENURU,5,HOSANGADI,119,2021-2022,2,Rabi,Fallow,0-60-0.00,2021-12-29,,,13.0337999,75.088088,
440273722,24,Dakshina Kannada,3,Belthangady,3,VENURU,5,HOSANGADI,119,2021-2022,2,Rabi,Fallow,0-20-0.00,2021-12-29,,,13.0333675,75.0897342,
440273726,24,Dakshina Kannada,3,Belthangady,3,VENURU,5,HOSANGADI,119,2021-2022,2,Rabi,Fallow,0-17-0.00,2021-12-29,,,13.0325402,75.0896909,
440273726,24,Dakshina Kannada,3,Belthangady,3,VENURU,5,HOSANGADI,119,2021-2022,2,Rabi,Betel Nuts (Areca nuts),0-65-0.00,2021-12-29,,,13.032532,75.0896715,
440273762,24,Dakshina Kannada,3,Belthangady,3,VENURU,5,HOSANGADI,119,2021-2022,2,Rabi,Fallow,0-75-0.00,2021-12-29,,,13.0298135,75.0906162,
440273762,24,Dakshina Kannada,3,Belthangady,3,VENURU,5,HOSANGADI,119,2021-2022,2,Rabi,Betel Nuts (Areca nuts),1-0-0.00,2021-12-29,,,13.0298221,75.090611,
440273933,24,Dakshina Kannada,3,Belthangady,3,VENURU,5,HOSANGADI,119,2021-2022,2,Rabi,Fallow,0-10-0.00,2021-12-29,,,13.0382324,75.0899326,
440440147,24,Dakshina Kannada,3,Belthangady,3,VENURU,5,HOSANGADI,119,2021-2022,2,Rabi,Paddy-L,0-32-0.00,2021-12-31,November,3rd week,13.0294154,75.0943854,
440440183,24,Dakshina Kannada,3,Belthangady,3,VENURU,5,HOSANGADI,119,2021-2022,2,Rabi,Paddy-L,1-40-0.00,2021-12-31,November,3rd week,13.0289563,75.0944081,
440440183,24,Dakshina Kannada,3,Belthangady,3,VENURU,5,HOSANGADI,119,2021-2022,2,Rabi,Betel Nuts (Areca nuts),1-68-0.00,2021-12-31,,,13.0289765,75.0944075,
440440183,24,Dakshina Kannada,3,Belthangady,3,VENURU,5,HOSANGADI,119,2021-2022,2,Rabi,Coconut,1-68-0.00,2021-12-31,,,13.0289789,75.0944091,
440440204,24,Dakshina Kannada,3,Belthangady,3,VENURU,5,HOSANGADI,119,2021-2022,2,Rabi,Paddy-L,0-20-0.00,2021-12-31,November,3rd week,13.0289722,75.0944027,
440440324,24,Dakshina Kannada,3,Belthangady,3,VENURU,5,HOSANGADI,119,2021-2022,2,Rabi,Fallow,0-36-0.00,2021-12-31,,,13.0289032,75.0943384,
440440370,24,Dakshina Kannada,3,Belthangady,3,VENURU,5,HOSANGADI,119,2021-2022,2,Rabi,Paddy-L,0-27-0.00,2021-12-31,November,3rd week,13.0289317,75.0943775,
440440422,24,Dakshina Kannada,3,Belthangady,3,VENURU,5,HOSANGADI,119,2021-2022,2,Rabi,Fallow,0-24-0.00,2021-12-31,,,13.0275797,75.1012276,
440440489,24,Dakshina Kannada,3,Belthangady,3,VENURU,5,HOSANGADI,119,2021-2022,2,Rabi,Fallow,0-38-0.00,2021-12-31,,,13.0278921,75.100807,
440440352,24,Dakshina Kannada,3,Belthangady,3,VENURU,5,HOSANGADI,119,2021-2022,2,Rabi,Paddy-L,1-0-0.00,2021-12-31,November,3rd week,13.0289291,75.0943553,
440440364,24,Dakshina Kannada,3,Belthangady,3,VENURU,5,HOSANGADI,119,2021-2022,2,Rabi,Paddy-L,0-50-0.00,2021-12-31,November,4th week,13.0289194,75.0943687,
440440390,24,Dakshina Kannada,3,Belthangady,3,VENURU,5,HOSANGADI,119,2021-2022,2,Rabi,Fallow,2-18-0.00,2021-12-31,,,13.0275758,75.1012285,
440561720,24,Dakshina Kannada,3,Belthangady,3,VENURU,10,BAJIRE,119,2021-2022,2,Rabi,Fallow,0-5-0.00,2022-01-02,,,12.9994859,75.1235813,
440561717,24,Dakshina Kannada,3,Belthangady,3,VENURU,10,BAJIRE,119,2021-2022,2,Rabi,NA Land ,0-10-0.00,2022-01-02,,,12.9995588,75.1236195,
440747119,24,Dakshina Kannada,3,Belthangady,3,VENURU,10,BAJIRE,119,2021-2022,2,Rabi,NA Land ,0-38-0.00,2022-01-04,,,12.9834414,75.1376219,
440747104,24,Dakshina Kannada,3,Belthangady,3,VENURU,10,BAJIRE,119,2021-2022,2,Rabi,NA Land ,0-60-0.00,2022-01-04,,,12.9830504,75.1377954,
440747133,24,Dakshina Kannada,3,Belthangady,3,VENURU,10,BAJIRE,119,2021-2022,2,Rabi,NA Land ,0-9-0.00,2022-01-04,,,12.9834596,75.1376087,
440747116,24,Dakshina Kannada,3,Belthangady,3,VENURU,10,BAJIRE,119,2021-2022,2,Rabi,Fallow,0-39-0.00,2022-01-04,,,12.9833932,75.137599,
440747122,24,Dakshina Kannada,3,Belthangady,3,VENURU,10,BAJIRE,119,2021-2022,2,Rabi,NA Land ,0-45-0.00,2022-01-04,,,12.9834512,75.1375032,
440440301,24,Dakshina Kannada,3,Belthangady,3,VENURU,5,HOSANGADI,119,2021-2022,2,Rabi,Paddy-L,0-29-0.00,2021-12-31,November,4th week,13.0289539,75.0943904,
440440312,24,Dakshina Kannada,3,Belthangady,3,VENURU,5,HOSANGADI,119,2021-2022,2,Rabi,Fallow,0-36-0.00,2021-12-31,,,13.0289507,75.0943806,
440440356,24,Dakshina Kannada,3,Belthangady,3,VENURU,5,HOSANGADI,119,2021-2022,2,Rabi,Paddy-L,0-77-0.00,2021-12-31,November,4th week,13.0289154,75.094344,
440440385,24,Dakshina Kannada,3,Belthangady,3,VENURU,5,HOSANGADI,119,2021-2022,2,Rabi,Fallow,0-56-0.00,2021-12-31,,,13.0275703,75.1012229,
440440428,24,Dakshina Kannada,3,Belthangady,3,VENURU,5,HOSANGADI,119,2021-2022,2,Rabi,Fallow,0-70-0.00,2021-12-31,,,13.0275699,75.101209,
440440455,24,Dakshina Kannada,3,Belthangady,3,VENURU,5,HOSANGADI,119,2021-2022,2,Rabi,NA Land ,0-14-0.00,2021-12-31,,,13.0275724,75.1012151,
440440517,24,Dakshina Kannada,3,Belthangady,3,VENURU,5,HOSANGADI,119,2021-2022,2,Rabi,NA Land ,0-15-0.00,2021-12-31,,,13.0279383,75.1008384,
440440259,24,Dakshina Kannada,3,Belthangady,3,VENURU,5,HOSANGADI,119,2021-2022,2,Rabi,NA Land ,0-15-0.00,2021-12-31,,,13.0289649,75.0943865,
440440307,24,Dakshina Kannada,3,Belthangady,3,VENURU,5,HOSANGADI,119,2021-2022,2,Rabi,Paddy-L,0-30-0.00,2021-12-31,November,4th week,13.02894,75.0943776,
440440329,24,Dakshina Kannada,3,Belthangady,3,VENURU,5,HOSANGADI,119,2021-2022,2,Rabi,Paddy-L,0-50-0.00,2021-12-31,November,4th week,13.0289093,75.0943458,
440440379,24,Dakshina Kannada,3,Belthangady,3,VENURU,5,HOSANGADI,119,2021-2022,2,Rabi,Fallow,0-25-0.00,2021-12-31,,,13.0289339,75.0943829,
440440436,24,Dakshina Kannada,3,Belthangady,3,VENURU,5,HOSANGADI,119,2021-2022,2,Rabi,Fallow,0-56-0.00,2021-12-31,,,13.0275647,75.1012052,
440440482,24,Dakshina Kannada,3,Belthangady,3,VENURU,5,HOSANGADI,119,2021-2022,2,Rabi,Fallow,1-6-0.00,2021-12-31,,,13.026668,75.1016949,
440552288,24,Dakshina Kannada,3,Belthangady,3,VENURU,10,BAJIRE,119,2021-2022,2,Rabi,Betel Nuts (Areca nuts),0-60-0.00,2022-01-02,,,12.97672,75.127125,
440552295,24,Dakshina Kannada,3,Belthangady,3,VENURU,10,BAJIRE,119,2021-2022,2,Rabi,Fallow,0-35-0.00,2022-01-02,,,12.9767033,75.12712,
440552302,24,Dakshina Kannada,3,Belthangady,3,VENURU,10,BAJIRE,119,2021-2022,2,Rabi,Fallow,0-35-0.00,2022-01-02,,,12.97671,75.1271383,
440747092,24,Dakshina Kannada,3,Belthangady,3,VENURU,10,BAJIRE,119,2021-2022,2,Rabi,Betel Nuts (Areca nuts),0-52-0.00,2022-01-04,,,12.9824317,75.1389067,
440747110,24,Dakshina Kannada,3,Belthangady,3,VENURU,10,BAJIRE,119,2021-2022,2,Rabi,NA Land ,0-82-0.00,2022-01-04,,,12.9830533,75.1378017,
440747099,24,Dakshina Kannada,3,Belthangady,3,VENURU,10,BAJIRE,119,2021-2022,2,Rabi,Betel Nuts (Areca nuts),1-29-0.00,2022-01-04,,,12.9824135,75.138921,
440747130,24,Dakshina Kannada,3,Belthangady,3,VENURU,10,BAJIRE,119,2021-2022,2,Rabi,Fallow,0-39-0.00,2022-01-04,,,12.9834571,75.1375768,
440747125,24,Dakshina Kannada,3,Belthangady,3,VENURU,10,BAJIRE,119,2021-2022,2,Rabi,NA Land ,1-8-0.00,2022-01-04,,,12.9834704,75.1375861,
440878656,24,Dakshina Kannada,3,Belthangady,3,VENURU,5,HOSANGADI,119,2021-2022,2,Rabi,Fallow,0-25-0.00,2022-01-05,,,13.0449136,75.0797515,
440878610,24,Dakshina Kannada,3,Belthangady,3,VENURU,5,HOSANGADI,119,2021-2022,2,Rabi,Fallow,0-4-0.00,2022-01-05,,,13.0449067,75.0797376,
440878871,24,Dakshina Kannada,3,Belthangady,3,VENURU,5,HOSANGADI,119,2021-2022,2,Rabi,Fallow,0-1-0.00,2022-01-05,,,13.0445158,75.0781897,
440878915,24,Dakshina Kannada,3,Belthangady,3,VENURU,5,HOSANGADI,119,2021-2022,2,Rabi,Fallow,0-72-0.00,2022-01-05,,,13.0444617,75.0782423,
440878974,24,Dakshina Kannada,3,Belthangady,3,VENURU,5,HOSANGADI,119,2021-2022,2,Rabi,Fallow,0-24-0.00,2022-01-05,,,13.0443639,75.0781578,
440879026,24,Dakshina Kannada,3,Belthangady,3,VENURU,5,HOSANGADI,119,2021-2022,2,Rabi,Fallow,0-32-0.00,2022-01-05,,,13.0402613,75.0808751,
440694595,24,Dakshina Kannada,3,Belthangady,3,VENURU,5,HOSANGADI,119,2021-2022,2,Rabi,Cashewnuts,1-50-0.00,2022-01-03,,,13.0296399,75.0841531,
440694692,24,Dakshina Kannada,3,Belthangady,3,VENURU,5,HOSANGADI,119,2021-2022,2,Rabi,Fallow,0-24-0.00,2022-01-03,,,13.0296275,75.08413,
440695077,24,Dakshina Kannada,3,Belthangady,3,VENURU,5,HOSANGADI,119,2021-2022,2,Rabi,NA Land ,0-5-0.00,2022-01-03,,,13.02713,75.0820423,
440694504,24,Dakshina Kannada,3,Belthangady,3,VENURU,5,HOSANGADI,119,2021-2022,2,Rabi,Fallow,0-40-0.00,2022-01-03,,,13.0296255,75.0798802,
440694543,24,Dakshina Kannada,3,Belthangady,3,VENURU,5,HOSANGADI,119,2021-2022,2,Rabi,Fallow,0-98-0.00,2022-01-03,,,13.0296303,75.0798941,
440694543,24,Dakshina Kannada,3,Belthangady,3,VENURU,5,HOSANGADI,119,2021-2022,2,Rabi,Rubber,2-0-0.00,2022-01-03,,,13.0296238,75.0798505,
440694735,24,Dakshina Kannada,3,Belthangady,3,VENURU,5,HOSANGADI,119,2021-2022,2,Rabi,Fallow,0-30-0.00,2022-01-03,,,13.0296006,75.0841228,
440694884,24,Dakshina Kannada,3,Belthangady,3,VENURU,5,HOSANGADI,119,2021-2022,2,Rabi,Fallow,0-25-0.00,2022-01-03,,,13.0295967,75.0841277,
440695065,24,Dakshina Kannada,3,Belthangady,3,VENURU,5,HOSANGADI,119,2021-2022,2,Rabi,Fallow,0-3-0.00,2022-01-03,,,13.0296567,75.0841563,
440694557,24,Dakshina Kannada,3,Belthangady,3,VENURU,5,HOSANGADI,119,2021-2022,2,Rabi,NA Land ,0-11-0.00,2022-01-03,,,13.0296464,75.079862,
440694755,24,Dakshina Kannada,3,Belthangady,3,VENURU,5,HOSANGADI,119,2021-2022,2,Rabi,Fallow,2-43-0.00,2022-01-03,,,13.029614,75.0841219,
440694814,24,Dakshina Kannada,3,Belthangady,3,VENURU,5,HOSANGADI,119,2021-2022,2,Rabi,Fallow,0-38-0.00,2022-01-03,,,13.0296082,75.0841242,
440695118,24,Dakshina Kannada,3,Belthangady,3,VENURU,5,HOSANGADI,119,2021-2022,2,Rabi,NA Land ,0-5-0.00,2022-01-03,,,13.0271309,75.0820411,
440695146,24,Dakshina Kannada,3,Belthangady,3,VENURU,5,HOSANGADI,119,2021-2022,2,Rabi,NA Land ,0-13-0.00,2022-01-03,,,13.0271284,75.0820251,
440695153,24,Dakshina Kannada,3,Belthangady,3,VENURU,5,HOSANGADI,119,2021-2022,2,Rabi,NA Land ,0-5-0.00,2022-01-03,,,13.0271282,75.0820197,
440695361,24,Dakshina Kannada,3,Belthangady,3,VENURU,5,HOSANGADI,119,2021-2022,2,Rabi,Fallow,0-15-0.00,2022-01-03,,,13.0293516,75.0805295,
440695387,24,Dakshina Kannada,3,Belthangady,3,VENURU,5,HOSANGADI,119,2021-2022,2,Rabi,NA Land ,0-16-0.00,2022-01-03,,,13.0293483,75.0805361,
440716211,24,Dakshina Kannada,3,Belthangady,3,VENURU,10,BAJIRE,119,2021-2022,2,Rabi,NA Land ,0-4-0.00,2022-01-03,,,12.9944821,75.1325805,
440716178,24,Dakshina Kannada,3,Belthangady,3,VENURU,10,BAJIRE,119,2021-2022,2,Rabi,Fallow,2-75-0.00,2022-01-03,,,12.99971,75.1297817,
440716199,24,Dakshina Kannada,3,Belthangady,3,VENURU,10,BAJIRE,119,2021-2022,2,Rabi,NA Land ,0-16-0.00,2022-01-03,,,12.9945067,75.1325267,
440716622,24,Dakshina Kannada,3,Belthangady,3,VENURU,10,BAJIRE,119,2021-2022,2,Rabi,Betel Nuts (Areca nuts),1-36-0.00,2022-01-03,,,12.9961533,75.1330817,
440716188,24,Dakshina Kannada,3,Belthangady,3,VENURU,10,BAJIRE,119,2021-2022,2,Rabi,Fallow,1-88-0.00,2022-01-03,,,12.9997133,75.1297806,
440716606,24,Dakshina Kannada,3,Belthangady,3,VENURU,10,BAJIRE,119,2021-2022,2,Rabi,NA Land ,1-0-0.00,2022-01-03,,,12.9961392,75.1330854,
440716641,24,Dakshina Kannada,3,Belthangady,3,VENURU,10,BAJIRE,119,2021-2022,2,Rabi,NA Land ,0-5-0.00,2022-01-03,,,12.9968233,75.135475,
440878616,24,Dakshina Kannada,3,Belthangady,3,VENURU,5,HOSANGADI,119,2021-2022,2,Rabi,Fallow,0-58-0.00,2022-01-05,,,13.0449034,75.079733,
440878665,24,Dakshina Kannada,3,Belthangady,3,VENURU,5,HOSANGADI,119,2021-2022,2,Rabi,Fallow,0-7-0.00,2022-01-05,,,13.0449136,75.0797545,
440878686,24,Dakshina Kannada,3,Belthangady,3,VENURU,5,HOSANGADI,119,2021-2022,2,Rabi,Fallow,0-10-0.00,2022-01-05,,,13.0449197,75.0797837,
440685001,24,Dakshina Kannada,3,Belthangady,3,VENURU,5,HOSANGADI,119,2021-2022,2,Rabi,NA Land ,0-7-0.00,2022-01-03,,,13.0384874,75.0845264,
440685001,24,Dakshina Kannada,3,Belthangady,3,VENURU,5,HOSANGADI,119,2021-2022,2,Rabi,Fallow,0-10-0.00,2022-01-03,,,13.0384633,75.0844893,
440685033,24,Dakshina Kannada,3,Belthangady,3,VENURU,5,HOSANGADI,119,2021-2022,2,Rabi,Fallow,0-25-0.00,2022-01-03,,,13.0384571,75.0844608,
440685028,24,Dakshina Kannada,3,Belthangady,3,VENURU,5,HOSANGADI,119,2021-2022,2,Rabi,Fallow,0-34-0.00,2022-01-03,,,13.038465,75.0844724,
440685062,24,Dakshina Kannada,3,Belthangady,3,VENURU,5,HOSANGADI,119,2021-2022,2,Rabi,Fallow,1-7-0.00,2022-01-03,,,13.0383826,75.084737,
440684903,24,Dakshina Kannada,3,Belthangady,3,VENURU,5,HOSANGADI,119,2021-2022,2,Rabi,NA Land ,0-13-0.00,2022-01-03,,,13.0434761,75.0846453,
440684940,24,Dakshina Kannada,3,Belthangady,3,VENURU,5,HOSANGADI,119,2021-2022,2,Rabi,Paddy-L,0-84-0.00,2022-01-03,january,3rd week,13.0436511,75.0852089,
440684958,24,Dakshina Kannada,3,Belthangady,3,VENURU,5,HOSANGADI,119,2021-2022,2,Rabi,Fallow,0-10-0.00,2022-01-03,,,13.0433797,75.0858554,
440684958,24,Dakshina Kannada,3,Belthangady,3,VENURU,5,HOSANGADI,119,2021-2022,2,Rabi,Coconut,0-42-0.00,2022-01-03,,,13.0433659,75.0858259,
440684962,24,Dakshina Kannada,3,Belthangady,3,VENURU,5,HOSANGADI,119,2021-2022,2,Rabi,NA Land ,0-7-0.00,2022-01-03,,,13.0433512,75.0857932,
440685067,24,Dakshina Kannada,3,Belthangady,3,VENURU,5,HOSANGADI,119,2021-2022,2,Rabi,NA Land ,0-10-0.00,2022-01-03,,,13.0383069,75.0847377,
440685072,24,Dakshina Kannada,3,Belthangady,3,VENURU,5,HOSANGADI,119,2021-2022,2,Rabi,Fallow,0-92-0.00,2022-01-03,,,13.0386076,75.085097,
440685076,24,Dakshina Kannada,3,Belthangady,3,VENURU,5,HOSANGADI,119,2021-2022,2,Rabi,Fallow,0-83-0.00,2022-01-03,,,13.0386198,75.0851631,
440684935,24,Dakshina Kannada,3,Belthangady,3,VENURU,5,HOSANGADI,119,2021-2022,2,Rabi,Fallow,0-24-0.00,2022-01-03,,,13.0435537,75.0846779,
440684988,24,Dakshina Kannada,3,Belthangady,3,VENURU,5,HOSANGADI,119,2021-2022,2,Rabi,Fallow,0-10-0.00,2022-01-03,,,13.0433561,75.0858675,
440684988,24,Dakshina Kannada,3,Belthangady,3,VENURU,5,HOSANGADI,119,2021-2022,2,Rabi,Coconut,0-13-0.00,2022-01-03,,,13.0433484,75.0858317,
440685012,24,Dakshina Kannada,3,Belthangady,3,VENURU,5,HOSANGADI,119,2021-2022,2,Rabi,Fallow,0-36-0.00,2022-01-03,,,13.0384569,75.0844817,
440685080,24,Dakshina Kannada,3,Belthangady,3,VENURU,5,HOSANGADI,119,2021-2022,2,Rabi,NA Land ,0-8-0.00,2022-01-03,,,13.0386491,75.0851692,
440685083,24,Dakshina Kannada,3,Belthangady,3,VENURU,5,HOSANGADI,119,2021-2022,2,Rabi,Fallow,0-1-0.00,2022-01-03,,,13.0375537,75.0866891,
440753162,24,Dakshina Kannada,3,Belthangady,3,VENURU,10,BAJIRE,119,2021-2022,2,Rabi,NA Land ,0-85-0.00,2022-01-04,,,12.9863281,75.1381632,
440753165,24,Dakshina Kannada,3,Belthangady,3,VENURU,10,BAJIRE,119,2021-2022,2,Rabi,NA Land ,0-66-0.00,2022-01-04,,,12.9863767,75.1382117,
440753193,24,Dakshina Kannada,3,Belthangady,3,VENURU,10,BAJIRE,119,2021-2022,2,Rabi,Fallow,0-27-0.00,2022-01-04,,,12.98678,75.1379167,
440753197,24,Dakshina Kannada,3,Belthangady,3,VENURU,10,BAJIRE,119,2021-2022,2,Rabi,NA Land ,0-45-0.00,2022-01-04,,,12.9867817,75.1379083,
440753181,24,Dakshina Kannada,3,Belthangady,3,VENURU,10,BAJIRE,119,2021-2022,2,Rabi,Fallow,1-82-0.00,2022-01-04,,,12.986755,75.1378983,
440753202,24,Dakshina Kannada,3,Belthangady,3,VENURU,10,BAJIRE,119,2021-2022,2,Rabi,NA Land ,1-3-0.00,2022-01-04,,,12.986785,75.1378817,
440763192,24,Dakshina Kannada,3,Belthangady,3,VENURU,10,BAJIRE,119,2021-2022,2,Rabi,Betel Nuts (Areca nuts),0-12-0.00,2022-01-04,,,12.9981367,75.1358667,
440847422,24,Dakshina Kannada,3,Belthangady,3,VENURU,10,BAJIRE,119,2021-2022,2,Rabi,Betel Nuts (Areca nuts),1-16-0.00,2022-01-05,,,12.98491,75.123395,
440879114,24,Dakshina Kannada,3,Belthangady,3,VENURU,5,HOSANGADI,119,2021-2022,2,Rabi,Fallow,0-53-0.00,2022-01-05,,,13.0401748,75.0812968,
440879128,24,Dakshina Kannada,3,Belthangady,3,VENURU,5,HOSANGADI,119,2021-2022,2,Rabi,Fallow,0-20-0.00,2022-01-05,,,13.0416384,75.0816497,
440879077,24,Dakshina Kannada,3,Belthangady,3,VENURU,5,HOSANGADI,119,2021-2022,2,Rabi,NA Land ,0-5-0.00,2022-01-05,,,13.0403604,75.0814875,
440879098,24,Dakshina Kannada,3,Belthangady,3,VENURU,5,HOSANGADI,119,2021-2022,2,Rabi,NA Land ,0-5-0.00,2022-01-05,,,13.0403218,75.0814005,
440879105,24,Dakshina Kannada,3,Belthangady,3,VENURU,5,HOSANGADI,119,2021-2022,2,Rabi,Fallow,1-53-0.00,2022-01-05,,,13.0401432,75.0813713,
440879162,24,Dakshina Kannada,3,Belthangady,3,VENURU,5,HOSANGADI,119,2021-2022,2,Rabi,Fallow,0-20-0.00,2022-01-05,,,13.0416491,75.0816024,
440878671,24,Dakshina Kannada,3,Belthangady,3,VENURU,5,HOSANGADI,119,2021-2022,2,Rabi,Fallow,0-58-0.00,2022-01-05,,,13.0449131,75.0797539,
440878719,24,Dakshina Kannada,3,Belthangady,3,VENURU,5,HOSANGADI,119,2021-2022,2,Rabi,Fallow,0-26-0.00,2022-01-05,,,13.0441931,75.0796757,
440878678,24,Dakshina Kannada,3,Belthangady,3,VENURU,5,HOSANGADI,119,2021-2022,2,Rabi,NA Land ,0-8-0.00,2022-01-05,,,13.0449107,75.0797475,
440878842,24,Dakshina Kannada,3,Belthangady,3,VENURU,5,HOSANGADI,119,2021-2022,2,Rabi,Fallow,0-27-0.00,2022-01-05,,,13.0441424,75.0796072,
440878899,24,Dakshina Kannada,3,Belthangady,3,VENURU,5,HOSANGADI,119,2021-2022,2,Rabi,Fallow,0-7-0.00,2022-01-05,,,13.0444714,75.0782303,
440878986,24,Dakshina Kannada,3,Belthangady,3,VENURU,5,HOSANGADI,119,2021-2022,2,Rabi,Fallow,3-58-0.00,2022-01-05,,,13.0394426,75.077439,
440879084,24,Dakshina Kannada,3,Belthangady,3,VENURU,5,HOSANGADI,119,2021-2022,2,Rabi,Fallow,0-40-0.00,2022-01-05,,,13.040374,75.0814839,
440879084,24,Dakshina Kannada,3,Belthangady,3,VENURU,5,HOSANGADI,119,2021-2022,2,Rabi,Coconut,0-23-0.00,2022-01-05,,,13.0403744,75.0814498,
440879091,24,Dakshina Kannada,3,Belthangady,3,VENURU,5,HOSANGADI,119,2021-2022,2,Rabi,NA Land ,0-5-0.00,2022-01-05,,,13.0403217,75.081399,
440879134,24,Dakshina Kannada,3,Belthangady,3,VENURU,5,HOSANGADI,119,2021-2022,2,Rabi,Fallow,0-5-50.00,2022-01-05,,,13.0416341,75.0816193,
440879143,24,Dakshina Kannada,3,Belthangady,3,VENURU,5,HOSANGADI,119,2021-2022,2,Rabi,Fallow,0-15-50.00,2022-01-05,,,13.041638,75.0816186,
440879168,24,Dakshina Kannada,3,Belthangady,3,VENURU,5,HOSANGADI,119,2021-2022,2,Rabi,Fallow,0-1-50.00,2022-01-05,,,13.041648,75.0816035,
440879122,24,Dakshina Kannada,3,Belthangady,3,VENURU,5,HOSANGADI,119,2021-2022,2,Rabi,NA Land ,0-9-50.00,2022-01-05,,,13.0416603,75.0815987,
440879184,24,Dakshina Kannada,3,Belthangady,3,VENURU,5,HOSANGADI,119,2021-2022,2,Rabi,Fallow,0-71-0.00,2022-01-05,,,13.0416392,75.0815894,
440879189,24,Dakshina Kannada,3,Belthangady,3,VENURU,5,HOSANGADI,119,2021-2022,2,Rabi,Fallow,0-3-0.00,2022-01-05,,,13.041649,75.0815968,
440879048,24,Dakshina Kannada,3,Belthangady,3,VENURU,5,HOSANGADI,119,2021-2022,2,Rabi,Fallow,0-28-0.00,2022-01-05,,,13.0402742,75.0808667,
440879068,24,Dakshina Kannada,3,Belthangady,3,VENURU,5,HOSANGADI,119,2021-2022,2,Rabi,NA Land ,0-9-0.00,2022-01-05,,,13.040363,75.0814852,
440878855,24,Dakshina Kannada,3,Belthangady,3,VENURU,5,HOSANGADI,119,2021-2022,2,Rabi,NA Land ,0-15-0.00,2022-01-05,,,13.0441455,75.0795978,
440878884,24,Dakshina Kannada,3,Belthangady,3,VENURU,5,HOSANGADI,119,2021-2022,2,Rabi,NA Land ,0-5-0.00,2022-01-05,,,13.0444622,75.0782206,
440879151,24,Dakshina Kannada,3,Belthangady,3,VENURU,5,HOSANGADI,119,2021-2022,2,Rabi,NA Land ,0-11-0.00,2022-01-05,,,13.0416355,75.0816072,
440879156,24,Dakshina Kannada,3,Belthangady,3,VENURU,5,HOSANGADI,119,2021-2022,2,Rabi,Fallow,0-80-0.00,2022-01-05,,,13.041636,75.081602,
440695270,24,Dakshina Kannada,3,Belthangady,3,VENURU,5,HOSANGADI,119,2021-2022,2,Rabi,Coconut,2-12-0.00,2022-01-03,,,13.0293335,75.0805366,
440695368,24,Dakshina Kannada,3,Belthangady,3,VENURU,5,HOSANGADI,119,2021-2022,2,Rabi,NA Land ,0-11-0.00,2022-01-03,,,13.0293477,75.0805303,
440695397,24,Dakshina Kannada,3,Belthangady,3,VENURU,5,HOSANGADI,119,2021-2022,2,Rabi,Fallow,0-11-0.00,2022-01-03,,,13.0293535,75.0805375,
440694528,24,Dakshina Kannada,3,Belthangady,3,VENURU,5,HOSANGADI,119,2021-2022,2,Rabi,Fallow,0-40-0.00,2022-01-03,,,13.0296506,75.0799005,
440694571,24,Dakshina Kannada,3,Belthangady,3,VENURU,5,HOSANGADI,119,2021-2022,2,Rabi,Fallow,0-85-0.00,2022-01-03,,,13.0296149,75.0798584,
440694587,24,Dakshina Kannada,3,Belthangady,3,VENURU,5,HOSANGADI,119,2021-2022,2,Rabi,Fallow,0-90-0.00,2022-01-03,,,13.0296238,75.084133,
440694807,24,Dakshina Kannada,3,Belthangady,3,VENURU,5,HOSANGADI,119,2021-2022,2,Rabi,Fallow,0-58-0.00,2022-01-03,,,13.0296107,75.0841191,
440695168,24,Dakshina Kannada,3,Belthangady,3,VENURU,5,HOSANGADI,119,2021-2022,2,Rabi,Fallow,0-45-0.00,2022-01-03,,,13.0293283,75.0805099,
440695382,24,Dakshina Kannada,3,Belthangady,3,VENURU,5,HOSANGADI,119,2021-2022,2,Rabi,NA Land ,0-11-0.00,2022-01-03,,,13.0293513,75.0805333,
440695393,24,Dakshina Kannada,3,Belthangady,3,VENURU,5,HOSANGADI,119,2021-2022,2,Rabi,NA Land ,0-11-0.00,2022-01-03,,,13.0293651,75.0805423,
440763152,24,Dakshina Kannada,3,Belthangady,3,VENURU,10,BAJIRE,119,2021-2022,2,Rabi,NA Land ,0-10-0.00,2022-01-04,,,12.9980922,75.135853,
440763172,24,Dakshina Kannada,3,Belthangady,3,VENURU,10,BAJIRE,119,2021-2022,2,Rabi,Betel Nuts (Areca nuts),1-75-0.00,2022-01-04,,,12.99813,75.1358567,
440847568,24,Dakshina Kannada,3,Belthangady,3,VENURU,10,BAJIRE,119,2021-2022,2,Rabi,Fallow,0-9-50.00,2022-01-05,,,12.9849277,75.1277312,
440847633,24,Dakshina Kannada,3,Belthangady,3,VENURU,10,BAJIRE,119,2021-2022,2,Rabi,NA Land ,1-0-0.00,2022-01-05,,,12.9848405,75.1276943,
440847438,24,Dakshina Kannada,3,Belthangady,3,VENURU,10,BAJIRE,119,2021-2022,2,Rabi,NA Land ,0-47-0.00,2022-01-05,,,12.9836388,75.1217061,
440847555,24,Dakshina Kannada,3,Belthangady,3,VENURU,10,BAJIRE,119,2021-2022,2,Rabi,Betel Nuts (Areca nuts),0-80-0.00,2022-01-05,,,12.985405,75.1264617,
440847561,24,Dakshina Kannada,3,Belthangady,3,VENURU,10,BAJIRE,119,2021-2022,2,Rabi,NA Land ,0-35-0.00,2022-01-05,,,12.9854513,75.1264071,
440847456,24,Dakshina Kannada,3,Belthangady,3,VENURU,10,BAJIRE,119,2021-2022,2,Rabi,Fallow,6-51-0.00,2022-01-05,,,12.9835669,75.121547,
440847472,24,Dakshina Kannada,3,Belthangady,3,VENURU,10,BAJIRE,119,2021-2022,2,Rabi,NA Land ,3-64-0.00,2022-01-05,,,12.9825824,75.1224606,
440847491,24,Dakshina Kannada,3,Belthangady,3,VENURU,10,BAJIRE,119,2021-2022,2,Rabi,NA Land ,0-13-0.00,2022-01-05,,,12.9855823,75.1264643,
440847539,24,Dakshina Kannada,3,Belthangady,3,VENURU,10,BAJIRE,119,2021-2022,2,Rabi,Fallow,0-50-0.00,2022-01-05,,,12.9854375,75.1265793,
440847577,24,Dakshina Kannada,3,Belthangady,3,VENURU,10,BAJIRE,119,2021-2022,2,Rabi,NA Land ,0-19-0.00,2022-01-05,,,12.9848474,75.1277062,
440847548,24,Dakshina Kannada,3,Belthangady,3,VENURU,10,BAJIRE,119,2021-2022,2,Rabi,NA Land ,0-6-0.00,2022-01-05,,,12.9854498,75.1265606,
440847644,24,Dakshina Kannada,3,Belthangady,3,VENURU,10,BAJIRE,119,2021-2022,2,Rabi,Betel Nuts (Areca nuts),2-20-0.00,2022-01-05,,,12.985155,75.1270617,
440950385,24,Dakshina Kannada,3,Belthangady,3,VENURU,5,HOSANGADI,119,2021-2022,2,Rabi,NA Land ,0-5-0.00,2022-01-06,,,13.0376895,75.1083374,
440950692,24,Dakshina Kannada,3,Belthangady,3,VENURU,5,HOSANGADI,119,2021-2022,2,Rabi,NA Land ,0-5-0.00,2022-01-06,,,13.0387848,75.1073345,
440950735,24,Dakshina Kannada,3,Belthangady,3,VENURU,5,HOSANGADI,119,2021-2022,2,Rabi,NA Land ,0-7-0.00,2022-01-06,,,13.0385815,75.1075801,
440949822,24,Dakshina Kannada,3,Belthangady,3,VENURU,5,HOSANGADI,119,2021-2022,2,Rabi,NA Land ,0-15-0.00,2022-01-06,,,13.0377009,75.1083627,
440949907,24,Dakshina Kannada,3,Belthangady,3,VENURU,5,HOSANGADI,119,2021-2022,2,Rabi,NA Land ,0-3-0.00,2022-01-06,,,13.0377032,75.1083368,
440950285,24,Dakshina Kannada,3,Belthangady,3,VENURU,5,HOSANGADI,119,2021-2022,2,Rabi,NA Land ,0-5-0.00,2022-01-06,,,13.0376785,75.1083397,
440949916,24,Dakshina Kannada,3,Belthangady,3,VENURU,5,HOSANGADI,119,2021-2022,2,Rabi,NA Land ,0-3-0.00,2022-01-06,,,13.0376981,75.1083377,
440950650,24,Dakshina Kannada,3,Belthangady,3,VENURU,5,HOSANGADI,119,2021-2022,2,Rabi,Fallow,0-48-0.00,2022-01-06,,,13.0387558,75.1073307,
440950068,24,Dakshina Kannada,3,Belthangady,3,VENURU,5,HOSANGADI,119,2021-2022,2,Rabi,NA Land ,0-5-0.00,2022-01-06,,,13.0377003,75.1083551,
440950842,24,Dakshina Kannada,3,Belthangady,3,VENURU,5,HOSANGADI,119,2021-2022,2,Rabi,NA Land ,0-10-0.00,2022-01-06,,,13.0385786,75.1075772,
440950563,24,Dakshina Kannada,3,Belthangady,3,VENURU,5,HOSANGADI,119,2021-2022,2,Rabi,NA Land ,0-9-0.00,2022-01-06,,,13.0387963,75.1073822,
440950563,24,Dakshina Kannada,3,Belthangady,3,VENURU,5,HOSANGADI,119,2021-2022,2,Rabi,Fallow,1-27-0.00,2022-01-06,,,13.0387949,75.1073864,
440950719,24,Dakshina Kannada,3,Belthangady,3,VENURU,5,HOSANGADI,119,2021-2022,2,Rabi,NA Land ,0-7-0.00,2022-01-06,,,13.0386129,75.1075318,
440950664,24,Dakshina Kannada,3,Belthangady,3,VENURU,5,HOSANGADI,119,2021-2022,2,Rabi,Fallow,0-80-0.00,2022-01-06,,,13.0387675,75.1073238,
440950397,24,Dakshina Kannada,3,Belthangady,3,VENURU,5,HOSANGADI,119,2021-2022,2,Rabi,NA Land ,0-5-0.00,2022-01-06,,,13.0376973,75.1083577,
440950864,24,Dakshina Kannada,3,Belthangady,3,VENURU,5,HOSANGADI,119,2021-2022,2,Rabi,Fallow,1-62-0.00,2022-01-06,,,13.0393446,75.1051274,
440950975,24,Dakshina Kannada,3,Belthangady,3,VENURU,5,HOSANGADI,119,2021-2022,2,Rabi,Fallow,0-31-0.00,2022-01-06,,,13.0393565,75.1050818,
440950923,24,Dakshina Kannada,3,Belthangady,3,VENURU,5,HOSANGADI,119,2021-2022,2,Rabi,Fallow,0-47-0.00,2022-01-06,,,13.0393151,75.1050808,
440950944,24,Dakshina Kannada,3,Belthangady,3,VENURU,5,HOSANGADI,119,2021-2022,2,Rabi,Fallow,0-25-0.00,2022-01-06,,,13.0393183,75.1050889,
440951003,24,Dakshina Kannada,3,Belthangady,3,VENURU,5,HOSANGADI,119,2021-2022,2,Rabi,Fallow,0-74-0.00,2022-01-06,,,13.039108,75.1046631,
440950987,24,Dakshina Kannada,3,Belthangady,3,VENURU,5,HOSANGADI,119,2021-2022,2,Rabi,Fallow,0-20-0.00,2022-01-06,,,13.0393469,75.1050777,
440951036,24,Dakshina Kannada,3,Belthangady,3,VENURU,5,HOSANGADI,119,2021-2022,2,Rabi,Fallow,0-6-0.00,2022-01-06,,,13.0388942,75.1028668,
440951061,24,Dakshina Kannada,3,Belthangady,3,VENURU,5,HOSANGADI,119,2021-2022,2,Rabi,Fallow,0-14-0.00,2022-01-06,,,13.0400142,75.1028709,
440951075,24,Dakshina Kannada,3,Belthangady,3,VENURU,5,HOSANGADI,119,2021-2022,2,Rabi,Fallow,0-57-0.00,2022-01-06,,,13.0423677,75.1019862,
440951080,24,Dakshina Kannada,3,Belthangady,3,VENURU,5,HOSANGADI,119,2021-2022,2,Rabi,NA Land ,0-10-0.00,2022-01-06,,,13.0423978,75.1019937,
440951013,24,Dakshina Kannada,3,Belthangady,3,VENURU,5,HOSANGADI,119,2021-2022,2,Rabi,Fallow,0-2-0.00,2022-01-06,,,13.0391215,75.1046446,
440951024,24,Dakshina Kannada,3,Belthangady,3,VENURU,5,HOSANGADI,119,2021-2022,2,Rabi,NA Land ,0-9-0.00,2022-01-06,,,13.0387945,75.1027431,
440951139,24,Dakshina Kannada,3,Belthangady,3,VENURU,5,HOSANGADI,119,2021-2022,2,Rabi,NA Land ,0-9-0.00,2022-01-06,,,13.0369492,75.1070654,
440951094,24,Dakshina Kannada,3,Belthangady,3,VENURU,5,HOSANGADI,119,2021-2022,2,Rabi,Fallow,0-3-0.00,2022-01-06,,,13.0370387,75.1070652,
440951148,24,Dakshina Kannada,3,Belthangady,3,VENURU,5,HOSANGADI,119,2021-2022,2,Rabi,Fallow,0-3-0.00,2022-01-06,,,13.0374155,75.1059562,
440671602,24,Dakshina Kannada,3,Belthangady,3,VENURU,5,HOSANGADI,119,2021-2022,2,Rabi,Fallow,0-44-0.00,2022-01-03,,,13.0334648,75.0824247,
440671577,24,Dakshina Kannada,3,Belthangady,3,VENURU,5,HOSANGADI,119,2021-2022,2,Rabi,Fallow,0-59-0.00,2022-01-03,,,13.0334282,75.0824206,
440671582,24,Dakshina Kannada,3,Belthangady,3,VENURU,5,HOSANGADI,119,2021-2022,2,Rabi,Fallow,0-29-0.00,2022-01-03,,,13.0334246,75.0824495,
440671591,24,Dakshina Kannada,3,Belthangady,3,VENURU,5,HOSANGADI,119,2021-2022,2,Rabi,Fallow,1-19-0.00,2022-01-03,,,13.0334525,75.0824674,
440696477,24,Dakshina Kannada,3,Belthangady,3,VENURU,5,HOSANGADI,119,2021-2022,2,Rabi,NA Land ,0-11-0.00,2022-01-03,,,13.0293536,75.0805274,
440752062,24,Dakshina Kannada,3,Belthangady,3,VENURU,10,BAJIRE,119,2021-2022,2,Rabi,NA Land ,0-13-0.00,2022-01-04,,,12.9862617,75.13831,
440759422,24,Dakshina Kannada,3,Belthangady,3,VENURU,10,BAJIRE,119,2021-2022,2,Rabi,Betel Nuts (Areca nuts),1-94-0.00,2022-01-04,,,12.9967317,75.142075,
440759431,24,Dakshina Kannada,3,Belthangady,3,VENURU,10,BAJIRE,119,2021-2022,2,Rabi,NA Land ,1-18-0.00,2022-01-04,,,12.9967317,75.142075,
440759477,24,Dakshina Kannada,3,Belthangady,3,VENURU,10,BAJIRE,119,2021-2022,2,Rabi,Fallow,0-9-0.00,2022-01-04,,,12.997955,75.138685,
440752052,24,Dakshina Kannada,3,Belthangady,3,VENURU,10,BAJIRE,119,2021-2022,2,Rabi,Betel Nuts (Areca nuts),1-90-0.00,2022-01-04,,,12.985875,75.1385117,
440752067,24,Dakshina Kannada,3,Belthangady,3,VENURU,10,BAJIRE,119,2021-2022,2,Rabi,NA Land ,0-27-0.00,2022-01-04,,,12.986279,75.1383723,
440752258,24,Dakshina Kannada,3,Belthangady,3,VENURU,10,BAJIRE,119,2021-2022,2,Rabi,NA Land ,0-32-0.00,2022-01-04,,,12.9862868,75.1383551,
440759498,24,Dakshina Kannada,3,Belthangady,3,VENURU,10,BAJIRE,119,2021-2022,2,Rabi,Fallow,0-9-0.00,2022-01-04,,,12.9979933,75.13873,
440753170,24,Dakshina Kannada,3,Belthangady,3,VENURU,10,BAJIRE,119,2021-2022,2,Rabi,Fallow,1-40-0.00,2022-01-04,,,12.9863467,75.1382333,
440753189,24,Dakshina Kannada,3,Belthangady,3,VENURU,10,BAJIRE,119,2021-2022,2,Rabi,Fallow,2-38-0.00,2022-01-04,,,12.986745,75.1379217,
440759440,24,Dakshina Kannada,3,Belthangady,3,VENURU,10,BAJIRE,119,2021-2022,2,Rabi,Fallow,4-4-0.00,2022-01-04,,,12.9973033,75.1446817,
440759501,24,Dakshina Kannada,3,Belthangady,3,VENURU,10,BAJIRE,119,2021-2022,2,Rabi,Fallow,0-9-0.00,2022-01-04,,,12.9979933,75.13873,
440752057,24,Dakshina Kannada,3,Belthangady,3,VENURU,10,BAJIRE,119,2021-2022,2,Rabi,NA Land ,4-0-0.00,2022-01-04,,,12.9862131,75.1383206,
440752071,24,Dakshina Kannada,3,Belthangady,3,VENURU,10,BAJIRE,119,2021-2022,2,Rabi,NA Land ,0-13-0.00,2022-01-04,,,12.9862712,75.1383554,
440752261,24,Dakshina Kannada,3,Belthangady,3,VENURU,10,BAJIRE,119,2021-2022,2,Rabi,NA Land ,0-13-0.00,2022-01-04,,,12.9862808,75.138386,
440753175,24,Dakshina Kannada,3,Belthangady,3,VENURU,10,BAJIRE,119,2021-2022,2,Rabi,Fallow,1-80-0.00,2022-01-04,,,12.9867673,75.1378991,
440759449,24,Dakshina Kannada,3,Belthangady,3,VENURU,10,BAJIRE,119,2021-2022,2,Rabi,NA Land ,0-9-0.00,2022-01-04,,,12.9978483,75.1387717,
440759468,24,Dakshina Kannada,3,Belthangady,3,VENURU,10,BAJIRE,119,2021-2022,2,Rabi,Rubber,0-9-0.00,2022-01-04,,,12.997955,75.138685,
440759486,24,Dakshina Kannada,3,Belthangady,3,VENURU,10,BAJIRE,119,2021-2022,2,Rabi,NA Land ,0-9-0.00,2022-01-04,,,12.9979933,75.13873,
440759457,24,Dakshina Kannada,3,Belthangady,3,VENURU,10,BAJIRE,119,2021-2022,2,Rabi,Fallow,0-9-0.00,2022-01-04,,,12.9979417,75.13878,
440949900,24,Dakshina Kannada,3,Belthangady,3,VENURU,5,HOSANGADI,119,2021-2022,2,Rabi,NA Land ,0-3-0.00,2022-01-06,,,13.0377008,75.108321,
440949890,24,Dakshina Kannada,3,Belthangady,3,VENURU,5,HOSANGADI,119,2021-2022,2,Rabi,NA Land ,0-5-0.00,2022-01-06,,,13.0377011,75.1083373,
440951175,24,Dakshina Kannada,3,Belthangady,3,VENURU,5,HOSANGADI,119,2021-2022,2,Rabi,Fallow,0-45-0.00,2022-01-06,,,13.0373297,75.1058156,
440951112,24,Dakshina Kannada,3,Belthangady,3,VENURU,5,HOSANGADI,119,2021-2022,2,Rabi,NA Land ,0-8-0.00,2022-01-06,,,13.0369607,75.1070655,
440951168,24,Dakshina Kannada,3,Belthangady,3,VENURU,5,HOSANGADI,119,2021-2022,2,Rabi,Fallow,0-47-0.00,2022-01-06,,,13.0373545,75.105845,
440951198,24,Dakshina Kannada,3,Belthangady,3,VENURU,5,HOSANGADI,119,2021-2022,2,Rabi,Fallow,0-1-0.00,2022-01-06,,,13.0373549,75.1055367,
440951232,24,Dakshina Kannada,3,Belthangady,3,VENURU,5,HOSANGADI,119,2021-2022,2,Rabi,NA Land ,0-9-0.00,2022-01-06,,,13.0373756,75.1052973,
440951400,24,Dakshina Kannada,3,Belthangady,3,VENURU,5,HOSANGADI,119,2021-2022,2,Rabi,Fallow,1-56-0.00,2022-01-06,,,13.0373798,75.1052886,
440951496,24,Dakshina Kannada,3,Belthangady,3,VENURU,5,HOSANGADI,119,2021-2022,2,Rabi,NA Land ,0-16-0.00,2022-01-06,,,13.0373759,75.1052877,
440949950,24,Dakshina Kannada,3,Belthangady,3,VENURU,5,HOSANGADI,119,2021-2022,2,Rabi,NA Land ,0-5-0.00,2022-01-06,,,13.0377028,75.108348,
440949978,24,Dakshina Kannada,3,Belthangady,3,VENURU,5,HOSANGADI,119,2021-2022,2,Rabi,NA Land ,0-5-0.00,2022-01-06,,,13.0376983,75.1083532,
440950013,24,Dakshina Kannada,3,Belthangady,3,VENURU,5,HOSANGADI,119,2021-2022,2,Rabi,NA Land ,0-5-0.00,2022-01-06,,,13.0376989,75.1083575,
440950441,24,Dakshina Kannada,3,Belthangady,3,VENURU,5,HOSANGADI,119,2021-2022,2,Rabi,NA Land ,0-5-0.00,2022-01-06,,,13.0377003,75.1083501,
440950615,24,Dakshina Kannada,3,Belthangady,3,VENURU,5,HOSANGADI,119,2021-2022,2,Rabi,NA Land ,0-7-0.00,2022-01-06,,,13.038805,75.1073628,
440950615,24,Dakshina Kannada,3,Belthangady,3,VENURU,5,HOSANGADI,119,2021-2022,2,Rabi,Fallow,0-40-0.00,2022-01-06,,,13.0387953,75.1073598,
440950753,24,Dakshina Kannada,3,Belthangady,3,VENURU,5,HOSANGADI,119,2021-2022,2,Rabi,Fallow,0-45-0.00,2022-01-06,,,13.0385708,75.1075845,
440950762,24,Dakshina Kannada,3,Belthangady,3,VENURU,5,HOSANGADI,119,2021-2022,2,Rabi,NA Land ,0-11-0.00,2022-01-06,,,13.0385633,75.107577,
440950913,24,Dakshina Kannada,3,Belthangady,3,VENURU,5,HOSANGADI,119,2021-2022,2,Rabi,Fallow,0-95-0.00,2022-01-06,,,13.0393136,75.1050806,
440950935,24,Dakshina Kannada,3,Belthangady,3,VENURU,5,HOSANGADI,119,2021-2022,2,Rabi,Fallow,0-47-0.00,2022-01-06,,,13.039317,75.1050813,
440950957,24,Dakshina Kannada,3,Belthangady,3,VENURU,5,HOSANGADI,119,2021-2022,2,Rabi,NA Land ,0-15-0.00,2022-01-06,,,13.0393315,75.105111,
440951030,24,Dakshina Kannada,3,Belthangady,3,VENURU,5,HOSANGADI,119,2021-2022,2,Rabi,NA Land ,0-9-0.00,2022-01-06,,,13.0388622,75.1030018,
440951123,24,Dakshina Kannada,3,Belthangady,3,VENURU,5,HOSANGADI,119,2021-2022,2,Rabi,Fallow,0-0-50.00,2022-01-06,,,13.0369555,75.107062,
440951130,24,Dakshina Kannada,3,Belthangady,3,VENURU,5,HOSANGADI,119,2021-2022,2,Rabi,Fallow,0-18-0.00,2022-01-06,,,13.0369521,75.1070661,
440951158,24,Dakshina Kannada,3,Belthangady,3,VENURU,5,HOSANGADI,119,2021-2022,2,Rabi,NA Land ,0-11-0.00,2022-01-06,,,13.037361,75.1058959,
440951188,24,Dakshina Kannada,3,Belthangady,3,VENURU,5,HOSANGADI,119,2021-2022,2,Rabi,NA Land ,0-10-0.00,2022-01-06,,,13.0373646,75.1055461,
440951210,24,Dakshina Kannada,3,Belthangady,3,VENURU,5,HOSANGADI,119,2021-2022,2,Rabi,NA Land ,0-15-0.00,2022-01-06,,,13.0373726,75.1053136,
440950194,24,Dakshina Kannada,3,Belthangady,3,VENURU,5,HOSANGADI,119,2021-2022,2,Rabi,NA Land ,0-5-0.00,2022-01-06,,,13.0376937,75.1083408,
440950263,24,Dakshina Kannada,3,Belthangady,3,VENURU,5,HOSANGADI,119,2021-2022,2,Rabi,NA Land ,0-5-0.00,2022-01-06,,,13.0376728,75.1083423,
440950491,24,Dakshina Kannada,3,Belthangady,3,VENURU,5,HOSANGADI,119,2021-2022,2,Rabi,NA Land ,0-14-0.00,2022-01-06,,,13.0377121,75.1083556,
440878702,24,Dakshina Kannada,3,Belthangady,3,VENURU,5,HOSANGADI,119,2021-2022,2,Rabi,Fallow,0-56-0.00,2022-01-05,,,13.0449278,75.0797463,
440878625,24,Dakshina Kannada,3,Belthangady,3,VENURU,5,HOSANGADI,119,2021-2022,2,Rabi,Fallow,0-32-0.00,2022-01-05,,,13.0449025,75.0797327,
440878648,24,Dakshina Kannada,3,Belthangady,3,VENURU,5,HOSANGADI,119,2021-2022,2,Rabi,NA Land ,0-5-0.00,2022-01-05,,,13.044911,75.0797551,
440878648,24,Dakshina Kannada,3,Belthangady,3,VENURU,5,HOSANGADI,119,2021-2022,2,Rabi,Fallow,0-14-0.00,2022-01-05,,,13.0449119,75.0797526,
440878695,24,Dakshina Kannada,3,Belthangady,3,VENURU,5,HOSANGADI,119,2021-2022,2,Rabi,Fallow,0-10-0.00,2022-01-05,,,13.0449219,75.0797524,
440878633,24,Dakshina Kannada,3,Belthangady,3,VENURU,5,HOSANGADI,119,2021-2022,2,Rabi,NA Land ,0-3-0.00,2022-01-05,,,13.0449024,75.079744,
440878640,24,Dakshina Kannada,3,Belthangady,3,VENURU,5,HOSANGADI,119,2021-2022,2,Rabi,Fallow,0-4-0.00,2022-01-05,,,13.044897,75.079747,
440878709,24,Dakshina Kannada,3,Belthangady,3,VENURU,5,HOSANGADI,119,2021-2022,2,Rabi,NA Land ,0-10-0.00,2022-01-05,,,13.0449168,75.0797613,
440878928,24,Dakshina Kannada,3,Belthangady,3,VENURU,5,HOSANGADI,119,2021-2022,2,Rabi,Fallow,0-24-0.00,2022-01-05,,,13.0443235,75.0781231,
440878945,24,Dakshina Kannada,3,Belthangady,3,VENURU,5,HOSANGADI,119,2021-2022,2,Rabi,Fallow,0-35-0.00,2022-01-05,,,13.0443618,75.078165,
440878961,24,Dakshina Kannada,3,Belthangady,3,VENURU,5,HOSANGADI,119,2021-2022,2,Rabi,Fallow,0-28-0.00,2022-01-05,,,13.0443653,75.0781601,
440879000,24,Dakshina Kannada,3,Belthangady,3,VENURU,5,HOSANGADI,119,2021-2022,2,Rabi,Fallow,1-14-0.00,2022-01-05,,,13.0403006,75.0808827,
440879020,24,Dakshina Kannada,3,Belthangady,3,VENURU,5,HOSANGADI,119,2021-2022,2,Rabi,Fallow,4-54-0.00,2022-01-05,,,13.0402554,75.0808715,
440879035,24,Dakshina Kannada,3,Belthangady,3,VENURU,5,HOSANGADI,119,2021-2022,2,Rabi,Fallow,0-50-0.00,2022-01-05,,,13.0402649,75.0808779,
440950901,24,Dakshina Kannada,3,Belthangady,3,VENURU,5,HOSANGADI,119,2021-2022,2,Rabi,NA Land ,0-14-0.00,2022-01-06,,,13.0393526,75.105123,
440950246,24,Dakshina Kannada,3,Belthangady,3,VENURU,5,HOSANGADI,119,2021-2022,2,Rabi,NA Land ,0-5-0.00,2022-01-06,,,13.0376944,75.1083433,
440950995,24,Dakshina Kannada,3,Belthangady,3,VENURU,5,HOSANGADI,119,2021-2022,2,Rabi,Fallow,1-25-0.00,2022-01-06,,,13.0393446,75.1050776,
440951065,24,Dakshina Kannada,3,Belthangady,3,VENURU,5,HOSANGADI,119,2021-2022,2,Rabi,NA Land ,0-11-0.00,2022-01-06,,,13.0422894,75.1020465,
440951065,24,Dakshina Kannada,3,Belthangady,3,VENURU,5,HOSANGADI,119,2021-2022,2,Rabi,Fallow,0-40-0.00,2022-01-06,,,13.0423737,75.1019691,
440951070,24,Dakshina Kannada,3,Belthangady,3,VENURU,5,HOSANGADI,119,2021-2022,2,Rabi,Fallow,0-52-0.00,2022-01-06,,,13.0423847,75.1019789,
440950518,24,Dakshina Kannada,3,Belthangady,3,VENURU,5,HOSANGADI,119,2021-2022,2,Rabi,Fallow,0-1-0.00,2022-01-06,,,13.0377106,75.1083508,
440950677,24,Dakshina Kannada,3,Belthangady,3,VENURU,5,HOSANGADI,119,2021-2022,2,Rabi,Fallow,0-75-0.00,2022-01-06,,,13.0387814,75.1073244,
440951049,24,Dakshina Kannada,3,Belthangady,3,VENURU,5,HOSANGADI,119,2021-2022,2,Rabi,NA Land ,0-10-0.00,2022-01-06,,,13.0388962,75.1028302,
440951181,24,Dakshina Kannada,3,Belthangady,3,VENURU,5,HOSANGADI,119,2021-2022,2,Rabi,Fallow,0-46-0.00,2022-01-06,,,13.0373288,75.1058138,
440951218,24,Dakshina Kannada,3,Belthangady,3,VENURU,5,HOSANGADI,119,2021-2022,2,Rabi,Fallow,0-21-0.00,2022-01-06,,,13.0373686,75.1053023,
441040821,24,Dakshina Kannada,3,Belthangady,3,VENURU,5,HOSANGADI,119,2021-2022,2,Rabi,NA Land ,0-15-0.00,2022-01-07,,,13.0224272,75.0950818,
441040847,24,Dakshina Kannada,3,Belthangady,3,VENURU,5,HOSANGADI,119,2021-2022,2,Rabi,Fallow,0-37-0.00,2022-01-07,,,13.022437,75.0950766,
440847448,24,Dakshina Kannada,3,Belthangady,3,VENURU,10,BAJIRE,119,2021-2022,2,Rabi,NA Land ,1-32-0.00,2022-01-05,,,12.9836119,75.121684,
440847429,24,Dakshina Kannada,3,Belthangady,3,VENURU,10,BAJIRE,119,2021-2022,2,Rabi,NA Land ,0-91-0.00,2022-01-05,,,12.9836886,75.1217616,
440847463,24,Dakshina Kannada,3,Belthangady,3,VENURU,10,BAJIRE,119,2021-2022,2,Rabi,NA Land ,0-56-0.00,2022-01-05,,,12.9826085,75.1225316,
440847478,24,Dakshina Kannada,3,Belthangady,3,VENURU,10,BAJIRE,119,2021-2022,2,Rabi,NA Land ,0-28-0.00,2022-01-05,,,12.9825833,75.1225361,
440847484,24,Dakshina Kannada,3,Belthangady,3,VENURU,10,BAJIRE,119,2021-2022,2,Rabi,NA Land ,0-10-0.00,2022-01-05,,,12.9854689,75.1264028,
440847529,24,Dakshina Kannada,3,Belthangady,3,VENURU,10,BAJIRE,119,2021-2022,2,Rabi,Fallow,0-20-50.00,2022-01-05,,,12.9853854,75.1265829,
441029210,24,Dakshina Kannada,3,Belthangady,3,VENURU,5,HOSANGADI,119,2021-2022,2,Rabi,NA Land ,0-5-0.00,2022-01-06,,,13.037701,75.1083442,
441029218,24,Dakshina Kannada,3,Belthangady,3,VENURU,5,HOSANGADI,119,2021-2022,2,Rabi,Fallow,0-9-0.00,2022-01-06,,,13.0373727,75.1052864,
441037125,24,Dakshina Kannada,3,Belthangady,3,VENURU,5,HOSANGADI,119,2021-2022,2,Rabi,NA Land ,0-8-0.00,2022-01-07,,,13.0214282,75.0895229,
441037230,24,Dakshina Kannada,3,Belthangady,3,VENURU,5,HOSANGADI,119,2021-2022,2,Rabi,NA Land ,0-10-0.00,2022-01-07,,,13.0214373,75.0895595,
441037092,24,Dakshina Kannada,3,Belthangady,3,VENURU,5,HOSANGADI,119,2021-2022,2,Rabi,Fallow,0-18-0.00,2022-01-07,,,13.0214304,75.089524,
441037102,24,Dakshina Kannada,3,Belthangady,3,VENURU,5,HOSANGADI,119,2021-2022,2,Rabi,Fallow,0-18-0.00,2022-01-07,,,13.0214251,75.0895173,
441037276,24,Dakshina Kannada,3,Belthangady,3,VENURU,5,HOSANGADI,119,2021-2022,2,Rabi,NA Land ,0-9-0.00,2022-01-07,,,13.0213386,75.0928771,
441037276,24,Dakshina Kannada,3,Belthangady,3,VENURU,5,HOSANGADI,119,2021-2022,2,Rabi,Fallow,0-10-0.00,2022-01-07,,,13.0213389,75.0928771,
441037108,24,Dakshina Kannada,3,Belthangady,3,VENURU,5,HOSANGADI,119,2021-2022,2,Rabi,Fallow,0-15-0.00,2022-01-07,,,13.0214193,75.0895132,
441037131,24,Dakshina Kannada,3,Belthangady,3,VENURU,5,HOSANGADI,119,2021-2022,2,Rabi,Fallow,0-33-0.00,2022-01-07,,,13.0214336,75.0895313,
441037144,24,Dakshina Kannada,3,Belthangady,3,VENURU,5,HOSANGADI,119,2021-2022,2,Rabi,Fallow,0-3-0.00,2022-01-07,,,13.0214492,75.089533,
441037166,24,Dakshina Kannada,3,Belthangady,3,VENURU,5,HOSANGADI,119,2021-2022,2,Rabi,Fallow,0-29-0.00,2022-01-07,,,13.0214374,75.0895638,
441037156,24,Dakshina Kannada,3,Belthangady,3,VENURU,5,HOSANGADI,119,2021-2022,2,Rabi,Fallow,0-1-0.00,2022-01-07,,,13.0214363,75.0895605,
441037297,24,Dakshina Kannada,3,Belthangady,3,VENURU,5,HOSANGADI,119,2021-2022,2,Rabi,Fallow,0-56-0.00,2022-01-07,,,13.0218084,75.0932398,
441037243,24,Dakshina Kannada,3,Belthangady,3,VENURU,5,HOSANGADI,119,2021-2022,2,Rabi,NA Land ,0-7-0.00,2022-01-07,,,13.0214361,75.0895482,
441037245,24,Dakshina Kannada,3,Belthangady,3,VENURU,5,HOSANGADI,119,2021-2022,2,Rabi,Fallow,0-74-0.00,2022-01-07,,,13.0214422,75.0895222,
441037261,24,Dakshina Kannada,3,Belthangady,3,VENURU,5,HOSANGADI,119,2021-2022,2,Rabi,NA Land ,0-7-0.00,2022-01-07,,,13.021298,75.0928841,
441037261,24,Dakshina Kannada,3,Belthangady,3,VENURU,5,HOSANGADI,119,2021-2022,2,Rabi,Fallow,0-15-0.00,2022-01-07,,,13.021338,75.0928785,
441037293,24,Dakshina Kannada,3,Belthangady,3,VENURU,5,HOSANGADI,119,2021-2022,2,Rabi,Fallow,0-18-0.00,2022-01-07,,,13.0213491,75.092867,
441029207,24,Dakshina Kannada,3,Belthangady,3,VENURU,5,HOSANGADI,119,2021-2022,2,Rabi,Fallow,0-48-0.00,2022-01-06,,,13.0376841,75.1083257,
441037097,24,Dakshina Kannada,3,Belthangady,3,VENURU,5,HOSANGADI,119,2021-2022,2,Rabi,NA Land ,0-12-0.00,2022-01-07,,,13.021427,75.0895175,
440565020,24,Dakshina Kannada,3,Belthangady,3,VENURU,10,BAJIRE,119,2021-2022,2,Rabi,Betel Nuts (Areca nuts),0-11-0.00,2022-01-02,,,12.994645,75.12388,
440565010,24,Dakshina Kannada,3,Belthangady,3,VENURU,10,BAJIRE,119,2021-2022,2,Rabi,Betel Nuts (Areca nuts),2-97-0.00,2022-01-02,,,12.9946083,75.1239533,
440565015,24,Dakshina Kannada,3,Belthangady,3,VENURU,10,BAJIRE,119,2021-2022,2,Rabi,Fallow,0-4-0.00,2022-01-02,,,12.9946217,75.1239417,
440565023,24,Dakshina Kannada,3,Belthangady,3,VENURU,10,BAJIRE,119,2021-2022,2,Rabi,Betel Nuts (Areca nuts),0-19-0.00,2022-01-02,,,12.99461,75.123925,
440664476,24,Dakshina Kannada,3,Belthangady,3,VENURU,10,BAJIRE,119,2021-2022,2,Rabi,NA Land ,0-69-0.00,2022-01-03,,,12.9850232,75.1338633,
440664465,24,Dakshina Kannada,3,Belthangady,3,VENURU,10,BAJIRE,119,2021-2022,2,Rabi,Betel Nuts (Areca nuts),0-86-0.00,2022-01-03,,,12.985165,75.1336,
440664474,24,Dakshina Kannada,3,Belthangady,3,VENURU,10,BAJIRE,119,2021-2022,2,Rabi,NA Land ,0-9-0.00,2022-01-03,,,12.9850482,75.1338531,
440748075,24,Dakshina Kannada,3,Belthangady,3,VENURU,10,BAJIRE,119,2021-2022,2,Rabi,Fallow,0-60-0.00,2022-01-04,,,12.9833472,75.137649,
440741573,24,Dakshina Kannada,3,Belthangady,3,VENURU,10,BAJIRE,119,2021-2022,2,Rabi,Fallow,0-24-0.00,2022-01-04,,,12.9832132,75.1434099,
440741675,24,Dakshina Kannada,3,Belthangady,3,VENURU,10,BAJIRE,119,2021-2022,2,Rabi,NA Land ,0-25-0.00,2022-01-04,,,12.9831901,75.1433983,
440741683,24,Dakshina Kannada,3,Belthangady,3,VENURU,10,BAJIRE,119,2021-2022,2,Rabi,Paddy-L,0-55-0.00,2022-01-04,january,5th week,12.9832183,75.143425,
440741597,24,Dakshina Kannada,3,Belthangady,3,VENURU,10,BAJIRE,119,2021-2022,2,Rabi,Paddy-L,1-31-0.00,2022-01-04,january,1st week,12.9832217,75.1434617,
440741639,24,Dakshina Kannada,3,Belthangady,3,VENURU,10,BAJIRE,119,2021-2022,2,Rabi,Betel Nuts (Areca nuts),0-25-0.00,2022-01-04,,,12.9831867,75.1434317,
440741666,24,Dakshina Kannada,3,Belthangady,3,VENURU,10,BAJIRE,119,2021-2022,2,Rabi,Betel Nuts (Areca nuts),0-25-0.00,2022-01-04,,,12.983215,75.14342,
440741536,24,Dakshina Kannada,3,Belthangady,3,VENURU,10,BAJIRE,119,2021-2022,2,Rabi,Betel Nuts (Areca nuts),0-51-0.00,2022-01-04,,,12.9832083,75.1434183,
440741607,24,Dakshina Kannada,3,Belthangady,3,VENURU,10,BAJIRE,119,2021-2022,2,Rabi,Betel Nuts (Areca nuts),2-96-0.00,2022-01-04,,,12.9832483,75.1434367,
441037087,24,Dakshina Kannada,3,Belthangady,3,VENURU,5,HOSANGADI,119,2021-2022,2,Rabi,Fallow,0-50-0.00,2022-01-07,,,13.0214175,75.0895184,
441037087,24,Dakshina Kannada,3,Belthangady,3,VENURU,5,HOSANGADI,119,2021-2022,2,Rabi,Coconut,0-51-0.00,2022-01-07,,,13.0214216,75.089515,
441258754,24,Dakshina Kannada,3,Belthangady,3,VENURU,5,HOSANGADI,119,2021-2022,2,Rabi,Fallow,0-54-50.00,2022-01-08,,,13.0341152,75.0792485,
441258793,24,Dakshina Kannada,3,Belthangady,3,VENURU,5,HOSANGADI,119,2021-2022,2,Rabi,Fallow,0-35-0.00,2022-01-08,,,13.0325766,75.0969714,
441258813,24,Dakshina Kannada,3,Belthangady,3,VENURU,5,HOSANGADI,119,2021-2022,2,Rabi,NA Land ,0-7-0.00,2022-01-08,,,13.032286,75.0990375,
441258813,24,Dakshina Kannada,3,Belthangady,3,VENURU,5,HOSANGADI,119,2021-2022,2,Rabi,Fallow,0-18-0.00,2022-01-08,,,13.0322699,75.0990547,
441258818,24,Dakshina Kannada,3,Belthangady,3,VENURU,5,HOSANGADI,119,2021-2022,2,Rabi,Fallow,0-25-0.00,2022-01-08,,,13.0322962,75.099021,
441258991,24,Dakshina Kannada,3,Belthangady,3,VENURU,5,HOSANGADI,119,2021-2022,2,Rabi,Fallow,4-94-0.00,2022-01-10,,,13.0334274,75.0750944,
441259006,24,Dakshina Kannada,3,Belthangady,3,VENURU,5,HOSANGADI,119,2021-2022,2,Rabi,Fallow,1-57-0.00,2022-01-10,,,13.0349859,75.0736202,
441259037,24,Dakshina Kannada,3,Belthangady,3,VENURU,5,HOSANGADI,119,2021-2022,2,Rabi,Fallow,1-93-0.00,2022-01-10,,,13.0367838,75.0732677,
441259045,24,Dakshina Kannada,3,Belthangady,3,VENURU,5,HOSANGADI,119,2021-2022,2,Rabi,Fallow,0-12-0.00,2022-01-10,,,13.036097,75.0726303,
441037114,24,Dakshina Kannada,3,Belthangady,3,VENURU,5,HOSANGADI,119,2021-2022,2,Rabi,NA Land ,0-5-0.00,2022-01-07,,,13.0214276,75.0895121,
441037121,24,Dakshina Kannada,3,Belthangady,3,VENURU,5,HOSANGADI,119,2021-2022,2,Rabi,Fallow,0-12-0.00,2022-01-07,,,13.0214207,75.0895195,
441037136,24,Dakshina Kannada,3,Belthangady,3,VENURU,5,HOSANGADI,119,2021-2022,2,Rabi,NA Land ,0-7-0.00,2022-01-07,,,13.0214332,75.0895312,
441037286,24,Dakshina Kannada,3,Belthangady,3,VENURU,5,HOSANGADI,119,2021-2022,2,Rabi,NA Land ,0-14-0.00,2022-01-07,,,13.0213715,75.0928807,
441277095,24,Dakshina Kannada,3,Belthangady,3,VENURU,5,HOSANGADI,119,2021-2022,2,Rabi,Fallow,1-87-0.00,2022-01-11,,,13.0309889,75.1048302,
441277099,24,Dakshina Kannada,3,Belthangady,3,VENURU,5,HOSANGADI,119,2021-2022,2,Rabi,NA Land ,0-10-0.00,2022-01-11,,,13.0309892,75.1048306,
441277110,24,Dakshina Kannada,3,Belthangady,3,VENURU,5,HOSANGADI,119,2021-2022,2,Rabi,NA Land ,0-12-0.00,2022-01-11,,,13.0309864,75.1048464,
441277125,24,Dakshina Kannada,3,Belthangady,3,VENURU,5,HOSANGADI,119,2021-2022,2,Rabi,NA Land ,0-10-0.00,2022-01-11,,,13.0295941,75.105136,
441277138,24,Dakshina Kannada,3,Belthangady,3,VENURU,5,HOSANGADI,119,2021-2022,2,Rabi,Coconut,1-46-0.00,2022-01-11,,,13.0291763,75.1057608,
441277138,24,Dakshina Kannada,3,Belthangady,3,VENURU,5,HOSANGADI,119,2021-2022,2,Rabi,Coconut,1-46-0.00,2022-01-11,,,13.0291849,75.105764,
441277234,24,Dakshina Kannada,3,Belthangady,3,VENURU,5,HOSANGADI,119,2021-2022,2,Rabi,NA Land ,0-11-0.00,2022-01-11,,,13.0301136,75.103288,
441282261,24,Dakshina Kannada,3,Belthangady,3,VENURU,5,HOSANGADI,119,2021-2022,2,Rabi,Fallow,0-33-0.00,2022-01-11,,,13.0347506,75.0974689,
441282266,24,Dakshina Kannada,3,Belthangady,3,VENURU,5,HOSANGADI,119,2021-2022,2,Rabi,Fallow,1-37-0.00,2022-01-11,,,13.0347722,75.0974515,
441283079,24,Dakshina Kannada,3,Belthangady,3,VENURU,5,HOSANGADI,119,2021-2022,2,Rabi,Fallow,1-7-0.00,2022-01-11,,,13.0358707,75.0936927,
441283100,24,Dakshina Kannada,3,Belthangady,3,VENURU,5,HOSANGADI,119,2021-2022,2,Rabi,Fallow,0-90-0.00,2022-01-11,,,13.0364822,75.0909425,
441283104,24,Dakshina Kannada,3,Belthangady,3,VENURU,5,HOSANGADI,119,2021-2022,2,Rabi,Fallow,1-31-0.00,2022-01-11,,,13.0364801,75.0909451,
441283121,24,Dakshina Kannada,3,Belthangady,3,VENURU,5,HOSANGADI,119,2021-2022,2,Rabi,Fallow,0-50-0.00,2022-01-11,,,13.0373473,75.0919474,
441283121,24,Dakshina Kannada,3,Belthangady,3,VENURU,5,HOSANGADI,119,2021-2022,2,Rabi,Betel Nuts (Areca nuts),1-5-0.00,2022-01-11,,,13.0373461,75.0919001,
441283121,24,Dakshina Kannada,3,Belthangady,3,VENURU,5,HOSANGADI,119,2021-2022,2,Rabi,Betel Nuts (Areca nuts),1-5-0.00,2022-01-11,,,13.0373504,75.0918508,
441283123,24,Dakshina Kannada,3,Belthangady,3,VENURU,5,HOSANGADI,119,2021-2022,2,Rabi,Fallow,0-39-0.00,2022-01-11,,,13.0373627,75.0918931,
441283148,24,Dakshina Kannada,3,Belthangady,3,VENURU,5,HOSANGADI,119,2021-2022,2,Rabi,Fallow,0-43-0.00,2022-01-11,,,13.037279,75.092612,
441277129,24,Dakshina Kannada,3,Belthangady,3,VENURU,5,HOSANGADI,119,2021-2022,2,Rabi,Fallow,1-10-0.00,2022-01-11,,,13.0295345,75.105169,
441277203,24,Dakshina Kannada,3,Belthangady,3,VENURU,5,HOSANGADI,119,2021-2022,2,Rabi,NA Land ,0-9-0.00,2022-01-11,,,13.0301119,75.1033129,
441277203,24,Dakshina Kannada,3,Belthangady,3,VENURU,5,HOSANGADI,119,2021-2022,2,Rabi,Fallow,0-10-0.00,2022-01-11,,,13.0301109,75.1033053,
441277225,24,Dakshina Kannada,3,Belthangady,3,VENURU,5,HOSANGADI,119,2021-2022,2,Rabi,Fallow,0-20-0.00,2022-01-11,,,13.0301149,75.1032927,
441277229,24,Dakshina Kannada,3,Belthangady,3,VENURU,5,HOSANGADI,119,2021-2022,2,Rabi,NA Land ,0-12-0.00,2022-01-11,,,13.0301147,75.1032931,
441277257,24,Dakshina Kannada,3,Belthangady,3,VENURU,5,HOSANGADI,119,2021-2022,2,Rabi,Fallow,0-32-0.00,2022-01-11,,,13.030114,75.1032795,
441259052,24,Dakshina Kannada,3,Belthangady,3,VENURU,5,HOSANGADI,119,2021-2022,2,Rabi,Fallow,2-58-0.00,2022-01-10,,,13.0395881,75.0719623,
441259080,24,Dakshina Kannada,3,Belthangady,3,VENURU,5,HOSANGADI,119,2021-2022,2,Rabi,Fallow,0-24-0.00,2022-01-10,,,13.0407218,75.0705886,
441259128,24,Dakshina Kannada,3,Belthangady,3,VENURU,5,HOSANGADI,119,2021-2022,2,Rabi,Fallow,0-11-0.00,2022-01-10,,,13.0443109,75.07405,
441259175,24,Dakshina Kannada,3,Belthangady,3,VENURU,5,HOSANGADI,119,2021-2022,2,Rabi,Fallow,0-43-0.00,2022-01-10,,,13.0300601,75.0715052,
441259270,24,Dakshina Kannada,3,Belthangady,3,VENURU,5,HOSANGADI,119,2021-2022,2,Rabi,Paddy-L,0-67-0.00,2022-01-10,january,1st week,13.0293549,75.0681758,
441259326,24,Dakshina Kannada,3,Belthangady,3,VENURU,5,HOSANGADI,119,2021-2022,2,Rabi,Fallow,0-52-0.00,2022-01-10,,,13.0335899,75.0700691,
441259367,24,Dakshina Kannada,3,Belthangady,3,VENURU,5,HOSANGADI,119,2021-2022,2,Rabi,Paddy-L,0-29-0.00,2022-01-10,january,1st week,13.0329659,75.0697358,
441260897,24,Dakshina Kannada,3,Belthangady,3,VENURU,5,HOSANGADI,119,2021-2022,2,Rabi,Fallow,0-86-0.00,2022-01-11,,,13.0270782,75.1067504,
441260905,24,Dakshina Kannada,3,Belthangady,3,VENURU,5,HOSANGADI,119,2021-2022,2,Rabi,NA Land ,0-9-0.00,2022-01-11,,,13.027074,75.1067485,
441260961,24,Dakshina Kannada,3,Belthangady,3,VENURU,5,HOSANGADI,119,2021-2022,2,Rabi,Fallow,0-62-0.00,2022-01-11,,,13.0241588,75.1076447,
441260969,24,Dakshina Kannada,3,Belthangady,3,VENURU,5,HOSANGADI,119,2021-2022,2,Rabi,Fallow,0-12-0.00,2022-01-11,,,13.0241951,75.1076575,
441260990,24,Dakshina Kannada,3,Belthangady,3,VENURU,5,HOSANGADI,119,2021-2022,2,Rabi,Fallow,0-7-0.00,2022-01-11,,,13.0241992,75.1076579,
441258777,24,Dakshina Kannada,3,Belthangady,3,VENURU,5,HOSANGADI,119,2021-2022,2,Rabi,Fallow,0-17-0.00,2022-01-08,,,13.0341216,75.0792461,
441258795,24,Dakshina Kannada,3,Belthangady,3,VENURU,5,HOSANGADI,119,2021-2022,2,Rabi,Fallow,0-25-0.00,2022-01-08,,,13.0323704,75.0962737,
441258827,24,Dakshina Kannada,3,Belthangady,3,VENURU,5,HOSANGADI,119,2021-2022,2,Rabi,NA Land ,0-11-0.00,2022-01-08,,,13.0322422,75.099045,
441258827,24,Dakshina Kannada,3,Belthangady,3,VENURU,5,HOSANGADI,119,2021-2022,2,Rabi,Fallow,0-21-0.00,2022-01-08,,,13.0322575,75.0990523,
441258834,24,Dakshina Kannada,3,Belthangady,3,VENURU,5,HOSANGADI,119,2021-2022,2,Rabi,Fallow,1-23-0.00,2022-01-08,,,13.038145,75.0969028,
441259031,24,Dakshina Kannada,3,Belthangady,3,VENURU,5,HOSANGADI,119,2021-2022,2,Rabi,Fallow,0-29-0.00,2022-01-10,,,13.0367647,75.0732836,
441259049,24,Dakshina Kannada,3,Belthangady,3,VENURU,5,HOSANGADI,119,2021-2022,2,Rabi,Fallow,0-50-0.00,2022-01-10,,,13.0361045,75.0726305,
441259085,24,Dakshina Kannada,3,Belthangady,3,VENURU,5,HOSANGADI,119,2021-2022,2,Rabi,Fallow,2-75-0.00,2022-01-10,,,13.0391521,75.0681706,
441259161,24,Dakshina Kannada,3,Belthangady,3,VENURU,5,HOSANGADI,119,2021-2022,2,Rabi,Fallow,0-5-0.00,2022-01-10,,,13.0443021,75.0740509,
441259172,24,Dakshina Kannada,3,Belthangady,3,VENURU,5,HOSANGADI,119,2021-2022,2,Rabi,Fallow,0-30-0.00,2022-01-10,,,13.0300585,75.0715053,
441259212,24,Dakshina Kannada,3,Belthangady,3,VENURU,5,HOSANGADI,119,2021-2022,2,Rabi,Fallow,0-78-0.00,2022-01-10,,,13.0294093,75.0685389,
441259302,24,Dakshina Kannada,3,Belthangady,3,VENURU,5,HOSANGADI,119,2021-2022,2,Rabi,Fallow,1-24-0.00,2022-01-10,,,13.0371804,75.0691219,
441259320,24,Dakshina Kannada,3,Belthangady,3,VENURU,5,HOSANGADI,119,2021-2022,2,Rabi,Fallow,0-73-50.00,2022-01-10,,,13.0371875,75.0691041,
441259338,24,Dakshina Kannada,3,Belthangady,3,VENURU,5,HOSANGADI,119,2021-2022,2,Rabi,Paddy-L,0-50-0.00,2022-01-10,january,1st week,13.0335178,75.0701088,
441259338,24,Dakshina Kannada,3,Belthangady,3,VENURU,5,HOSANGADI,119,2021-2022,2,Rabi,Betel Nuts (Areca nuts),0-56-0.00,2022-01-10,,,13.0335253,75.0701158,
440671514,24,Dakshina Kannada,3,Belthangady,3,VENURU,5,HOSANGADI,119,2021-2022,2,Rabi,Fallow,0-25-0.00,2022-01-03,,,13.033445,75.082463,
440671547,24,Dakshina Kannada,3,Belthangady,3,VENURU,5,HOSANGADI,119,2021-2022,2,Rabi,Fallow,0-21-0.00,2022-01-03,,,13.0334141,75.0824386,
440671552,24,Dakshina Kannada,3,Belthangady,3,VENURU,5,HOSANGADI,119,2021-2022,2,Rabi,Fallow,0-6-0.00,2022-01-03,,,13.0334188,75.0824046,
440660082,24,Dakshina Kannada,3,Belthangady,3,VENURU,10,BAJIRE,119,2021-2022,2,Rabi,Fallow,2-91-0.00,2022-01-03,,,12.9772007,75.1321486,
440660313,24,Dakshina Kannada,3,Belthangady,3,VENURU,10,BAJIRE,119,2021-2022,2,Rabi,Fallow,0-88-0.00,2022-01-03,,,12.9851657,75.1336294,
440671509,24,Dakshina Kannada,3,Belthangady,3,VENURU,5,HOSANGADI,119,2021-2022,2,Rabi,Fallow,0-25-0.00,2022-01-03,,,13.033444,75.0824642,
440671539,24,Dakshina Kannada,3,Belthangady,3,VENURU,5,HOSANGADI,119,2021-2022,2,Rabi,Fallow,0-24-0.00,2022-01-03,,,13.033405,75.0824238,
440671593,24,Dakshina Kannada,3,Belthangady,3,VENURU,5,HOSANGADI,119,2021-2022,2,Rabi,Fallow,0-7-0.00,2022-01-03,,,13.0334535,75.0824538,
440671456,24,Dakshina Kannada,3,Belthangady,3,VENURU,5,HOSANGADI,119,2021-2022,2,Rabi,Fallow,0-2-0.00,2022-01-03,,,13.0334167,75.0825497,
440671461,24,Dakshina Kannada,3,Belthangady,3,VENURU,5,HOSANGADI,119,2021-2022,2,Rabi,Fallow,0-4-0.00,2022-01-03,,,13.0334083,75.0825552,
440671598,24,Dakshina Kannada,3,Belthangady,3,VENURU,5,HOSANGADI,119,2021-2022,2,Rabi,Fallow,0-39-0.00,2022-01-03,,,13.0334587,75.0824363,
440752048,24,Dakshina Kannada,3,Belthangady,3,VENURU,10,BAJIRE,119,2021-2022,2,Rabi,NA Land ,0-68-0.00,2022-01-04,,,12.9858541,75.1385461,
441258756,24,Dakshina Kannada,3,Belthangady,3,VENURU,5,HOSANGADI,119,2021-2022,2,Rabi,Fallow,0-15-50.00,2022-01-08,,,13.0341238,75.0792564,
441258774,24,Dakshina Kannada,3,Belthangady,3,VENURU,5,HOSANGADI,119,2021-2022,2,Rabi,Fallow,0-3-0.00,2022-01-08,,,13.034119,75.0792451,
441258778,24,Dakshina Kannada,3,Belthangady,3,VENURU,5,HOSANGADI,119,2021-2022,2,Rabi,NA Land ,0-5-0.00,2022-01-08,,,13.0326335,75.0968602,
441258778,24,Dakshina Kannada,3,Belthangady,3,VENURU,5,HOSANGADI,119,2021-2022,2,Rabi,Fallow,0-9-0.00,2022-01-08,,,13.0326049,75.0969298,
441258781,24,Dakshina Kannada,3,Belthangady,3,VENURU,5,HOSANGADI,119,2021-2022,2,Rabi,NA Land ,0-4-0.00,2022-01-08,,,13.0325857,75.096961,
441258783,24,Dakshina Kannada,3,Belthangady,3,VENURU,5,HOSANGADI,119,2021-2022,2,Rabi,NA Land ,0-9-0.00,2022-01-08,,,13.0325764,75.0969602,
441258800,24,Dakshina Kannada,3,Belthangady,3,VENURU,5,HOSANGADI,119,2021-2022,2,Rabi,Fallow,0-50-0.00,2022-01-08,,,13.0322974,75.0963027,
441258805,24,Dakshina Kannada,3,Belthangady,3,VENURU,5,HOSANGADI,119,2021-2022,2,Rabi,NA Land ,0-7-0.00,2022-01-08,,,13.0331921,75.0962539,
441258808,24,Dakshina Kannada,3,Belthangady,3,VENURU,5,HOSANGADI,119,2021-2022,2,Rabi,Fallow,0-30-0.00,2022-01-08,,,13.0326089,75.097691,
441258819,24,Dakshina Kannada,3,Belthangady,3,VENURU,5,HOSANGADI,119,2021-2022,2,Rabi,Fallow,1-44-0.00,2022-01-08,,,13.0322805,75.0990251,
441258823,24,Dakshina Kannada,3,Belthangady,3,VENURU,5,HOSANGADI,119,2021-2022,2,Rabi,NA Land ,0-7-0.00,2022-01-08,,,13.0322994,75.099063,
441258824,24,Dakshina Kannada,3,Belthangady,3,VENURU,5,HOSANGADI,119,2021-2022,2,Rabi,NA Land ,0-13-0.00,2022-01-08,,,13.0322912,75.0990583,
441258825,24,Dakshina Kannada,3,Belthangady,3,VENURU,5,HOSANGADI,119,2021-2022,2,Rabi,NA Land ,0-4-0.00,2022-01-08,,,13.0322644,75.0990421,
441258830,24,Dakshina Kannada,3,Belthangady,3,VENURU,5,HOSANGADI,119,2021-2022,2,Rabi,Fallow,0-40-0.00,2022-01-08,,,13.034469,75.0955328,
441258762,24,Dakshina Kannada,3,Belthangady,3,VENURU,5,HOSANGADI,119,2021-2022,2,Rabi,Fallow,0-28-50.00,2022-01-08,,,13.0341182,75.079258,
441277262,24,Dakshina Kannada,3,Belthangady,3,VENURU,5,HOSANGADI,119,2021-2022,2,Rabi,Fallow,3-80-0.00,2022-01-11,,,13.0292415,75.103437,
441277296,24,Dakshina Kannada,3,Belthangady,3,VENURU,5,HOSANGADI,119,2021-2022,2,Rabi,Fallow,0-28-0.00,2022-01-11,,,13.0339362,75.1024061,
441283048,24,Dakshina Kannada,3,Belthangady,3,VENURU,5,HOSANGADI,119,2021-2022,2,Rabi,Fallow,1-58-0.00,2022-01-11,,,13.034995,75.0976777,
441277107,24,Dakshina Kannada,3,Belthangady,3,VENURU,5,HOSANGADI,119,2021-2022,2,Rabi,Fallow,0-10-0.00,2022-01-11,,,13.0309865,75.1048459,
441277147,24,Dakshina Kannada,3,Belthangady,3,VENURU,5,HOSANGADI,119,2021-2022,2,Rabi,Fallow,0-24-0.00,2022-01-11,,,13.0291871,75.105747,
441277169,24,Dakshina Kannada,3,Belthangady,3,VENURU,5,HOSANGADI,119,2021-2022,2,Rabi,Fallow,0-27-0.00,2022-01-11,,,13.0291703,75.1057048,
441277174,24,Dakshina Kannada,3,Belthangady,3,VENURU,5,HOSANGADI,119,2021-2022,2,Rabi,Fallow,0-5-0.00,2022-01-11,,,13.0291733,75.1057065,
441277246,24,Dakshina Kannada,3,Belthangady,3,VENURU,5,HOSANGADI,119,2021-2022,2,Rabi,NA Land ,0-4-0.00,2022-01-11,,,13.0301122,75.1032862,
441283063,24,Dakshina Kannada,3,Belthangady,3,VENURU,5,HOSANGADI,119,2021-2022,2,Rabi,Fallow,0-50-0.00,2022-01-11,,,13.0349866,75.0976774,
441283069,24,Dakshina Kannada,3,Belthangady,3,VENURU,5,HOSANGADI,119,2021-2022,2,Rabi,Fallow,2-19-0.00,2022-01-11,,,13.0351255,75.0974982,
441283069,24,Dakshina Kannada,3,Belthangady,3,VENURU,5,HOSANGADI,119,2021-2022,2,Rabi,Rubber,5-0-0.00,2022-01-11,,,13.0351038,75.0975113,
441283069,24,Dakshina Kannada,3,Belthangady,3,VENURU,5,HOSANGADI,119,2021-2022,2,Rabi,Rubber,5-0-0.00,2022-01-11,,,13.0351035,75.0975121,
441283096,24,Dakshina Kannada,3,Belthangady,3,VENURU,5,HOSANGADI,119,2021-2022,2,Rabi,Fallow,1-62-0.00,2022-01-11,,,13.0364733,75.0909485,
441283111,24,Dakshina Kannada,3,Belthangady,3,VENURU,5,HOSANGADI,119,2021-2022,2,Rabi,Fallow,0-12-0.00,2022-01-11,,,13.0372212,75.0920259,
441283145,24,Dakshina Kannada,3,Belthangady,3,VENURU,5,HOSANGADI,119,2021-2022,2,Rabi,Fallow,0-74-0.00,2022-01-11,,,13.0372792,75.0926117,
441277286,24,Dakshina Kannada,3,Belthangady,3,VENURU,5,HOSANGADI,119,2021-2022,2,Rabi,Fallow,0-17-0.00,2022-01-11,,,13.0287018,75.1034624,
441277303,24,Dakshina Kannada,3,Belthangady,3,VENURU,5,HOSANGADI,119,2021-2022,2,Rabi,Fallow,0-23-0.00,2022-01-11,,,13.0339897,75.1024451,
441283130,24,Dakshina Kannada,3,Belthangady,3,VENURU,5,HOSANGADI,119,2021-2022,2,Rabi,Fallow,0-38-0.00,2022-01-11,,,13.0372864,75.0926119,
441277086,24,Dakshina Kannada,3,Belthangady,3,VENURU,5,HOSANGADI,119,2021-2022,2,Rabi,Fallow,0-10-0.00,2022-01-11,,,13.0310067,75.1047938,
441277092,24,Dakshina Kannada,3,Belthangady,3,VENURU,5,HOSANGADI,119,2021-2022,2,Rabi,NA Land ,0-3-0.00,2022-01-11,,,13.0309893,75.1048307,
441277120,24,Dakshina Kannada,3,Belthangady,3,VENURU,5,HOSANGADI,119,2021-2022,2,Rabi,Fallow,0-10-0.00,2022-01-11,,,13.0309852,75.10485,
441277161,24,Dakshina Kannada,3,Belthangady,3,VENURU,5,HOSANGADI,119,2021-2022,2,Rabi,NA Land ,0-12-0.00,2022-01-11,,,13.0291644,75.1057061,
441277194,24,Dakshina Kannada,3,Belthangady,3,VENURU,5,HOSANGADI,119,2021-2022,2,Rabi,NA Land ,0-10-0.00,2022-01-11,,,13.0309356,75.103028,
441277199,24,Dakshina Kannada,3,Belthangady,3,VENURU,5,HOSANGADI,119,2021-2022,2,Rabi,NA Land ,0-10-0.00,2022-01-11,,,13.0300895,75.1033118,
441277278,24,Dakshina Kannada,3,Belthangady,3,VENURU,5,HOSANGADI,119,2021-2022,2,Rabi,Fallow,1-0-0.00,2022-01-11,,,13.0286552,75.1034432,
441277278,24,Dakshina Kannada,3,Belthangady,3,VENURU,5,HOSANGADI,119,2021-2022,2,Rabi,Coconut,1-10-0.00,2022-01-11,,,13.0287025,75.1034551,
441277278,24,Dakshina Kannada,3,Belthangady,3,VENURU,5,HOSANGADI,119,2021-2022,2,Rabi,Coconut,1-10-0.00,2022-01-11,,,13.0287025,75.1034576,
441258766,24,Dakshina Kannada,3,Belthangady,3,VENURU,5,HOSANGADI,119,2021-2022,2,Rabi,Fallow,0-8-50.00,2022-01-08,,,13.0341232,75.0792686,
441258787,24,Dakshina Kannada,3,Belthangady,3,VENURU,5,HOSANGADI,119,2021-2022,2,Rabi,NA Land ,0-12-0.00,2022-01-08,,,13.032573,75.0969572,
441258790,24,Dakshina Kannada,3,Belthangady,3,VENURU,5,HOSANGADI,119,2021-2022,2,Rabi,NA Land ,0-10-0.00,2022-01-08,,,13.0325758,75.0969661,
441258790,24,Dakshina Kannada,3,Belthangady,3,VENURU,5,HOSANGADI,119,2021-2022,2,Rabi,Fallow,0-25-0.00,2022-01-08,,,13.0325766,75.0969706,
441258812,24,Dakshina Kannada,3,Belthangady,3,VENURU,5,HOSANGADI,119,2021-2022,2,Rabi,Fallow,0-20-0.00,2022-01-08,,,13.0323002,75.0990482,
441258833,24,Dakshina Kannada,3,Belthangady,3,VENURU,5,HOSANGADI,119,2021-2022,2,Rabi,NA Land ,0-6-0.00,2022-01-08,,,13.0360386,75.0956632,
441258752,24,Dakshina Kannada,3,Belthangady,3,VENURU,5,HOSANGADI,119,2021-2022,2,Rabi,Fallow,0-17-0.00,2022-01-08,,,13.0341054,75.0792664,
441258768,24,Dakshina Kannada,3,Belthangady,3,VENURU,5,HOSANGADI,119,2021-2022,2,Rabi,Fallow,0-12-50.00,2022-01-08,,,13.034122,75.0792736,
441258798,24,Dakshina Kannada,3,Belthangady,3,VENURU,5,HOSANGADI,119,2021-2022,2,Rabi,Fallow,0-75-0.00,2022-01-08,,,13.0322633,75.0962942,
441258809,24,Dakshina Kannada,3,Belthangady,3,VENURU,5,HOSANGADI,119,2021-2022,2,Rabi,NA Land ,0-13-0.00,2022-01-08,,,13.0323098,75.0990644,
441258811,24,Dakshina Kannada,3,Belthangady,3,VENURU,5,HOSANGADI,119,2021-2022,2,Rabi,Fallow,0-1-0.00,2022-01-08,,,13.0323163,75.0990623,
441258814,24,Dakshina Kannada,3,Belthangady,3,VENURU,5,HOSANGADI,119,2021-2022,2,Rabi,Fallow,0-25-0.00,2022-01-08,,,13.0322689,75.0990463,
441258980,24,Dakshina Kannada,3,Belthangady,3,VENURU,5,HOSANGADI,119,2021-2022,2,Rabi,Fallow,0-31-0.00,2022-01-10,,,13.0336729,75.0775312,
441258988,24,Dakshina Kannada,3,Belthangady,3,VENURU,5,HOSANGADI,119,2021-2022,2,Rabi,Fallow,0-86-0.00,2022-01-10,,,13.0334735,75.0750792,
441258965,24,Dakshina Kannada,3,Belthangady,3,VENURU,5,HOSANGADI,119,2021-2022,2,Rabi,Paddy-L,0-70-0.00,2022-01-08,january,1st week,13.0393176,75.0978201,
441259041,24,Dakshina Kannada,3,Belthangady,3,VENURU,5,HOSANGADI,119,2021-2022,2,Rabi,Fallow,0-50-0.00,2022-01-10,,,13.0361528,75.072573,
441258806,24,Dakshina Kannada,3,Belthangady,3,VENURU,5,HOSANGADI,119,2021-2022,2,Rabi,Fallow,1-76-0.00,2022-01-08,,,13.0326159,75.0976919,
441259014,24,Dakshina Kannada,3,Belthangady,3,VENURU,5,HOSANGADI,119,2021-2022,2,Rabi,Fallow,0-52-0.00,2022-01-10,,,13.0366426,75.0734391,
441259021,24,Dakshina Kannada,3,Belthangady,3,VENURU,5,HOSANGADI,119,2021-2022,2,Rabi,Fallow,0-82-0.00,2022-01-10,,,13.0365895,75.0734764,
441259023,24,Dakshina Kannada,3,Belthangady,3,VENURU,5,HOSANGADI,119,2021-2022,2,Rabi,Fallow,0-63-0.00,2022-01-10,,,13.036589,75.0734801,
441259087,24,Dakshina Kannada,3,Belthangady,3,VENURU,5,HOSANGADI,119,2021-2022,2,Rabi,Fallow,1-26-0.00,2022-01-10,,,13.0391677,75.0681724,
441259077,24,Dakshina Kannada,3,Belthangady,3,VENURU,5,HOSANGADI,119,2021-2022,2,Rabi,Fallow,0-78-0.00,2022-01-10,,,13.0407244,75.0705894,
441259099,24,Dakshina Kannada,3,Belthangady,3,VENURU,5,HOSANGADI,119,2021-2022,2,Rabi,Fallow,0-24-0.00,2022-01-10,,,13.0411893,75.0692844,
441258807,24,Dakshina Kannada,3,Belthangady,3,VENURU,5,HOSANGADI,119,2021-2022,2,Rabi,NA Land ,0-10-0.00,2022-01-08,,,13.0326153,75.0976896,
441258817,24,Dakshina Kannada,3,Belthangady,3,VENURU,5,HOSANGADI,119,2021-2022,2,Rabi,Fallow,1-30-0.00,2022-01-08,,,13.032315,75.0990316,
441258820,24,Dakshina Kannada,3,Belthangady,3,VENURU,5,HOSANGADI,119,2021-2022,2,Rabi,Fallow,1-46-0.00,2022-01-08,,,13.0322816,75.0990264,
441258821,24,Dakshina Kannada,3,Belthangady,3,VENURU,5,HOSANGADI,119,2021-2022,2,Rabi,NA Land ,0-18-0.00,2022-01-08,,,13.0322823,75.0990261,
441258828,24,Dakshina Kannada,3,Belthangady,3,VENURU,5,HOSANGADI,119,2021-2022,2,Rabi,Fallow,0-92-0.00,2022-01-08,,,13.0344487,75.0955294,
441258832,24,Dakshina Kannada,3,Belthangady,3,VENURU,5,HOSANGADI,119,2021-2022,2,Rabi,Fallow,0-11-0.00,2022-01-08,,,13.0358036,75.0953276,
441258954,24,Dakshina Kannada,3,Belthangady,3,VENURU,5,HOSANGADI,119,2021-2022,2,Rabi,Fallow,0-23-0.00,2022-01-08,,,13.0381222,75.0968938,
441258958,24,Dakshina Kannada,3,Belthangady,3,VENURU,5,HOSANGADI,119,2021-2022,2,Rabi,Fallow,0-11-0.00,2022-01-08,,,13.0381225,75.0968931,
441258973,24,Dakshina Kannada,3,Belthangady,3,VENURU,5,HOSANGADI,119,2021-2022,2,Rabi,Fallow,0-16-0.00,2022-01-10,,,13.0336853,75.0775156,
441258998,24,Dakshina Kannada,3,Belthangady,3,VENURU,5,HOSANGADI,119,2021-2022,2,Rabi,Fallow,1-0-0.00,2022-01-10,,,13.0349883,75.0735867,
441259058,24,Dakshina Kannada,3,Belthangady,3,VENURU,5,HOSANGADI,119,2021-2022,2,Rabi,Fallow,0-78-0.00,2022-01-10,,,13.0406725,75.0705541,
441259064,24,Dakshina Kannada,3,Belthangady,3,VENURU,5,HOSANGADI,119,2021-2022,2,Rabi,Fallow,0-78-0.00,2022-01-10,,,13.0406819,75.0705832,
441259108,24,Dakshina Kannada,3,Belthangady,3,VENURU,5,HOSANGADI,119,2021-2022,2,Rabi,Fallow,0-24-0.00,2022-01-10,,,13.0411853,75.0692838,
441259121,24,Dakshina Kannada,3,Belthangady,3,VENURU,5,HOSANGADI,119,2021-2022,2,Rabi,NA Land ,0-15-0.00,2022-01-10,,,13.0412098,75.0692591,
441259165,24,Dakshina Kannada,3,Belthangady,3,VENURU,5,HOSANGADI,119,2021-2022,2,Rabi,Fallow,0-94-0.00,2022-01-10,,,13.0308602,75.0720678,
441259165,24,Dakshina Kannada,3,Belthangady,3,VENURU,5,HOSANGADI,119,2021-2022,2,Rabi,Coconut,1-3-0.00,2022-01-10,,,13.030846,75.0720681,
441259188,24,Dakshina Kannada,3,Belthangady,3,VENURU,5,HOSANGADI,119,2021-2022,2,Rabi,Fallow,0-55-0.00,2022-01-10,,,13.0293986,75.0685271,
441259198,24,Dakshina Kannada,3,Belthangady,3,VENURU,5,HOSANGADI,119,2021-2022,2,Rabi,Fallow,0-30-0.00,2022-01-10,,,13.0294163,75.0685286,
441259114,24,Dakshina Kannada,3,Belthangady,3,VENURU,5,HOSANGADI,119,2021-2022,2,Rabi,Fallow,1-78-0.00,2022-01-10,,,13.0411833,75.0692914,
441259114,24,Dakshina Kannada,3,Belthangady,3,VENURU,5,HOSANGADI,119,2021-2022,2,Rabi,Coconut,2-0-0.00,2022-01-10,,,13.041205,75.0692669,
441259131,24,Dakshina Kannada,3,Belthangady,3,VENURU,5,HOSANGADI,119,2021-2022,2,Rabi,Fallow,0-2-0.00,2022-01-10,,,13.044306,75.074048,
441259178,24,Dakshina Kannada,3,Belthangady,3,VENURU,5,HOSANGADI,119,2021-2022,2,Rabi,Fallow,0-43-0.00,2022-01-10,,,13.029638,75.0704487,
441259178,24,Dakshina Kannada,3,Belthangady,3,VENURU,5,HOSANGADI,119,2021-2022,2,Rabi,Coconut,0-50-0.00,2022-01-10,,,13.0296442,75.0704729,
441259194,24,Dakshina Kannada,3,Belthangady,3,VENURU,5,HOSANGADI,119,2021-2022,2,Rabi,Fallow,0-25-0.00,2022-01-10,,,13.0294185,75.0685251,
441259180,24,Dakshina Kannada,3,Belthangady,3,VENURU,5,HOSANGADI,119,2021-2022,2,Rabi,Fallow,0-70-0.00,2022-01-10,,,13.0296449,75.0704732,
441259180,24,Dakshina Kannada,3,Belthangady,3,VENURU,5,HOSANGADI,119,2021-2022,2,Rabi,Coconut,1-0-0.00,2022-01-10,,,13.0296455,75.0704729,
441259190,24,Dakshina Kannada,3,Belthangady,3,VENURU,5,HOSANGADI,119,2021-2022,2,Rabi,Betel Nuts (Areca nuts),1-28-0.00,2022-01-10,,,13.0294216,75.0685165,
441259243,24,Dakshina Kannada,3,Belthangady,3,VENURU,5,HOSANGADI,119,2021-2022,2,Rabi,Fallow,0-78-0.00,2022-01-10,,,13.0294156,75.0685473,
441259255,24,Dakshina Kannada,3,Belthangady,3,VENURU,5,HOSANGADI,119,2021-2022,2,Rabi,Paddy-L,0-87-0.00,2022-01-10,january,1st week,13.0291586,75.068297,
441259216,24,Dakshina Kannada,3,Belthangady,3,VENURU,5,HOSANGADI,119,2021-2022,2,Rabi,Fallow,0-58-0.00,2022-01-10,,,13.0294143,75.068538,
441259237,24,Dakshina Kannada,3,Belthangady,3,VENURU,5,HOSANGADI,119,2021-2022,2,Rabi,Fallow,0-44-0.00,2022-01-10,,,13.0294141,75.0685407,
441259347,24,Dakshina Kannada,3,Belthangady,3,VENURU,5,HOSANGADI,119,2021-2022,2,Rabi,Fallow,0-20-0.00,2022-01-10,,,13.0329635,75.0697111,
441259349,24,Dakshina Kannada,3,Belthangady,3,VENURU,5,HOSANGADI,119,2021-2022,2,Rabi,NA Land ,0-12-0.00,2022-01-10,,,13.0329636,75.069711,
441260915,24,Dakshina Kannada,3,Belthangady,3,VENURU,5,HOSANGADI,119,2021-2022,2,Rabi,Fallow,0-28-0.00,2022-01-11,,,13.027073,75.1067465,
441260951,24,Dakshina Kannada,3,Belthangady,3,VENURU,5,HOSANGADI,119,2021-2022,2,Rabi,Fallow,0-10-0.00,2022-01-11,,,13.0251713,75.1075873,
441261024,24,Dakshina Kannada,3,Belthangady,3,VENURU,5,HOSANGADI,119,2021-2022,2,Rabi,Fallow,0-5-0.00,2022-01-11,,,13.0254833,75.108368,
441258961,24,Dakshina Kannada,3,Belthangady,3,VENURU,5,HOSANGADI,119,2021-2022,2,Rabi,Paddy-L,0-21-0.00,2022-01-08,january,1st week,13.0393272,75.0978569,
441258970,24,Dakshina Kannada,3,Belthangady,3,VENURU,5,HOSANGADI,119,2021-2022,2,Rabi,Fallow,1-0-0.00,2022-01-10,,,13.0336362,75.0775089,
441259034,24,Dakshina Kannada,3,Belthangady,3,VENURU,5,HOSANGADI,119,2021-2022,2,Rabi,Fallow,3-0-0.00,2022-01-10,,,13.0367832,75.0732645,
441259067,24,Dakshina Kannada,3,Belthangady,3,VENURU,5,HOSANGADI,119,2021-2022,2,Rabi,Fallow,0-51-0.00,2022-01-10,,,13.0406867,75.070593,
441259069,24,Dakshina Kannada,3,Belthangady,3,VENURU,5,HOSANGADI,119,2021-2022,2,Rabi,Fallow,0-78-0.00,2022-01-10,,,13.0406856,75.0705916,
441259148,24,Dakshina Kannada,3,Belthangady,3,VENURU,5,HOSANGADI,119,2021-2022,2,Rabi,Fallow,0-7-0.00,2022-01-10,,,13.0443013,75.0740498,
441259152,24,Dakshina Kannada,3,Belthangady,3,VENURU,5,HOSANGADI,119,2021-2022,2,Rabi,Fallow,0-6-0.00,2022-01-10,,,13.044302,75.0740509,
441259185,24,Dakshina Kannada,3,Belthangady,3,VENURU,5,HOSANGADI,119,2021-2022,2,Rabi,Fallow,0-45-0.00,2022-01-10,,,13.02965,75.0704736,
441259203,24,Dakshina Kannada,3,Belthangady,3,VENURU,5,HOSANGADI,119,2021-2022,2,Rabi,Fallow,0-20-0.00,2022-01-10,,,13.0294121,75.0685356,
441259230,24,Dakshina Kannada,3,Belthangady,3,VENURU,5,HOSANGADI,119,2021-2022,2,Rabi,NA Land ,0-6-0.00,2022-01-10,,,13.0294116,75.0685467,
441259323,24,Dakshina Kannada,3,Belthangady,3,VENURU,5,HOSANGADI,119,2021-2022,2,Rabi,Fallow,0-50-0.00,2022-01-10,,,13.0371876,75.0690977,
441259330,24,Dakshina Kannada,3,Belthangady,3,VENURU,5,HOSANGADI,119,2021-2022,2,Rabi,Paddy-L,0-49-0.00,2022-01-10,january,1st week,13.033542,75.0701064,
441259330,24,Dakshina Kannada,3,Belthangady,3,VENURU,5,HOSANGADI,119,2021-2022,2,Rabi,Betel Nuts (Areca nuts),0-45-0.00,2022-01-10,,,13.0335294,75.070114,
441259361,24,Dakshina Kannada,3,Belthangady,3,VENURU,5,HOSANGADI,119,2021-2022,2,Rabi,Paddy-L,0-54-0.00,2022-01-10,january,2nd week,13.0329622,75.0697184,
441259361,24,Dakshina Kannada,3,Belthangady,3,VENURU,5,HOSANGADI,119,2021-2022,2,Rabi,Betel Nuts (Areca nuts),0-93-0.00,2022-01-10,,,13.032963,75.0697267,
441260944,24,Dakshina Kannada,3,Belthangady,3,VENURU,5,HOSANGADI,119,2021-2022,2,Rabi,Fallow,0-3-0.00,2022-01-11,,,13.0251715,75.1075674,
441261045,24,Dakshina Kannada,3,Belthangady,3,VENURU,5,HOSANGADI,119,2021-2022,2,Rabi,Fallow,0-3-0.00,2022-01-11,,,13.0254793,75.1083704,
441283042,24,Dakshina Kannada,3,Belthangady,3,VENURU,5,HOSANGADI,119,2021-2022,2,Rabi,Fallow,0-18-0.00,2022-01-11,,,13.0349955,75.097678,
441283053,24,Dakshina Kannada,3,Belthangady,3,VENURU,5,HOSANGADI,119,2021-2022,2,Rabi,Fallow,0-69-0.00,2022-01-11,,,13.0349919,75.0976741,
441283082,24,Dakshina Kannada,3,Belthangady,3,VENURU,5,HOSANGADI,119,2021-2022,2,Rabi,Fallow,1-14-0.00,2022-01-11,,,13.0358788,75.0936939,
441283114,24,Dakshina Kannada,3,Belthangady,3,VENURU,5,HOSANGADI,119,2021-2022,2,Rabi,NA Land ,0-9-0.00,2022-01-11,,,13.0373614,75.0918751,
441261019,24,Dakshina Kannada,3,Belthangady,3,VENURU,5,HOSANGADI,119,2021-2022,2,Rabi,Fallow,0-38-0.00,2022-01-11,,,13.0254872,75.1083656,
441259313,24,Dakshina Kannada,3,Belthangady,3,VENURU,5,HOSANGADI,119,2021-2022,2,Rabi,Fallow,0-76-0.00,2022-01-10,,,13.0371777,75.0691258,
441259357,24,Dakshina Kannada,3,Belthangady,3,VENURU,5,HOSANGADI,119,2021-2022,2,Rabi,Paddy-L,0-74-0.00,2022-01-10,january,1st week,13.0329621,75.0697036,
441259261,24,Dakshina Kannada,3,Belthangady,3,VENURU,5,HOSANGADI,119,2021-2022,2,Rabi,Paddy-L,0-53-0.00,2022-01-10,january,1st week,13.0293695,75.0681883,
441259261,24,Dakshina Kannada,3,Belthangady,3,VENURU,5,HOSANGADI,119,2021-2022,2,Rabi,Betel Nuts (Areca nuts),0-78-0.00,2022-01-10,,,13.0293662,75.0681759,
441259266,24,Dakshina Kannada,3,Belthangady,3,VENURU,5,HOSANGADI,119,2021-2022,2,Rabi,NA Land ,0-10-0.00,2022-01-10,,,13.0293581,75.0681722,
441259276,24,Dakshina Kannada,3,Belthangady,3,VENURU,5,HOSANGADI,119,2021-2022,2,Rabi,Paddy-L,0-87-0.00,2022-01-10,january,1st week,13.0293515,75.0681786,
441259276,24,Dakshina Kannada,3,Belthangady,3,VENURU,5,HOSANGADI,119,2021-2022,2,Rabi,Betel Nuts (Areca nuts),1-8-0.00,2022-01-10,,,13.0293468,75.0681804,
441259305,24,Dakshina Kannada,3,Belthangady,3,VENURU,5,HOSANGADI,119,2021-2022,2,Rabi,Fallow,0-75-50.00,2022-01-10,,,13.0371694,75.0691114,
441259289,24,Dakshina Kannada,3,Belthangady,3,VENURU,5,HOSANGADI,119,2021-2022,2,Rabi,Paddy-L,0-86-0.00,2022-01-10,january,1st week,13.0293578,75.0681987,
441259289,24,Dakshina Kannada,3,Belthangady,3,VENURU,5,HOSANGADI,119,2021-2022,2,Rabi,Betel Nuts (Areca nuts),1-14-0.00,2022-01-10,,,13.0293539,75.0681906,
441259294,24,Dakshina Kannada,3,Belthangady,3,VENURU,5,HOSANGADI,119,2021-2022,2,Rabi,NA Land ,0-6-0.00,2022-01-10,,,13.0293501,75.0681928,
441259299,24,Dakshina Kannada,3,Belthangady,3,VENURU,5,HOSANGADI,119,2021-2022,2,Rabi,NA Land ,0-7-0.00,2022-01-10,,,13.0293474,75.0681792,
441259317,24,Dakshina Kannada,3,Belthangady,3,VENURU,5,HOSANGADI,119,2021-2022,2,Rabi,Fallow,0-76-0.00,2022-01-10,,,13.0371832,75.0691135,
441259334,24,Dakshina Kannada,3,Belthangady,3,VENURU,5,HOSANGADI,119,2021-2022,2,Rabi,Fallow,0-12-0.00,2022-01-10,,,13.0335211,75.0701104,
441259342,24,Dakshina Kannada,3,Belthangady,3,VENURU,5,HOSANGADI,119,2021-2022,2,Rabi,Paddy-L,0-29-0.00,2022-01-10,january,1st week,13.0329624,75.0697053,
441259353,24,Dakshina Kannada,3,Belthangady,3,VENURU,5,HOSANGADI,119,2021-2022,2,Rabi,Paddy-L,0-30-0.00,2022-01-10,january,1st week,13.0329622,75.0697037,
441259371,24,Dakshina Kannada,3,Belthangady,3,VENURU,5,HOSANGADI,119,2021-2022,2,Rabi,Fallow,0-67-0.00,2022-01-11,,,13.0308919,75.1070995,
441259364,24,Dakshina Kannada,3,Belthangady,3,VENURU,5,HOSANGADI,119,2021-2022,2,Rabi,Paddy-L,1-5-0.00,2022-01-10,january,1st week,13.0329665,75.0697379,
441259421,24,Dakshina Kannada,3,Belthangady,3,VENURU,5,HOSANGADI,119,2021-2022,2,Rabi,Fallow,0-17-0.00,2022-01-11,,,13.0281387,75.1071305,
441258771,24,Dakshina Kannada,3,Belthangady,3,VENURU,5,HOSANGADI,119,2021-2022,2,Rabi,Fallow,0-3-0.00,2022-01-08,,,13.0341135,75.0792421,
441258815,24,Dakshina Kannada,3,Belthangady,3,VENURU,5,HOSANGADI,119,2021-2022,2,Rabi,Fallow,0-25-0.00,2022-01-08,,,13.0322613,75.0990648,
441258816,24,Dakshina Kannada,3,Belthangady,3,VENURU,5,HOSANGADI,119,2021-2022,2,Rabi,NA Land ,0-10-0.00,2022-01-08,,,13.0323495,75.0989962,
441258816,24,Dakshina Kannada,3,Belthangady,3,VENURU,5,HOSANGADI,119,2021-2022,2,Rabi,Fallow,0-21-0.00,2022-01-08,,,13.032325,75.0990148,
441258822,24,Dakshina Kannada,3,Belthangady,3,VENURU,5,HOSANGADI,119,2021-2022,2,Rabi,NA Land ,0-7-0.00,2022-01-08,,,13.0322904,75.0990619,
441258829,24,Dakshina Kannada,3,Belthangady,3,VENURU,5,HOSANGADI,119,2021-2022,2,Rabi,Fallow,0-90-0.00,2022-01-08,,,13.0344688,75.0955337,
441258831,24,Dakshina Kannada,3,Belthangady,3,VENURU,5,HOSANGADI,119,2021-2022,2,Rabi,NA Land ,0-9-0.00,2022-01-08,,,13.0352977,75.0953658,
441258759,24,Dakshina Kannada,3,Belthangady,3,VENURU,5,HOSANGADI,119,2021-2022,2,Rabi,Fallow,0-1-0.00,2022-01-08,,,13.0341232,75.0792589,
441258764,24,Dakshina Kannada,3,Belthangady,3,VENURU,5,HOSANGADI,119,2021-2022,2,Rabi,Fallow,0-78-0.00,2022-01-08,,,13.0341242,75.079261,
441258983,24,Dakshina Kannada,3,Belthangady,3,VENURU,5,HOSANGADI,119,2021-2022,2,Rabi,Fallow,0-61-0.00,2022-01-10,,,13.033665,75.0775697,
441258994,24,Dakshina Kannada,3,Belthangady,3,VENURU,5,HOSANGADI,119,2021-2022,2,Rabi,Fallow,0-45-0.00,2022-01-10,,,13.0334293,75.0750796,
441259027,24,Dakshina Kannada,3,Belthangady,3,VENURU,5,HOSANGADI,119,2021-2022,2,Rabi,Fallow,4-66-0.00,2022-01-10,,,13.0365959,75.0734749,
441258803,24,Dakshina Kannada,3,Belthangady,3,VENURU,5,HOSANGADI,119,2021-2022,2,Rabi,Fallow,0-85-0.00,2022-01-08,,,13.0323346,75.09629,
441258803,24,Dakshina Kannada,3,Belthangady,3,VENURU,5,HOSANGADI,119,2021-2022,2,Rabi,Betel Nuts (Areca nuts),1-20-0.00,2022-01-08,,,13.0323338,75.0962823,
441258803,24,Dakshina Kannada,3,Belthangady,3,VENURU,5,HOSANGADI,119,2021-2022,2,Rabi,Coconut,1-20-0.00,2022-01-08,,,13.0323315,75.0962717,
441258810,24,Dakshina Kannada,3,Belthangady,3,VENURU,5,HOSANGADI,119,2021-2022,2,Rabi,NA Land ,0-10-0.00,2022-01-08,,,13.0323151,75.0990619,
441258810,24,Dakshina Kannada,3,Belthangady,3,VENURU,5,HOSANGADI,119,2021-2022,2,Rabi,Fallow,0-14-0.00,2022-01-08,,,13.0323151,75.0990628,
441258826,24,Dakshina Kannada,3,Belthangady,3,VENURU,5,HOSANGADI,119,2021-2022,2,Rabi,NA Land ,0-6-0.00,2022-01-08,,,13.0322703,75.0990402,
441259027,24,Dakshina Kannada,3,Belthangady,3,VENURU,5,HOSANGADI,119,2021-2022,2,Rabi,Betel Nuts (Areca nuts),5-0-0.00,2022-01-10,,,13.036597,75.0734739,
441259055,24,Dakshina Kannada,3,Belthangady,3,VENURU,5,HOSANGADI,119,2021-2022,2,Rabi,Fallow,2-49-0.00,2022-01-10,,,13.0395944,75.0719551,
441259061,24,Dakshina Kannada,3,Belthangady,3,VENURU,5,HOSANGADI,119,2021-2022,2,Rabi,Fallow,0-37-0.00,2022-01-10,,,13.040676,75.0705665,
441259083,24,Dakshina Kannada,3,Belthangady,3,VENURU,5,HOSANGADI,119,2021-2022,2,Rabi,Fallow,0-27-0.00,2022-01-10,,,13.0407195,75.0706121,
441259090,24,Dakshina Kannada,3,Belthangady,3,VENURU,5,HOSANGADI,119,2021-2022,2,Rabi,Fallow,1-65-0.00,2022-01-10,,,13.0389315,75.0681743,
441259105,24,Dakshina Kannada,3,Belthangady,3,VENURU,5,HOSANGADI,119,2021-2022,2,Rabi,Fallow,0-29-0.00,2022-01-10,,,13.0411877,75.0692848,
441259112,24,Dakshina Kannada,3,Belthangady,3,VENURU,5,HOSANGADI,119,2021-2022,2,Rabi,Fallow,0-40-0.00,2022-01-10,,,13.0411813,75.0692825,
441259125,24,Dakshina Kannada,3,Belthangady,3,VENURU,5,HOSANGADI,119,2021-2022,2,Rabi,NA Land ,0-7-0.00,2022-01-10,,,13.0442446,75.0740034,
441259135,24,Dakshina Kannada,3,Belthangady,3,VENURU,5,HOSANGADI,119,2021-2022,2,Rabi,Fallow,0-2-0.00,2022-01-10,,,13.0442999,75.0740437,
441258977,24,Dakshina Kannada,3,Belthangady,3,VENURU,5,HOSANGADI,119,2021-2022,2,Rabi,Fallow,2-19-0.00,2022-01-10,,,13.0336652,75.0775117,
441259002,24,Dakshina Kannada,3,Belthangady,3,VENURU,5,HOSANGADI,119,2021-2022,2,Rabi,NA Land ,0-9-0.00,2022-01-10,,,13.0350053,75.0736006,
441259010,24,Dakshina Kannada,3,Belthangady,3,VENURU,5,HOSANGADI,119,2021-2022,2,Rabi,Fallow,4-24-0.00,2022-01-10,,,13.0350065,75.0736189,
441259017,24,Dakshina Kannada,3,Belthangady,3,VENURU,5,HOSANGADI,119,2021-2022,2,Rabi,Fallow,0-4-0.00,2022-01-10,,,13.0365901,75.0734705,
441259073,24,Dakshina Kannada,3,Belthangady,3,VENURU,5,HOSANGADI,119,2021-2022,2,Rabi,Fallow,0-78-0.00,2022-01-10,,,13.0407245,75.0705756,
441259145,24,Dakshina Kannada,3,Belthangady,3,VENURU,5,HOSANGADI,119,2021-2022,2,Rabi,NA Land ,0-18-0.00,2022-01-10,,,13.0442995,75.0740479,
441259093,24,Dakshina Kannada,3,Belthangady,3,VENURU,5,HOSANGADI,119,2021-2022,2,Rabi,Betel Nuts (Areca nuts),0-71-0.00,2022-01-10,,,13.0411846,75.0692426,
441277299,24,Dakshina Kannada,3,Belthangady,3,VENURU,5,HOSANGADI,119,2021-2022,2,Rabi,Fallow,0-14-0.00,2022-01-11,,,13.0339854,75.1024506,
441277309,24,Dakshina Kannada,3,Belthangady,3,VENURU,5,HOSANGADI,119,2021-2022,2,Rabi,Fallow,0-12-0.00,2022-01-11,,,13.0339828,75.102448,
441283088,24,Dakshina Kannada,3,Belthangady,3,VENURU,5,HOSANGADI,119,2021-2022,2,Rabi,Fallow,2-65-0.00,2022-01-11,,,13.0358674,75.0920812,
441283112,24,Dakshina Kannada,3,Belthangady,3,VENURU,5,HOSANGADI,119,2021-2022,2,Rabi,Fallow,0-6-0.00,2022-01-11,,,13.0373834,75.0919008,
441283119,24,Dakshina Kannada,3,Belthangady,3,VENURU,5,HOSANGADI,119,2021-2022,2,Rabi,Fallow,0-3-0.00,2022-01-11,,,13.0373578,75.0919547,
441283126,24,Dakshina Kannada,3,Belthangady,3,VENURU,5,HOSANGADI,119,2021-2022,2,Rabi,Fallow,0-7-0.00,2022-01-11,,,13.0372829,75.0926113,
441277082,24,Dakshina Kannada,3,Belthangady,3,VENURU,5,HOSANGADI,119,2021-2022,2,Rabi,Fallow,0-10-0.00,2022-01-11,,,13.0310069,75.1047929,
441277133,24,Dakshina Kannada,3,Belthangady,3,VENURU,5,HOSANGADI,119,2021-2022,2,Rabi,Fallow,0-19-0.00,2022-01-11,,,13.0290748,75.1057648,
441277142,24,Dakshina Kannada,3,Belthangady,3,VENURU,5,HOSANGADI,119,2021-2022,2,Rabi,Fallow,0-18-0.00,2022-01-11,,,13.0291863,75.1057509,
441277189,24,Dakshina Kannada,3,Belthangady,3,VENURU,5,HOSANGADI,119,2021-2022,2,Rabi,NA Land ,0-15-0.00,2022-01-11,,,13.030912,75.1030436,
441277213,24,Dakshina Kannada,3,Belthangady,3,VENURU,5,HOSANGADI,119,2021-2022,2,Rabi,NA Land ,0-4-0.00,2022-01-11,,,13.030114,75.1033011,
441277272,24,Dakshina Kannada,3,Belthangady,3,VENURU,5,HOSANGADI,119,2021-2022,2,Rabi,Fallow,0-67-0.00,2022-01-11,,,13.0292534,75.1034529,
441277076,24,Dakshina Kannada,3,Belthangady,3,VENURU,5,HOSANGADI,119,2021-2022,2,Rabi,Fallow,0-10-0.00,2022-01-11,,,13.0310225,75.1047676,
441277103,24,Dakshina Kannada,3,Belthangady,3,VENURU,5,HOSANGADI,119,2021-2022,2,Rabi,NA Land ,0-10-0.00,2022-01-11,,,13.0309903,75.1048387,
441277114,24,Dakshina Kannada,3,Belthangady,3,VENURU,5,HOSANGADI,119,2021-2022,2,Rabi,NA Land ,0-15-0.00,2022-01-11,,,13.0309851,75.1048493,
441277179,24,Dakshina Kannada,3,Belthangady,3,VENURU,5,HOSANGADI,119,2021-2022,2,Rabi,Fallow,0-91-0.00,2022-01-11,,,13.0316426,75.1029345,
441277207,24,Dakshina Kannada,3,Belthangady,3,VENURU,5,HOSANGADI,119,2021-2022,2,Rabi,Fallow,0-18-0.00,2022-01-11,,,13.0301121,75.1033018,
441277242,24,Dakshina Kannada,3,Belthangady,3,VENURU,5,HOSANGADI,119,2021-2022,2,Rabi,NA Land ,0-11-0.00,2022-01-11,,,13.0301121,75.1032873,
441277267,24,Dakshina Kannada,3,Belthangady,3,VENURU,5,HOSANGADI,119,2021-2022,2,Rabi,Fallow,3-90-0.00,2022-01-11,,,13.0292535,75.1034461,
441277282,24,Dakshina Kannada,3,Belthangady,3,VENURU,5,HOSANGADI,119,2021-2022,2,Rabi,Fallow,1-95-0.00,2022-01-11,,,13.0287015,75.1034618,
441283107,24,Dakshina Kannada,3,Belthangady,3,VENURU,5,HOSANGADI,119,2021-2022,2,Rabi,NA Land ,0-10-0.00,2022-01-11,,,13.0364793,75.0909457,
441283338,24,Dakshina Kannada,3,Belthangady,3,VENURU,5,HOSANGADI,119,2021-2022,2,Rabi,Fallow,0-47-0.00,2022-01-11,,,13.0372703,75.0926371,
441277089,24,Dakshina Kannada,3,Belthangady,3,VENURU,5,HOSANGADI,119,2021-2022,2,Rabi,NA Land ,0-5-0.00,2022-01-11,,,13.0309931,75.1048088,
441277156,24,Dakshina Kannada,3,Belthangady,3,VENURU,5,HOSANGADI,119,2021-2022,2,Rabi,Fallow,0-32-0.00,2022-01-11,,,13.0291524,75.1057122,
441277220,24,Dakshina Kannada,3,Belthangady,3,VENURU,5,HOSANGADI,119,2021-2022,2,Rabi,NA Land ,0-10-0.00,2022-01-11,,,13.0301132,75.1032952,
441277252,24,Dakshina Kannada,3,Belthangady,3,VENURU,5,HOSANGADI,119,2021-2022,2,Rabi,Fallow,0-18-0.00,2022-01-11,,,13.0301134,75.1032811,
441277292,24,Dakshina Kannada,3,Belthangady,3,VENURU,5,HOSANGADI,119,2021-2022,2,Rabi,Fallow,0-6-0.00,2022-01-11,,,13.028702,75.1034626,
441040830,24,Dakshina Kannada,3,Belthangady,3,VENURU,5,HOSANGADI,119,2021-2022,2,Rabi,Fallow,0-18-0.00,2022-01-07,,,13.0224346,75.0950734,
441040898,24,Dakshina Kannada,3,Belthangady,3,VENURU,5,HOSANGADI,119,2021-2022,2,Rabi,Paddy-L,0-30-0.00,2022-01-07,january,1st week,13.0224494,75.0950944,
441040905,24,Dakshina Kannada,3,Belthangady,3,VENURU,5,HOSANGADI,119,2021-2022,2,Rabi,NA Land ,0-10-0.00,2022-01-07,,,13.0229247,75.0945956,
441040905,24,Dakshina Kannada,3,Belthangady,3,VENURU,5,HOSANGADI,119,2021-2022,2,Rabi,Fallow,1-40-0.00,2022-01-07,,,13.0228858,75.0945642,
441040971,24,Dakshina Kannada,3,Belthangady,3,VENURU,5,HOSANGADI,119,2021-2022,2,Rabi,NA Land ,0-5-0.00,2022-01-07,,,13.0314526,75.1019112,
441041239,24,Dakshina Kannada,3,Belthangady,3,VENURU,5,HOSANGADI,119,2021-2022,2,Rabi,NA Land ,0-5-0.00,2022-01-07,,,13.031525,75.1019819,
441040858,24,Dakshina Kannada,3,Belthangady,3,VENURU,5,HOSANGADI,119,2021-2022,2,Rabi,Fallow,1-87-0.00,2022-01-07,,,13.0224368,75.095073,
441040914,24,Dakshina Kannada,3,Belthangady,3,VENURU,5,HOSANGADI,119,2021-2022,2,Rabi,Fallow,1-25-0.00,2022-01-07,,,13.0228786,75.0945664,
441040944,24,Dakshina Kannada,3,Belthangady,3,VENURU,5,HOSANGADI,119,2021-2022,2,Rabi,Fallow,0-18-0.00,2022-01-07,,,13.0213014,75.0966205,
441040951,24,Dakshina Kannada,3,Belthangady,3,VENURU,5,HOSANGADI,119,2021-2022,2,Rabi,NA Land ,0-5-0.00,2022-01-07,,,13.0314822,75.1019447,
441040981,24,Dakshina Kannada,3,Belthangady,3,VENURU,5,HOSANGADI,119,2021-2022,2,Rabi,NA Land ,0-5-0.00,2022-01-07,,,13.0314441,75.1018549,
441041002,24,Dakshina Kannada,3,Belthangady,3,VENURU,5,HOSANGADI,119,2021-2022,2,Rabi,NA Land ,0-5-0.00,2022-01-07,,,13.0315048,75.1019808,
441040806,24,Dakshina Kannada,3,Belthangady,3,VENURU,5,HOSANGADI,119,2021-2022,2,Rabi,Fallow,0-10-0.00,2022-01-07,,,13.0218045,75.0932236,
441040931,24,Dakshina Kannada,3,Belthangady,3,VENURU,5,HOSANGADI,119,2021-2022,2,Rabi,Fallow,0-8-0.00,2022-01-07,,,13.0213391,75.0966237,
441040893,24,Dakshina Kannada,3,Belthangady,3,VENURU,5,HOSANGADI,119,2021-2022,2,Rabi,Fallow,0-22-0.00,2022-01-07,,,13.0224395,75.0950822,
441040961,24,Dakshina Kannada,3,Belthangady,3,VENURU,5,HOSANGADI,119,2021-2022,2,Rabi,NA Land ,0-5-0.00,2022-01-07,,,13.0314508,75.101938,
441041036,24,Dakshina Kannada,3,Belthangady,3,VENURU,5,HOSANGADI,119,2021-2022,2,Rabi,NA Land ,0-5-0.00,2022-01-07,,,13.031514,75.1019688,
441041043,24,Dakshina Kannada,3,Belthangady,3,VENURU,5,HOSANGADI,119,2021-2022,2,Rabi,NA Land ,0-5-0.00,2022-01-07,,,13.0315223,75.1019754,
441040836,24,Dakshina Kannada,3,Belthangady,3,VENURU,5,HOSANGADI,119,2021-2022,2,Rabi,Fallow,0-45-0.00,2022-01-07,,,13.0224357,75.0950748,
441040935,24,Dakshina Kannada,3,Belthangady,3,VENURU,5,HOSANGADI,119,2021-2022,2,Rabi,Fallow,0-8-0.00,2022-01-07,,,13.021315,75.0966053,
441040991,24,Dakshina Kannada,3,Belthangady,3,VENURU,5,HOSANGADI,119,2021-2022,2,Rabi,NA Land ,0-5-0.00,2022-01-07,,,13.0314798,75.1019383,
441042761,24,Dakshina Kannada,3,Belthangady,3,VENURU,5,HOSANGADI,119,2021-2022,2,Rabi,NA Land ,0-5-0.00,2022-01-07,,,13.0315227,75.1019734,
441042748,24,Dakshina Kannada,3,Belthangady,3,VENURU,5,HOSANGADI,119,2021-2022,2,Rabi,NA Land ,0-5-0.00,2022-01-07,,,13.0315234,75.1019756,
441042854,24,Dakshina Kannada,3,Belthangady,3,VENURU,5,HOSANGADI,119,2021-2022,2,Rabi,NA Land ,0-5-0.00,2022-01-07,,,13.0314466,75.101873,
441042877,24,Dakshina Kannada,3,Belthangady,3,VENURU,5,HOSANGADI,119,2021-2022,2,Rabi,NA Land ,0-5-0.00,2022-01-07,,,13.0314291,75.1018942,
441042886,24,Dakshina Kannada,3,Belthangady,3,VENURU,5,HOSANGADI,119,2021-2022,2,Rabi,NA Land ,0-10-0.00,2022-01-07,,,13.0314311,75.1019088,
441457859,24,Dakshina Kannada,3,Belthangady,3,VENURU,5,HOSANGADI,119,2021-2022,2,Rabi,Fallow,0-70-0.00,2022-01-13,,,13.0407255,75.0924992,
440879156,24,Dakshina Kannada,3,Belthangady,3,VENURU,5,HOSANGADI,119,2021-2022,2,Rabi,Coconut,0-50-0.00,2022-01-05,,,13.0416448,75.081598,
440879174,24,Dakshina Kannada,3,Belthangady,3,VENURU,5,HOSANGADI,119,2021-2022,2,Rabi,NA Land ,0-3-50.00,2022-01-05,,,13.0416457,75.0816042,
440879180,24,Dakshina Kannada,3,Belthangady,3,VENURU,5,HOSANGADI,119,2021-2022,2,Rabi,Fallow,0-19-0.00,2022-01-05,,,13.0416406,75.0816035,
440879195,24,Dakshina Kannada,3,Belthangady,3,VENURU,5,HOSANGADI,119,2021-2022,2,Rabi,NA Land ,0-16-50.00,2022-01-05,,,13.0416585,75.0816005,
440879206,24,Dakshina Kannada,3,Belthangady,3,VENURU,5,HOSANGADI,119,2021-2022,2,Rabi,Fallow,0-10-0.00,2022-01-05,,,13.0417458,75.0825987,
440879012,24,Dakshina Kannada,3,Belthangady,3,VENURU,5,HOSANGADI,119,2021-2022,2,Rabi,Fallow,0-58-0.00,2022-01-05,,,13.0402882,75.0808831,
440879057,24,Dakshina Kannada,3,Belthangady,3,VENURU,5,HOSANGADI,119,2021-2022,2,Rabi,Fallow,0-60-0.00,2022-01-05,,,13.0403054,75.081493,
440879200,24,Dakshina Kannada,3,Belthangady,3,VENURU,5,HOSANGADI,119,2021-2022,2,Rabi,NA Land ,0-14-0.00,2022-01-05,,,13.0418825,75.0827085,
441042796,24,Dakshina Kannada,3,Belthangady,3,VENURU,5,HOSANGADI,119,2021-2022,2,Rabi,NA Land ,0-5-0.00,2022-01-07,,,13.0315019,75.1019746,
441042820,24,Dakshina Kannada,3,Belthangady,3,VENURU,5,HOSANGADI,119,2021-2022,2,Rabi,NA Land ,0-5-0.00,2022-01-07,,,13.0314855,75.1019568,
441042838,24,Dakshina Kannada,3,Belthangady,3,VENURU,5,HOSANGADI,119,2021-2022,2,Rabi,NA Land ,0-5-0.00,2022-01-07,,,13.0314825,75.1019474,
441042828,24,Dakshina Kannada,3,Belthangady,3,VENURU,5,HOSANGADI,119,2021-2022,2,Rabi,NA Land ,0-5-0.00,2022-01-07,,,13.0314794,75.1019486,
441042843,24,Dakshina Kannada,3,Belthangady,3,VENURU,5,HOSANGADI,119,2021-2022,2,Rabi,NA Land ,0-5-0.00,2022-01-07,,,13.0314876,75.1018704,
441042872,24,Dakshina Kannada,3,Belthangady,3,VENURU,5,HOSANGADI,119,2021-2022,2,Rabi,NA Land ,0-5-0.00,2022-01-07,,,13.0314285,75.1018834,
441042772,24,Dakshina Kannada,3,Belthangady,3,VENURU,5,HOSANGADI,119,2021-2022,2,Rabi,NA Land ,0-5-0.00,2022-01-07,,,13.0315127,75.1019825,
441042864,24,Dakshina Kannada,3,Belthangady,3,VENURU,5,HOSANGADI,119,2021-2022,2,Rabi,NA Land ,0-5-0.00,2022-01-07,,,13.0314302,75.1018708,
441042890,24,Dakshina Kannada,3,Belthangady,3,VENURU,5,HOSANGADI,119,2021-2022,2,Rabi,NA Land ,0-7-0.00,2022-01-07,,,13.0314334,75.1019136,
441042732,24,Dakshina Kannada,3,Belthangady,3,VENURU,5,HOSANGADI,119,2021-2022,2,Rabi,NA Land ,0-5-0.00,2022-01-07,,,13.0315239,75.1019796,
441457995,24,Dakshina Kannada,3,Belthangady,3,VENURU,10,BAJIRE,119,2021-2022,2,Rabi,Betel Nuts (Areca nuts),0-2-75.00,2022-01-08,,,12.9776292,75.1389437,
441457999,24,Dakshina Kannada,3,Belthangady,3,VENURU,10,BAJIRE,119,2021-2022,2,Rabi,Betel Nuts (Areca nuts),0-15-0.00,2022-01-08,,,12.9777483,75.1386733,
441458013,24,Dakshina Kannada,3,Belthangady,3,VENURU,10,BAJIRE,119,2021-2022,2,Rabi,Fallow,0-8-0.00,2022-01-08,,,12.9781422,75.1389144,
441458159,24,Dakshina Kannada,3,Belthangady,3,VENURU,10,BAJIRE,119,2021-2022,2,Rabi,Paddy-L,0-94-0.00,2022-01-08,january,1st week,12.989357,75.1362652,
441458201,24,Dakshina Kannada,3,Belthangady,3,VENURU,10,BAJIRE,119,2021-2022,2,Rabi,Betel Nuts (Areca nuts),0-3-0.00,2022-01-08,,,13.0015809,75.1215463,
441458232,24,Dakshina Kannada,3,Belthangady,3,VENURU,10,BAJIRE,119,2021-2022,2,Rabi,NA Land ,0-23-0.00,2022-01-08,,,12.9934253,75.119011,
441458258,24,Dakshina Kannada,3,Belthangady,3,VENURU,10,BAJIRE,119,2021-2022,2,Rabi,Fallow,0-16-0.00,2022-01-08,,,12.9926321,75.119163,
441458271,24,Dakshina Kannada,3,Belthangady,3,VENURU,10,BAJIRE,119,2021-2022,2,Rabi,Paddy-L,0-48-0.00,2022-01-08,january,1st week,12.9925681,75.1191602,
441458273,24,Dakshina Kannada,3,Belthangady,3,VENURU,10,BAJIRE,119,2021-2022,2,Rabi,NA Land ,0-35-0.00,2022-01-08,,,12.9924289,75.1195077,
441457835,24,Dakshina Kannada,3,Belthangady,3,VENURU,5,HOSANGADI,119,2021-2022,2,Rabi,Fallow,0-88-0.00,2022-01-13,,,13.0406633,75.0925511,
441457878,24,Dakshina Kannada,3,Belthangady,3,VENURU,5,HOSANGADI,119,2021-2022,2,Rabi,Fallow,0-73-0.00,2022-01-13,,,13.041172,75.0932956,
441458047,24,Dakshina Kannada,3,Belthangady,3,VENURU,10,BAJIRE,119,2021-2022,2,Rabi,Fallow,0-15-0.00,2022-01-08,,,12.9780812,75.1388069,
441458062,24,Dakshina Kannada,3,Belthangady,3,VENURU,10,BAJIRE,119,2021-2022,2,Rabi,NA Land ,0-19-0.00,2022-01-08,,,12.9781274,75.1388388,
441458088,24,Dakshina Kannada,3,Belthangady,3,VENURU,10,BAJIRE,119,2021-2022,2,Rabi,NA Land ,0-20-0.00,2022-01-08,,,12.9893632,75.1326094,
441458094,24,Dakshina Kannada,3,Belthangady,3,VENURU,10,BAJIRE,119,2021-2022,2,Rabi,Paddy-L,0-22-0.00,2022-01-08,january,1st week,12.9893633,75.1316583,
441458109,24,Dakshina Kannada,3,Belthangady,3,VENURU,10,BAJIRE,119,2021-2022,2,Rabi,Paddy-L,0-17-0.00,2022-01-08,january,1st week,12.9893667,75.13165,
441458120,24,Dakshina Kannada,3,Belthangady,3,VENURU,10,BAJIRE,119,2021-2022,2,Rabi,NA Land ,0-9-0.00,2022-01-08,,,12.9917008,75.1327352,
441458149,24,Dakshina Kannada,3,Belthangady,3,VENURU,10,BAJIRE,119,2021-2022,2,Rabi,Paddy-H,1-40-0.00,2022-01-08,january,1st week,12.9893017,75.1362479,
441458174,24,Dakshina Kannada,3,Belthangady,3,VENURU,10,BAJIRE,119,2021-2022,2,Rabi,Paddy-L,0-77-0.00,2022-01-08,january,1st week,12.9876511,75.1352086,
441458187,24,Dakshina Kannada,3,Belthangady,3,VENURU,10,BAJIRE,119,2021-2022,2,Rabi,Paddy-H,0-49-0.00,2022-01-08,january,1st week,12.99137,75.1353517,
441458190,24,Dakshina Kannada,3,Belthangady,3,VENURU,10,BAJIRE,119,2021-2022,2,Rabi,Betel Nuts (Areca nuts),0-22-0.00,2022-01-08,,,12.991355,75.1353783,
441458194,24,Dakshina Kannada,3,Belthangady,3,VENURU,10,BAJIRE,119,2021-2022,2,Rabi,Paddy-L,0-36-0.00,2022-01-08,january,1st week,12.9913533,75.1354,
441458210,24,Dakshina Kannada,3,Belthangady,3,VENURU,10,BAJIRE,119,2021-2022,2,Rabi,Betel Nuts (Areca nuts),4-30-0.00,2022-01-08,,,12.9973486,75.1196422,
441458214,24,Dakshina Kannada,3,Belthangady,3,VENURU,10,BAJIRE,119,2021-2022,2,Rabi,Betel Nuts (Areca nuts),4-44-0.00,2022-01-08,,,12.9973974,75.1196156,
441458235,24,Dakshina Kannada,3,Belthangady,3,VENURU,10,BAJIRE,119,2021-2022,2,Rabi,NA Land ,0-43-0.00,2022-01-08,,,12.9934519,75.1191102,
441458240,24,Dakshina Kannada,3,Belthangady,3,VENURU,10,BAJIRE,119,2021-2022,2,Rabi,NA Land ,0-44-0.00,2022-01-08,,,12.9934264,75.1191417,
441458004,24,Dakshina Kannada,3,Belthangady,3,VENURU,10,BAJIRE,119,2021-2022,2,Rabi,NA Land ,0-9-0.00,2022-01-08,,,12.9780778,75.1387904,
441458007,24,Dakshina Kannada,3,Belthangady,3,VENURU,10,BAJIRE,119,2021-2022,2,Rabi,Fallow,0-9-0.00,2022-01-08,,,12.9780844,75.13892,
441458042,24,Dakshina Kannada,3,Belthangady,3,VENURU,10,BAJIRE,119,2021-2022,2,Rabi,Fallow,0-18-0.00,2022-01-08,,,12.9782083,75.1389033,
441458049,24,Dakshina Kannada,3,Belthangady,3,VENURU,10,BAJIRE,119,2021-2022,2,Rabi,NA Land ,0-15-0.00,2022-01-08,,,12.9780553,75.1389597,
441458066,24,Dakshina Kannada,3,Belthangady,3,VENURU,10,BAJIRE,119,2021-2022,2,Rabi,NA Land ,0-4-0.00,2022-01-08,,,12.9781079,75.1388992,
441458073,24,Dakshina Kannada,3,Belthangady,3,VENURU,10,BAJIRE,119,2021-2022,2,Rabi,Betel Nuts (Areca nuts),1-42-0.00,2022-01-08,,,12.989315,75.1325533,
441458131,24,Dakshina Kannada,3,Belthangady,3,VENURU,10,BAJIRE,119,2021-2022,2,Rabi,Paddy-L,0-88-0.00,2022-01-08,january,1st week,12.989345,75.1362717,
441458134,24,Dakshina Kannada,3,Belthangady,3,VENURU,10,BAJIRE,119,2021-2022,2,Rabi,Paddy-L,1-10-0.00,2022-01-08,january,1st week,12.9893117,75.136265,
441458169,24,Dakshina Kannada,3,Belthangady,3,VENURU,10,BAJIRE,119,2021-2022,2,Rabi,Betel Nuts (Areca nuts),1-5-0.00,2022-01-08,,,12.98765,75.1352117,
441458220,24,Dakshina Kannada,3,Belthangady,3,VENURU,10,BAJIRE,119,2021-2022,2,Rabi,NA Land ,0-14-0.00,2022-01-08,,,12.9969725,75.1203726,
441457884,24,Dakshina Kannada,3,Belthangady,3,VENURU,5,HOSANGADI,119,2021-2022,2,Rabi,Fallow,1-68-0.00,2022-01-13,,,13.0416309,75.0919354,
441457831,24,Dakshina Kannada,3,Belthangady,3,VENURU,5,HOSANGADI,119,2021-2022,2,Rabi,Fallow,1-78-0.00,2022-01-13,,,13.0403908,75.0923974,
441457846,24,Dakshina Kannada,3,Belthangady,3,VENURU,5,HOSANGADI,119,2021-2022,2,Rabi,Fallow,1-62-0.00,2022-01-13,,,13.0407264,75.0925011,
441457868,24,Dakshina Kannada,3,Belthangady,3,VENURU,5,HOSANGADI,119,2021-2022,2,Rabi,Paddy-L,0-80-0.00,2022-01-13,january,1st week,13.0412417,75.093301,
441457872,24,Dakshina Kannada,3,Belthangady,3,VENURU,5,HOSANGADI,119,2021-2022,2,Rabi,Paddy-L,0-50-0.00,2022-01-13,january,1st week,13.0412367,75.0933181,
441457851,24,Dakshina Kannada,3,Belthangady,3,VENURU,5,HOSANGADI,119,2021-2022,2,Rabi,Fallow,0-94-0.00,2022-01-13,,,13.0407181,75.0925016,
441457855,24,Dakshina Kannada,3,Belthangady,3,VENURU,5,HOSANGADI,119,2021-2022,2,Rabi,Fallow,0-64-0.00,2022-01-13,,,13.0407242,75.0924987,
441457981,24,Dakshina Kannada,3,Belthangady,3,VENURU,10,BAJIRE,119,2021-2022,2,Rabi,NA Land ,1-9-0.00,2022-01-08,,,12.9779046,75.1397758,
441458033,24,Dakshina Kannada,3,Belthangady,3,VENURU,10,BAJIRE,119,2021-2022,2,Rabi,NA Land ,0-5-0.00,2022-01-08,,,12.9781798,75.1390311,
441458055,24,Dakshina Kannada,3,Belthangady,3,VENURU,10,BAJIRE,119,2021-2022,2,Rabi,NA Land ,0-16-0.00,2022-01-08,,,12.978128,75.1388922,
441458080,24,Dakshina Kannada,3,Belthangady,3,VENURU,10,BAJIRE,119,2021-2022,2,Rabi,Paddy-H,1-93-0.00,2022-01-08,january,5th week,12.9893257,75.1325562,
441458097,24,Dakshina Kannada,3,Belthangady,3,VENURU,10,BAJIRE,119,2021-2022,2,Rabi,Paddy-L,0-76-0.00,2022-01-08,january,1st week,12.9893367,75.13166,
441458036,24,Dakshina Kannada,3,Belthangady,3,VENURU,10,BAJIRE,119,2021-2022,2,Rabi,Fallow,0-14-0.00,2022-01-08,,,12.978145,75.138995,
441458038,24,Dakshina Kannada,3,Belthangady,3,VENURU,10,BAJIRE,119,2021-2022,2,Rabi,NA Land ,0-6-0.00,2022-01-08,,,12.9781949,75.1389493,
441458052,24,Dakshina Kannada,3,Belthangady,3,VENURU,10,BAJIRE,119,2021-2022,2,Rabi,NA Land ,0-16-0.00,2022-01-08,,,12.9782049,75.1388113,
441458105,24,Dakshina Kannada,3,Belthangady,3,VENURU,10,BAJIRE,119,2021-2022,2,Rabi,Paddy-L,0-46-0.00,2022-01-08,january,1st week,12.9893883,75.1316717,
441458142,24,Dakshina Kannada,3,Belthangady,3,VENURU,10,BAJIRE,119,2021-2022,2,Rabi,NA Land ,0-2-0.00,2022-01-08,,,12.9893273,75.1362697,
441458154,24,Dakshina Kannada,3,Belthangady,3,VENURU,10,BAJIRE,119,2021-2022,2,Rabi,Paddy-L,2-35-0.00,2022-01-08,january,1st week,12.989288,75.1362622,
441458101,24,Dakshina Kannada,3,Belthangady,3,VENURU,10,BAJIRE,119,2021-2022,2,Rabi,Betel Nuts (Areca nuts),0-61-0.00,2022-01-08,,,12.989345,75.1316733,
441458208,24,Dakshina Kannada,3,Belthangady,3,VENURU,10,BAJIRE,119,2021-2022,2,Rabi,Fallow,0-36-0.00,2022-01-08,,,12.9974028,75.1196509,
441458212,24,Dakshina Kannada,3,Belthangady,3,VENURU,10,BAJIRE,119,2021-2022,2,Rabi,Betel Nuts (Areca nuts),0-11-0.00,2022-01-08,,,12.9973525,75.1196141,
441458216,24,Dakshina Kannada,3,Belthangady,3,VENURU,10,BAJIRE,119,2021-2022,2,Rabi,NA Land ,0-29-0.00,2022-01-08,,,12.9973351,75.1196275,
441458226,24,Dakshina Kannada,3,Belthangady,3,VENURU,10,BAJIRE,119,2021-2022,2,Rabi,Harvest over Crop-Betel Nuts (Areca nuts),0-62-0.00,2022-01-08,,,12.9935771,75.1189616,
441458246,24,Dakshina Kannada,3,Belthangady,3,VENURU,10,BAJIRE,119,2021-2022,2,Rabi,NA Land ,0-18-0.00,2022-01-08,,,12.9926194,75.119097,
441458282,24,Dakshina Kannada,3,Belthangady,3,VENURU,10,BAJIRE,119,2021-2022,2,Rabi,NA Land ,0-27-0.00,2022-01-08,,,12.9911881,75.1182946,
441458285,24,Dakshina Kannada,3,Belthangady,3,VENURU,10,BAJIRE,119,2021-2022,2,Rabi,NA Land ,0-30-0.00,2022-01-08,,,12.9909367,75.1177134,
441458301,24,Dakshina Kannada,3,Belthangady,3,VENURU,10,BAJIRE,119,2021-2022,2,Rabi,NA Land ,0-7-0.00,2022-01-08,,,12.99034666666667,75.11766666666668,
441458250,24,Dakshina Kannada,3,Belthangady,3,VENURU,10,BAJIRE,119,2021-2022,2,Rabi,NA Land ,0-10-0.00,2022-01-08,,,12.9926347,75.1191592,
441458261,24,Dakshina Kannada,3,Belthangady,3,VENURU,10,BAJIRE,119,2021-2022,2,Rabi,NA Land ,0-7-0.00,2022-01-08,,,12.9926042,75.1191993,
441458277,24,Dakshina Kannada,3,Belthangady,3,VENURU,10,BAJIRE,119,2021-2022,2,Rabi,NA Land ,0-25-0.00,2022-01-08,,,12.9923818,75.1194682,
441458288,24,Dakshina Kannada,3,Belthangady,3,VENURU,10,BAJIRE,119,2021-2022,2,Rabi,Betel Nuts (Areca nuts),2-90-0.00,2022-01-08,,,12.9909167,75.1177667,
441458298,24,Dakshina Kannada,3,Belthangady,3,VENURU,10,BAJIRE,119,2021-2022,2,Rabi,NA Land ,0-5-0.00,2022-01-08,,,12.9903694,75.1176842,
441457872,24,Dakshina Kannada,3,Belthangady,3,VENURU,5,HOSANGADI,119,2021-2022,2,Rabi,Coconut,0-58-0.00,2022-01-13,,,13.0412145,75.0933076,
441457872,24,Dakshina Kannada,3,Belthangady,3,VENURU,5,HOSANGADI,119,2021-2022,2,Rabi,Coconut,0-58-0.00,2022-01-13,,,13.0411857,75.0933006,
441457984,24,Dakshina Kannada,3,Belthangady,3,VENURU,10,BAJIRE,119,2021-2022,2,Rabi,NA Land ,0-49-0.00,2022-01-08,,,12.9779461,75.1397707,
441457992,24,Dakshina Kannada,3,Belthangady,3,VENURU,10,BAJIRE,119,2021-2022,2,Rabi,NA Land ,0-9-0.00,2022-01-08,,,12.9779121,75.1398295,
441458010,24,Dakshina Kannada,3,Belthangady,3,VENURU,10,BAJIRE,119,2021-2022,2,Rabi,Betel Nuts (Areca nuts),0-18-0.00,2022-01-08,,,12.978164,75.138916,
441458017,24,Dakshina Kannada,3,Belthangady,3,VENURU,10,BAJIRE,119,2021-2022,2,Rabi,NA Land ,0-7-0.00,2022-01-08,,,12.9781553,75.1389111,
441458024,24,Dakshina Kannada,3,Belthangady,3,VENURU,10,BAJIRE,119,2021-2022,2,Rabi,NA Land ,0-16-0.00,2022-01-08,,,12.9781373,75.138988,
441457863,24,Dakshina Kannada,3,Belthangady,3,VENURU,5,HOSANGADI,119,2021-2022,2,Rabi,Fallow,0-82-0.00,2022-01-13,,,13.0407224,75.0924992,
441458116,24,Dakshina Kannada,3,Belthangady,3,VENURU,10,BAJIRE,119,2021-2022,2,Rabi,Betel Nuts (Areca nuts),0-9-0.00,2022-01-08,,,12.9893733,75.13165,
441458124,24,Dakshina Kannada,3,Belthangady,3,VENURU,10,BAJIRE,119,2021-2022,2,Rabi,Fallow,0-24-0.00,2022-01-08,,,12.9917061,75.1326888,
441458180,24,Dakshina Kannada,3,Belthangady,3,VENURU,10,BAJIRE,119,2021-2022,2,Rabi,Betel Nuts (Areca nuts),2-65-0.00,2022-01-08,,,12.987215,75.1350714,
441458199,24,Dakshina Kannada,3,Belthangady,3,VENURU,10,BAJIRE,119,2021-2022,2,Rabi,Betel Nuts (Areca nuts),0-24-0.00,2022-01-08,,,12.99188,75.1326483,
441458203,24,Dakshina Kannada,3,Belthangady,3,VENURU,10,BAJIRE,119,2021-2022,2,Rabi,Betel Nuts (Areca nuts),0-22-0.00,2022-01-08,,,13.001579,75.1215376,
441458021,24,Dakshina Kannada,3,Belthangady,3,VENURU,10,BAJIRE,119,2021-2022,2,Rabi,NA Land ,0-4-0.00,2022-01-08,,,12.9781727,75.1389625,
441458030,24,Dakshina Kannada,3,Belthangady,3,VENURU,10,BAJIRE,119,2021-2022,2,Rabi,Fallow,0-13-0.00,2022-01-08,,,12.9782161,75.1389963,
441458041,24,Dakshina Kannada,3,Belthangady,3,VENURU,10,BAJIRE,119,2021-2022,2,Rabi,Betel Nuts (Areca nuts),0-12-0.00,2022-01-08,,,12.9781685,75.1389408,
441458044,24,Dakshina Kannada,3,Belthangady,3,VENURU,10,BAJIRE,119,2021-2022,2,Rabi,NA Land ,0-10-0.00,2022-01-08,,,12.9781853,75.1389399,
441458076,24,Dakshina Kannada,3,Belthangady,3,VENURU,10,BAJIRE,119,2021-2022,2,Rabi,Paddy-L,0-75-0.00,2022-01-08,january,5th week,12.9893441,75.1325141,
441458084,24,Dakshina Kannada,3,Belthangady,3,VENURU,10,BAJIRE,119,2021-2022,2,Rabi,Paddy-L,0-93-0.00,2022-01-08,january,4th week,12.9893529,75.1325778,
441458138,24,Dakshina Kannada,3,Belthangady,3,VENURU,10,BAJIRE,119,2021-2022,2,Rabi,Paddy-L,1-14-0.00,2022-01-08,january,1st week,12.9893363,75.1362801,
441458253,24,Dakshina Kannada,3,Belthangady,3,VENURU,10,BAJIRE,119,2021-2022,2,Rabi,NA Land ,0-3-0.00,2022-01-08,,,12.9926414,75.1191306,
441458309,24,Dakshina Kannada,3,Belthangady,3,VENURU,10,BAJIRE,119,2021-2022,2,Rabi,NA Land ,0-2-0.00,2022-01-08,,,12.9903467,75.1176353,
440949807,24,Dakshina Kannada,3,Belthangady,3,VENURU,5,HOSANGADI,119,2021-2022,2,Rabi,Fallow,0-69-0.00,2022-01-06,,,13.0377028,75.1083754,
440949924,24,Dakshina Kannada,3,Belthangady,3,VENURU,5,HOSANGADI,119,2021-2022,2,Rabi,NA Land ,0-2-0.00,2022-01-06,,,13.0376986,75.1083427,
441521521,24,Dakshina Kannada,3,Belthangady,3,VENURU,5,HOSANGADI,119,2021-2022,2,Rabi,NA Land ,0-5-0.00,2022-01-14,,,13.0589148,75.0887434,
441521527,24,Dakshina Kannada,3,Belthangady,3,VENURU,5,HOSANGADI,119,2021-2022,2,Rabi,Fallow,1-48-0.00,2022-01-14,,,13.0589237,75.0887317,
441521535,24,Dakshina Kannada,3,Belthangady,3,VENURU,5,HOSANGADI,119,2021-2022,2,Rabi,Fallow,0-44-0.00,2022-01-14,,,13.0589248,75.0887323,
441521572,24,Dakshina Kannada,3,Belthangady,3,VENURU,5,HOSANGADI,119,2021-2022,2,Rabi,Fallow,0-20-0.00,2022-01-14,,,13.0590042,75.0887841,
441521629,24,Dakshina Kannada,3,Belthangady,3,VENURU,5,HOSANGADI,119,2021-2022,2,Rabi,NA Land ,0-7-0.00,2022-01-14,,,13.0338242,75.0954249,
441521640,24,Dakshina Kannada,3,Belthangady,3,VENURU,5,HOSANGADI,119,2021-2022,2,Rabi,NA Land ,0-4-0.00,2022-01-14,,,13.0340521,75.0954941,
441521659,24,Dakshina Kannada,3,Belthangady,3,VENURU,5,HOSANGADI,119,2021-2022,2,Rabi,Fallow,0-40-0.00,2022-01-14,,,13.0340354,75.0955217,
441521666,24,Dakshina Kannada,3,Belthangady,3,VENURU,5,HOSANGADI,119,2021-2022,2,Rabi,NA Land ,0-5-0.00,2022-01-14,,,13.0340487,75.0955086,
441521666,24,Dakshina Kannada,3,Belthangady,3,VENURU,5,HOSANGADI,119,2021-2022,2,Rabi,Fallow,0-20-0.00,2022-01-14,,,13.0340436,75.0955008,
441521695,24,Dakshina Kannada,3,Belthangady,3,VENURU,5,HOSANGADI,119,2021-2022,2,Rabi,Fallow,0-74-0.00,2022-01-14,,,13.0318787,75.0947556,
441521475,24,Dakshina Kannada,3,Belthangady,3,VENURU,5,HOSANGADI,119,2021-2022,2,Rabi,Fallow,0-22-0.00,2022-01-14,,,13.0589929,75.088791,
441521543,24,Dakshina Kannada,3,Belthangady,3,VENURU,5,HOSANGADI,119,2021-2022,2,Rabi,Fallow,0-39-0.00,2022-01-14,,,13.0589364,75.0887367,
441521558,24,Dakshina Kannada,3,Belthangady,3,VENURU,5,HOSANGADI,119,2021-2022,2,Rabi,NA Land ,0-9-0.00,2022-01-14,,,13.0590113,75.088771,
441521558,24,Dakshina Kannada,3,Belthangady,3,VENURU,5,HOSANGADI,119,2021-2022,2,Rabi,Fallow,0-10-0.00,2022-01-14,,,13.0589824,75.0887722,
441521589,24,Dakshina Kannada,3,Belthangady,3,VENURU,5,HOSANGADI,119,2021-2022,2,Rabi,Fallow,0-65-0.00,2022-01-14,,,13.0589965,75.0887776,
441521618,24,Dakshina Kannada,3,Belthangady,3,VENURU,5,HOSANGADI,119,2021-2022,2,Rabi,Fallow,0-65-0.00,2022-01-14,,,13.033836,75.095444,
441521678,24,Dakshina Kannada,3,Belthangady,3,VENURU,5,HOSANGADI,119,2021-2022,2,Rabi,Fallow,0-26-0.00,2022-01-14,,,13.0319349,75.0947917,
441521693,24,Dakshina Kannada,3,Belthangady,3,VENURU,5,HOSANGADI,119,2021-2022,2,Rabi,Fallow,1-86-0.00,2022-01-14,,,13.0318709,75.094744,
441521613,24,Dakshina Kannada,3,Belthangady,3,VENURU,5,HOSANGADI,119,2021-2022,2,Rabi,Fallow,0-38-0.00,2022-01-14,,,13.0589874,75.0887894,
441521644,24,Dakshina Kannada,3,Belthangady,3,VENURU,5,HOSANGADI,119,2021-2022,2,Rabi,NA Land ,0-7-50.00,2022-01-14,,,13.0340496,75.0955,
441521669,24,Dakshina Kannada,3,Belthangady,3,VENURU,5,HOSANGADI,119,2021-2022,2,Rabi,Fallow,0-25-0.00,2022-01-14,,,13.0340433,75.0954999,
441521688,24,Dakshina Kannada,3,Belthangady,3,VENURU,5,HOSANGADI,119,2021-2022,2,Rabi,Fallow,1-10-0.00,2022-01-14,,,13.0318483,75.0947211,
441521448,24,Dakshina Kannada,3,Belthangady,3,VENURU,5,HOSANGADI,119,2021-2022,2,Rabi,NA Land ,0-17-0.00,2022-01-14,,,13.058989,75.0888113,
441521467,24,Dakshina Kannada,3,Belthangady,3,VENURU,5,HOSANGADI,119,2021-2022,2,Rabi,Fallow,0-41-0.00,2022-01-14,,,13.0589934,75.088791,
441521505,24,Dakshina Kannada,3,Belthangady,3,VENURU,5,HOSANGADI,119,2021-2022,2,Rabi,Fallow,0-53-0.00,2022-01-14,,,13.0589771,75.0888028,
440755129,24,Dakshina Kannada,3,Belthangady,3,VENURU,10,BAJIRE,119,2021-2022,2,Rabi,NA Land ,0-15-0.00,2022-01-04,,,12.986775,75.137905,
440879063,24,Dakshina Kannada,3,Belthangady,3,VENURU,5,HOSANGADI,119,2021-2022,2,Rabi,Fallow,1-24-0.00,2022-01-05,,,13.0403765,75.0814919,
441042882,24,Dakshina Kannada,3,Belthangady,3,VENURU,5,HOSANGADI,119,2021-2022,2,Rabi,NA Land ,0-5-0.00,2022-01-07,,,13.0314299,75.1019018,
441042895,24,Dakshina Kannada,3,Belthangady,3,VENURU,5,HOSANGADI,119,2021-2022,2,Rabi,NA Land ,0-10-0.00,2022-01-07,,,13.0314313,75.1019078,
441579576,24,Dakshina Kannada,3,Belthangady,3,VENURU,10,BAJIRE,119,2021-2022,2,Rabi,Paddy-L,1-18-0.00,2022-01-15,january,1st week,12.985322,75.1408507,
441579595,24,Dakshina Kannada,3,Belthangady,3,VENURU,10,BAJIRE,119,2021-2022,2,Rabi,NA Land ,0-43-0.00,2022-01-15,,,12.9869895,75.1432923,
441579615,24,Dakshina Kannada,3,Belthangady,3,VENURU,10,BAJIRE,119,2021-2022,2,Rabi,NA Land ,0-67-0.00,2022-01-15,,,12.9873577,75.1449936,
441579622,24,Dakshina Kannada,3,Belthangady,3,VENURU,10,BAJIRE,119,2021-2022,2,Rabi,NA Land ,0-47-0.00,2022-01-15,,,12.987388333333335,75.14497166666666,
441585813,24,Dakshina Kannada,3,Belthangady,3,VENURU,5,HOSANGADI,119,2021-2022,2,Rabi,Paddy-L,0-96-0.00,2022-01-14,january,1st week,13.0322483,75.0660199,
441585813,24,Dakshina Kannada,3,Belthangady,3,VENURU,5,HOSANGADI,119,2021-2022,2,Rabi,Betel Nuts (Areca nuts),1-76-0.00,2022-01-14,,,13.0322528,75.0660071,
441585813,24,Dakshina Kannada,3,Belthangady,3,VENURU,5,HOSANGADI,119,2021-2022,2,Rabi,Betel Nuts (Areca nuts),1-76-0.00,2022-01-14,,,13.0322983,75.0659967,
441585853,24,Dakshina Kannada,3,Belthangady,3,VENURU,5,HOSANGADI,119,2021-2022,2,Rabi,Paddy-L,0-29-0.00,2022-01-14,january,1st week,13.0323112,75.0660402,
441585934,24,Dakshina Kannada,3,Belthangady,3,VENURU,5,HOSANGADI,119,2021-2022,2,Rabi,Fallow,0-17-0.00,2022-01-14,,,13.0359387,75.0774432,
441585939,24,Dakshina Kannada,3,Belthangady,3,VENURU,5,HOSANGADI,119,2021-2022,2,Rabi,NA Land ,0-5-0.00,2022-01-14,,,13.0352822,75.0759453,
441585974,24,Dakshina Kannada,3,Belthangady,3,VENURU,5,HOSANGADI,119,2021-2022,2,Rabi,Fallow,1-88-0.00,2022-01-14,,,13.0352904,75.076993,
441585978,24,Dakshina Kannada,3,Belthangady,3,VENURU,5,HOSANGADI,119,2021-2022,2,Rabi,Fallow,0-4-0.00,2022-01-15,,,13.0334226,75.0994695,
441585981,24,Dakshina Kannada,3,Belthangady,3,VENURU,5,HOSANGADI,119,2021-2022,2,Rabi,Fallow,0-80-0.00,2022-01-15,,,13.0334195,75.0995201,
441585984,24,Dakshina Kannada,3,Belthangady,3,VENURU,5,HOSANGADI,119,2021-2022,2,Rabi,NA Land ,0-15-0.00,2022-01-15,,,13.0324484,75.1023118,
441585981,24,Dakshina Kannada,3,Belthangady,3,VENURU,5,HOSANGADI,119,2021-2022,2,Rabi,Betel Nuts (Areca nuts),1-0-0.00,2022-01-15,,,13.0334215,75.0995261,
441585981,24,Dakshina Kannada,3,Belthangady,3,VENURU,5,HOSANGADI,119,2021-2022,2,Rabi,Betel Nuts (Areca nuts),1-0-0.00,2022-01-15,,,13.0334224,75.0995277,
441586027,24,Dakshina Kannada,3,Belthangady,3,VENURU,5,HOSANGADI,119,2021-2022,2,Rabi,NA Land ,0-10-0.00,2022-01-15,,,13.030539,75.1011055,
441586056,24,Dakshina Kannada,3,Belthangady,3,VENURU,5,HOSANGADI,119,2021-2022,2,Rabi,NA Land ,0-10-0.00,2022-01-15,,,13.0305399,75.1010856,
441586076,24,Dakshina Kannada,3,Belthangady,3,VENURU,5,HOSANGADI,119,2021-2022,2,Rabi,Fallow,0-22-0.00,2022-01-15,,,13.0305443,75.1010882,
441585803,24,Dakshina Kannada,3,Belthangady,3,VENURU,5,HOSANGADI,119,2021-2022,2,Rabi,Paddy-L,0-78-0.00,2022-01-14,january,1st week,13.0322453,75.0660279,
441585819,24,Dakshina Kannada,3,Belthangady,3,VENURU,5,HOSANGADI,119,2021-2022,2,Rabi,Paddy-L,0-32-0.00,2022-01-14,january,1st week,13.0322868,75.0659818,
441585844,24,Dakshina Kannada,3,Belthangady,3,VENURU,5,HOSANGADI,119,2021-2022,2,Rabi,Fallow,0-21-0.00,2022-01-14,,,13.0322835,75.0660423,
441585861,24,Dakshina Kannada,3,Belthangady,3,VENURU,5,HOSANGADI,119,2021-2022,2,Rabi,NA Land ,0-7-0.00,2022-01-14,,,13.0323102,75.0660397,
441261031,24,Dakshina Kannada,3,Belthangady,3,VENURU,5,HOSANGADI,119,2021-2022,2,Rabi,NA Land ,0-10-0.00,2022-01-11,,,13.0254801,75.1083706,
441260879,24,Dakshina Kannada,3,Belthangady,3,VENURU,5,HOSANGADI,119,2021-2022,2,Rabi,Fallow,0-36-0.00,2022-01-11,,,13.0270806,75.106742,
441260939,24,Dakshina Kannada,3,Belthangady,3,VENURU,5,HOSANGADI,119,2021-2022,2,Rabi,NA Land ,0-6-0.00,2022-01-11,,,13.0252953,75.1075534,
441260996,24,Dakshina Kannada,3,Belthangady,3,VENURU,5,HOSANGADI,119,2021-2022,2,Rabi,Fallow,0-68-0.00,2022-01-11,,,13.0254288,75.1083343,
441260886,24,Dakshina Kannada,3,Belthangady,3,VENURU,5,HOSANGADI,119,2021-2022,2,Rabi,NA Land ,0-9-0.00,2022-01-11,,,13.0270756,75.1067478,
441260975,24,Dakshina Kannada,3,Belthangady,3,VENURU,5,HOSANGADI,119,2021-2022,2,Rabi,Fallow,0-15-0.00,2022-01-11,,,13.0241994,75.107666,
441261014,24,Dakshina Kannada,3,Belthangady,3,VENURU,5,HOSANGADI,119,2021-2022,2,Rabi,NA Land ,0-5-0.00,2022-01-11,,,13.0254871,75.1083649,
441261037,24,Dakshina Kannada,3,Belthangady,3,VENURU,5,HOSANGADI,119,2021-2022,2,Rabi,Fallow,0-11-0.00,2022-01-11,,,13.0254789,75.1083707,
441261062,24,Dakshina Kannada,3,Belthangady,3,VENURU,5,HOSANGADI,119,2021-2022,2,Rabi,Fallow,0-9-0.00,2022-01-11,,,13.0254836,75.1083708,
441261067,24,Dakshina Kannada,3,Belthangady,3,VENURU,5,HOSANGADI,119,2021-2022,2,Rabi,Fallow,0-29-0.00,2022-01-11,,,13.0254764,75.1083737,
441282270,24,Dakshina Kannada,3,Belthangady,3,VENURU,5,HOSANGADI,119,2021-2022,2,Rabi,Fallow,0-30-0.00,2022-01-11,,,13.0349976,75.0976623,
441283037,24,Dakshina Kannada,3,Belthangady,3,VENURU,5,HOSANGADI,119,2021-2022,2,Rabi,Fallow,0-40-0.00,2022-01-11,,,13.0350037,75.097656,
441283059,24,Dakshina Kannada,3,Belthangady,3,VENURU,5,HOSANGADI,119,2021-2022,2,Rabi,Fallow,1-66-0.00,2022-01-11,,,13.0349879,75.0976719,
441283074,24,Dakshina Kannada,3,Belthangady,3,VENURU,5,HOSANGADI,119,2021-2022,2,Rabi,Fallow,2-4-0.00,2022-01-11,,,13.0358982,75.0937117,
441283092,24,Dakshina Kannada,3,Belthangady,3,VENURU,5,HOSANGADI,119,2021-2022,2,Rabi,Fallow,1-62-0.00,2022-01-11,,,13.036475,75.0909431,
441283116,24,Dakshina Kannada,3,Belthangady,3,VENURU,5,HOSANGADI,119,2021-2022,2,Rabi,Fallow,0-4-0.00,2022-01-11,,,13.0373405,75.0919573,
441283135,24,Dakshina Kannada,3,Belthangady,3,VENURU,5,HOSANGADI,119,2021-2022,2,Rabi,Fallow,0-20-0.00,2022-01-11,,,13.0372869,75.0926096,
441283141,24,Dakshina Kannada,3,Belthangady,3,VENURU,5,HOSANGADI,119,2021-2022,2,Rabi,Fallow,0-54-0.00,2022-01-11,,,13.0372816,75.0926111,
441503532,24,Dakshina Kannada,3,Belthangady,3,VENURU,10,BAJIRE,119,2021-2022,2,Rabi,Fallow,0-50-0.00,2022-01-14,,,12.9844517,75.12776,
441503536,24,Dakshina Kannada,3,Belthangady,3,VENURU,10,BAJIRE,119,2021-2022,2,Rabi,NA Land ,1-0-0.00,2022-01-14,,,12.9844591,75.1277616,
441521456,24,Dakshina Kannada,3,Belthangady,3,VENURU,5,HOSANGADI,119,2021-2022,2,Rabi,Fallow,0-21-0.00,2022-01-14,,,13.058993,75.0887941,
441521484,24,Dakshina Kannada,3,Belthangady,3,VENURU,5,HOSANGADI,119,2021-2022,2,Rabi,Fallow,0-12-0.00,2022-01-14,,,13.0589925,75.0887911,
441521578,24,Dakshina Kannada,3,Belthangady,3,VENURU,5,HOSANGADI,119,2021-2022,2,Rabi,Fallow,0-50-0.00,2022-01-14,,,13.0590025,75.0887834,
441521583,24,Dakshina Kannada,3,Belthangady,3,VENURU,5,HOSANGADI,119,2021-2022,2,Rabi,Fallow,0-50-0.00,2022-01-14,,,13.0589983,75.0887783,
441521655,24,Dakshina Kannada,3,Belthangady,3,VENURU,5,HOSANGADI,119,2021-2022,2,Rabi,Fallow,0-2-0.00,2022-01-14,,,13.0339848,75.0955537,
441521690,24,Dakshina Kannada,3,Belthangady,3,VENURU,5,HOSANGADI,119,2021-2022,2,Rabi,Fallow,0-32-0.00,2022-01-14,,,13.0318379,75.0947697,
441521699,24,Dakshina Kannada,3,Belthangady,3,VENURU,5,HOSANGADI,119,2021-2022,2,Rabi,Fallow,0-49-0.00,2022-01-14,,,13.0300968,75.0942306,
441259096,24,Dakshina Kannada,3,Belthangady,3,VENURU,5,HOSANGADI,119,2021-2022,2,Rabi,Fallow,0-71-0.00,2022-01-10,,,13.0411836,75.0692708,
441259102,24,Dakshina Kannada,3,Belthangady,3,VENURU,5,HOSANGADI,119,2021-2022,2,Rabi,Fallow,0-23-0.00,2022-01-10,,,13.0411876,75.0692826,
441259117,24,Dakshina Kannada,3,Belthangady,3,VENURU,5,HOSANGADI,119,2021-2022,2,Rabi,Fallow,1-35-0.00,2022-01-10,,,13.0412107,75.0692749,
441259138,24,Dakshina Kannada,3,Belthangady,3,VENURU,5,HOSANGADI,119,2021-2022,2,Rabi,Fallow,0-11-0.00,2022-01-10,,,13.0443002,75.0740452,
441259141,24,Dakshina Kannada,3,Belthangady,3,VENURU,5,HOSANGADI,119,2021-2022,2,Rabi,Fallow,0-2-0.00,2022-01-10,,,13.0443014,75.0740461,
441259168,24,Dakshina Kannada,3,Belthangady,3,VENURU,5,HOSANGADI,119,2021-2022,2,Rabi,Fallow,0-20-0.00,2022-01-10,,,13.0300382,75.0715115,
441259223,24,Dakshina Kannada,3,Belthangady,3,VENURU,5,HOSANGADI,119,2021-2022,2,Rabi,Fallow,0-39-0.00,2022-01-10,,,13.029415,75.0685484,
441259208,24,Dakshina Kannada,3,Belthangady,3,VENURU,5,HOSANGADI,119,2021-2022,2,Rabi,Fallow,0-30-0.00,2022-01-10,,,13.02941,75.0685384,
441259208,24,Dakshina Kannada,3,Belthangady,3,VENURU,5,HOSANGADI,119,2021-2022,2,Rabi,Betel Nuts (Areca nuts),0-97-0.00,2022-01-10,,,13.0294095,75.0685391,
441259252,24,Dakshina Kannada,3,Belthangady,3,VENURU,5,HOSANGADI,119,2021-2022,2,Rabi,Paddy-L,0-48-0.00,2022-01-10,january,1st week,13.0289175,75.0683102,
441259283,24,Dakshina Kannada,3,Belthangady,3,VENURU,5,HOSANGADI,119,2021-2022,2,Rabi,Paddy-L,0-85-0.00,2022-01-10,january,1st week,13.0293457,75.0681862,
441259248,24,Dakshina Kannada,3,Belthangady,3,VENURU,5,HOSANGADI,119,2021-2022,2,Rabi,Paddy-L,0-18-0.00,2022-01-10,january,1st week,13.0288137,75.0683223,
441259344,24,Dakshina Kannada,3,Belthangady,3,VENURU,5,HOSANGADI,119,2021-2022,2,Rabi,Paddy-L,0-51-0.00,2022-01-10,january,1st week,13.0329633,75.0697112,
441259283,24,Dakshina Kannada,3,Belthangady,3,VENURU,5,HOSANGADI,119,2021-2022,2,Rabi,Betel Nuts (Areca nuts),1-25-0.00,2022-01-10,,,13.0293512,75.0681884,
441259309,24,Dakshina Kannada,3,Belthangady,3,VENURU,5,HOSANGADI,119,2021-2022,2,Rabi,Fallow,0-61-0.00,2022-01-10,,,13.0371766,75.0691297,
441260872,24,Dakshina Kannada,3,Belthangady,3,VENURU,5,HOSANGADI,119,2021-2022,2,Rabi,Fallow,0-22-0.00,2022-01-11,,,13.0281038,75.1071555,
441260927,24,Dakshina Kannada,3,Belthangady,3,VENURU,5,HOSANGADI,119,2021-2022,2,Rabi,NA Land ,0-16-0.00,2022-01-11,,,13.0252925,75.107567,
441260956,24,Dakshina Kannada,3,Belthangady,3,VENURU,5,HOSANGADI,119,2021-2022,2,Rabi,Fallow,0-50-0.00,2022-01-11,,,13.0241513,75.1076527,
441260956,24,Dakshina Kannada,3,Belthangady,3,VENURU,5,HOSANGADI,119,2021-2022,2,Rabi,Betel Nuts (Areca nuts),1-50-0.00,2022-01-11,,,13.0241596,75.1076443,
441261054,24,Dakshina Kannada,3,Belthangady,3,VENURU,5,HOSANGADI,119,2021-2022,2,Rabi,Fallow,0-12-0.00,2022-01-11,,,13.025483,75.1083692,
441260983,24,Dakshina Kannada,3,Belthangady,3,VENURU,5,HOSANGADI,119,2021-2022,2,Rabi,Fallow,0-20-0.00,2022-01-11,,,13.0241963,75.1076604,
441261001,24,Dakshina Kannada,3,Belthangady,3,VENURU,5,HOSANGADI,119,2021-2022,2,Rabi,Fallow,0-36-0.00,2022-01-11,,,13.0254567,75.1083502,
441261009,24,Dakshina Kannada,3,Belthangady,3,VENURU,5,HOSANGADI,119,2021-2022,2,Rabi,Fallow,0-25-0.00,2022-01-11,,,13.0254696,75.1083494,
441470040,24,Dakshina Kannada,3,Belthangady,3,VENURU,5,HOSANGADI,119,2021-2022,2,Rabi,Fallow,0-33-0.00,2022-01-13,,,13.0374167,75.089661,
441503540,24,Dakshina Kannada,3,Belthangady,3,VENURU,10,BAJIRE,119,2021-2022,2,Rabi,NA Land ,0-11-0.00,2022-01-14,,,12.9844919,75.1277484,
441503543,24,Dakshina Kannada,3,Belthangady,3,VENURU,10,BAJIRE,119,2021-2022,2,Rabi,NA Land ,0-18-0.00,2022-01-14,,,12.9844833,75.1277617,
441601078,24,Dakshina Kannada,3,Belthangady,3,VENURU,10,BAJIRE,119,2021-2022,2,Rabi,Betel Nuts (Areca nuts),3-44-0.00,2022-01-15,,,13.0016887,75.1345215,
441585883,24,Dakshina Kannada,3,Belthangady,3,VENURU,5,HOSANGADI,119,2021-2022,2,Rabi,NA Land ,0-16-0.00,2022-01-14,,,13.0311098,75.0661241,
441585923,24,Dakshina Kannada,3,Belthangady,3,VENURU,5,HOSANGADI,119,2021-2022,2,Rabi,Fallow,2-90-0.00,2022-01-14,,,13.0359316,75.077431,
441585923,24,Dakshina Kannada,3,Belthangady,3,VENURU,5,HOSANGADI,119,2021-2022,2,Rabi,Coconut,1-0-0.00,2022-01-14,,,13.0359359,75.0774285,
441585923,24,Dakshina Kannada,3,Belthangady,3,VENURU,5,HOSANGADI,119,2021-2022,2,Rabi,Coconut,1-0-0.00,2022-01-14,,,13.0359307,75.0774195,
441585958,24,Dakshina Kannada,3,Belthangady,3,VENURU,5,HOSANGADI,119,2021-2022,2,Rabi,NA Land ,0-5-0.00,2022-01-14,,,13.0352856,75.0759244,
441585992,24,Dakshina Kannada,3,Belthangady,3,VENURU,5,HOSANGADI,119,2021-2022,2,Rabi,NA Land ,0-11-0.00,2022-01-15,,,13.0327536,75.1021717,
441585994,24,Dakshina Kannada,3,Belthangady,3,VENURU,5,HOSANGADI,119,2021-2022,2,Rabi,Fallow,0-24-0.00,2022-01-15,,,13.0327591,75.1021679,
441586067,24,Dakshina Kannada,3,Belthangady,3,VENURU,5,HOSANGADI,119,2021-2022,2,Rabi,NA Land ,0-4-0.00,2022-01-15,,,13.0305421,75.1010852,
441586086,24,Dakshina Kannada,3,Belthangady,3,VENURU,5,HOSANGADI,119,2021-2022,2,Rabi,NA Land ,0-10-0.00,2022-01-15,,,13.0300886,75.1010966,
441586086,24,Dakshina Kannada,3,Belthangady,3,VENURU,5,HOSANGADI,119,2021-2022,2,Rabi,Fallow,1-60-0.00,2022-01-15,,,13.0300916,75.1010947,
441586169,24,Dakshina Kannada,3,Belthangady,3,VENURU,5,HOSANGADI,119,2021-2022,2,Rabi,NA Land ,0-10-0.00,2022-01-15,,,13.0301306,75.1007793,
441586169,24,Dakshina Kannada,3,Belthangady,3,VENURU,5,HOSANGADI,119,2021-2022,2,Rabi,Fallow,0-55-0.00,2022-01-15,,,13.0301287,75.100788,
441586187,24,Dakshina Kannada,3,Belthangady,3,VENURU,5,HOSANGADI,119,2021-2022,2,Rabi,Fallow,0-7-0.00,2022-01-15,,,13.0281341,75.0986319,
441585948,24,Dakshina Kannada,3,Belthangady,3,VENURU,5,HOSANGADI,119,2021-2022,2,Rabi,Fallow,0-69-0.00,2022-01-14,,,13.0352823,75.0759214,
441585955,24,Dakshina Kannada,3,Belthangady,3,VENURU,5,HOSANGADI,119,2021-2022,2,Rabi,Fallow,0-40-0.00,2022-01-14,,,13.0352856,75.0759242,
441586149,24,Dakshina Kannada,3,Belthangady,3,VENURU,5,HOSANGADI,119,2021-2022,2,Rabi,NA Land ,0-17-0.00,2022-01-15,,,13.0301144,75.1007119,
441585910,24,Dakshina Kannada,3,Belthangady,3,VENURU,5,HOSANGADI,119,2021-2022,2,Rabi,NA Land ,0-9-0.00,2022-01-14,,,13.0359292,75.0774401,
441585928,24,Dakshina Kannada,3,Belthangady,3,VENURU,5,HOSANGADI,119,2021-2022,2,Rabi,Fallow,0-23-0.00,2022-01-14,,,13.035931,75.0774187,
441585963,24,Dakshina Kannada,3,Belthangady,3,VENURU,5,HOSANGADI,119,2021-2022,2,Rabi,Fallow,0-11-0.00,2022-01-14,,,13.035281,75.0759277,
441586000,24,Dakshina Kannada,3,Belthangady,3,VENURU,5,HOSANGADI,119,2021-2022,2,Rabi,NA Land ,0-10-0.00,2022-01-15,,,13.0305447,75.1010864,
441586020,24,Dakshina Kannada,3,Belthangady,3,VENURU,5,HOSANGADI,119,2021-2022,2,Rabi,NA Land ,0-5-0.00,2022-01-15,,,13.0305365,75.1011049,
441586020,24,Dakshina Kannada,3,Belthangady,3,VENURU,5,HOSANGADI,119,2021-2022,2,Rabi,Fallow,0-30-0.00,2022-01-15,,,13.0305388,75.101104,
441586052,24,Dakshina Kannada,3,Belthangady,3,VENURU,5,HOSANGADI,119,2021-2022,2,Rabi,NA Land ,0-10-0.00,2022-01-15,,,13.03054,75.1010969,
441586158,24,Dakshina Kannada,3,Belthangady,3,VENURU,5,HOSANGADI,119,2021-2022,2,Rabi,NA Land ,0-10-0.00,2022-01-15,,,13.0301268,75.100803,
441586158,24,Dakshina Kannada,3,Belthangady,3,VENURU,5,HOSANGADI,119,2021-2022,2,Rabi,Fallow,0-20-0.00,2022-01-15,,,13.0301063,75.1007992,
441586217,24,Dakshina Kannada,3,Belthangady,3,VENURU,5,HOSANGADI,119,2021-2022,2,Rabi,Paddy-L,1-23-0.00,2022-01-15,january,1st week,13.0282065,75.0985491,
441586288,24,Dakshina Kannada,3,Belthangady,3,VENURU,5,HOSANGADI,119,2021-2022,2,Rabi,NA Land ,0-14-0.00,2022-01-15,,,13.0270362,75.1003978,
441458304,24,Dakshina Kannada,3,Belthangady,3,VENURU,10,BAJIRE,119,2021-2022,2,Rabi,NA Land ,0-70-0.00,2022-01-08,,,12.9903704,75.1176089,
441457840,24,Dakshina Kannada,3,Belthangady,3,VENURU,5,HOSANGADI,119,2021-2022,2,Rabi,Fallow,0-10-0.00,2022-01-13,,,13.0407298,75.0925161,
441457988,24,Dakshina Kannada,3,Belthangady,3,VENURU,10,BAJIRE,119,2021-2022,2,Rabi,NA Land ,0-2-75.00,2022-01-08,,,12.9779338,75.1397544,
441458059,24,Dakshina Kannada,3,Belthangady,3,VENURU,10,BAJIRE,119,2021-2022,2,Rabi,NA Land ,0-19-0.00,2022-01-08,,,12.9781317,75.1389008,
441458070,24,Dakshina Kannada,3,Belthangady,3,VENURU,10,BAJIRE,119,2021-2022,2,Rabi,NA Land ,0-9-0.00,2022-01-08,,,12.9780631,75.1388837,
441458091,24,Dakshina Kannada,3,Belthangady,3,VENURU,10,BAJIRE,119,2021-2022,2,Rabi,Paddy-H,0-93-0.00,2022-01-08,january,4th week,12.9893879,75.1316668,
441458112,24,Dakshina Kannada,3,Belthangady,3,VENURU,10,BAJIRE,119,2021-2022,2,Rabi,NA Land ,0-3-0.00,2022-01-08,,,12.9893836,75.1316768,
441458129,24,Dakshina Kannada,3,Belthangady,3,VENURU,10,BAJIRE,119,2021-2022,2,Rabi,Betel Nuts (Areca nuts),1-10-0.00,2022-01-08,,,12.9893233,75.1362933,
441458184,24,Dakshina Kannada,3,Belthangady,3,VENURU,10,BAJIRE,119,2021-2022,2,Rabi,Betel Nuts (Areca nuts),1-56-0.00,2022-01-08,,,12.9913733,75.1353483,
441458218,24,Dakshina Kannada,3,Belthangady,3,VENURU,10,BAJIRE,119,2021-2022,2,Rabi,NA Land ,0-67-0.00,2022-01-08,,,12.9967337,75.1197861,
441458223,24,Dakshina Kannada,3,Belthangady,3,VENURU,10,BAJIRE,119,2021-2022,2,Rabi,NA Land ,0-37-0.00,2022-01-08,,,12.9939524,75.1194378,
441458255,24,Dakshina Kannada,3,Belthangady,3,VENURU,10,BAJIRE,119,2021-2022,2,Rabi,Paddy-L,0-23-0.00,2022-01-08,january,1st week,12.9926748,75.1191524,
441458264,24,Dakshina Kannada,3,Belthangady,3,VENURU,10,BAJIRE,119,2021-2022,2,Rabi,Paddy-L,0-23-0.00,2022-01-08,january,1st week,12.9926117,75.1191767,
441458292,24,Dakshina Kannada,3,Belthangady,3,VENURU,10,BAJIRE,119,2021-2022,2,Rabi,Fallow,2-34-0.00,2022-01-08,,,12.9903917,75.1176515,
441458307,24,Dakshina Kannada,3,Belthangady,3,VENURU,10,BAJIRE,119,2021-2022,2,Rabi,NA Land ,0-20-0.00,2022-01-08,,,12.990404999999999,75.11768666666667,
441582616,24,Dakshina Kannada,3,Belthangady,3,VENURU,10,BAJIRE,119,2021-2022,2,Rabi,Betel Nuts (Areca nuts),2-0-0.00,2022-01-15,,,13.0014283,75.1384667,
441582616,24,Dakshina Kannada,3,Belthangady,3,VENURU,10,BAJIRE,119,2021-2022,2,Rabi,Betel Nuts (Areca nuts),2-0-0.00,2022-01-15,,,13.0014176,75.1384936,
441582621,24,Dakshina Kannada,3,Belthangady,3,VENURU,10,BAJIRE,119,2021-2022,2,Rabi,Betel Nuts (Areca nuts),0-8-0.00,2022-01-15,,,13.0014217,75.138495,
441582621,24,Dakshina Kannada,3,Belthangady,3,VENURU,10,BAJIRE,119,2021-2022,2,Rabi,Betel Nuts (Areca nuts),0-8-0.00,2022-01-15,,,13.0013897,75.1384734,
441582615,24,Dakshina Kannada,3,Belthangady,3,VENURU,10,BAJIRE,119,2021-2022,2,Rabi,Paddy-L,3-23-0.00,2022-01-15,january,1st week,13.0013581,75.1384816,
441582615,24,Dakshina Kannada,3,Belthangady,3,VENURU,10,BAJIRE,119,2021-2022,2,Rabi,Paddy-L,3-23-0.00,2022-01-15,january,1st week,13.0013846,75.1384803,
441582615,24,Dakshina Kannada,3,Belthangady,3,VENURU,10,BAJIRE,119,2021-2022,2,Rabi,Paddy-L,3-23-0.00,2022-01-15,january,1st week,13.0014027,75.1385021,
441582625,24,Dakshina Kannada,3,Belthangady,3,VENURU,10,BAJIRE,119,2021-2022,2,Rabi,NA Land ,0-7-0.00,2022-01-15,,,13.001412,75.1385094,
441579565,24,Dakshina Kannada,3,Belthangady,3,VENURU,10,BAJIRE,119,2021-2022,2,Rabi,Betel Nuts (Areca nuts),1-96-0.00,2022-01-15,,,12.9853217,75.140865,
441579565,24,Dakshina Kannada,3,Belthangady,3,VENURU,10,BAJIRE,119,2021-2022,2,Rabi,Betel Nuts (Areca nuts),1-96-0.00,2022-01-15,,,12.9852996,75.1408393,
441579608,24,Dakshina Kannada,3,Belthangady,3,VENURU,10,BAJIRE,119,2021-2022,2,Rabi,NA Land ,0-34-0.00,2022-01-15,,,12.9870286,75.1433449,
441579568,24,Dakshina Kannada,3,Belthangady,3,VENURU,10,BAJIRE,119,2021-2022,2,Rabi,Paddy-L,0-72-0.00,2022-01-15,january,1st week,12.9853,75.14085,
440950742,24,Dakshina Kannada,3,Belthangady,3,VENURU,5,HOSANGADI,119,2021-2022,2,Rabi,NA Land ,0-11-0.00,2022-01-06,,,13.038559,75.1075817,
440950778,24,Dakshina Kannada,3,Belthangady,3,VENURU,5,HOSANGADI,119,2021-2022,2,Rabi,NA Land ,0-12-0.00,2022-01-06,,,13.0385792,75.1075794,
440950965,24,Dakshina Kannada,3,Belthangady,3,VENURU,5,HOSANGADI,119,2021-2022,2,Rabi,Fallow,0-33-0.00,2022-01-06,,,13.0393125,75.1050732,
440951042,24,Dakshina Kannada,3,Belthangady,3,VENURU,5,HOSANGADI,119,2021-2022,2,Rabi,Fallow,0-33-0.00,2022-01-06,,,13.0389001,75.1028279,
440951105,24,Dakshina Kannada,3,Belthangady,3,VENURU,5,HOSANGADI,119,2021-2022,2,Rabi,Fallow,0-8-50.00,2022-01-06,,,13.0369618,75.1070699,
440951530,24,Dakshina Kannada,3,Belthangady,3,VENURU,5,HOSANGADI,119,2021-2022,2,Rabi,Fallow,0-16-0.00,2022-01-06,,,13.0373738,75.1052863,
441040806,24,Dakshina Kannada,3,Belthangady,3,VENURU,5,HOSANGADI,119,2021-2022,2,Rabi,NA Land ,0-10-0.00,2022-01-07,,,13.0218069,75.0932232,
441040813,24,Dakshina Kannada,3,Belthangady,3,VENURU,5,HOSANGADI,119,2021-2022,2,Rabi,NA Land ,0-16-0.00,2022-01-07,,,13.0210548,75.0932409,
441040922,24,Dakshina Kannada,3,Belthangady,3,VENURU,5,HOSANGADI,119,2021-2022,2,Rabi,Fallow,0-2-0.00,2022-01-07,,,13.0213521,75.0966233,
441521551,24,Dakshina Kannada,3,Belthangady,3,VENURU,5,HOSANGADI,119,2021-2022,2,Rabi,Fallow,0-59-0.00,2022-01-14,,,13.0589517,75.0887444,
441521551,24,Dakshina Kannada,3,Belthangady,3,VENURU,5,HOSANGADI,119,2021-2022,2,Rabi,Betel Nuts (Areca nuts),1-0-0.00,2022-01-14,,,13.058954,75.0887418,
441521551,24,Dakshina Kannada,3,Belthangady,3,VENURU,5,HOSANGADI,119,2021-2022,2,Rabi,Betel Nuts (Areca nuts),1-0-0.00,2022-01-14,,,13.0589546,75.0887393,
441521565,24,Dakshina Kannada,3,Belthangady,3,VENURU,5,HOSANGADI,119,2021-2022,2,Rabi,Fallow,0-41-0.00,2022-01-14,,,13.0589996,75.0887862,
441521604,24,Dakshina Kannada,3,Belthangady,3,VENURU,5,HOSANGADI,119,2021-2022,2,Rabi,Fallow,0-40-0.00,2022-01-14,,,13.0589885,75.0887862,
441521609,24,Dakshina Kannada,3,Belthangady,3,VENURU,5,HOSANGADI,119,2021-2022,2,Rabi,Fallow,0-40-0.00,2022-01-14,,,13.058989,75.0887862,
441521636,24,Dakshina Kannada,3,Belthangady,3,VENURU,5,HOSANGADI,119,2021-2022,2,Rabi,Fallow,0-6-50.00,2022-01-14,,,13.0340509,75.0954972,
441521663,24,Dakshina Kannada,3,Belthangady,3,VENURU,5,HOSANGADI,119,2021-2022,2,Rabi,Fallow,0-55-0.00,2022-01-14,,,13.0340615,75.0955131,
441521672,24,Dakshina Kannada,3,Belthangady,3,VENURU,5,HOSANGADI,119,2021-2022,2,Rabi,Fallow,0-48-0.00,2022-01-14,,,13.034035,75.0955123,
441521682,24,Dakshina Kannada,3,Belthangady,3,VENURU,5,HOSANGADI,119,2021-2022,2,Rabi,NA Land ,0-9-0.00,2022-01-14,,,13.0318651,75.0947404,
441595535,24,Dakshina Kannada,3,Belthangady,3,VENURU,10,BAJIRE,119,2021-2022,2,Rabi,NA Land ,1-30-0.00,2022-01-15,,,13.0056549,75.135975,
441595542,24,Dakshina Kannada,3,Belthangady,3,VENURU,10,BAJIRE,119,2021-2022,2,Rabi,NA Land ,0-26-0.00,2022-01-15,,,13.0061981,75.1386118,
441595555,24,Dakshina Kannada,3,Belthangady,3,VENURU,10,BAJIRE,119,2021-2022,2,Rabi,NA Land ,0-27-0.00,2022-01-15,,,13.0061656,75.1385961,
441595555,24,Dakshina Kannada,3,Belthangady,3,VENURU,10,BAJIRE,119,2021-2022,2,Rabi,NA Land ,0-27-0.00,2022-01-15,,,13.006167,75.138603,
441595555,24,Dakshina Kannada,3,Belthangady,3,VENURU,10,BAJIRE,119,2021-2022,2,Rabi,NA Land ,0-27-0.00,2022-01-15,,,13.0061646,75.1386035,
441595536,24,Dakshina Kannada,3,Belthangady,3,VENURU,10,BAJIRE,119,2021-2022,2,Rabi,NA Land ,0-23-0.00,2022-01-15,,,13.0061767,75.1386017,
441595543,24,Dakshina Kannada,3,Belthangady,3,VENURU,10,BAJIRE,119,2021-2022,2,Rabi,NA Land ,0-2-0.00,2022-01-15,,,13.0061748,75.1386405,
441595563,24,Dakshina Kannada,3,Belthangady,3,VENURU,10,BAJIRE,119,2021-2022,2,Rabi,Betel Nuts (Areca nuts),0-13-0.00,2022-01-15,,,13.0061533,75.1386183,
441585873,24,Dakshina Kannada,3,Belthangady,3,VENURU,5,HOSANGADI,119,2021-2022,2,Rabi,Paddy-L,0-37-0.00,2022-01-14,january,1st week,13.0311058,75.0661221,
441585967,24,Dakshina Kannada,3,Belthangady,3,VENURU,5,HOSANGADI,119,2021-2022,2,Rabi,Fallow,1-0-0.00,2022-01-14,,,13.0352359,75.0770184,
441585967,24,Dakshina Kannada,3,Belthangady,3,VENURU,5,HOSANGADI,119,2021-2022,2,Rabi,Coconut,1-1-0.00,2022-01-14,,,13.0352845,75.0770252,
441585967,24,Dakshina Kannada,3,Belthangady,3,VENURU,5,HOSANGADI,119,2021-2022,2,Rabi,Coconut,1-1-0.00,2022-01-14,,,13.035287,75.0769987,
441586072,24,Dakshina Kannada,3,Belthangady,3,VENURU,5,HOSANGADI,119,2021-2022,2,Rabi,NA Land ,0-6-0.00,2022-01-15,,,13.0305438,75.1010844,
441586092,24,Dakshina Kannada,3,Belthangady,3,VENURU,5,HOSANGADI,119,2021-2022,2,Rabi,Fallow,0-35-0.00,2022-01-15,,,13.0299737,75.1007362,
441586195,24,Dakshina Kannada,3,Belthangady,3,VENURU,5,HOSANGADI,119,2021-2022,2,Rabi,Paddy-L,0-47-0.00,2022-01-15,january,1st week,13.0281504,75.0985965,
441586212,24,Dakshina Kannada,3,Belthangady,3,VENURU,5,HOSANGADI,119,2021-2022,2,Rabi,NA Land ,0-16-0.00,2022-01-15,,,13.0281535,75.0985921,
441585896,24,Dakshina Kannada,3,Belthangady,3,VENURU,5,HOSANGADI,119,2021-2022,2,Rabi,Fallow,0-11-0.00,2022-01-14,,,13.0328941,75.0677246,
441585971,24,Dakshina Kannada,3,Belthangady,3,VENURU,5,HOSANGADI,119,2021-2022,2,Rabi,Fallow,0-39-0.00,2022-01-14,,,13.0352909,75.0769949,
441585988,24,Dakshina Kannada,3,Belthangady,3,VENURU,5,HOSANGADI,119,2021-2022,2,Rabi,Fallow,0-77-0.00,2022-01-15,,,13.032722,75.1021598,
441585991,24,Dakshina Kannada,3,Belthangady,3,VENURU,5,HOSANGADI,119,2021-2022,2,Rabi,NA Land ,0-18-0.00,2022-01-15,,,13.0327458,75.1021751,
441586006,24,Dakshina Kannada,3,Belthangady,3,VENURU,5,HOSANGADI,119,2021-2022,2,Rabi,NA Land ,0-9-0.00,2022-01-15,,,13.0305322,75.1010999,
441586006,24,Dakshina Kannada,3,Belthangady,3,VENURU,5,HOSANGADI,119,2021-2022,2,Rabi,Fallow,0-26-0.00,2022-01-15,,,13.0305321,75.1010997,
441586079,24,Dakshina Kannada,3,Belthangady,3,VENURU,5,HOSANGADI,119,2021-2022,2,Rabi,Fallow,1-86-0.00,2022-01-15,,,13.0301038,75.1010974,
441586138,24,Dakshina Kannada,3,Belthangady,3,VENURU,5,HOSANGADI,119,2021-2022,2,Rabi,NA Land ,0-8-0.00,2022-01-15,,,13.0299781,75.100737,
441586138,24,Dakshina Kannada,3,Belthangady,3,VENURU,5,HOSANGADI,119,2021-2022,2,Rabi,Fallow,0-10-0.00,2022-01-15,,,13.0299792,75.1007192,
441586173,24,Dakshina Kannada,3,Belthangady,3,VENURU,5,HOSANGADI,119,2021-2022,2,Rabi,Paddy-L,0-56-0.00,2022-01-15,january,1st week,13.028157,75.0986304,
441586173,24,Dakshina Kannada,3,Belthangady,3,VENURU,5,HOSANGADI,119,2021-2022,2,Rabi,Betel Nuts (Areca nuts),0-64-0.00,2022-01-15,,,13.0281732,75.0986314,
441586173,24,Dakshina Kannada,3,Belthangady,3,VENURU,5,HOSANGADI,119,2021-2022,2,Rabi,Betel Nuts (Areca nuts),0-64-0.00,2022-01-15,,,13.0281736,75.0986313,
441586013,24,Dakshina Kannada,3,Belthangady,3,VENURU,5,HOSANGADI,119,2021-2022,2,Rabi,NA Land ,0-16-0.00,2022-01-15,,,13.0305329,75.1010986,
441586315,24,Dakshina Kannada,3,Belthangady,3,VENURU,5,HOSANGADI,119,2021-2022,2,Rabi,Fallow,0-36-0.00,2022-01-15,,,13.0239479,75.1013041,
441586315,24,Dakshina Kannada,3,Belthangady,3,VENURU,5,HOSANGADI,119,2021-2022,2,Rabi,Coconut,0-91-0.00,2022-01-15,,,13.023956,75.1012989,
441586045,24,Dakshina Kannada,3,Belthangady,3,VENURU,5,HOSANGADI,119,2021-2022,2,Rabi,NA Land ,0-10-0.00,2022-01-15,,,13.030537,75.1010995,
441586315,24,Dakshina Kannada,3,Belthangady,3,VENURU,5,HOSANGADI,119,2021-2022,2,Rabi,Coconut,0-91-0.00,2022-01-15,,,13.0239558,75.1012986,
441586164,24,Dakshina Kannada,3,Belthangady,3,VENURU,5,HOSANGADI,119,2021-2022,2,Rabi,NA Land ,0-10-0.00,2022-01-15,,,13.0301061,75.1008032,
441586164,24,Dakshina Kannada,3,Belthangady,3,VENURU,5,HOSANGADI,119,2021-2022,2,Rabi,Fallow,0-20-0.00,2022-01-15,,,13.0301134,75.1007932,
441521492,24,Dakshina Kannada,3,Belthangady,3,VENURU,5,HOSANGADI,119,2021-2022,2,Rabi,Fallow,0-36-0.00,2022-01-14,,,13.0589784,75.0887879,
441521498,24,Dakshina Kannada,3,Belthangady,3,VENURU,5,HOSANGADI,119,2021-2022,2,Rabi,Fallow,1-92-0.00,2022-01-14,,,13.0589768,75.0887985,
441521650,24,Dakshina Kannada,3,Belthangady,3,VENURU,5,HOSANGADI,119,2021-2022,2,Rabi,Fallow,0-3-0.00,2022-01-14,,,13.0340331,75.0955121,
441521680,24,Dakshina Kannada,3,Belthangady,3,VENURU,5,HOSANGADI,119,2021-2022,2,Rabi,NA Land ,0-9-0.00,2022-01-14,,,13.0318845,75.0947779,
441521697,24,Dakshina Kannada,3,Belthangady,3,VENURU,5,HOSANGADI,119,2021-2022,2,Rabi,Fallow,1-20-0.00,2022-01-14,,,13.0300432,75.0942678,
441521697,24,Dakshina Kannada,3,Belthangady,3,VENURU,5,HOSANGADI,119,2021-2022,2,Rabi,Betel Nuts (Areca nuts),1-56-0.00,2022-01-14,,,13.0300801,75.0942536,
441521697,24,Dakshina Kannada,3,Belthangady,3,VENURU,5,HOSANGADI,119,2021-2022,2,Rabi,Betel Nuts (Areca nuts),1-56-0.00,2022-01-14,,,13.0300942,75.0942372,
441590337,24,Dakshina Kannada,3,Belthangady,3,VENURU,10,BAJIRE,119,2021-2022,2,Rabi,NA Land ,0-17-0.00,2022-01-15,,,13.0074201,75.1411862,
441601074,24,Dakshina Kannada,3,Belthangady,3,VENURU,10,BAJIRE,119,2021-2022,2,Rabi,Betel Nuts (Areca nuts),2-38-0.00,2022-01-15,,,13.0016733,75.1345167,
441601074,24,Dakshina Kannada,3,Belthangady,3,VENURU,10,BAJIRE,119,2021-2022,2,Rabi,Betel Nuts (Areca nuts),2-38-0.00,2022-01-15,,,13.0016809,75.1344981,
441601074,24,Dakshina Kannada,3,Belthangady,3,VENURU,10,BAJIRE,119,2021-2022,2,Rabi,Betel Nuts (Areca nuts),2-38-0.00,2022-01-15,,,13.001626,75.1345274,
441601093,24,Dakshina Kannada,3,Belthangady,3,VENURU,10,BAJIRE,119,2021-2022,2,Rabi,NA Land ,0-9-0.00,2022-01-15,,,13.0022601,75.1350842,
441595539,24,Dakshina Kannada,3,Belthangady,3,VENURU,10,BAJIRE,119,2021-2022,2,Rabi,Betel Nuts (Areca nuts),1-88-0.00,2022-01-15,,,13.0061767,75.13859,
441595539,24,Dakshina Kannada,3,Belthangady,3,VENURU,10,BAJIRE,119,2021-2022,2,Rabi,Betel Nuts (Areca nuts),1-88-0.00,2022-01-15,,,13.0061738,75.1385838,
441590301,24,Dakshina Kannada,3,Belthangady,3,VENURU,10,BAJIRE,119,2021-2022,2,Rabi,NA Land ,0-6-0.00,2022-01-15,,,13.0076517,75.1411158,
441590342,24,Dakshina Kannada,3,Belthangady,3,VENURU,10,BAJIRE,119,2021-2022,2,Rabi,NA Land ,0-1-0.00,2022-01-15,,,13.0074013,75.1411843,
441595553,24,Dakshina Kannada,3,Belthangady,3,VENURU,10,BAJIRE,119,2021-2022,2,Rabi,NA Land ,0-16-0.00,2022-01-15,,,13.006153,75.1386275,
441595553,24,Dakshina Kannada,3,Belthangady,3,VENURU,10,BAJIRE,119,2021-2022,2,Rabi,NA Land ,0-16-0.00,2022-01-15,,,13.0061617,75.138625,
441595566,24,Dakshina Kannada,3,Belthangady,3,VENURU,10,BAJIRE,119,2021-2022,2,Rabi,Fallow,0-14-0.00,2022-01-15,,,13.0061147,75.1385957,
441590325,24,Dakshina Kannada,3,Belthangady,3,VENURU,10,BAJIRE,119,2021-2022,2,Rabi,NA Land ,0-17-0.00,2022-01-15,,,13.007418,75.1411634,
441590330,24,Dakshina Kannada,3,Belthangady,3,VENURU,10,BAJIRE,119,2021-2022,2,Rabi,NA Land ,0-8-0.00,2022-01-15,,,13.0073959,75.1411785,
441590360,24,Dakshina Kannada,3,Belthangady,3,VENURU,10,BAJIRE,119,2021-2022,2,Rabi,Betel Nuts (Areca nuts),0-5-0.00,2022-01-15,,,13.0073689,75.141174,
441590360,24,Dakshina Kannada,3,Belthangady,3,VENURU,10,BAJIRE,119,2021-2022,2,Rabi,Betel Nuts (Areca nuts),0-5-0.00,2022-01-15,,,13.00737,75.141175,
441595532,24,Dakshina Kannada,3,Belthangady,3,VENURU,10,BAJIRE,119,2021-2022,2,Rabi,NA Land ,0-9-0.00,2022-01-15,,,13.0056433,75.1359667,
441595537,24,Dakshina Kannada,3,Belthangady,3,VENURU,10,BAJIRE,119,2021-2022,2,Rabi,Betel Nuts (Areca nuts),0-14-0.00,2022-01-15,,,13.00617,75.1386333,
441595537,24,Dakshina Kannada,3,Belthangady,3,VENURU,10,BAJIRE,119,2021-2022,2,Rabi,Betel Nuts (Areca nuts),0-14-0.00,2022-01-15,,,13.006179,75.1386449,
441595540,24,Dakshina Kannada,3,Belthangady,3,VENURU,10,BAJIRE,119,2021-2022,2,Rabi,NA Land ,0-48-0.00,2022-01-15,,,13.0061626,75.1386128,
441586261,24,Dakshina Kannada,3,Belthangady,3,VENURU,5,HOSANGADI,119,2021-2022,2,Rabi,Fallow,0-36-0.00,2022-01-15,,,13.0270664,75.1003788,
441586261,24,Dakshina Kannada,3,Belthangady,3,VENURU,5,HOSANGADI,119,2021-2022,2,Rabi,Betel Nuts (Areca nuts),0-78-0.00,2022-01-15,,,13.0270349,75.1003868,
441586261,24,Dakshina Kannada,3,Belthangady,3,VENURU,5,HOSANGADI,119,2021-2022,2,Rabi,Betel Nuts (Areca nuts),0-78-0.00,2022-01-15,,,13.0270372,75.10039,
441586337,24,Dakshina Kannada,3,Belthangady,3,VENURU,5,HOSANGADI,119,2021-2022,2,Rabi,Fallow,1-27-0.00,2022-01-15,,,13.0239491,75.101297,
441587290,24,Dakshina Kannada,3,Belthangady,3,VENURU,5,HOSANGADI,119,2021-2022,2,Rabi,Fallow,0-96-0.00,2022-01-15,,,13.023954,75.1013102,
441587290,24,Dakshina Kannada,3,Belthangady,3,VENURU,5,HOSANGADI,119,2021-2022,2,Rabi,Coconut,2-4-0.00,2022-01-15,,,13.023949,75.1013141,
441587290,24,Dakshina Kannada,3,Belthangady,3,VENURU,5,HOSANGADI,119,2021-2022,2,Rabi,Coconut,2-4-0.00,2022-01-15,,,13.0239672,75.1013321,
441587290,24,Dakshina Kannada,3,Belthangady,3,VENURU,5,HOSANGADI,119,2021-2022,2,Rabi,Betel Nuts (Areca nuts),2-4-0.00,2022-01-15,,,13.0239637,75.1013114,
441587290,24,Dakshina Kannada,3,Belthangady,3,VENURU,5,HOSANGADI,119,2021-2022,2,Rabi,Betel Nuts (Areca nuts),2-4-0.00,2022-01-15,,,13.0239625,75.1013147,
441587298,24,Dakshina Kannada,3,Belthangady,3,VENURU,5,HOSANGADI,119,2021-2022,2,Rabi,Fallow,0-62-0.00,2022-01-15,,,13.0204664,75.1001735,
441587321,24,Dakshina Kannada,3,Belthangady,3,VENURU,5,HOSANGADI,119,2021-2022,2,Rabi,Fallow,0-15-0.00,2022-01-15,,,13.0202974,75.1022844,
441587323,24,Dakshina Kannada,3,Belthangady,3,VENURU,5,HOSANGADI,119,2021-2022,2,Rabi,Fallow,0-5-0.00,2022-01-15,,,13.0202436,75.1022483,
441587299,24,Dakshina Kannada,3,Belthangady,3,VENURU,5,HOSANGADI,119,2021-2022,2,Rabi,NA Land ,0-11-0.00,2022-01-15,,,13.0204623,75.1001625,
441587296,24,Dakshina Kannada,3,Belthangady,3,VENURU,5,HOSANGADI,119,2021-2022,2,Rabi,Fallow,0-47-0.00,2022-01-15,,,13.0204621,75.1001956,
441587305,24,Dakshina Kannada,3,Belthangady,3,VENURU,5,HOSANGADI,119,2021-2022,2,Rabi,Fallow,0-14-0.00,2022-01-15,,,13.0204588,75.1001709,
441587317,24,Dakshina Kannada,3,Belthangady,3,VENURU,5,HOSANGADI,119,2021-2022,2,Rabi,Fallow,0-42-0.00,2022-01-15,,,13.0205653,75.1003336,
441587319,24,Dakshina Kannada,3,Belthangady,3,VENURU,5,HOSANGADI,119,2021-2022,2,Rabi,Fallow,0-10-0.00,2022-01-15,,,13.0205977,75.1003716,
441587325,24,Dakshina Kannada,3,Belthangady,3,VENURU,5,HOSANGADI,119,2021-2022,2,Rabi,Fallow,0-50-0.00,2022-01-15,,,13.0207321,75.1036709,
441587336,24,Dakshina Kannada,3,Belthangady,3,VENURU,5,HOSANGADI,119,2021-2022,2,Rabi,Fallow,1-85-0.00,2022-01-15,,,13.0207507,75.1036741,
441587301,24,Dakshina Kannada,3,Belthangady,3,VENURU,5,HOSANGADI,119,2021-2022,2,Rabi,Fallow,0-17-0.00,2022-01-15,,,13.0204569,75.1001591,
441587313,24,Dakshina Kannada,3,Belthangady,3,VENURU,5,HOSANGADI,119,2021-2022,2,Rabi,Fallow,0-39-0.00,2022-01-15,,,13.0204624,75.1001661,
441587329,24,Dakshina Kannada,3,Belthangady,3,VENURU,5,HOSANGADI,119,2021-2022,2,Rabi,Fallow,1-1-0.00,2022-01-15,,,13.0207578,75.1036968,
441756724,24,Dakshina Kannada,3,Belthangady,3,VENURU,5,HOSANGADI,119,2021-2022,2,Rabi,Fallow,0-13-0.00,2022-01-17,,,13.0228738,75.1057227,
441756751,24,Dakshina Kannada,3,Belthangady,3,VENURU,5,HOSANGADI,119,2021-2022,2,Rabi,Fallow,0-34-0.00,2022-01-17,,,13.0228732,75.105617,
441756711,24,Dakshina Kannada,3,Belthangady,3,VENURU,5,HOSANGADI,119,2021-2022,2,Rabi,Fallow,0-30-0.00,2022-01-17,,,13.022331,75.1058793,
441756668,24,Dakshina Kannada,3,Belthangady,3,VENURU,5,HOSANGADI,119,2021-2022,2,Rabi,NA Land ,0-4-0.00,2022-01-17,,,13.0223448,75.1058951,
441756812,24,Dakshina Kannada,3,Belthangady,3,VENURU,5,HOSANGADI,119,2021-2022,2,Rabi,Fallow,1-10-0.00,2022-01-17,,,13.0293547,75.1019697,
441601078,24,Dakshina Kannada,3,Belthangady,3,VENURU,10,BAJIRE,119,2021-2022,2,Rabi,Betel Nuts (Areca nuts),3-44-0.00,2022-01-15,,,13.0016906,75.1345222,
441601078,24,Dakshina Kannada,3,Belthangady,3,VENURU,10,BAJIRE,119,2021-2022,2,Rabi,Betel Nuts (Areca nuts),3-44-0.00,2022-01-15,,,13.0016669,75.1345288,
441587303,24,Dakshina Kannada,3,Belthangady,3,VENURU,5,HOSANGADI,119,2021-2022,2,Rabi,Fallow,0-7-0.00,2022-01-15,,,13.0204586,75.1001663,
441587327,24,Dakshina Kannada,3,Belthangady,3,VENURU,5,HOSANGADI,119,2021-2022,2,Rabi,Fallow,0-90-0.00,2022-01-15,,,13.0207625,75.1036965,
441587332,24,Dakshina Kannada,3,Belthangady,3,VENURU,5,HOSANGADI,119,2021-2022,2,Rabi,Fallow,0-50-0.00,2022-01-15,,,13.0207625,75.1036834,
441587334,24,Dakshina Kannada,3,Belthangady,3,VENURU,5,HOSANGADI,119,2021-2022,2,Rabi,Fallow,2-20-0.00,2022-01-15,,,13.0207519,75.1036746,
441587297,24,Dakshina Kannada,3,Belthangady,3,VENURU,5,HOSANGADI,119,2021-2022,2,Rabi,Fallow,0-58-0.00,2022-01-15,,,13.0204647,75.1002025,
441587315,24,Dakshina Kannada,3,Belthangady,3,VENURU,5,HOSANGADI,119,2021-2022,2,Rabi,Fallow,0-24-0.00,2022-01-15,,,13.0204604,75.1001632,
441587294,24,Dakshina Kannada,3,Belthangady,3,VENURU,5,HOSANGADI,119,2021-2022,2,Rabi,Fallow,2-60-0.00,2022-01-15,,,13.0219264,75.1004963,
441587292,24,Dakshina Kannada,3,Belthangady,3,VENURU,5,HOSANGADI,119,2021-2022,2,Rabi,Fallow,0-30-0.00,2022-01-15,,,13.0221367,75.1005194,
441587295,24,Dakshina Kannada,3,Belthangady,3,VENURU,5,HOSANGADI,119,2021-2022,2,Rabi,Fallow,0-27-0.00,2022-01-15,,,13.0205047,75.1002349,
441587307,24,Dakshina Kannada,3,Belthangady,3,VENURU,5,HOSANGADI,119,2021-2022,2,Rabi,Fallow,0-20-0.00,2022-01-15,,,13.0204591,75.1001721,
441587309,24,Dakshina Kannada,3,Belthangady,3,VENURU,5,HOSANGADI,119,2021-2022,2,Rabi,Fallow,0-10-0.00,2022-01-15,,,13.0204599,75.1001709,
441587311,24,Dakshina Kannada,3,Belthangady,3,VENURU,5,HOSANGADI,119,2021-2022,2,Rabi,Fallow,0-2-0.00,2022-01-15,,,13.0204738,75.1001607,
441601104,24,Dakshina Kannada,3,Belthangady,3,VENURU,10,BAJIRE,119,2021-2022,2,Rabi,Coconut,1-60-0.00,2022-01-15,,,13.0022067,75.1335386,
441601104,24,Dakshina Kannada,3,Belthangady,3,VENURU,10,BAJIRE,119,2021-2022,2,Rabi,Coconut,1-60-0.00,2022-01-15,,,13.0022016,75.1335469,
441601089,24,Dakshina Kannada,3,Belthangady,3,VENURU,10,BAJIRE,119,2021-2022,2,Rabi,NA Land ,0-23-0.00,2022-01-15,,,13.0022833,75.1350933,
441601099,24,Dakshina Kannada,3,Belthangady,3,VENURU,10,BAJIRE,119,2021-2022,2,Rabi,Betel Nuts (Areca nuts),3-28-0.00,2022-01-15,,,13.002195,75.1335485,
441601099,24,Dakshina Kannada,3,Belthangady,3,VENURU,10,BAJIRE,119,2021-2022,2,Rabi,Betel Nuts (Areca nuts),3-28-0.00,2022-01-15,,,13.0022035,75.1335435,
441601099,24,Dakshina Kannada,3,Belthangady,3,VENURU,10,BAJIRE,119,2021-2022,2,Rabi,Betel Nuts (Areca nuts),3-28-0.00,2022-01-15,,,13.0021965,75.1335486,
441601084,24,Dakshina Kannada,3,Belthangady,3,VENURU,10,BAJIRE,119,2021-2022,2,Rabi,NA Land ,0-10-0.00,2022-01-15,,,13.0017226,75.1344923,
441595548,24,Dakshina Kannada,3,Belthangady,3,VENURU,10,BAJIRE,119,2021-2022,2,Rabi,NA Land ,0-3-0.00,2022-01-15,,,13.0061544,75.1386089,
441595552,24,Dakshina Kannada,3,Belthangady,3,VENURU,10,BAJIRE,119,2021-2022,2,Rabi,Paddy-L,0-18-0.00,2022-01-15,january,1st week,13.0061417,75.1386317,
441595557,24,Dakshina Kannada,3,Belthangady,3,VENURU,10,BAJIRE,119,2021-2022,2,Rabi,Betel Nuts (Areca nuts),1-36-0.00,2022-01-15,,,13.0061357,75.1386562,
441595557,24,Dakshina Kannada,3,Belthangady,3,VENURU,10,BAJIRE,119,2021-2022,2,Rabi,Betel Nuts (Areca nuts),1-36-0.00,2022-01-15,,,13.0061479,75.1386262,
441595559,24,Dakshina Kannada,3,Belthangady,3,VENURU,10,BAJIRE,119,2021-2022,2,Rabi,Paddy-L,0-14-0.00,2022-01-15,january,1st week,13.006177,75.1386498,
441756662,24,Dakshina Kannada,3,Belthangady,3,VENURU,5,HOSANGADI,119,2021-2022,2,Rabi,Fallow,0-28-0.00,2022-01-17,,,13.0223472,75.1058902,
441756825,24,Dakshina Kannada,3,Belthangady,3,VENURU,5,HOSANGADI,119,2021-2022,2,Rabi,Fallow,2-53-0.00,2022-01-17,,,13.0253124,75.0980251,
441756770,24,Dakshina Kannada,3,Belthangady,3,VENURU,5,HOSANGADI,119,2021-2022,2,Rabi,Fallow,0-20-0.00,2022-01-17,,,13.0214657,75.1047636,
441756807,24,Dakshina Kannada,3,Belthangady,3,VENURU,5,HOSANGADI,119,2021-2022,2,Rabi,Fallow,0-23-0.00,2022-01-17,,,13.0293714,75.1019726,
441756953,24,Dakshina Kannada,3,Belthangady,3,VENURU,5,HOSANGADI,119,2021-2022,2,Rabi,NA Land ,0-4-0.00,2022-01-17,,,13.0253033,75.0980009,
441757147,24,Dakshina Kannada,3,Belthangady,3,VENURU,5,HOSANGADI,119,2021-2022,2,Rabi,Fallow,0-46-0.00,2022-01-17,,,13.0269167,75.0919135,
441757103,24,Dakshina Kannada,3,Belthangady,3,VENURU,5,HOSANGADI,119,2021-2022,2,Rabi,Fallow,0-5-0.00,2022-01-17,,,13.0256971,75.0915421,
441757158,24,Dakshina Kannada,3,Belthangady,3,VENURU,5,HOSANGADI,119,2021-2022,2,Rabi,NA Land ,0-10-0.00,2022-01-17,,,13.023038,75.0921012,
441757164,24,Dakshina Kannada,3,Belthangady,3,VENURU,5,HOSANGADI,119,2021-2022,2,Rabi,NA Land ,0-12-0.00,2022-01-17,,,13.0230666,75.0921314,
441757196,24,Dakshina Kannada,3,Belthangady,3,VENURU,5,HOSANGADI,119,2021-2022,2,Rabi,Fallow,0-19-0.00,2022-01-17,,,13.0230592,75.09215,
441756652,24,Dakshina Kannada,3,Belthangady,3,VENURU,5,HOSANGADI,119,2021-2022,2,Rabi,Paddy-L,0-59-0.00,2022-01-17,january,1st week,13.0223421,75.1058869,
441756744,24,Dakshina Kannada,3,Belthangady,3,VENURU,5,HOSANGADI,119,2021-2022,2,Rabi,Fallow,0-24-0.00,2022-01-17,,,13.0228735,75.1056196,
441756818,24,Dakshina Kannada,3,Belthangady,3,VENURU,5,HOSANGADI,119,2021-2022,2,Rabi,Fallow,2-54-0.00,2022-01-17,,,13.0253034,75.0980405,
441773854,24,Dakshina Kannada,3,Belthangady,3,VENURU,5,HOSANGADI,119,2021-2022,2,Rabi,NA Land ,0-5-0.00,2022-01-17,,,13.0326524,75.1082961,
441773859,24,Dakshina Kannada,3,Belthangady,3,VENURU,5,HOSANGADI,119,2021-2022,2,Rabi,NA Land ,0-10-0.00,2022-01-17,,,13.0351964,75.1073973,
441773859,24,Dakshina Kannada,3,Belthangady,3,VENURU,5,HOSANGADI,119,2021-2022,2,Rabi,Fallow,0-10-0.00,2022-01-17,,,13.0351644,75.1073718,
441756673,24,Dakshina Kannada,3,Belthangady,3,VENURU,5,HOSANGADI,119,2021-2022,2,Rabi,Paddy-L,0-26-0.00,2022-01-17,january,1st week,13.022321,75.1058696,
441773861,24,Dakshina Kannada,3,Belthangady,3,VENURU,5,HOSANGADI,119,2021-2022,2,Rabi,Betel Nuts (Areca nuts),0-66-0.00,2022-01-17,,,13.0351549,75.1065693,
441773861,24,Dakshina Kannada,3,Belthangady,3,VENURU,5,HOSANGADI,119,2021-2022,2,Rabi,Betel Nuts (Areca nuts),0-66-0.00,2022-01-17,,,13.0351554,75.106569,
441773866,24,Dakshina Kannada,3,Belthangady,3,VENURU,5,HOSANGADI,119,2021-2022,2,Rabi,Fallow,1-54-0.00,2022-01-17,,,13.0344551,75.104896,
441773920,24,Dakshina Kannada,3,Belthangady,3,VENURU,5,HOSANGADI,119,2021-2022,2,Rabi,NA Land ,0-8-0.00,2022-01-17,,,13.0393375,75.0992777,
441773920,24,Dakshina Kannada,3,Belthangady,3,VENURU,5,HOSANGADI,119,2021-2022,2,Rabi,Fallow,0-15-0.00,2022-01-17,,,13.0394053,75.0989599,
441773936,24,Dakshina Kannada,3,Belthangady,3,VENURU,5,HOSANGADI,119,2021-2022,2,Rabi,Fallow,0-16-0.00,2022-01-17,,,13.0406589,75.0906858,
441756692,24,Dakshina Kannada,3,Belthangady,3,VENURU,5,HOSANGADI,119,2021-2022,2,Rabi,Fallow,0-28-0.00,2022-01-17,,,13.0223568,75.1059115,
441756762,24,Dakshina Kannada,3,Belthangady,3,VENURU,5,HOSANGADI,119,2021-2022,2,Rabi,Fallow,1-63-0.00,2022-01-17,,,13.0215648,75.1048306,
441756762,24,Dakshina Kannada,3,Belthangady,3,VENURU,5,HOSANGADI,119,2021-2022,2,Rabi,Betel Nuts (Areca nuts),1-55-0.00,2022-01-17,,,13.0214221,75.1048065,
441756762,24,Dakshina Kannada,3,Belthangady,3,VENURU,5,HOSANGADI,119,2021-2022,2,Rabi,Betel Nuts (Areca nuts),1-55-0.00,2022-01-17,,,13.0214608,75.1047836,
441773848,24,Dakshina Kannada,3,Belthangady,3,VENURU,5,HOSANGADI,119,2021-2022,2,Rabi,Fallow,2-12-0.00,2022-01-17,,,13.0326474,75.1083008,
441756682,24,Dakshina Kannada,3,Belthangady,3,VENURU,5,HOSANGADI,119,2021-2022,2,Rabi,NA Land ,0-5-0.00,2022-01-17,,,13.0223282,75.1058781,
441756700,24,Dakshina Kannada,3,Belthangady,3,VENURU,5,HOSANGADI,119,2021-2022,2,Rabi,Fallow,0-29-0.00,2022-01-17,,,13.022366,75.1058682,
441756775,24,Dakshina Kannada,3,Belthangady,3,VENURU,5,HOSANGADI,119,2021-2022,2,Rabi,Fallow,0-15-0.00,2022-01-17,,,13.0214847,75.1047909,
441757077,24,Dakshina Kannada,3,Belthangady,3,VENURU,5,HOSANGADI,119,2021-2022,2,Rabi,NA Land ,0-10-0.00,2022-01-17,,,13.0247356,75.0929465,
441757120,24,Dakshina Kannada,3,Belthangady,3,VENURU,5,HOSANGADI,119,2021-2022,2,Rabi,Fallow,0-11-0.00,2022-01-17,,,13.025767,75.0915804,
441773852,24,Dakshina Kannada,3,Belthangady,3,VENURU,5,HOSANGADI,119,2021-2022,2,Rabi,NA Land ,0-5-0.00,2022-01-17,,,13.0326553,75.1082958,
441773863,24,Dakshina Kannada,3,Belthangady,3,VENURU,5,HOSANGADI,119,2021-2022,2,Rabi,Fallow,0-93-0.00,2022-01-17,,,13.0351585,75.1065715,
441773864,24,Dakshina Kannada,3,Belthangady,3,VENURU,5,HOSANGADI,119,2021-2022,2,Rabi,Fallow,1-34-0.00,2022-01-17,,,13.0351592,75.106571,
441773868,24,Dakshina Kannada,3,Belthangady,3,VENURU,5,HOSANGADI,119,2021-2022,2,Rabi,Betel Nuts (Areca nuts),0-23-0.00,2022-01-17,,,13.034472,75.1048937,
441773868,24,Dakshina Kannada,3,Belthangady,3,VENURU,5,HOSANGADI,119,2021-2022,2,Rabi,Betel Nuts (Areca nuts),0-23-0.00,2022-01-17,,,13.0344653,75.1048951,
441773903,24,Dakshina Kannada,3,Belthangady,3,VENURU,5,HOSANGADI,119,2021-2022,2,Rabi,Fallow,0-53-0.00,2022-01-17,,,13.0370867,75.0999738,
441773904,24,Dakshina Kannada,3,Belthangady,3,VENURU,5,HOSANGADI,119,2021-2022,2,Rabi,Fallow,0-26-0.00,2022-01-17,,,13.0362742,75.0999922,
441773906,24,Dakshina Kannada,3,Belthangady,3,VENURU,5,HOSANGADI,119,2021-2022,2,Rabi,Fallow,0-35-0.00,2022-01-17,,,13.0368685,75.099087,
441773928,24,Dakshina Kannada,3,Belthangady,3,VENURU,5,HOSANGADI,119,2021-2022,2,Rabi,NA Land ,0-9-0.00,2022-01-17,,,13.0325612,75.1070352,
441773938,24,Dakshina Kannada,3,Belthangady,3,VENURU,5,HOSANGADI,119,2021-2022,2,Rabi,NA Land ,0-5-0.00,2022-01-17,,,13.0403088,75.0912352,
441757067,24,Dakshina Kannada,3,Belthangady,3,VENURU,5,HOSANGADI,119,2021-2022,2,Rabi,Fallow,0-31-0.00,2022-01-17,,,13.0247644,75.0930069,
441757109,24,Dakshina Kannada,3,Belthangady,3,VENURU,5,HOSANGADI,119,2021-2022,2,Rabi,Fallow,0-22-0.00,2022-01-17,,,13.0257025,75.0915373,
441773833,24,Dakshina Kannada,3,Belthangady,3,VENURU,5,HOSANGADI,119,2021-2022,2,Rabi,NA Land ,0-2-0.00,2022-01-17,,,13.0317089,75.1078664,
441773837,24,Dakshina Kannada,3,Belthangady,3,VENURU,5,HOSANGADI,119,2021-2022,2,Rabi,NA Land ,0-3-0.00,2022-01-17,,,13.0317621,75.1078538,
441773867,24,Dakshina Kannada,3,Belthangady,3,VENURU,5,HOSANGADI,119,2021-2022,2,Rabi,Betel Nuts (Areca nuts),0-36-0.00,2022-01-17,,,13.0344589,75.1049025,
441773867,24,Dakshina Kannada,3,Belthangady,3,VENURU,5,HOSANGADI,119,2021-2022,2,Rabi,Betel Nuts (Areca nuts),0-36-0.00,2022-01-17,,,13.0344838,75.1048481,
441773911,24,Dakshina Kannada,3,Belthangady,3,VENURU,5,HOSANGADI,119,2021-2022,2,Rabi,Fallow,0-3-0.00,2022-01-17,,,13.0368834,75.0990692,
441773913,24,Dakshina Kannada,3,Belthangady,3,VENURU,5,HOSANGADI,119,2021-2022,2,Rabi,Fallow,0-37-0.00,2022-01-17,,,13.03965,75.1007411,
441773925,24,Dakshina Kannada,3,Belthangady,3,VENURU,5,HOSANGADI,119,2021-2022,2,Rabi,Fallow,0-3-0.00,2022-01-17,,,13.0393946,75.0989326,
441773930,24,Dakshina Kannada,3,Belthangady,3,VENURU,5,HOSANGADI,119,2021-2022,2,Rabi,Fallow,0-14-0.00,2022-01-17,,,13.0325695,75.1070403,
441773935,24,Dakshina Kannada,3,Belthangady,3,VENURU,5,HOSANGADI,119,2021-2022,2,Rabi,Fallow,0-23-0.00,2022-01-17,,,13.0401558,75.0900423,
441773857,24,Dakshina Kannada,3,Belthangady,3,VENURU,5,HOSANGADI,119,2021-2022,2,Rabi,NA Land ,0-8-0.00,2022-01-17,,,13.0326557,75.1083027,
441773860,24,Dakshina Kannada,3,Belthangady,3,VENURU,5,HOSANGADI,119,2021-2022,2,Rabi,NA Land ,0-13-0.00,2022-01-17,,,13.0351913,75.1066719,
441773872,24,Dakshina Kannada,3,Belthangady,3,VENURU,5,HOSANGADI,119,2021-2022,2,Rabi,Fallow,0-36-0.00,2022-01-17,,,13.0345103,75.1047012,
441773890,24,Dakshina Kannada,3,Belthangady,3,VENURU,5,HOSANGADI,119,2021-2022,2,Rabi,Betel Nuts (Areca nuts),1-8-0.00,2022-01-17,,,13.0339946,75.1049098,
441773890,24,Dakshina Kannada,3,Belthangady,3,VENURU,5,HOSANGADI,119,2021-2022,2,Rabi,Betel Nuts (Areca nuts),1-8-0.00,2022-01-17,,,13.0339945,75.1049098,
441773917,24,Dakshina Kannada,3,Belthangady,3,VENURU,5,HOSANGADI,119,2021-2022,2,Rabi,Fallow,1-20-0.00,2022-01-17,,,13.0389761,75.1007259,
441773922,24,Dakshina Kannada,3,Belthangady,3,VENURU,5,HOSANGADI,119,2021-2022,2,Rabi,Fallow,0-28-0.00,2022-01-17,,,13.0393938,75.098934,
441773843,24,Dakshina Kannada,3,Belthangady,3,VENURU,5,HOSANGADI,119,2021-2022,2,Rabi,NA Land ,0-4-0.00,2022-01-17,,,13.0317212,75.1078704,
441773876,24,Dakshina Kannada,3,Belthangady,3,VENURU,5,HOSANGADI,119,2021-2022,2,Rabi,Betel Nuts (Areca nuts),0-46-0.00,2022-01-17,,,13.0340015,75.1049374,
441773876,24,Dakshina Kannada,3,Belthangady,3,VENURU,5,HOSANGADI,119,2021-2022,2,Rabi,Betel Nuts (Areca nuts),0-46-0.00,2022-01-17,,,13.0339949,75.1049328,
441773897,24,Dakshina Kannada,3,Belthangady,3,VENURU,5,HOSANGADI,119,2021-2022,2,Rabi,Fallow,0-29-0.00,2022-01-17,,,13.0375246,75.1001053,
441773926,24,Dakshina Kannada,3,Belthangady,3,VENURU,5,HOSANGADI,119,2021-2022,2,Rabi,NA Land ,0-10-0.00,2022-01-17,,,13.0325695,75.107007,
441773937,24,Dakshina Kannada,3,Belthangady,3,VENURU,5,HOSANGADI,119,2021-2022,2,Rabi,Fallow,0-17-0.00,2022-01-17,,,13.0403386,75.0912663,
441773939,24,Dakshina Kannada,3,Belthangady,3,VENURU,5,HOSANGADI,119,2021-2022,2,Rabi,Fallow,0-64-0.00,2022-01-17,,,13.0302044,75.1009172,
441773840,24,Dakshina Kannada,3,Belthangady,3,VENURU,5,HOSANGADI,119,2021-2022,2,Rabi,NA Land ,0-6-0.00,2022-01-17,,,13.0317367,75.1078607,
441773845,24,Dakshina Kannada,3,Belthangady,3,VENURU,5,HOSANGADI,119,2021-2022,2,Rabi,Fallow,0-26-0.00,2022-01-17,,,13.0317095,75.1078645,
441773865,24,Dakshina Kannada,3,Belthangady,3,VENURU,5,HOSANGADI,119,2021-2022,2,Rabi,Fallow,1-28-0.00,2022-01-17,,,13.0351614,75.1065678,
441773908,24,Dakshina Kannada,3,Belthangady,3,VENURU,5,HOSANGADI,119,2021-2022,2,Rabi,Fallow,1-32-0.00,2022-01-17,,,13.0368609,75.0990513,
441773910,24,Dakshina Kannada,3,Belthangady,3,VENURU,5,HOSANGADI,119,2021-2022,2,Rabi,Fallow,1-40-0.00,2022-01-17,,,13.0368613,75.0990503,
441773933,24,Dakshina Kannada,3,Belthangady,3,VENURU,5,HOSANGADI,119,2021-2022,2,Rabi,Fallow,2-5-0.00,2022-01-17,,,13.0401336,75.090013,
441756729,24,Dakshina Kannada,3,Belthangady,3,VENURU,5,HOSANGADI,119,2021-2022,2,Rabi,NA Land ,0-12-0.00,2022-01-17,,,13.022879,75.1056435,
441756737,24,Dakshina Kannada,3,Belthangady,3,VENURU,5,HOSANGADI,119,2021-2022,2,Rabi,Fallow,0-34-0.00,2022-01-17,,,13.0228731,75.1056218,
441756758,24,Dakshina Kannada,3,Belthangady,3,VENURU,5,HOSANGADI,119,2021-2022,2,Rabi,Fallow,0-68-0.00,2022-01-17,,,13.022872,75.1056121,
441757014,24,Dakshina Kannada,3,Belthangady,3,VENURU,5,HOSANGADI,119,2021-2022,2,Rabi,Fallow,0-2-0.00,2022-01-17,,,13.0253122,75.098005,
441757098,24,Dakshina Kannada,3,Belthangady,3,VENURU,5,HOSANGADI,119,2021-2022,2,Rabi,NA Land ,0-9-0.00,2022-01-17,,,13.0254161,75.0918086,
441757132,24,Dakshina Kannada,3,Belthangady,3,VENURU,5,HOSANGADI,119,2021-2022,2,Rabi,Fallow,0-20-0.00,2022-01-17,,,13.0269021,75.0919486,
441757187,24,Dakshina Kannada,3,Belthangady,3,VENURU,5,HOSANGADI,119,2021-2022,2,Rabi,Fallow,0-61-0.00,2022-01-17,,,13.023065,75.0921308,
441773912,24,Dakshina Kannada,3,Belthangady,3,VENURU,5,HOSANGADI,119,2021-2022,2,Rabi,NA Land ,0-7-0.00,2022-01-17,,,13.0394595,75.0999815,
441595550,24,Dakshina Kannada,3,Belthangady,3,VENURU,10,BAJIRE,119,2021-2022,2,Rabi,NA Land ,0-31-0.00,2022-01-15,,,13.0061733,75.1386333,
441595546,24,Dakshina Kannada,3,Belthangady,3,VENURU,10,BAJIRE,119,2021-2022,2,Rabi,NA Land ,0-6-0.00,2022-01-15,,,13.0061863,75.1386232,
441775035,24,Dakshina Kannada,3,Belthangady,3,VENURU,5,HOSANGADI,119,2021-2022,2,Rabi,Fallow,0-66-0.00,2022-01-17,,,13.0370715,75.0999372,
441783717,24,Dakshina Kannada,3,Belthangady,3,VENURU,5,HOSANGADI,119,2021-2022,2,Rabi,NA Land ,0-8-0.00,2022-01-17,,,13.0589346,75.0887728,
441783709,24,Dakshina Kannada,3,Belthangady,3,VENURU,5,HOSANGADI,119,2021-2022,2,Rabi,Fallow,0-50-0.00,2022-01-17,,,13.0589318,75.0887699,
441783760,24,Dakshina Kannada,3,Belthangady,3,VENURU,5,HOSANGADI,119,2021-2022,2,Rabi,Fallow,0-22-0.00,2022-01-17,,,13.0589356,75.0887688,
441783695,24,Dakshina Kannada,3,Belthangady,3,VENURU,5,HOSANGADI,119,2021-2022,2,Rabi,Fallow,1-86-0.00,2022-01-17,,,13.0589313,75.0887699,
441783754,24,Dakshina Kannada,3,Belthangady,3,VENURU,5,HOSANGADI,119,2021-2022,2,Rabi,Fallow,0-27-0.00,2022-01-17,,,13.0589352,75.0887727,
441783679,24,Dakshina Kannada,3,Belthangady,3,VENURU,5,HOSANGADI,119,2021-2022,2,Rabi,NA Land ,0-10-0.00,2022-01-17,,,13.0589256,75.0887939,
441783726,24,Dakshina Kannada,3,Belthangady,3,VENURU,5,HOSANGADI,119,2021-2022,2,Rabi,Fallow,0-10-0.00,2022-01-17,,,13.0589353,75.0887725,
441783772,24,Dakshina Kannada,3,Belthangady,3,VENURU,5,HOSANGADI,119,2021-2022,2,Rabi,Fallow,2-0-0.00,2022-01-17,,,13.0589418,75.0887649,
441783772,24,Dakshina Kannada,3,Belthangady,3,VENURU,5,HOSANGADI,119,2021-2022,2,Rabi,Betel Nuts (Areca nuts),2-46-0.00,2022-01-17,,,13.0589428,75.0887628,
441783772,24,Dakshina Kannada,3,Belthangady,3,VENURU,5,HOSANGADI,119,2021-2022,2,Rabi,Betel Nuts (Areca nuts),2-46-0.00,2022-01-17,,,13.0589394,75.0887683,
441846678,24,Dakshina Kannada,3,Belthangady,3,VENURU,5,HOSANGADI,119,2021-2022,2,Rabi,NA Land ,0-7-0.00,2022-01-18,,,13.0413157,75.0851912,
441846711,24,Dakshina Kannada,3,Belthangady,3,VENURU,5,HOSANGADI,119,2021-2022,2,Rabi,Fallow,2-69-0.00,2022-01-18,,,13.0431494,75.0870502,
441846725,24,Dakshina Kannada,3,Belthangady,3,VENURU,5,HOSANGADI,119,2021-2022,2,Rabi,Fallow,0-49-0.00,2022-01-18,,,13.0446076,75.0826873,
441846744,24,Dakshina Kannada,3,Belthangady,3,VENURU,5,HOSANGADI,119,2021-2022,2,Rabi,Fallow,0-49-0.00,2022-01-18,,,13.0435178,75.0803825,
441846777,24,Dakshina Kannada,3,Belthangady,3,VENURU,5,HOSANGADI,119,2021-2022,2,Rabi,Fallow,0-32-0.00,2022-01-18,,,13.0428689,75.0806482,
441846816,24,Dakshina Kannada,3,Belthangady,3,VENURU,5,HOSANGADI,119,2021-2022,2,Rabi,Fallow,0-5-0.00,2022-01-18,,,13.0403973,75.0830611,
441846820,24,Dakshina Kannada,3,Belthangady,3,VENURU,5,HOSANGADI,119,2021-2022,2,Rabi,Fallow,0-39-0.00,2022-01-18,,,13.0412175,75.0886884,
441846825,24,Dakshina Kannada,3,Belthangady,3,VENURU,5,HOSANGADI,119,2021-2022,2,Rabi,Fallow,0-18-0.00,2022-01-18,,,13.0412122,75.0886983,
441846830,24,Dakshina Kannada,3,Belthangady,3,VENURU,5,HOSANGADI,119,2021-2022,2,Rabi,Fallow,0-24-0.00,2022-01-18,,,13.0412113,75.0886984,
441846875,24,Dakshina Kannada,3,Belthangady,3,VENURU,5,HOSANGADI,119,2021-2022,2,Rabi,Fallow,0-22-0.00,2022-01-18,,,13.0418023,75.0901229,
441846897,24,Dakshina Kannada,3,Belthangady,3,VENURU,5,HOSANGADI,119,2021-2022,2,Rabi,Fallow,0-31-0.00,2022-01-18,,,13.041795,75.0901371,
441846701,24,Dakshina Kannada,3,Belthangady,3,VENURU,5,HOSANGADI,119,2021-2022,2,Rabi,NA Land ,0-4-0.00,2022-01-18,,,13.0413138,75.0851946,
441846755,24,Dakshina Kannada,3,Belthangady,3,VENURU,5,HOSANGADI,119,2021-2022,2,Rabi,Betel Nuts (Areca nuts),0-72-0.00,2022-01-18,,,13.0429037,75.0796896,
441846755,24,Dakshina Kannada,3,Belthangady,3,VENURU,5,HOSANGADI,119,2021-2022,2,Rabi,Betel Nuts (Areca nuts),0-72-0.00,2022-01-18,,,13.0429042,75.0796885,
441458205,24,Dakshina Kannada,3,Belthangady,3,VENURU,10,BAJIRE,119,2021-2022,2,Rabi,NA Land ,0-10-0.00,2022-01-08,,,13.001591666666664,75.121525,
441458268,24,Dakshina Kannada,3,Belthangady,3,VENURU,10,BAJIRE,119,2021-2022,2,Rabi,NA Land ,0-19-0.00,2022-01-08,,,12.992575,75.1191573,
441458295,24,Dakshina Kannada,3,Belthangady,3,VENURU,10,BAJIRE,119,2021-2022,2,Rabi,Fallow,1-68-0.00,2022-01-08,,,12.9904077,75.1177039,
441458165,24,Dakshina Kannada,3,Belthangady,3,VENURU,10,BAJIRE,119,2021-2022,2,Rabi,Paddy-L,1-49-0.00,2022-01-08,january,1st week,12.9892055,75.1362657,
441458197,24,Dakshina Kannada,3,Belthangady,3,VENURU,10,BAJIRE,119,2021-2022,2,Rabi,NA Land ,0-5-0.00,2022-01-08,,,12.9918716,75.1326533,
441458230,24,Dakshina Kannada,3,Belthangady,3,VENURU,10,BAJIRE,119,2021-2022,2,Rabi,Betel Nuts (Areca nuts),0-10-0.00,2022-01-08,,,12.99356,75.11895,
441458243,24,Dakshina Kannada,3,Belthangady,3,VENURU,10,BAJIRE,119,2021-2022,2,Rabi,NA Land ,0-9-0.00,2022-01-08,,,12.9926836,75.1190401,
441458279,24,Dakshina Kannada,3,Belthangady,3,VENURU,10,BAJIRE,119,2021-2022,2,Rabi,NA Land ,0-28-0.00,2022-01-08,,,12.9913543,75.1184208,
441579579,24,Dakshina Kannada,3,Belthangady,3,VENURU,10,BAJIRE,119,2021-2022,2,Rabi,Betel Nuts (Areca nuts),0-67-0.00,2022-01-15,,,12.9869102,75.1433393,
441579579,24,Dakshina Kannada,3,Belthangady,3,VENURU,10,BAJIRE,119,2021-2022,2,Rabi,Betel Nuts (Areca nuts),0-67-0.00,2022-01-15,,,12.9868833,75.1433344,
441579599,24,Dakshina Kannada,3,Belthangady,3,VENURU,10,BAJIRE,119,2021-2022,2,Rabi,Betel Nuts (Areca nuts),0-51-0.00,2022-01-15,,,12.9869969,75.1433172,
441579599,24,Dakshina Kannada,3,Belthangady,3,VENURU,10,BAJIRE,119,2021-2022,2,Rabi,Betel Nuts (Areca nuts),0-51-0.00,2022-01-15,,,12.987009,75.1433106,
441579626,24,Dakshina Kannada,3,Belthangady,3,VENURU,10,BAJIRE,119,2021-2022,2,Rabi,NA Land ,0-36-0.00,2022-01-15,,,12.9873152,75.1449716,
441579589,24,Dakshina Kannada,3,Belthangady,3,VENURU,10,BAJIRE,119,2021-2022,2,Rabi,NA Land ,0-83-0.00,2022-01-15,,,12.9870221,75.1432979,
441579618,24,Dakshina Kannada,3,Belthangady,3,VENURU,10,BAJIRE,119,2021-2022,2,Rabi,NA Land ,0-24-0.00,2022-01-15,,,12.9873641,75.1449415,
441579641,24,Dakshina Kannada,3,Belthangady,3,VENURU,10,BAJIRE,119,2021-2022,2,Rabi,NA Land ,0-9-0.00,2022-01-15,,,12.9864888,75.1447017,
441579572,24,Dakshina Kannada,3,Belthangady,3,VENURU,10,BAJIRE,119,2021-2022,2,Rabi,Paddy-H,0-71-0.00,2022-01-15,january,1st week,12.985335,75.1408083,
441579582,24,Dakshina Kannada,3,Belthangady,3,VENURU,10,BAJIRE,119,2021-2022,2,Rabi,NA Land ,0-24-0.00,2022-01-15,,,12.9869157,75.1432783,
441579610,24,Dakshina Kannada,3,Belthangady,3,VENURU,10,BAJIRE,119,2021-2022,2,Rabi,NA Land ,0-11-0.00,2022-01-15,,,12.9869664,75.1433677,
441579643,24,Dakshina Kannada,3,Belthangady,3,VENURU,10,BAJIRE,119,2021-2022,2,Rabi,NA Land ,0-11-0.00,2022-01-15,,,12.9864632,75.1447032,
441579602,24,Dakshina Kannada,3,Belthangady,3,VENURU,10,BAJIRE,119,2021-2022,2,Rabi,NA Land ,0-25-0.00,2022-01-15,,,12.9870132,75.1433365,
441579630,24,Dakshina Kannada,3,Belthangady,3,VENURU,10,BAJIRE,119,2021-2022,2,Rabi,NA Land ,0-35-0.00,2022-01-15,,,12.9873301,75.1449695,
441579634,24,Dakshina Kannada,3,Belthangady,3,VENURU,10,BAJIRE,119,2021-2022,2,Rabi,NA Land ,0-32-0.00,2022-01-15,,,12.9873608,75.1449573,
441798185,24,Dakshina Kannada,3,Belthangady,3,VENURU,5,HOSANGADI,119,2021-2022,2,Rabi,Fallow,0-35-0.00,2022-01-17,,,13.0588408,75.0886012,
441798190,24,Dakshina Kannada,3,Belthangady,3,VENURU,5,HOSANGADI,119,2021-2022,2,Rabi,Fallow,0-18-0.00,2022-01-17,,,13.0587584,75.0887728,
441798191,24,Dakshina Kannada,3,Belthangady,3,VENURU,5,HOSANGADI,119,2021-2022,2,Rabi,Fallow,0-42-0.00,2022-01-17,,,13.0587614,75.0887872,
441798186,24,Dakshina Kannada,3,Belthangady,3,VENURU,5,HOSANGADI,119,2021-2022,2,Rabi,Fallow,0-3-0.00,2022-01-17,,,13.0586995,75.0888467,
441521513,24,Dakshina Kannada,3,Belthangady,3,VENURU,5,HOSANGADI,119,2021-2022,2,Rabi,Fallow,1-84-0.00,2022-01-14,,,13.0589699,75.0887981,
441521623,24,Dakshina Kannada,3,Belthangady,3,VENURU,5,HOSANGADI,119,2021-2022,2,Rabi,NA Land ,0-10-0.00,2022-01-14,,,13.0338311,75.0954315,
441521623,24,Dakshina Kannada,3,Belthangady,3,VENURU,5,HOSANGADI,119,2021-2022,2,Rabi,Fallow,0-10-0.00,2022-01-14,,,13.0338281,75.0954146,
441521632,24,Dakshina Kannada,3,Belthangady,3,VENURU,5,HOSANGADI,119,2021-2022,2,Rabi,NA Land ,0-7-0.00,2022-01-14,,,13.0340637,75.0954625,
441521675,24,Dakshina Kannada,3,Belthangady,3,VENURU,5,HOSANGADI,119,2021-2022,2,Rabi,Fallow,0-50-0.00,2022-01-14,,,13.0319184,75.0947725,
441521685,24,Dakshina Kannada,3,Belthangady,3,VENURU,5,HOSANGADI,119,2021-2022,2,Rabi,NA Land ,0-9-0.00,2022-01-14,,,13.0318214,75.0947696,
441521594,24,Dakshina Kannada,3,Belthangady,3,VENURU,5,HOSANGADI,119,2021-2022,2,Rabi,NA Land ,0-5-0.00,2022-01-14,,,13.0589965,75.0887777,
441521600,24,Dakshina Kannada,3,Belthangady,3,VENURU,5,HOSANGADI,119,2021-2022,2,Rabi,NA Land ,0-10-0.00,2022-01-14,,,13.0589889,75.0887826,
441521600,24,Dakshina Kannada,3,Belthangady,3,VENURU,5,HOSANGADI,119,2021-2022,2,Rabi,Fallow,0-30-0.00,2022-01-14,,,13.0589877,75.0887861,
441590297,24,Dakshina Kannada,3,Belthangady,3,VENURU,10,BAJIRE,119,2021-2022,2,Rabi,NA Land ,0-10-0.00,2022-01-15,,,13.0077034,75.1411477,
441590309,24,Dakshina Kannada,3,Belthangady,3,VENURU,10,BAJIRE,119,2021-2022,2,Rabi,NA Land ,0-10-0.00,2022-01-15,,,13.0076652,75.141153,
441590319,24,Dakshina Kannada,3,Belthangady,3,VENURU,10,BAJIRE,119,2021-2022,2,Rabi,Betel Nuts (Areca nuts),0-14-0.00,2022-01-15,,,13.0073667,75.14118,
441590319,24,Dakshina Kannada,3,Belthangady,3,VENURU,10,BAJIRE,119,2021-2022,2,Rabi,Betel Nuts (Areca nuts),0-14-0.00,2022-01-15,,,13.0074034,75.1411698,
441590353,24,Dakshina Kannada,3,Belthangady,3,VENURU,10,BAJIRE,119,2021-2022,2,Rabi,NA Land ,0-5-0.00,2022-01-15,,,13.0074024,75.1411971,
441590356,24,Dakshina Kannada,3,Belthangady,3,VENURU,10,BAJIRE,119,2021-2022,2,Rabi,NA Land ,0-8-0.00,2022-01-15,,,13.007384,75.1411559,
441871031,24,Dakshina Kannada,3,Belthangady,3,VENURU,5,HOSANGADI,119,2021-2022,2,Rabi,NA Land ,0-8-0.00,2022-01-19,,,12.9897698,75.2820887,
441871057,24,Dakshina Kannada,3,Belthangady,3,VENURU,5,HOSANGADI,119,2021-2022,2,Rabi,Fallow,0-39-0.00,2022-01-19,,,12.9897913,75.2821189,
441871045,24,Dakshina Kannada,3,Belthangady,3,VENURU,5,HOSANGADI,119,2021-2022,2,Rabi,Fallow,0-6-0.00,2022-01-19,,,12.9897856,75.2821044,
441871049,24,Dakshina Kannada,3,Belthangady,3,VENURU,5,HOSANGADI,119,2021-2022,2,Rabi,Fallow,0-3-0.00,2022-01-19,,,12.9897876,75.2821051,
441871055,24,Dakshina Kannada,3,Belthangady,3,VENURU,5,HOSANGADI,119,2021-2022,2,Rabi,Fallow,0-80-0.00,2022-01-19,,,12.989792,75.28211,
441878516,24,Dakshina Kannada,3,Belthangady,3,VENURU,10,BAJIRE,119,2021-2022,2,Rabi,Paddy-L,0-39-0.00,2022-01-19,january,1st week,12.9848435,75.1380722,
441878510,24,Dakshina Kannada,3,Belthangady,3,VENURU,10,BAJIRE,119,2021-2022,2,Rabi,NA Land ,0-39-0.00,2022-01-19,,,12.9848447,75.1380682,
441878526,24,Dakshina Kannada,3,Belthangady,3,VENURU,10,BAJIRE,119,2021-2022,2,Rabi,Pineapple,6-92-0.00,2022-01-19,january,1st week,12.9975583,75.131455,
441878526,24,Dakshina Kannada,3,Belthangady,3,VENURU,10,BAJIRE,119,2021-2022,2,Rabi,Pineapple,6-92-0.00,2022-01-19,january,1st week,12.9975391,75.1314307,
441878495,24,Dakshina Kannada,3,Belthangady,3,VENURU,10,BAJIRE,119,2021-2022,2,Rabi,NA Land ,0-72-0.00,2022-01-19,,,12.984819,75.1380641,
441846641,24,Dakshina Kannada,3,Belthangady,3,VENURU,5,HOSANGADI,119,2021-2022,2,Rabi,NA Land ,0-14-0.00,2022-01-18,,,13.0446397,75.0850727,
441846649,24,Dakshina Kannada,3,Belthangady,3,VENURU,5,HOSANGADI,119,2021-2022,2,Rabi,NA Land ,0-20-0.00,2022-01-18,,,13.0440907,75.0847928,
441773869,24,Dakshina Kannada,3,Belthangady,3,VENURU,5,HOSANGADI,119,2021-2022,2,Rabi,Fallow,0-57-0.00,2022-01-17,,,13.034527,75.1047299,
441773870,24,Dakshina Kannada,3,Belthangady,3,VENURU,5,HOSANGADI,119,2021-2022,2,Rabi,Fallow,0-39-0.00,2022-01-17,,,13.0345064,75.1047042,
441773915,24,Dakshina Kannada,3,Belthangady,3,VENURU,5,HOSANGADI,119,2021-2022,2,Rabi,NA Land ,0-7-0.00,2022-01-17,,,13.0389827,75.1007554,
441773915,24,Dakshina Kannada,3,Belthangady,3,VENURU,5,HOSANGADI,119,2021-2022,2,Rabi,Fallow,0-13-0.00,2022-01-17,,,13.0389813,75.10072,
441773924,24,Dakshina Kannada,3,Belthangady,3,VENURU,5,HOSANGADI,119,2021-2022,2,Rabi,NA Land ,0-4-0.00,2022-01-17,,,13.039393,75.0989327,
441773931,24,Dakshina Kannada,3,Belthangady,3,VENURU,5,HOSANGADI,119,2021-2022,2,Rabi,Fallow,1-82-0.00,2022-01-17,,,13.0401,75.090022,
441773934,24,Dakshina Kannada,3,Belthangady,3,VENURU,5,HOSANGADI,119,2021-2022,2,Rabi,Fallow,1-35-0.00,2022-01-17,,,13.040135,75.0900402,
441773927,24,Dakshina Kannada,3,Belthangady,3,VENURU,5,HOSANGADI,119,2021-2022,2,Rabi,Fallow,0-3-0.00,2022-01-17,,,13.0325567,75.1070377,
441757060,24,Dakshina Kannada,3,Belthangady,3,VENURU,5,HOSANGADI,119,2021-2022,2,Rabi,Fallow,0-34-0.00,2022-01-17,,,13.0241802,75.093125,
441757114,24,Dakshina Kannada,3,Belthangady,3,VENURU,5,HOSANGADI,119,2021-2022,2,Rabi,Fallow,0-24-0.00,2022-01-17,,,13.025765,75.091597,
441757126,24,Dakshina Kannada,3,Belthangady,3,VENURU,5,HOSANGADI,119,2021-2022,2,Rabi,Fallow,0-39-0.00,2022-01-17,,,13.0264946,75.0911441,
441757138,24,Dakshina Kannada,3,Belthangady,3,VENURU,5,HOSANGADI,119,2021-2022,2,Rabi,Fallow,0-36-0.00,2022-01-17,,,13.0269051,75.0919348,
441757138,24,Dakshina Kannada,3,Belthangady,3,VENURU,5,HOSANGADI,119,2021-2022,2,Rabi,Betel Nuts (Areca nuts),1-0-0.00,2022-01-17,,,13.0269148,75.091932,
441757138,24,Dakshina Kannada,3,Belthangady,3,VENURU,5,HOSANGADI,119,2021-2022,2,Rabi,Betel Nuts (Areca nuts),1-0-0.00,2022-01-17,,,13.0269476,75.0919581,
441757154,24,Dakshina Kannada,3,Belthangady,3,VENURU,5,HOSANGADI,119,2021-2022,2,Rabi,Fallow,0-81-0.00,2022-01-17,,,13.0230535,75.0921145,
441757172,24,Dakshina Kannada,3,Belthangady,3,VENURU,5,HOSANGADI,119,2021-2022,2,Rabi,Betel Nuts (Areca nuts),0-40-0.00,2022-01-17,,,13.0230649,75.0921257,
441757172,24,Dakshina Kannada,3,Belthangady,3,VENURU,5,HOSANGADI,119,2021-2022,2,Rabi,Betel Nuts (Areca nuts),0-40-0.00,2022-01-17,,,13.0230708,75.092128,
441757180,24,Dakshina Kannada,3,Belthangady,3,VENURU,5,HOSANGADI,119,2021-2022,2,Rabi,Fallow,0-38-0.00,2022-01-17,,,13.0230639,75.0921343,
441757031,24,Dakshina Kannada,3,Belthangady,3,VENURU,5,HOSANGADI,119,2021-2022,2,Rabi,Fallow,0-62-0.00,2022-01-17,,,13.0241989,75.0931274,
441757052,24,Dakshina Kannada,3,Belthangady,3,VENURU,5,HOSANGADI,119,2021-2022,2,Rabi,Fallow,0-78-0.00,2022-01-17,,,13.0241878,75.0931345,
441757086,24,Dakshina Kannada,3,Belthangady,3,VENURU,5,HOSANGADI,119,2021-2022,2,Rabi,NA Land ,0-7-0.00,2022-01-17,,,13.0247101,75.0929953,
441757092,24,Dakshina Kannada,3,Belthangady,3,VENURU,5,HOSANGADI,119,2021-2022,2,Rabi,Fallow,0-14-0.00,2022-01-17,,,13.0247204,75.0930079,
441775040,24,Dakshina Kannada,3,Belthangady,3,VENURU,5,HOSANGADI,119,2021-2022,2,Rabi,Fallow,0-22-0.00,2022-01-17,,,13.0370856,75.0999581,
441846656,24,Dakshina Kannada,3,Belthangady,3,VENURU,5,HOSANGADI,119,2021-2022,2,Rabi,NA Land ,0-5-0.00,2022-01-18,,,13.041494,75.0838381,
441846789,24,Dakshina Kannada,3,Belthangady,3,VENURU,5,HOSANGADI,119,2021-2022,2,Rabi,Fallow,1-0-0.00,2022-01-18,,,13.0428868,75.0806005,
441846811,24,Dakshina Kannada,3,Belthangady,3,VENURU,5,HOSANGADI,119,2021-2022,2,Rabi,Fallow,0-15-0.00,2022-01-18,,,13.0403951,75.0830614,
441846835,24,Dakshina Kannada,3,Belthangady,3,VENURU,5,HOSANGADI,119,2021-2022,2,Rabi,Fallow,0-80-0.00,2022-01-18,,,13.0418394,75.0899765,
441846904,24,Dakshina Kannada,3,Belthangady,3,VENURU,5,HOSANGADI,119,2021-2022,2,Rabi,Paddy-L,1-0-0.00,2022-01-18,january,1st week,13.041795,75.0901347,
441846904,24,Dakshina Kannada,3,Belthangady,3,VENURU,5,HOSANGADI,119,2021-2022,2,Rabi,Betel Nuts (Areca nuts),1-60-0.00,2022-01-18,,,13.041807,75.0901401,
441846904,24,Dakshina Kannada,3,Belthangady,3,VENURU,5,HOSANGADI,119,2021-2022,2,Rabi,Betel Nuts (Areca nuts),1-60-0.00,2022-01-18,,,13.0418088,75.0901411,
441846881,24,Dakshina Kannada,3,Belthangady,3,VENURU,5,HOSANGADI,119,2021-2022,2,Rabi,Fallow,0-71-0.00,2022-01-18,,,13.0418053,75.0901251,
441927117,24,Dakshina Kannada,3,Belthangady,3,VENURU,5,HOSANGADI,119,2021-2022,2,Rabi,Fallow,0-70-0.00,2022-01-19,,,13.0253192,75.0951276,
441927142,24,Dakshina Kannada,3,Belthangady,3,VENURU,5,HOSANGADI,119,2021-2022,2,Rabi,Fallow,1-21-0.00,2022-01-19,,,13.0265792,75.0959898,
441927159,24,Dakshina Kannada,3,Belthangady,3,VENURU,5,HOSANGADI,119,2021-2022,2,Rabi,Fallow,0-48-0.00,2022-01-19,,,13.024209,75.0892167,
441927166,24,Dakshina Kannada,3,Belthangady,3,VENURU,5,HOSANGADI,119,2021-2022,2,Rabi,Fallow,0-1-0.00,2022-01-19,,,13.0232409,75.0900584,
441927177,24,Dakshina Kannada,3,Belthangady,3,VENURU,5,HOSANGADI,119,2021-2022,2,Rabi,Fallow,0-6-0.00,2022-01-19,,,13.0232432,75.086531,
441927190,24,Dakshina Kannada,3,Belthangady,3,VENURU,5,HOSANGADI,119,2021-2022,2,Rabi,Fallow,0-40-0.00,2022-01-19,,,13.0261045,75.0822379,
441927219,24,Dakshina Kannada,3,Belthangady,3,VENURU,5,HOSANGADI,119,2021-2022,2,Rabi,Fallow,0-50-0.00,2022-01-19,,,13.029832,75.0813964,
441927242,24,Dakshina Kannada,3,Belthangady,3,VENURU,5,HOSANGADI,119,2021-2022,2,Rabi,NA Land ,0-8-0.00,2022-01-19,,,13.02949,75.0779598,
441927270,24,Dakshina Kannada,3,Belthangady,3,VENURU,5,HOSANGADI,119,2021-2022,2,Rabi,Fallow,2-1-0.00,2022-01-19,,,13.025505,75.0786751,
441927274,24,Dakshina Kannada,3,Belthangady,3,VENURU,5,HOSANGADI,119,2021-2022,2,Rabi,Fallow,2-1-0.00,2022-01-19,,,13.0254805,75.0786368,
441927318,24,Dakshina Kannada,3,Belthangady,3,VENURU,5,HOSANGADI,119,2021-2022,2,Rabi,Fallow,0-2-0.00,2022-01-19,,,13.0372505,75.0921698,
441927326,24,Dakshina Kannada,3,Belthangady,3,VENURU,5,HOSANGADI,119,2021-2022,2,Rabi,Fallow,1-36-0.00,2022-01-19,,,13.0372812,75.0921996,
441930765,24,Dakshina Kannada,3,Belthangady,3,VENURU,5,HOSANGADI,119,2021-2022,2,Rabi,Fallow,0-19-0.00,2022-01-19,,,13.0298395,75.0899286,
441930593,24,Dakshina Kannada,3,Belthangady,3,VENURU,5,HOSANGADI,119,2021-2022,2,Rabi,Fallow,0-33-0.00,2022-01-19,,,13.0356394,75.1019906,
441930605,24,Dakshina Kannada,3,Belthangady,3,VENURU,5,HOSANGADI,119,2021-2022,2,Rabi,Rubber,3-0-0.00,2022-01-19,,,13.029865,75.0899333,
441930605,24,Dakshina Kannada,3,Belthangady,3,VENURU,5,HOSANGADI,119,2021-2022,2,Rabi,Rubber,3-0-0.00,2022-01-19,,,13.0298333,75.0899303,
441930822,24,Dakshina Kannada,3,Belthangady,3,VENURU,5,HOSANGADI,119,2021-2022,2,Rabi,Fallow,0-28-0.00,2022-01-19,,,13.0281802,75.0903848,
441927130,24,Dakshina Kannada,3,Belthangady,3,VENURU,5,HOSANGADI,119,2021-2022,2,Rabi,NA Land ,0-15-0.00,2022-01-19,,,13.0252714,75.0950891,
441927155,24,Dakshina Kannada,3,Belthangady,3,VENURU,5,HOSANGADI,119,2021-2022,2,Rabi,Fallow,0-20-0.00,2022-01-19,,,13.0265953,75.0960313,
441927185,24,Dakshina Kannada,3,Belthangady,3,VENURU,5,HOSANGADI,119,2021-2022,2,Rabi,Fallow,0-50-0.00,2022-01-19,,,13.0261431,75.082261,
441927194,24,Dakshina Kannada,3,Belthangady,3,VENURU,5,HOSANGADI,119,2021-2022,2,Rabi,Fallow,0-40-0.00,2022-01-19,,,13.0261151,75.0822484,
441927207,24,Dakshina Kannada,3,Belthangady,3,VENURU,5,HOSANGADI,119,2021-2022,2,Rabi,Fallow,0-17-0.00,2022-01-19,,,13.0286386,75.0810706,
441927211,24,Dakshina Kannada,3,Belthangady,3,VENURU,5,HOSANGADI,119,2021-2022,2,Rabi,Fallow,0-17-0.00,2022-01-19,,,13.0286292,75.0810494,
441773912,24,Dakshina Kannada,3,Belthangady,3,VENURU,5,HOSANGADI,119,2021-2022,2,Rabi,Fallow,0-10-0.00,2022-01-17,,,13.039428,75.099976,
441756863,24,Dakshina Kannada,3,Belthangady,3,VENURU,5,HOSANGADI,119,2021-2022,2,Rabi,NA Land ,0-7-0.00,2022-01-17,,,13.025309,75.0980227,
441756863,24,Dakshina Kannada,3,Belthangady,3,VENURU,5,HOSANGADI,119,2021-2022,2,Rabi,Fallow,0-40-50.00,2022-01-17,,,13.025301,75.0980025,
441757023,24,Dakshina Kannada,3,Belthangady,3,VENURU,5,HOSANGADI,119,2021-2022,2,Rabi,Fallow,0-86-0.00,2022-01-17,,,13.0255894,75.0964169,
441757036,24,Dakshina Kannada,3,Belthangady,3,VENURU,5,HOSANGADI,119,2021-2022,2,Rabi,Fallow,0-21-0.00,2022-01-17,,,13.0241835,75.0931283,
441757044,24,Dakshina Kannada,3,Belthangady,3,VENURU,5,HOSANGADI,119,2021-2022,2,Rabi,NA Land ,0-6-0.00,2022-01-17,,,13.0241974,75.0931323,
441798193,24,Dakshina Kannada,3,Belthangady,3,VENURU,5,HOSANGADI,119,2021-2022,2,Rabi,Fallow,0-22-0.00,2022-01-17,,,13.0587668,75.0887966,
441798192,24,Dakshina Kannada,3,Belthangady,3,VENURU,5,HOSANGADI,119,2021-2022,2,Rabi,Fallow,0-56-0.00,2022-01-17,,,13.0587654,75.0887915,
441798187,24,Dakshina Kannada,3,Belthangady,3,VENURU,5,HOSANGADI,119,2021-2022,2,Rabi,Fallow,0-20-0.00,2022-01-17,,,13.0587641,75.0888003,
441798189,24,Dakshina Kannada,3,Belthangady,3,VENURU,5,HOSANGADI,119,2021-2022,2,Rabi,NA Land ,0-10-0.00,2022-01-17,,,13.0587797,75.0887616,
441930817,24,Dakshina Kannada,3,Belthangady,3,VENURU,5,HOSANGADI,119,2021-2022,2,Rabi,Betel Nuts (Areca nuts),1-42-0.00,2022-01-19,,,13.0281813,75.0903863,
441930817,24,Dakshina Kannada,3,Belthangady,3,VENURU,5,HOSANGADI,119,2021-2022,2,Rabi,Betel Nuts (Areca nuts),1-42-0.00,2022-01-19,,,13.0281806,75.0903862,
441893445,24,Dakshina Kannada,3,Belthangady,3,VENURU,5,HOSANGADI,119,2021-2022,2,Rabi,Fallow,0-66-0.00,2022-01-19,,,13.0280811,75.0952715,
441927076,24,Dakshina Kannada,3,Belthangady,3,VENURU,5,HOSANGADI,119,2021-2022,2,Rabi,NA Land ,0-8-0.00,2022-01-19,,,13.0281287,75.095335,
441927099,24,Dakshina Kannada,3,Belthangady,3,VENURU,5,HOSANGADI,119,2021-2022,2,Rabi,Fallow,0-60-0.00,2022-01-19,,,13.0272548,75.0954463,
441927110,24,Dakshina Kannada,3,Belthangady,3,VENURU,5,HOSANGADI,119,2021-2022,2,Rabi,NA Land ,0-10-0.00,2022-01-19,,,13.0268103,75.094329,
441927095,24,Dakshina Kannada,3,Belthangady,3,VENURU,5,HOSANGADI,119,2021-2022,2,Rabi,Fallow,0-25-0.00,2022-01-19,,,13.0272532,75.0954445,
441927147,24,Dakshina Kannada,3,Belthangady,3,VENURU,5,HOSANGADI,119,2021-2022,2,Rabi,Fallow,0-30-0.00,2022-01-19,,,13.0265951,75.0960288,
441927152,24,Dakshina Kannada,3,Belthangady,3,VENURU,5,HOSANGADI,119,2021-2022,2,Rabi,Fallow,0-20-0.00,2022-01-19,,,13.0265948,75.0960301,
441927181,24,Dakshina Kannada,3,Belthangady,3,VENURU,5,HOSANGADI,119,2021-2022,2,Rabi,Fallow,0-26-0.00,2022-01-19,,,13.0261562,75.0823071,
441927198,24,Dakshina Kannada,3,Belthangady,3,VENURU,5,HOSANGADI,119,2021-2022,2,Rabi,Fallow,0-38-0.00,2022-01-19,,,13.0261266,75.0822544,
441927215,24,Dakshina Kannada,3,Belthangady,3,VENURU,5,HOSANGADI,119,2021-2022,2,Rabi,Fallow,2-4-0.00,2022-01-19,,,13.0299225,75.0814533,
441927238,24,Dakshina Kannada,3,Belthangady,3,VENURU,5,HOSANGADI,119,2021-2022,2,Rabi,Fallow,0-93-0.00,2022-01-19,,,13.0295542,75.0779276,
441927238,24,Dakshina Kannada,3,Belthangady,3,VENURU,5,HOSANGADI,119,2021-2022,2,Rabi,Betel Nuts (Areca nuts),3-34-0.00,2022-01-19,,,13.0295412,75.0779465,
441927238,24,Dakshina Kannada,3,Belthangady,3,VENURU,5,HOSANGADI,119,2021-2022,2,Rabi,Betel Nuts (Areca nuts),3-34-0.00,2022-01-19,,,13.029511,75.0779407,
441927293,24,Dakshina Kannada,3,Belthangady,3,VENURU,5,HOSANGADI,119,2021-2022,2,Rabi,Fallow,0-10-0.00,2022-01-19,,,13.0333724,75.0785684,
441927222,24,Dakshina Kannada,3,Belthangady,3,VENURU,5,HOSANGADI,119,2021-2022,2,Rabi,Fallow,0-64-0.00,2022-01-19,,,13.0297525,75.0814142,
441846668,24,Dakshina Kannada,3,Belthangady,3,VENURU,5,HOSANGADI,119,2021-2022,2,Rabi,Fallow,0-25-0.00,2022-01-18,,,13.0415699,75.0838641,
441846682,24,Dakshina Kannada,3,Belthangady,3,VENURU,5,HOSANGADI,119,2021-2022,2,Rabi,Betel Nuts (Areca nuts),0-57-0.00,2022-01-18,,,13.0413299,75.0851934,
441846682,24,Dakshina Kannada,3,Belthangady,3,VENURU,5,HOSANGADI,119,2021-2022,2,Rabi,Betel Nuts (Areca nuts),0-57-0.00,2022-01-18,,,13.0413303,75.0851934,
441846687,24,Dakshina Kannada,3,Belthangady,3,VENURU,5,HOSANGADI,119,2021-2022,2,Rabi,Betel Nuts (Areca nuts),0-78-0.00,2022-01-18,,,13.0413344,75.0851927,
441846687,24,Dakshina Kannada,3,Belthangady,3,VENURU,5,HOSANGADI,119,2021-2022,2,Rabi,Betel Nuts (Areca nuts),0-78-0.00,2022-01-18,,,13.0413347,75.0851925,
441846716,24,Dakshina Kannada,3,Belthangady,3,VENURU,5,HOSANGADI,119,2021-2022,2,Rabi,Fallow,0-2-0.00,2022-01-18,,,13.0446845,75.0832462,
441846749,24,Dakshina Kannada,3,Belthangady,3,VENURU,5,HOSANGADI,119,2021-2022,2,Rabi,Fallow,1-57-0.00,2022-01-18,,,13.0428898,75.0803977,
441846763,24,Dakshina Kannada,3,Belthangady,3,VENURU,5,HOSANGADI,119,2021-2022,2,Rabi,Fallow,0-25-0.00,2022-01-18,,,13.0429248,75.0797064,
441846889,24,Dakshina Kannada,3,Belthangady,3,VENURU,5,HOSANGADI,119,2021-2022,2,Rabi,Fallow,0-58-0.00,2022-01-18,,,13.0417939,75.0901384,
441878505,24,Dakshina Kannada,3,Belthangady,3,VENURU,10,BAJIRE,119,2021-2022,2,Rabi,Paddy-L,0-50-0.00,2022-01-19,january,1st week,12.9848383,75.1380381,
441878521,24,Dakshina Kannada,3,Belthangady,3,VENURU,10,BAJIRE,119,2021-2022,2,Rabi,NA Land ,0-61-0.00,2022-01-19,,,12.9848467,75.1380733,
441871041,24,Dakshina Kannada,3,Belthangady,3,VENURU,5,HOSANGADI,119,2021-2022,2,Rabi,Fallow,0-12-0.00,2022-01-19,,,12.989781,75.2820986,
441871052,24,Dakshina Kannada,3,Belthangady,3,VENURU,5,HOSANGADI,119,2021-2022,2,Rabi,Fallow,0-34-0.00,2022-01-19,,,12.9897904,75.2821097,
441949309,24,Dakshina Kannada,3,Belthangady,3,VENURU,5,HOSANGADI,119,2021-2022,2,Rabi,Fallow,0-56-0.00,2022-01-19,,,13.0288464,75.0891317,
441949309,24,Dakshina Kannada,3,Belthangady,3,VENURU,5,HOSANGADI,119,2021-2022,2,Rabi,Betel Nuts (Areca nuts),0-70-0.00,2022-01-19,,,13.0288636,75.0891969,
441949309,24,Dakshina Kannada,3,Belthangady,3,VENURU,5,HOSANGADI,119,2021-2022,2,Rabi,Betel Nuts (Areca nuts),0-70-0.00,2022-01-19,,,13.0288628,75.089195,
441949381,24,Dakshina Kannada,3,Belthangady,3,VENURU,5,HOSANGADI,119,2021-2022,2,Rabi,Fallow,0-65-0.00,2022-01-20,,,13.0375399,75.0855424,
441949376,24,Dakshina Kannada,3,Belthangady,3,VENURU,5,HOSANGADI,119,2021-2022,2,Rabi,Fallow,1-95-0.00,2022-01-20,,,13.0375418,75.0855355,
441949417,24,Dakshina Kannada,3,Belthangady,3,VENURU,5,HOSANGADI,119,2021-2022,2,Rabi,Fallow,0-44-0.00,2022-01-20,,,13.0375467,75.0855453,
441949326,24,Dakshina Kannada,3,Belthangady,3,VENURU,5,HOSANGADI,119,2021-2022,2,Rabi,Fallow,0-58-0.00,2022-01-19,,,13.0289825,75.087015,
441949322,24,Dakshina Kannada,3,Belthangady,3,VENURU,5,HOSANGADI,119,2021-2022,2,Rabi,Fallow,1-10-0.00,2022-01-19,,,13.0286961,75.0892563,
441949385,24,Dakshina Kannada,3,Belthangady,3,VENURU,5,HOSANGADI,119,2021-2022,2,Rabi,Fallow,0-39-0.00,2022-01-20,,,13.0375431,75.085544,
441949390,24,Dakshina Kannada,3,Belthangady,3,VENURU,5,HOSANGADI,119,2021-2022,2,Rabi,NA Land ,0-9-0.00,2022-01-20,,,13.0375445,75.0855444,
441949371,24,Dakshina Kannada,3,Belthangady,3,VENURU,5,HOSANGADI,119,2021-2022,2,Rabi,Fallow,0-88-0.00,2022-01-19,,,13.0289649,75.0870126,
441949314,24,Dakshina Kannada,3,Belthangady,3,VENURU,5,HOSANGADI,119,2021-2022,2,Rabi,Betel Nuts (Areca nuts),1-28-0.00,2022-01-19,,,13.0288152,75.0890762,
441949314,24,Dakshina Kannada,3,Belthangady,3,VENURU,5,HOSANGADI,119,2021-2022,2,Rabi,Betel Nuts (Areca nuts),1-28-0.00,2022-01-19,,,13.0288132,75.0890758,
441949318,24,Dakshina Kannada,3,Belthangady,3,VENURU,5,HOSANGADI,119,2021-2022,2,Rabi,Fallow,0-72-0.00,2022-01-19,,,13.0288129,75.0890749,
441927235,24,Dakshina Kannada,3,Belthangady,3,VENURU,5,HOSANGADI,119,2021-2022,2,Rabi,NA Land ,0-6-0.00,2022-01-19,,,13.0296465,75.0793265,
441927286,24,Dakshina Kannada,3,Belthangady,3,VENURU,5,HOSANGADI,119,2021-2022,2,Rabi,NA Land ,0-7-0.00,2022-01-19,,,13.0333706,75.0785616,
441927174,24,Dakshina Kannada,3,Belthangady,3,VENURU,5,HOSANGADI,119,2021-2022,2,Rabi,Fallow,0-1-0.00,2022-01-19,,,13.0232125,75.0900444,
441927202,24,Dakshina Kannada,3,Belthangady,3,VENURU,5,HOSANGADI,119,2021-2022,2,Rabi,Fallow,0-27-0.00,2022-01-19,,,13.0286733,75.0809901,
441927231,24,Dakshina Kannada,3,Belthangady,3,VENURU,5,HOSANGADI,119,2021-2022,2,Rabi,Fallow,1-0-0.00,2022-01-19,,,13.0295901,75.0793185,
441927304,24,Dakshina Kannada,3,Belthangady,3,VENURU,5,HOSANGADI,119,2021-2022,2,Rabi,Fallow,0-17-0.00,2022-01-19,,,13.0372964,75.0922073,
441927311,24,Dakshina Kannada,3,Belthangady,3,VENURU,5,HOSANGADI,119,2021-2022,2,Rabi,NA Land ,0-10-0.00,2022-01-19,,,13.0371681,75.0921857,
441927311,24,Dakshina Kannada,3,Belthangady,3,VENURU,5,HOSANGADI,119,2021-2022,2,Rabi,Fallow,0-7-0.00,2022-01-19,,,13.0372444,75.0921763,
441930575,24,Dakshina Kannada,3,Belthangady,3,VENURU,5,HOSANGADI,119,2021-2022,2,Rabi,Fallow,0-13-0.00,2022-01-19,,,13.0356465,75.1022921,
441930589,24,Dakshina Kannada,3,Belthangady,3,VENURU,5,HOSANGADI,119,2021-2022,2,Rabi,Fallow,0-49-0.00,2022-01-19,,,13.0356136,75.1019637,
441930806,24,Dakshina Kannada,3,Belthangady,3,VENURU,5,HOSANGADI,119,2021-2022,2,Rabi,Fallow,0-81-0.00,2022-01-19,,,13.0282039,75.090409,
441927089,24,Dakshina Kannada,3,Belthangady,3,VENURU,5,HOSANGADI,119,2021-2022,2,Rabi,Fallow,0-34-0.00,2022-01-19,,,13.0272455,75.0954265,
441927137,24,Dakshina Kannada,3,Belthangady,3,VENURU,5,HOSANGADI,119,2021-2022,2,Rabi,NA Land ,0-14-0.00,2022-01-19,,,13.0265549,75.096007,
441927162,24,Dakshina Kannada,3,Belthangady,3,VENURU,5,HOSANGADI,119,2021-2022,2,Rabi,Fallow,0-19-0.00,2022-01-19,,,13.0232552,75.0899698,
441927169,24,Dakshina Kannada,3,Belthangady,3,VENURU,5,HOSANGADI,119,2021-2022,2,Rabi,NA Land ,0-5-0.00,2022-01-19,,,13.0232156,75.0900206,
441927259,24,Dakshina Kannada,3,Belthangady,3,VENURU,5,HOSANGADI,119,2021-2022,2,Rabi,Fallow,1-90-0.00,2022-01-19,,,13.0291794,75.0764339,
441927297,24,Dakshina Kannada,3,Belthangady,3,VENURU,5,HOSANGADI,119,2021-2022,2,Rabi,NA Land ,0-7-0.00,2022-01-19,,,13.0371694,75.09218,
442011356,24,Dakshina Kannada,3,Belthangady,3,VENURU,10,BAJIRE,119,2021-2022,2,Rabi,NA Land ,0-75-0.00,2022-01-21,,,12.987865,75.1218334,
442011323,24,Dakshina Kannada,3,Belthangady,3,VENURU,10,BAJIRE,119,2021-2022,2,Rabi,Paddy-L,1-36-0.00,2022-01-21,january,1st week,12.98786,75.121835,
442011359,24,Dakshina Kannada,3,Belthangady,3,VENURU,10,BAJIRE,119,2021-2022,2,Rabi,NA Land ,0-51-0.00,2022-01-21,,,12.9878728,75.1218235,
442011368,24,Dakshina Kannada,3,Belthangady,3,VENURU,10,BAJIRE,119,2021-2022,2,Rabi,NA Land ,0-13-0.00,2022-01-21,,,12.987847,75.1218422,
442011370,24,Dakshina Kannada,3,Belthangady,3,VENURU,10,BAJIRE,119,2021-2022,2,Rabi,NA Land ,0-3-0.00,2022-01-21,,,12.9878759,75.1218551,
442017582,24,Dakshina Kannada,3,Belthangady,3,VENURU,10,BAJIRE,119,2021-2022,2,Rabi,Paddy-L,2-47-0.00,2022-01-21,january,1st week,12.9878133,75.1176967,
442017578,24,Dakshina Kannada,3,Belthangady,3,VENURU,10,BAJIRE,119,2021-2022,2,Rabi,NA Land ,0-11-0.00,2022-01-21,,,12.9878157,75.1177,
442004376,24,Dakshina Kannada,3,Belthangady,3,VENURU,10,BAJIRE,119,2021-2022,2,Rabi,NA Land ,0-29-0.00,2022-01-21,,,12.9788004,75.1326231,
442004379,24,Dakshina Kannada,3,Belthangady,3,VENURU,10,BAJIRE,119,2021-2022,2,Rabi,NA Land ,0-12-0.00,2022-01-21,,,12.9787935,75.1326519,
442004372,24,Dakshina Kannada,3,Belthangady,3,VENURU,10,BAJIRE,119,2021-2022,2,Rabi,NA Land ,0-36-0.00,2022-01-21,,,12.978778333333333,75.13267666666667,
441798194,24,Dakshina Kannada,3,Belthangady,3,VENURU,5,HOSANGADI,119,2021-2022,2,Rabi,NA Land ,0-13-0.00,2022-01-17,,,13.058769,75.0887944,
441798188,24,Dakshina Kannada,3,Belthangady,3,VENURU,5,HOSANGADI,119,2021-2022,2,Rabi,Fallow,0-19-0.00,2022-01-17,,,13.0588032,75.088854,
441874319,24,Dakshina Kannada,3,Belthangady,3,VENURU,10,BAJIRE,119,2021-2022,2,Rabi,NA Land ,0-15-0.00,2022-01-19,,,12.9811208,75.142745,
441874335,24,Dakshina Kannada,3,Belthangady,3,VENURU,10,BAJIRE,119,2021-2022,2,Rabi,NA Land ,0-12-0.00,2022-01-19,,,12.9811465,75.1427723,
441874345,24,Dakshina Kannada,3,Belthangady,3,VENURU,10,BAJIRE,119,2021-2022,2,Rabi,NA Land ,0-25-0.00,2022-01-19,,,12.981124,75.1427731,
441874325,24,Dakshina Kannada,3,Belthangady,3,VENURU,10,BAJIRE,119,2021-2022,2,Rabi,Paddy-L,0-65-0.00,2022-01-19,january,3rd week,12.9810987,75.1427699,
441874328,24,Dakshina Kannada,3,Belthangady,3,VENURU,10,BAJIRE,119,2021-2022,2,Rabi,Paddy-L,0-45-0.00,2022-01-19,january,1st week,12.9811283,75.1427567,
441874332,24,Dakshina Kannada,3,Belthangady,3,VENURU,10,BAJIRE,119,2021-2022,2,Rabi,NA Land ,0-14-0.00,2022-01-19,,,12.9811389,75.1427744,
441875559,24,Dakshina Kannada,3,Belthangady,3,VENURU,10,BAJIRE,119,2021-2022,2,Rabi,NA Land ,0-16-0.00,2022-01-19,,,12.9811057,75.1427738,
441875555,24,Dakshina Kannada,3,Belthangady,3,VENURU,10,BAJIRE,119,2021-2022,2,Rabi,NA Land ,0-30-0.00,2022-01-19,,,12.9811039,75.1427535,
441893447,24,Dakshina Kannada,3,Belthangady,3,VENURU,5,HOSANGADI,119,2021-2022,2,Rabi,Fallow,0-52-0.00,2022-01-19,,,13.0280693,75.0952446,
442003283,24,Dakshina Kannada,3,Belthangady,3,VENURU,10,BAJIRE,119,2021-2022,2,Rabi,NA Land ,0-5-0.00,2022-01-21,,,12.9778459,75.1388956,
442017584,24,Dakshina Kannada,3,Belthangady,3,VENURU,10,BAJIRE,119,2021-2022,2,Rabi,NA Land ,0-9-0.00,2022-01-21,,,12.9875883,75.12489,
442004369,24,Dakshina Kannada,3,Belthangady,3,VENURU,10,BAJIRE,119,2021-2022,2,Rabi,NA Land ,0-35-0.00,2022-01-21,,,12.9788362,75.1326549,
442004371,24,Dakshina Kannada,3,Belthangady,3,VENURU,10,BAJIRE,119,2021-2022,2,Rabi,NA Land ,0-36-0.00,2022-01-21,,,12.9787998,75.1326428,
442003280,24,Dakshina Kannada,3,Belthangady,3,VENURU,10,BAJIRE,119,2021-2022,2,Rabi,NA Land ,0-22-0.00,2022-01-21,,,12.9778579,75.1386909,
442003282,24,Dakshina Kannada,3,Belthangady,3,VENURU,10,BAJIRE,119,2021-2022,2,Rabi,NA Land ,0-21-0.00,2022-01-21,,,12.9781975,75.1395553,
442004374,24,Dakshina Kannada,3,Belthangady,3,VENURU,10,BAJIRE,119,2021-2022,2,Rabi,NA Land ,0-9-0.00,2022-01-21,,,12.9787694,75.1327195,
442004381,24,Dakshina Kannada,3,Belthangady,3,VENURU,10,BAJIRE,119,2021-2022,2,Rabi,NA Land ,0-28-0.00,2022-01-21,,,12.9788048,75.1326618,
442004382,24,Dakshina Kannada,3,Belthangady,3,VENURU,10,BAJIRE,119,2021-2022,2,Rabi,NA Land ,0-36-0.00,2022-01-21,,,12.9787977,75.1326531,
442011297,24,Dakshina Kannada,3,Belthangady,3,VENURU,10,BAJIRE,119,2021-2022,2,Rabi,NA Land ,0-71-0.00,2022-01-21,,,12.9880111,75.1218248,
442011339,24,Dakshina Kannada,3,Belthangady,3,VENURU,10,BAJIRE,119,2021-2022,2,Rabi,NA Land ,0-35-0.00,2022-01-21,,,12.9878853,75.1218773,
442011346,24,Dakshina Kannada,3,Belthangady,3,VENURU,10,BAJIRE,119,2021-2022,2,Rabi,NA Land ,4-23-0.00,2022-01-21,,,12.9878531,75.1218378,
442011349,24,Dakshina Kannada,3,Belthangady,3,VENURU,10,BAJIRE,119,2021-2022,2,Rabi,NA Land ,0-18-0.00,2022-01-21,,,12.9878521,75.1218505,
442011353,24,Dakshina Kannada,3,Belthangady,3,VENURU,10,BAJIRE,119,2021-2022,2,Rabi,Paddy-L,1-50-0.00,2022-01-21,january,1st week,12.9878464,75.1217975,
442011362,24,Dakshina Kannada,3,Belthangady,3,VENURU,10,BAJIRE,119,2021-2022,2,Rabi,NA Land ,0-10-0.00,2022-01-21,,,12.9878683,75.1218604,
442011365,24,Dakshina Kannada,3,Belthangady,3,VENURU,10,BAJIRE,119,2021-2022,2,Rabi,NA Land ,0-35-0.00,2022-01-21,,,12.9878535,75.1218378,
441846841,24,Dakshina Kannada,3,Belthangady,3,VENURU,5,HOSANGADI,119,2021-2022,2,Rabi,Fallow,0-61-0.00,2022-01-18,,,13.0418733,75.0899944,
441846846,24,Dakshina Kannada,3,Belthangady,3,VENURU,5,HOSANGADI,119,2021-2022,2,Rabi,Fallow,0-57-0.00,2022-01-18,,,13.0418013,75.0901236,
441846862,24,Dakshina Kannada,3,Belthangady,3,VENURU,5,HOSANGADI,119,2021-2022,2,Rabi,Fallow,0-20-0.00,2022-01-18,,,13.0417995,75.0901225,
441846697,24,Dakshina Kannada,3,Belthangady,3,VENURU,5,HOSANGADI,119,2021-2022,2,Rabi,Fallow,0-62-0.00,2022-01-18,,,13.0413285,75.0851976,
441846870,24,Dakshina Kannada,3,Belthangady,3,VENURU,5,HOSANGADI,119,2021-2022,2,Rabi,Fallow,0-50-0.00,2022-01-18,,,13.0418009,75.0901228,
441846662,24,Dakshina Kannada,3,Belthangady,3,VENURU,5,HOSANGADI,119,2021-2022,2,Rabi,Fallow,0-25-0.00,2022-01-18,,,13.0415476,75.0838588,
441846673,24,Dakshina Kannada,3,Belthangady,3,VENURU,5,HOSANGADI,119,2021-2022,2,Rabi,Fallow,0-18-0.00,2022-01-18,,,13.0413077,75.0851984,
441846707,24,Dakshina Kannada,3,Belthangady,3,VENURU,5,HOSANGADI,119,2021-2022,2,Rabi,Fallow,0-3-0.00,2022-01-18,,,13.0413217,75.0851939,
441846759,24,Dakshina Kannada,3,Belthangady,3,VENURU,5,HOSANGADI,119,2021-2022,2,Rabi,NA Land ,0-10-0.00,2022-01-18,,,13.0429035,75.0796893,
441846799,24,Dakshina Kannada,3,Belthangady,3,VENURU,5,HOSANGADI,119,2021-2022,2,Rabi,Fallow,1-98-0.00,2022-01-18,,,13.0403893,75.0830505,
441846885,24,Dakshina Kannada,3,Belthangady,3,VENURU,5,HOSANGADI,119,2021-2022,2,Rabi,Fallow,0-4-0.00,2022-01-18,,,13.0417873,75.090101,
441846910,24,Dakshina Kannada,3,Belthangady,3,VENURU,5,HOSANGADI,119,2021-2022,2,Rabi,Fallow,0-15-0.00,2022-01-18,,,13.041805,75.090146,
441846692,24,Dakshina Kannada,3,Belthangady,3,VENURU,5,HOSANGADI,119,2021-2022,2,Rabi,NA Land ,0-15-0.00,2022-01-18,,,13.041332,75.0851982,
441846720,24,Dakshina Kannada,3,Belthangady,3,VENURU,5,HOSANGADI,119,2021-2022,2,Rabi,Fallow,0-25-0.00,2022-01-18,,,13.0447235,75.0832584,
441846854,24,Dakshina Kannada,3,Belthangady,3,VENURU,5,HOSANGADI,119,2021-2022,2,Rabi,Fallow,0-85-0.00,2022-01-18,,,13.041799,75.0901227,
441846729,24,Dakshina Kannada,3,Belthangady,3,VENURU,5,HOSANGADI,119,2021-2022,2,Rabi,Fallow,0-48-0.00,2022-01-18,,,13.0445934,75.0826665,
441846734,24,Dakshina Kannada,3,Belthangady,3,VENURU,5,HOSANGADI,119,2021-2022,2,Rabi,Fallow,0-6-0.00,2022-01-18,,,13.0443521,75.0806481,
441846738,24,Dakshina Kannada,3,Belthangady,3,VENURU,5,HOSANGADI,119,2021-2022,2,Rabi,NA Land ,0-9-0.00,2022-01-18,,,13.0443478,75.0806289,
441846769,24,Dakshina Kannada,3,Belthangady,3,VENURU,5,HOSANGADI,119,2021-2022,2,Rabi,NA Land ,0-13-0.00,2022-01-18,,,13.0429242,75.0797079,
441846784,24,Dakshina Kannada,3,Belthangady,3,VENURU,5,HOSANGADI,119,2021-2022,2,Rabi,Fallow,0-28-0.00,2022-01-18,,,13.0428796,75.0806047,
441846795,24,Dakshina Kannada,3,Belthangady,3,VENURU,5,HOSANGADI,119,2021-2022,2,Rabi,Fallow,0-38-0.00,2022-01-18,,,13.0428853,75.0806152,
441846805,24,Dakshina Kannada,3,Belthangady,3,VENURU,5,HOSANGADI,119,2021-2022,2,Rabi,Fallow,0-10-0.00,2022-01-18,,,13.0403905,75.0830544,
442219979,24,Dakshina Kannada,3,Belthangady,3,VENURU,5,HOSANGADI,119,2021-2022,2,Rabi,Fallow,1-70-0.00,2022-01-21,,,13.0380991,75.0842798,
442219996,24,Dakshina Kannada,3,Belthangady,3,VENURU,5,HOSANGADI,119,2021-2022,2,Rabi,Fallow,0-7-0.00,2022-01-22,,,13.0306655,75.0874371,
442220022,24,Dakshina Kannada,3,Belthangady,3,VENURU,5,HOSANGADI,119,2021-2022,2,Rabi,Fallow,0-40-0.00,2022-01-22,,,13.0346085,75.083114,
442219988,24,Dakshina Kannada,3,Belthangady,3,VENURU,5,HOSANGADI,119,2021-2022,2,Rabi,Fallow,0-12-0.00,2022-01-21,,,13.0380908,75.0842404,
442219970,24,Dakshina Kannada,3,Belthangady,3,VENURU,5,HOSANGADI,119,2021-2022,2,Rabi,Fallow,0-43-0.00,2022-01-21,,,13.0381067,75.0842949,
441277184,24,Dakshina Kannada,3,Belthangady,3,VENURU,5,HOSANGADI,119,2021-2022,2,Rabi,Fallow,0-93-0.00,2022-01-11,,,13.0316534,75.1029415,
441812292,24,Dakshina Kannada,3,Belthangady,3,VENURU,10,BAJIRE,119,2021-2022,2,Rabi,NA Land ,1-19-0.00,2022-01-18,,,12.9798489,75.1311866,
441812323,24,Dakshina Kannada,3,Belthangady,3,VENURU,10,BAJIRE,119,2021-2022,2,Rabi,NA Land ,1-12-0.00,2022-01-18,,,12.9825445,75.130607,
441812296,24,Dakshina Kannada,3,Belthangady,3,VENURU,10,BAJIRE,119,2021-2022,2,Rabi,NA Land ,0-45-0.00,2022-01-18,,,12.9823473,75.129509,
441812284,24,Dakshina Kannada,3,Belthangady,3,VENURU,10,BAJIRE,119,2021-2022,2,Rabi,NA Land ,0-6-0.00,2022-01-18,,,12.9799761,75.1311995,
441812287,24,Dakshina Kannada,3,Belthangady,3,VENURU,10,BAJIRE,119,2021-2022,2,Rabi,NA Land ,2-30-0.00,2022-01-18,,,12.979975000000001,75.13115833333333,
441812302,24,Dakshina Kannada,3,Belthangady,3,VENURU,10,BAJIRE,119,2021-2022,2,Rabi,NA Land ,1-12-0.00,2022-01-18,,,12.9824097,75.1295493,
441812312,24,Dakshina Kannada,3,Belthangady,3,VENURU,10,BAJIRE,119,2021-2022,2,Rabi,NA Land ,0-36-0.00,2022-01-18,,,12.9823475,75.1296385,
441812320,24,Dakshina Kannada,3,Belthangady,3,VENURU,10,BAJIRE,119,2021-2022,2,Rabi,NA Land ,1-22-0.00,2022-01-18,,,12.982555,75.1305633,
442245120,24,Dakshina Kannada,3,Belthangady,3,VENURU,10,BAJIRE,119,2021-2022,2,Rabi,Betel Nuts (Areca nuts),0-28-0.00,2022-01-25,,,13.00789,75.14173,
442245120,24,Dakshina Kannada,3,Belthangady,3,VENURU,10,BAJIRE,119,2021-2022,2,Rabi,Betel Nuts (Areca nuts),0-28-0.00,2022-01-25,,,13.0078904,75.1417017,
442245156,24,Dakshina Kannada,3,Belthangady,3,VENURU,10,BAJIRE,119,2021-2022,2,Rabi,Betel Nuts (Areca nuts),1-46-0.00,2022-01-25,,,13.0081617,75.1415914,
442245134,24,Dakshina Kannada,3,Belthangady,3,VENURU,10,BAJIRE,119,2021-2022,2,Rabi,NA Land ,0-13-0.00,2022-01-25,,,13.0079058,75.1417601,
442245144,24,Dakshina Kannada,3,Belthangady,3,VENURU,10,BAJIRE,119,2021-2022,2,Rabi,Betel Nuts (Areca nuts),0-19-0.00,2022-01-25,,,13.0080442,75.141609,
442245144,24,Dakshina Kannada,3,Belthangady,3,VENURU,10,BAJIRE,119,2021-2022,2,Rabi,Betel Nuts (Areca nuts),0-19-0.00,2022-01-25,,,13.0080553,75.1416133,
442245147,24,Dakshina Kannada,3,Belthangady,3,VENURU,10,BAJIRE,119,2021-2022,2,Rabi,NA Land ,0-5-0.00,2022-01-25,,,13.008061,75.1416375,
442245156,24,Dakshina Kannada,3,Belthangady,3,VENURU,10,BAJIRE,119,2021-2022,2,Rabi,Betel Nuts (Areca nuts),1-46-0.00,2022-01-25,,,13.00816,75.1415953,
442245177,24,Dakshina Kannada,3,Belthangady,3,VENURU,10,BAJIRE,119,2021-2022,2,Rabi,NA Land ,0-5-0.00,2022-01-25,,,13.008041666666667,75.13888166666668,
442245181,24,Dakshina Kannada,3,Belthangady,3,VENURU,10,BAJIRE,119,2021-2022,2,Rabi,NA Land ,0-2-0.00,2022-01-25,,,13.007973333333332,75.138925,
442245184,24,Dakshina Kannada,3,Belthangady,3,VENURU,10,BAJIRE,119,2021-2022,2,Rabi,NA Land ,0-13-0.00,2022-01-25,,,13.00808,75.13876,
442245190,24,Dakshina Kannada,3,Belthangady,3,VENURU,10,BAJIRE,119,2021-2022,2,Rabi,NA Land ,0-13-0.00,2022-01-25,,,13.0068143,75.138455,
442245205,24,Dakshina Kannada,3,Belthangady,3,VENURU,10,BAJIRE,119,2021-2022,2,Rabi,Betel Nuts (Areca nuts),0-11-0.00,2022-01-25,,,13.0068154,75.13836,
442245205,24,Dakshina Kannada,3,Belthangady,3,VENURU,10,BAJIRE,119,2021-2022,2,Rabi,Betel Nuts (Areca nuts),0-11-0.00,2022-01-25,,,13.0067721,75.1383587,
442245690,24,Dakshina Kannada,3,Belthangady,3,VENURU,10,BAJIRE,119,2021-2022,2,Rabi,NA Land ,0-2-0.00,2022-01-25,,,13.0079193,75.1387677,
442252157,24,Dakshina Kannada,3,Belthangady,3,VENURU,10,BAJIRE,119,2021-2022,2,Rabi,NA Land ,0-8-0.00,2022-01-25,,,12.9952848,75.1247069,
442252157,24,Dakshina Kannada,3,Belthangady,3,VENURU,10,BAJIRE,119,2021-2022,2,Rabi,NA Land ,0-8-0.00,2022-01-25,,,12.9952963,75.1246965,
442252182,24,Dakshina Kannada,3,Belthangady,3,VENURU,10,BAJIRE,119,2021-2022,2,Rabi,Betel Nuts (Areca nuts),0-14-0.00,2022-01-25,,,12.9942532,75.1255015,
441949365,24,Dakshina Kannada,3,Belthangady,3,VENURU,5,HOSANGADI,119,2021-2022,2,Rabi,Fallow,0-68-0.00,2022-01-19,,,13.0289821,75.0870115,
442219984,24,Dakshina Kannada,3,Belthangady,3,VENURU,5,HOSANGADI,119,2021-2022,2,Rabi,Fallow,1-67-0.00,2022-01-21,,,13.0380845,75.0842436,
442220013,24,Dakshina Kannada,3,Belthangady,3,VENURU,5,HOSANGADI,119,2021-2022,2,Rabi,Fallow,0-36-0.00,2022-01-22,,,13.0307045,75.0874099,
442220034,24,Dakshina Kannada,3,Belthangady,3,VENURU,5,HOSANGADI,119,2021-2022,2,Rabi,Fallow,0-10-0.00,2022-01-22,,,13.0345935,75.0830444,
442252133,24,Dakshina Kannada,3,Belthangady,3,VENURU,10,BAJIRE,119,2021-2022,2,Rabi,Betel Nuts (Areca nuts),0-26-0.00,2022-01-25,,,12.9969207,75.1256867,
442252133,24,Dakshina Kannada,3,Belthangady,3,VENURU,10,BAJIRE,119,2021-2022,2,Rabi,Betel Nuts (Areca nuts),0-26-0.00,2022-01-25,,,12.9969266,75.1256559,
442252128,24,Dakshina Kannada,3,Belthangady,3,VENURU,10,BAJIRE,119,2021-2022,2,Rabi,NA Land ,0-6-0.00,2022-01-25,,,12.9969106,75.1256411,
442252163,24,Dakshina Kannada,3,Belthangady,3,VENURU,10,BAJIRE,119,2021-2022,2,Rabi,Betel Nuts (Areca nuts),0-23-0.00,2022-01-25,,,12.99532,75.124675,
442252163,24,Dakshina Kannada,3,Belthangady,3,VENURU,10,BAJIRE,119,2021-2022,2,Rabi,Betel Nuts (Areca nuts),0-23-0.00,2022-01-25,,,12.99535,75.1246867,
442252123,24,Dakshina Kannada,3,Belthangady,3,VENURU,10,BAJIRE,119,2021-2022,2,Rabi,Betel Nuts (Areca nuts),4-18-0.00,2022-01-25,,,12.9969667,75.12564,
442252123,24,Dakshina Kannada,3,Belthangady,3,VENURU,10,BAJIRE,119,2021-2022,2,Rabi,Betel Nuts (Areca nuts),4-18-0.00,2022-01-25,,,12.99698,75.1256067,
442252204,24,Dakshina Kannada,3,Belthangady,3,VENURU,10,BAJIRE,119,2021-2022,2,Rabi,Betel Nuts (Areca nuts),0-12-0.00,2022-01-25,,,12.9946043,75.126224,
442252204,24,Dakshina Kannada,3,Belthangady,3,VENURU,10,BAJIRE,119,2021-2022,2,Rabi,Betel Nuts (Areca nuts),0-12-0.00,2022-01-25,,,12.9945966,75.1262217,
442252137,24,Dakshina Kannada,3,Belthangady,3,VENURU,10,BAJIRE,119,2021-2022,2,Rabi,Betel Nuts (Areca nuts),0-15-0.00,2022-01-25,,,12.9969356,75.1256642,
442252137,24,Dakshina Kannada,3,Belthangady,3,VENURU,10,BAJIRE,119,2021-2022,2,Rabi,Betel Nuts (Areca nuts),0-15-0.00,2022-01-25,,,12.9969221,75.1256632,
442252151,24,Dakshina Kannada,3,Belthangady,3,VENURU,10,BAJIRE,119,2021-2022,2,Rabi,Betel Nuts (Areca nuts),0-7-0.00,2022-01-25,,,12.9953783,75.1246883,
442252151,24,Dakshina Kannada,3,Belthangady,3,VENURU,10,BAJIRE,119,2021-2022,2,Rabi,Betel Nuts (Areca nuts),0-7-0.00,2022-01-25,,,12.995341666666665,75.12468333333332,
442252113,24,Dakshina Kannada,3,Belthangady,3,VENURU,10,BAJIRE,119,2021-2022,2,Rabi,NA Land ,0-15-0.00,2022-01-25,,,13.0008954,75.1330417,
442252116,24,Dakshina Kannada,3,Belthangady,3,VENURU,10,BAJIRE,119,2021-2022,2,Rabi,Betel Nuts (Areca nuts),2-94-0.00,2022-01-25,,,13.0006879,75.1326683,
442252116,24,Dakshina Kannada,3,Belthangady,3,VENURU,10,BAJIRE,119,2021-2022,2,Rabi,Betel Nuts (Areca nuts),2-94-0.00,2022-01-25,,,13.000663333333334,75.13264333333333,
442252170,24,Dakshina Kannada,3,Belthangady,3,VENURU,10,BAJIRE,119,2021-2022,2,Rabi,Betel Nuts (Areca nuts),0-27-0.00,2022-01-25,,,12.9953514,75.1246856,
442252192,24,Dakshina Kannada,3,Belthangady,3,VENURU,10,BAJIRE,119,2021-2022,2,Rabi,Betel Nuts (Areca nuts),3-9-0.00,2022-01-25,,,12.9945932,75.1261987,
442252192,24,Dakshina Kannada,3,Belthangady,3,VENURU,10,BAJIRE,119,2021-2022,2,Rabi,Betel Nuts (Areca nuts),3-9-0.00,2022-01-25,,,12.9945855,75.1261998,
442252211,24,Dakshina Kannada,3,Belthangady,3,VENURU,10,BAJIRE,119,2021-2022,2,Rabi,Betel Nuts (Areca nuts),0-8-0.00,2022-01-25,,,12.9946103,75.1262269,
442252211,24,Dakshina Kannada,3,Belthangady,3,VENURU,10,BAJIRE,119,2021-2022,2,Rabi,Betel Nuts (Areca nuts),0-8-0.00,2022-01-25,,,12.9946065,75.126223,
442252215,24,Dakshina Kannada,3,Belthangady,3,VENURU,10,BAJIRE,119,2021-2022,2,Rabi,Betel Nuts (Areca nuts),2-36-0.00,2022-01-25,,,12.9945839,75.1261949,
441927280,24,Dakshina Kannada,3,Belthangady,3,VENURU,5,HOSANGADI,119,2021-2022,2,Rabi,NA Land ,1-0-0.00,2022-01-19,,,13.0333473,75.0786306,
441927344,24,Dakshina Kannada,3,Belthangady,3,VENURU,5,HOSANGADI,119,2021-2022,2,Rabi,Fallow,0-31-0.00,2022-01-19,,,13.0372302,75.0921664,
441927103,24,Dakshina Kannada,3,Belthangady,3,VENURU,5,HOSANGADI,119,2021-2022,2,Rabi,Fallow,0-38-0.00,2022-01-19,,,13.0272405,75.0954326,
441927225,24,Dakshina Kannada,3,Belthangady,3,VENURU,5,HOSANGADI,119,2021-2022,2,Rabi,Fallow,2-90-0.00,2022-01-19,,,13.0297461,75.0814313,
441927228,24,Dakshina Kannada,3,Belthangady,3,VENURU,5,HOSANGADI,119,2021-2022,2,Rabi,Fallow,1-6-0.00,2022-01-19,,,13.0297242,75.0812995,
441927228,24,Dakshina Kannada,3,Belthangady,3,VENURU,5,HOSANGADI,119,2021-2022,2,Rabi,Betel Nuts (Areca nuts),1-50-0.00,2022-01-19,,,13.0297254,75.0812672,
441927228,24,Dakshina Kannada,3,Belthangady,3,VENURU,5,HOSANGADI,119,2021-2022,2,Rabi,Betel Nuts (Areca nuts),1-50-0.00,2022-01-19,,,13.0297279,75.0812845,
441927248,24,Dakshina Kannada,3,Belthangady,3,VENURU,5,HOSANGADI,119,2021-2022,2,Rabi,Fallow,0-32-0.00,2022-01-19,,,13.0294958,75.0779602,
441927254,24,Dakshina Kannada,3,Belthangady,3,VENURU,5,HOSANGADI,119,2021-2022,2,Rabi,Fallow,2-36-0.00,2022-01-19,,,13.0291784,75.0764345,
441927123,24,Dakshina Kannada,3,Belthangady,3,VENURU,5,HOSANGADI,119,2021-2022,2,Rabi,Fallow,1-20-0.00,2022-01-19,,,13.0253129,75.0951077,
441927123,24,Dakshina Kannada,3,Belthangady,3,VENURU,5,HOSANGADI,119,2021-2022,2,Rabi,Betel Nuts (Areca nuts),1-30-0.00,2022-01-19,,,13.0253285,75.0950968,
441927123,24,Dakshina Kannada,3,Belthangady,3,VENURU,5,HOSANGADI,119,2021-2022,2,Rabi,Betel Nuts (Areca nuts),1-30-0.00,2022-01-19,,,13.0252501,75.0950853,
441927172,24,Dakshina Kannada,3,Belthangady,3,VENURU,5,HOSANGADI,119,2021-2022,2,Rabi,Fallow,0-1-0.00,2022-01-19,,,13.0232183,75.0900473,
441927179,24,Dakshina Kannada,3,Belthangady,3,VENURU,5,HOSANGADI,119,2021-2022,2,Rabi,Fallow,0-38-0.00,2022-01-19,,,13.026114,75.0822892,
441927264,24,Dakshina Kannada,3,Belthangady,3,VENURU,5,HOSANGADI,119,2021-2022,2,Rabi,Fallow,0-48-0.00,2022-01-19,,,13.0257571,75.0785721,
441927356,24,Dakshina Kannada,3,Belthangady,3,VENURU,5,HOSANGADI,119,2021-2022,2,Rabi,Fallow,1-75-0.00,2022-01-19,,,13.03332,75.0979572,
441930788,24,Dakshina Kannada,3,Belthangady,3,VENURU,5,HOSANGADI,119,2021-2022,2,Rabi,Fallow,0-27-0.00,2022-01-19,,,13.0298398,75.0899273,
441930811,24,Dakshina Kannada,3,Belthangady,3,VENURU,5,HOSANGADI,119,2021-2022,2,Rabi,Fallow,0-10-0.00,2022-01-19,,,13.0281913,75.090404,
442007142,24,Dakshina Kannada,3,Belthangady,3,VENURU,10,BAJIRE,119,2021-2022,2,Rabi,NA Land ,0-36-0.00,2022-01-21,,,12.9790417,75.1328333,
442007148,24,Dakshina Kannada,3,Belthangady,3,VENURU,10,BAJIRE,119,2021-2022,2,Rabi,NA Land ,0-9-0.00,2022-01-21,,,12.9790966,75.1328887,
442007145,24,Dakshina Kannada,3,Belthangady,3,VENURU,10,BAJIRE,119,2021-2022,2,Rabi,NA Land ,0-6-0.00,2022-01-21,,,12.9790959,75.1328989,
442008245,24,Dakshina Kannada,3,Belthangady,3,VENURU,10,BAJIRE,119,2021-2022,2,Rabi,Betel Nuts (Areca nuts),1-86-0.00,2022-01-21,,,12.9908033,75.1279833,
442008245,24,Dakshina Kannada,3,Belthangady,3,VENURU,10,BAJIRE,119,2021-2022,2,Rabi,Betel Nuts (Areca nuts),1-86-0.00,2022-01-21,,,12.9908152,75.1280003,
442008245,24,Dakshina Kannada,3,Belthangady,3,VENURU,10,BAJIRE,119,2021-2022,2,Rabi,Betel Nuts (Areca nuts),1-86-0.00,2022-01-21,,,12.990821666666667,75.12800333333333,
442352676,24,Dakshina Kannada,3,Belthangady,3,VENURU,10,BAJIRE,119,2021-2022,2,Rabi,Rubber,2-58-0.00,2022-01-27,,,13.0039064,75.136338,
442352676,24,Dakshina Kannada,3,Belthangady,3,VENURU,10,BAJIRE,119,2021-2022,2,Rabi,Rubber,2-58-0.00,2022-01-27,,,13.0039155,75.1363248,
442352685,24,Dakshina Kannada,3,Belthangady,3,VENURU,10,BAJIRE,119,2021-2022,2,Rabi,Betel Nuts (Areca nuts),0-2-0.00,2022-01-27,,,13.00362,75.1383917,
442252215,24,Dakshina Kannada,3,Belthangady,3,VENURU,10,BAJIRE,119,2021-2022,2,Rabi,Betel Nuts (Areca nuts),2-36-0.00,2022-01-25,,,12.9945874,75.1262172,
442252170,24,Dakshina Kannada,3,Belthangady,3,VENURU,10,BAJIRE,119,2021-2022,2,Rabi,Betel Nuts (Areca nuts),0-27-0.00,2022-01-25,,,12.99535,75.1246799,
442252187,24,Dakshina Kannada,3,Belthangady,3,VENURU,10,BAJIRE,119,2021-2022,2,Rabi,Betel Nuts (Areca nuts),0-16-0.00,2022-01-25,,,12.994264,75.1255172,
442252187,24,Dakshina Kannada,3,Belthangady,3,VENURU,10,BAJIRE,119,2021-2022,2,Rabi,Betel Nuts (Areca nuts),0-16-0.00,2022-01-25,,,12.9943082,75.1255149,
442599599,24,Dakshina Kannada,3,Belthangady,3,VENURU,10,BAJIRE,119,2021-2022,2,Rabi,NA Land ,0-9-0.00,2022-02-02,,,12.979146,75.1388226,
442599602,24,Dakshina Kannada,3,Belthangady,3,VENURU,10,BAJIRE,119,2021-2022,2,Rabi,Betel Nuts (Areca nuts),0-2-0.00,2022-02-02,,,12.9793189,75.1387992,
442599602,24,Dakshina Kannada,3,Belthangady,3,VENURU,10,BAJIRE,119,2021-2022,2,Rabi,Betel Nuts (Areca nuts),0-2-0.00,2022-02-02,,,12.9793145,75.1387992,
442599615,24,Dakshina Kannada,3,Belthangady,3,VENURU,10,BAJIRE,119,2021-2022,2,Rabi,NA Land ,3-33-0.00,2022-02-02,,,12.9824109,75.1331833,
442599612,24,Dakshina Kannada,3,Belthangady,3,VENURU,10,BAJIRE,119,2021-2022,2,Rabi,Betel Nuts (Areca nuts),0-10-0.00,2022-02-02,,,12.9823748,75.1332057,
442599612,24,Dakshina Kannada,3,Belthangady,3,VENURU,10,BAJIRE,119,2021-2022,2,Rabi,Betel Nuts (Areca nuts),0-10-0.00,2022-02-02,,,12.9823768,75.1332004,
442599600,24,Dakshina Kannada,3,Belthangady,3,VENURU,10,BAJIRE,119,2021-2022,2,Rabi,NA Land ,0-1-0.00,2022-02-02,,,12.9793223,75.1387782,
442599603,24,Dakshina Kannada,3,Belthangady,3,VENURU,10,BAJIRE,119,2021-2022,2,Rabi,NA Land ,0-9-0.00,2022-02-02,,,12.979371666666669,75.13878,
442599604,24,Dakshina Kannada,3,Belthangady,3,VENURU,10,BAJIRE,119,2021-2022,2,Rabi,NA Land ,0-9-0.00,2022-02-02,,,12.9793017,75.1388275,
442599609,24,Dakshina Kannada,3,Belthangady,3,VENURU,10,BAJIRE,119,2021-2022,2,Rabi,Betel Nuts (Areca nuts),0-59-0.00,2022-02-02,,,12.9824096,75.1331828,
442599609,24,Dakshina Kannada,3,Belthangady,3,VENURU,10,BAJIRE,119,2021-2022,2,Rabi,Betel Nuts (Areca nuts),0-59-0.00,2022-02-02,,,12.98241,75.13319666666666,
442599610,24,Dakshina Kannada,3,Belthangady,3,VENURU,10,BAJIRE,119,2021-2022,2,Rabi,NA Land ,0-49-0.00,2022-02-02,,,12.9823978,75.1331938,
442599611,24,Dakshina Kannada,3,Belthangady,3,VENURU,10,BAJIRE,119,2021-2022,2,Rabi,NA Land ,0-10-0.00,2022-02-02,,,12.9823779,75.1331838,
442599616,24,Dakshina Kannada,3,Belthangady,3,VENURU,10,BAJIRE,119,2021-2022,2,Rabi,NA Land ,0-22-0.00,2022-02-02,,,12.987899999999998,75.12955666666667,
442599617,24,Dakshina Kannada,3,Belthangady,3,VENURU,10,BAJIRE,119,2021-2022,2,Rabi,Betel Nuts (Areca nuts),0-29-0.00,2022-02-02,,,12.9880118,75.1294344,
442599617,24,Dakshina Kannada,3,Belthangady,3,VENURU,10,BAJIRE,119,2021-2022,2,Rabi,Betel Nuts (Areca nuts),0-29-0.00,2022-02-02,,,12.988015,75.1294333,
442599614,24,Dakshina Kannada,3,Belthangady,3,VENURU,10,BAJIRE,119,2021-2022,2,Rabi,NA Land ,0-97-0.00,2022-02-02,,,12.982388333333331,75.13320833333334,
442599596,24,Dakshina Kannada,3,Belthangady,3,VENURU,10,BAJIRE,119,2021-2022,2,Rabi,Coconut,0-18-0.00,2022-02-02,,,12.977315,75.140655,
442599596,24,Dakshina Kannada,3,Belthangady,3,VENURU,10,BAJIRE,119,2021-2022,2,Rabi,Coconut,0-18-0.00,2022-02-02,,,12.9773238,75.1406812,
442599608,24,Dakshina Kannada,3,Belthangady,3,VENURU,10,BAJIRE,119,2021-2022,2,Rabi,Betel Nuts (Areca nuts),0-46-0.00,2022-02-02,,,12.9824566,75.1332238,
442599608,24,Dakshina Kannada,3,Belthangady,3,VENURU,10,BAJIRE,119,2021-2022,2,Rabi,Betel Nuts (Areca nuts),0-46-0.00,2022-02-02,,,12.9824423,75.133195,
442600475,24,Dakshina Kannada,3,Belthangady,3,VENURU,10,BAJIRE,119,2021-2022,2,Rabi,NA Land ,0-10-0.00,2022-02-02,,,12.9991072,75.1279908,
442352678,24,Dakshina Kannada,3,Belthangady,3,VENURU,10,BAJIRE,119,2021-2022,2,Rabi,Betel Nuts (Areca nuts),0-4-0.00,2022-01-27,,,13.00313,75.1378533,
442352678,24,Dakshina Kannada,3,Belthangady,3,VENURU,10,BAJIRE,119,2021-2022,2,Rabi,Betel Nuts (Areca nuts),0-4-0.00,2022-01-27,,,13.0031483,75.1378387,
442352698,24,Dakshina Kannada,3,Belthangady,3,VENURU,10,BAJIRE,119,2021-2022,2,Rabi,NA Land ,0-9-0.00,2022-01-27,,,13.0013767,75.13109,
442569886,24,Dakshina Kannada,3,Belthangady,3,VENURU,10,BAJIRE,119,2021-2022,2,Rabi,NA Land ,0-8-0.00,2022-02-01,,,12.9806978,75.1443801,
442569887,24,Dakshina Kannada,3,Belthangady,3,VENURU,10,BAJIRE,119,2021-2022,2,Rabi,NA Land ,0-10-0.00,2022-02-01,,,12.9806809,75.1443803,
442569892,24,Dakshina Kannada,3,Belthangady,3,VENURU,10,BAJIRE,119,2021-2022,2,Rabi,NA Land ,0-6-0.00,2022-02-01,,,12.9806906,75.1443539,
442569890,24,Dakshina Kannada,3,Belthangady,3,VENURU,10,BAJIRE,119,2021-2022,2,Rabi,NA Land ,0-3-0.00,2022-02-01,,,12.9806775,75.1443404,
442569891,24,Dakshina Kannada,3,Belthangady,3,VENURU,10,BAJIRE,119,2021-2022,2,Rabi,NA Land ,0-3-0.00,2022-02-01,,,12.9806766,75.1443911,
442599597,24,Dakshina Kannada,3,Belthangady,3,VENURU,10,BAJIRE,119,2021-2022,2,Rabi,Betel Nuts (Areca nuts),0-18-0.00,2022-02-02,,,12.9773167,75.1406583,
442599597,24,Dakshina Kannada,3,Belthangady,3,VENURU,10,BAJIRE,119,2021-2022,2,Rabi,Betel Nuts (Areca nuts),0-18-0.00,2022-02-02,,,12.9773071,75.1406633,
442599598,24,Dakshina Kannada,3,Belthangady,3,VENURU,10,BAJIRE,119,2021-2022,2,Rabi,Betel Nuts (Areca nuts),0-24-0.00,2022-02-02,,,12.9773117,75.1406567,
442599598,24,Dakshina Kannada,3,Belthangady,3,VENURU,10,BAJIRE,119,2021-2022,2,Rabi,Betel Nuts (Areca nuts),0-24-0.00,2022-02-02,,,12.9773031,75.1406445,
442599601,24,Dakshina Kannada,3,Belthangady,3,VENURU,10,BAJIRE,119,2021-2022,2,Rabi,Betel Nuts (Areca nuts),0-1-0.00,2022-02-02,,,12.9792949,75.1387886,
442599601,24,Dakshina Kannada,3,Belthangady,3,VENURU,10,BAJIRE,119,2021-2022,2,Rabi,Betel Nuts (Areca nuts),0-1-0.00,2022-02-02,,,12.9792934,75.138792,
442599606,24,Dakshina Kannada,3,Belthangady,3,VENURU,10,BAJIRE,119,2021-2022,2,Rabi,NA Land ,0-34-0.00,2022-02-02,,,12.9823557,75.1332183,
442600469,24,Dakshina Kannada,3,Belthangady,3,VENURU,10,BAJIRE,119,2021-2022,2,Rabi,Betel Nuts (Areca nuts),0-10-0.00,2022-02-02,,,12.9990978,75.1279018,
442600469,24,Dakshina Kannada,3,Belthangady,3,VENURU,10,BAJIRE,119,2021-2022,2,Rabi,Betel Nuts (Areca nuts),0-10-0.00,2022-02-02,,,12.9991332,75.1279233,
442600482,24,Dakshina Kannada,3,Belthangady,3,VENURU,10,BAJIRE,119,2021-2022,2,Rabi,Betel Nuts (Areca nuts),4-40-0.00,2022-02-02,,,12.9958933,75.1299533,
442600482,24,Dakshina Kannada,3,Belthangady,3,VENURU,10,BAJIRE,119,2021-2022,2,Rabi,Betel Nuts (Areca nuts),4-40-0.00,2022-02-02,,,12.9958968,75.1299983,
442602769,24,Dakshina Kannada,3,Belthangady,3,VENURU,10,BAJIRE,119,2021-2022,2,Rabi,NA Land ,0-6-0.00,2022-02-02,,,12.9925286,75.1342429,
442602766,24,Dakshina Kannada,3,Belthangady,3,VENURU,10,BAJIRE,119,2021-2022,2,Rabi,Betel Nuts (Areca nuts),2-61-0.00,2022-02-02,,,12.9925392,75.134237,
442602766,24,Dakshina Kannada,3,Belthangady,3,VENURU,10,BAJIRE,119,2021-2022,2,Rabi,Betel Nuts (Areca nuts),2-61-0.00,2022-02-02,,,12.9925492,75.1342482,
442599605,24,Dakshina Kannada,3,Belthangady,3,VENURU,10,BAJIRE,119,2021-2022,2,Rabi,NA Land ,0-56-0.00,2022-02-02,,,12.982361666666668,75.13320333333333,
442599607,24,Dakshina Kannada,3,Belthangady,3,VENURU,10,BAJIRE,119,2021-2022,2,Rabi,NA Land ,0-5-0.00,2022-02-02,,,12.982343333333331,75.13320333333333,
442599613,24,Dakshina Kannada,3,Belthangady,3,VENURU,10,BAJIRE,119,2021-2022,2,Rabi,NA Land ,3-70-0.00,2022-02-02,,,12.9824034,75.133203,
442600479,24,Dakshina Kannada,3,Belthangady,3,VENURU,10,BAJIRE,119,2021-2022,2,Rabi,Betel Nuts (Areca nuts),0-10-0.00,2022-02-02,,,12.9991024,75.1279073,
441595563,24,Dakshina Kannada,3,Belthangady,3,VENURU,10,BAJIRE,119,2021-2022,2,Rabi,Betel Nuts (Areca nuts),0-13-0.00,2022-01-15,,,13.0061533,75.138567,
441597359,24,Dakshina Kannada,3,Belthangady,3,VENURU,10,BAJIRE,119,2021-2022,2,Rabi,Betel Nuts (Areca nuts),2-0-0.00,2022-01-15,,,13.005985,75.13614,
441597359,24,Dakshina Kannada,3,Belthangady,3,VENURU,10,BAJIRE,119,2021-2022,2,Rabi,Betel Nuts (Areca nuts),2-0-0.00,2022-01-15,,,13.005985,75.13614,
441597354,24,Dakshina Kannada,3,Belthangady,3,VENURU,10,BAJIRE,119,2021-2022,2,Rabi,Betel Nuts (Areca nuts),1-20-0.00,2022-01-15,,,13.005985,75.13614,
441597354,24,Dakshina Kannada,3,Belthangady,3,VENURU,10,BAJIRE,119,2021-2022,2,Rabi,Betel Nuts (Areca nuts),1-20-0.00,2022-01-15,,,13.005985,75.13614,
441597369,24,Dakshina Kannada,3,Belthangady,3,VENURU,10,BAJIRE,119,2021-2022,2,Rabi,Betel Nuts (Areca nuts),1-26-0.00,2022-01-15,,,13.005985,75.13614,
441597369,24,Dakshina Kannada,3,Belthangady,3,VENURU,10,BAJIRE,119,2021-2022,2,Rabi,Betel Nuts (Areca nuts),1-26-0.00,2022-01-15,,,13.0060301,75.1361766,
441871037,24,Dakshina Kannada,3,Belthangady,3,VENURU,5,HOSANGADI,119,2021-2022,2,Rabi,Fallow,1-70-0.00,2022-01-19,,,12.9897792,75.2820883,
441878501,24,Dakshina Kannada,3,Belthangady,3,VENURU,10,BAJIRE,119,2021-2022,2,Rabi,Betel Nuts (Areca nuts),2-85-0.00,2022-01-19,,,12.9848167,75.1380633,
441878501,24,Dakshina Kannada,3,Belthangady,3,VENURU,10,BAJIRE,119,2021-2022,2,Rabi,Betel Nuts (Areca nuts),2-85-0.00,2022-01-19,,,12.9848407,75.138026,
442008254,24,Dakshina Kannada,3,Belthangady,3,VENURU,10,BAJIRE,119,2021-2022,2,Rabi,NA Land ,0-60-0.00,2022-01-21,,,12.9907735,75.1279296,
442008250,24,Dakshina Kannada,3,Belthangady,3,VENURU,10,BAJIRE,119,2021-2022,2,Rabi,NA Land ,0-40-0.00,2022-01-21,,,12.990792,75.1279221,
442008251,24,Dakshina Kannada,3,Belthangady,3,VENURU,10,BAJIRE,119,2021-2022,2,Rabi,NA Land ,0-32-0.00,2022-01-21,,,12.9907968,75.127938,
442008247,24,Dakshina Kannada,3,Belthangady,3,VENURU,10,BAJIRE,119,2021-2022,2,Rabi,NA Land ,0-3-0.00,2022-01-21,,,12.9907469,75.1279255,
442008249,24,Dakshina Kannada,3,Belthangady,3,VENURU,10,BAJIRE,119,2021-2022,2,Rabi,NA Land ,0-80-0.00,2022-01-21,,,12.9907811,75.1279575,
442008252,24,Dakshina Kannada,3,Belthangady,3,VENURU,10,BAJIRE,119,2021-2022,2,Rabi,NA Land ,0-5-0.00,2022-01-21,,,12.9907997,75.1279767,
442008253,24,Dakshina Kannada,3,Belthangady,3,VENURU,10,BAJIRE,119,2021-2022,2,Rabi,NA Land ,0-60-0.00,2022-01-21,,,12.990777,75.1279275,
442008248,24,Dakshina Kannada,3,Belthangady,3,VENURU,10,BAJIRE,119,2021-2022,2,Rabi,NA Land ,0-19-0.00,2022-01-21,,,12.990754,75.1279332,
442008246,24,Dakshina Kannada,3,Belthangady,3,VENURU,10,BAJIRE,119,2021-2022,2,Rabi,NA Land ,0-11-0.00,2022-01-21,,,12.9907618,75.1279687,
442606390,24,Dakshina Kannada,3,Belthangady,3,VENURU,10,BAJIRE,119,2021-2022,2,Rabi,Coconut,0-77-0.00,2022-02-02,,,12.9956062,75.1390787,
442606390,24,Dakshina Kannada,3,Belthangady,3,VENURU,10,BAJIRE,119,2021-2022,2,Rabi,Coconut,0-77-0.00,2022-02-02,,,12.9956,75.1390735,
442606362,24,Dakshina Kannada,3,Belthangady,3,VENURU,10,BAJIRE,119,2021-2022,2,Rabi,Betel Nuts (Areca nuts),0-67-0.00,2022-02-02,,,12.9957382,75.1371452,
442606362,24,Dakshina Kannada,3,Belthangady,3,VENURU,10,BAJIRE,119,2021-2022,2,Rabi,Betel Nuts (Areca nuts),0-67-0.00,2022-02-02,,,12.9957236,75.1371484,
442606412,24,Dakshina Kannada,3,Belthangady,3,VENURU,10,BAJIRE,119,2021-2022,2,Rabi,Betel Nuts (Areca nuts),0-72-0.00,2022-02-02,,,12.9956317,75.139165,
442606412,24,Dakshina Kannada,3,Belthangady,3,VENURU,10,BAJIRE,119,2021-2022,2,Rabi,Betel Nuts (Areca nuts),0-72-0.00,2022-02-02,,,12.9956317,75.139165,
442606421,24,Dakshina Kannada,3,Belthangady,3,VENURU,10,BAJIRE,119,2021-2022,2,Rabi,Fallow,0-10-0.00,2022-02-02,,,12.99561,75.1390833,
442612734,24,Dakshina Kannada,3,Belthangady,3,VENURU,10,BAJIRE,119,2021-2022,2,Rabi,Betel Nuts (Areca nuts),1-13-0.00,2022-02-02,,,12.9934217,75.1365367,
442600479,24,Dakshina Kannada,3,Belthangady,3,VENURU,10,BAJIRE,119,2021-2022,2,Rabi,Betel Nuts (Areca nuts),0-10-0.00,2022-02-02,,,12.9991679,75.1279484,
442639129,24,Dakshina Kannada,3,Belthangady,3,VENURU,10,BAJIRE,119,2021-2022,2,Rabi,NA Land ,0-9-0.00,2022-02-03,,,13.007993333333332,75.13633833333333,
442639133,24,Dakshina Kannada,3,Belthangady,3,VENURU,10,BAJIRE,119,2021-2022,2,Rabi,NA Land ,0-5-0.00,2022-02-03,,,13.008048333333333,75.13583833333334,
442639141,24,Dakshina Kannada,3,Belthangady,3,VENURU,10,BAJIRE,119,2021-2022,2,Rabi,NA Land ,0-10-0.00,2022-02-03,,,13.0080167,75.1357918,
442639152,24,Dakshina Kannada,3,Belthangady,3,VENURU,10,BAJIRE,119,2021-2022,2,Rabi,NA Land ,0-8-0.00,2022-02-03,,,13.0091417,75.1359767,
442639159,24,Dakshina Kannada,3,Belthangady,3,VENURU,10,BAJIRE,119,2021-2022,2,Rabi,Betel Nuts (Areca nuts),0-22-0.00,2022-02-03,,,13.0091459,75.1359401,
442639159,24,Dakshina Kannada,3,Belthangady,3,VENURU,10,BAJIRE,119,2021-2022,2,Rabi,Betel Nuts (Areca nuts),0-22-0.00,2022-02-03,,,13.0091481,75.1359413,
442639148,24,Dakshina Kannada,3,Belthangady,3,VENURU,10,BAJIRE,119,2021-2022,2,Rabi,NA Land ,0-5-0.00,2022-02-03,,,13.0080325,75.1358052,
442639179,24,Dakshina Kannada,3,Belthangady,3,VENURU,10,BAJIRE,119,2021-2022,2,Rabi,Coconut,0-5-0.00,2022-02-03,,,13.009165,75.1359967,
442639179,24,Dakshina Kannada,3,Belthangady,3,VENURU,10,BAJIRE,119,2021-2022,2,Rabi,Coconut,0-5-0.00,2022-02-03,,,13.009165,75.1359967,
442639132,24,Dakshina Kannada,3,Belthangady,3,VENURU,10,BAJIRE,119,2021-2022,2,Rabi,NA Land ,0-7-0.00,2022-02-03,,,13.0080167,75.1358375,
442639136,24,Dakshina Kannada,3,Belthangady,3,VENURU,10,BAJIRE,119,2021-2022,2,Rabi,NA Land ,0-5-0.00,2022-02-03,,,13.008008333333331,75.13586833333333,
442639150,24,Dakshina Kannada,3,Belthangady,3,VENURU,10,BAJIRE,119,2021-2022,2,Rabi,NA Land ,0-5-0.00,2022-02-03,,,13.0091088,75.1359196,
442639177,24,Dakshina Kannada,3,Belthangady,3,VENURU,10,BAJIRE,119,2021-2022,2,Rabi,NA Land ,0-5-0.00,2022-02-03,,,13.009165,75.1359967,
442639175,24,Dakshina Kannada,3,Belthangady,3,VENURU,10,BAJIRE,119,2021-2022,2,Rabi,NA Land ,0-5-0.00,2022-02-03,,,13.009175,75.1360083,
442639185,24,Dakshina Kannada,3,Belthangady,3,VENURU,10,BAJIRE,119,2021-2022,2,Rabi,NA Land ,0-5-0.00,2022-02-03,,,12.9873673,75.1423016,
442639187,24,Dakshina Kannada,3,Belthangady,3,VENURU,10,BAJIRE,119,2021-2022,2,Rabi,NA Land ,0-5-0.00,2022-02-03,,,12.9873497,75.1422998,
442639162,24,Dakshina Kannada,3,Belthangady,3,VENURU,10,BAJIRE,119,2021-2022,2,Rabi,NA Land ,0-5-0.00,2022-02-03,,,13.009176666666667,75.13596166666666,
442639144,24,Dakshina Kannada,3,Belthangady,3,VENURU,10,BAJIRE,119,2021-2022,2,Rabi,NA Land ,0-9-0.00,2022-02-03,,,13.008031666666666,75.13578333333334,
442639146,24,Dakshina Kannada,3,Belthangady,3,VENURU,10,BAJIRE,119,2021-2022,2,Rabi,NA Land ,0-7-0.00,2022-02-03,,,13.0079886,75.1359317,
442639170,24,Dakshina Kannada,3,Belthangady,3,VENURU,10,BAJIRE,119,2021-2022,2,Rabi,NA Land ,0-12-0.00,2022-02-03,,,13.00915,75.13595333333333,
442639157,24,Dakshina Kannada,3,Belthangady,3,VENURU,10,BAJIRE,119,2021-2022,2,Rabi,Fallow,0-5-0.00,2022-02-03,,,13.0091183,75.1359433,
442639164,24,Dakshina Kannada,3,Belthangady,3,VENURU,10,BAJIRE,119,2021-2022,2,Rabi,NA Land ,0-5-0.00,2022-02-03,,,13.009195,75.13594833333333,
442639167,24,Dakshina Kannada,3,Belthangady,3,VENURU,10,BAJIRE,119,2021-2022,2,Rabi,NA Land ,0-5-0.00,2022-02-03,,,13.009196666666666,75.13596833333332,
442639172,24,Dakshina Kannada,3,Belthangady,3,VENURU,10,BAJIRE,119,2021-2022,2,Rabi,NA Land ,0-7-0.00,2022-02-03,,,13.0091567,75.135995,
442639182,24,Dakshina Kannada,3,Belthangady,3,VENURU,10,BAJIRE,119,2021-2022,2,Rabi,NA Land ,0-9-0.00,2022-02-03,,,12.9873645,75.1422962,
442639139,24,Dakshina Kannada,3,Belthangady,3,VENURU,10,BAJIRE,119,2021-2022,2,Rabi,NA Land ,0-6-0.00,2022-02-03,,,13.008046666666667,75.13568166666667,
442639154,24,Dakshina Kannada,3,Belthangady,3,VENURU,10,BAJIRE,119,2021-2022,2,Rabi,Coconut,0-37-0.00,2022-02-03,,,13.00913,75.1359433,
442639154,24,Dakshina Kannada,3,Belthangady,3,VENURU,10,BAJIRE,119,2021-2022,2,Rabi,Coconut,0-37-0.00,2022-02-03,,,13.00913,75.1359433,
442756894,24,Dakshina Kannada,3,Belthangady,3,VENURU,10,BAJIRE,119,2021-2022,2,Rabi,Betel Nuts (Areca nuts),1-18-0.00,2022-02-09,,,13.0042167,75.1373617,
442756894,24,Dakshina Kannada,3,Belthangady,3,VENURU,10,BAJIRE,119,2021-2022,2,Rabi,Betel Nuts (Areca nuts),1-18-0.00,2022-02-09,,,13.0042167,75.1373617,
442756894,24,Dakshina Kannada,3,Belthangady,3,VENURU,10,BAJIRE,119,2021-2022,2,Rabi,Coconut,1-18-0.00,2022-02-09,,,13.0042389,75.1373415,
442756894,24,Dakshina Kannada,3,Belthangady,3,VENURU,10,BAJIRE,119,2021-2022,2,Rabi,Coconut,1-18-0.00,2022-02-09,,,13.0041731,75.1373868,
442756883,24,Dakshina Kannada,3,Belthangady,3,VENURU,10,BAJIRE,119,2021-2022,2,Rabi,Betel Nuts (Areca nuts),1-12-0.00,2022-02-09,,,13.004235,75.1373233,
442756883,24,Dakshina Kannada,3,Belthangady,3,VENURU,10,BAJIRE,119,2021-2022,2,Rabi,Betel Nuts (Areca nuts),1-12-0.00,2022-02-09,,,13.004235,75.1373233,
442756883,24,Dakshina Kannada,3,Belthangady,3,VENURU,10,BAJIRE,119,2021-2022,2,Rabi,Coconut,1-12-0.00,2022-02-09,,,13.0042231,75.137371,
442756883,24,Dakshina Kannada,3,Belthangady,3,VENURU,10,BAJIRE,119,2021-2022,2,Rabi,Coconut,1-12-0.00,2022-02-09,,,13.0042542,75.1373575,
442756886,24,Dakshina Kannada,3,Belthangady,3,VENURU,10,BAJIRE,119,2021-2022,2,Rabi,Betel Nuts (Areca nuts),1-7-0.00,2022-02-09,,,13.0042283,75.1373483,
442756886,24,Dakshina Kannada,3,Belthangady,3,VENURU,10,BAJIRE,119,2021-2022,2,Rabi,Betel Nuts (Areca nuts),1-7-0.00,2022-02-09,,,13.0042252,75.1373732,
442756886,24,Dakshina Kannada,3,Belthangady,3,VENURU,10,BAJIRE,119,2021-2022,2,Rabi,Coconut,1-7-0.00,2022-02-09,,,13.0042233,75.1373683,
442756886,24,Dakshina Kannada,3,Belthangady,3,VENURU,10,BAJIRE,119,2021-2022,2,Rabi,Coconut,1-7-0.00,2022-02-09,,,13.0042233,75.1373683,
442732649,24,Dakshina Kannada,3,Belthangady,3,VENURU,10,BAJIRE,119,2021-2022,2,Rabi,Betel Nuts (Areca nuts),2-12-0.00,2022-02-08,,,13.0131071,75.13786,
442732649,24,Dakshina Kannada,3,Belthangady,3,VENURU,10,BAJIRE,119,2021-2022,2,Rabi,Betel Nuts (Areca nuts),2-12-0.00,2022-02-08,,,13.0130162,75.1378022,
442732654,24,Dakshina Kannada,3,Belthangady,3,VENURU,10,BAJIRE,119,2021-2022,2,Rabi,Betel Nuts (Areca nuts),0-78-0.00,2022-02-08,,,13.0018767,75.1194333,
442732654,24,Dakshina Kannada,3,Belthangady,3,VENURU,10,BAJIRE,119,2021-2022,2,Rabi,Betel Nuts (Areca nuts),0-78-0.00,2022-02-08,,,13.0018323,75.1193344,
442732657,24,Dakshina Kannada,3,Belthangady,3,VENURU,10,BAJIRE,119,2021-2022,2,Rabi,Fallow,0-4-0.00,2022-02-08,,,13.0019049,75.1193599,
442756874,24,Dakshina Kannada,3,Belthangady,3,VENURU,10,BAJIRE,119,2021-2022,2,Rabi,Fallow,0-3-0.00,2022-02-09,,,13.0029759,75.1338569,
442756880,24,Dakshina Kannada,3,Belthangady,3,VENURU,10,BAJIRE,119,2021-2022,2,Rabi,Betel Nuts (Areca nuts),1-16-0.00,2022-02-09,,,13.0042233,75.1373283,
442756880,24,Dakshina Kannada,3,Belthangady,3,VENURU,10,BAJIRE,119,2021-2022,2,Rabi,Betel Nuts (Areca nuts),1-16-0.00,2022-02-09,,,13.004225,75.1373417,
442756880,24,Dakshina Kannada,3,Belthangady,3,VENURU,10,BAJIRE,119,2021-2022,2,Rabi,Coconut,1-16-0.00,2022-02-09,,,13.0042257,75.1373412,
442756880,24,Dakshina Kannada,3,Belthangady,3,VENURU,10,BAJIRE,119,2021-2022,2,Rabi,Coconut,1-16-0.00,2022-02-09,,,13.004202,75.1373298,
442756900,24,Dakshina Kannada,3,Belthangady,3,VENURU,10,BAJIRE,119,2021-2022,2,Rabi,Betel Nuts (Areca nuts),2-15-0.00,2022-02-09,,,13.005921666666666,75.13989333333333,
442756900,24,Dakshina Kannada,3,Belthangady,3,VENURU,10,BAJIRE,119,2021-2022,2,Rabi,Betel Nuts (Areca nuts),2-15-0.00,2022-02-09,,,13.0060507,75.1398394,
442756901,24,Dakshina Kannada,3,Belthangady,3,VENURU,10,BAJIRE,119,2021-2022,2,Rabi,Fallow,0-4-0.00,2022-02-09,,,13.00594,75.1398431,
442732669,24,Dakshina Kannada,3,Belthangady,3,VENURU,10,BAJIRE,119,2021-2022,2,Rabi,NA Land ,0-15-0.00,2022-02-08,,,12.9979729,75.1290077,
442732672,24,Dakshina Kannada,3,Belthangady,3,VENURU,10,BAJIRE,119,2021-2022,2,Rabi,Coconut,3-7-0.00,2022-02-08,,,12.9979587,75.1290135,
442732672,24,Dakshina Kannada,3,Belthangady,3,VENURU,10,BAJIRE,119,2021-2022,2,Rabi,Coconut,3-7-0.00,2022-02-08,,,12.9979437,75.1289935,
442732695,24,Dakshina Kannada,3,Belthangady,3,VENURU,10,BAJIRE,119,2021-2022,2,Rabi,NA Land ,0-5-0.00,2022-02-08,,,13.0006722,75.127995,
442732697,24,Dakshina Kannada,3,Belthangady,3,VENURU,10,BAJIRE,119,2021-2022,2,Rabi,Fallow,0-4-0.00,2022-02-08,,,13.0006819,75.1280077,
442732699,24,Dakshina Kannada,3,Belthangady,3,VENURU,10,BAJIRE,119,2021-2022,2,Rabi,NA Land ,0-5-0.00,2022-02-08,,,13.0007333,75.127995,
442732652,24,Dakshina Kannada,3,Belthangady,3,VENURU,10,BAJIRE,119,2021-2022,2,Rabi,Fallow,0-24-0.00,2022-02-08,,,13.0018767,75.1194333,
442732660,24,Dakshina Kannada,3,Belthangady,3,VENURU,10,BAJIRE,119,2021-2022,2,Rabi,Fallow,0-55-0.00,2022-02-08,,,12.9978745,75.1287997,
442732668,24,Dakshina Kannada,3,Belthangady,3,VENURU,10,BAJIRE,119,2021-2022,2,Rabi,Betel Nuts (Areca nuts),0-20-0.00,2022-02-08,,,12.9973088,75.1266168,
442732668,24,Dakshina Kannada,3,Belthangady,3,VENURU,10,BAJIRE,119,2021-2022,2,Rabi,Betel Nuts (Areca nuts),0-20-0.00,2022-02-08,,,12.9973071,75.1265795,
442732675,24,Dakshina Kannada,3,Belthangady,3,VENURU,10,BAJIRE,119,2021-2022,2,Rabi,Fallow,0-17-0.00,2022-02-08,,,12.995895,75.1324567,
442732691,24,Dakshina Kannada,3,Belthangady,3,VENURU,10,BAJIRE,119,2021-2022,2,Rabi,NA Land ,0-15-0.00,2022-02-08,,,13.0006833,75.1279983,
442732713,24,Dakshina Kannada,3,Belthangady,3,VENURU,10,BAJIRE,119,2021-2022,2,Rabi,NA Land ,0-5-0.00,2022-02-08,,,13.0007221,75.1280172,
442732651,24,Dakshina Kannada,3,Belthangady,3,VENURU,10,BAJIRE,119,2021-2022,2,Rabi,Fallow,0-5-0.00,2022-02-08,,,13.0016117,75.1233717,
442732653,24,Dakshina Kannada,3,Belthangady,3,VENURU,10,BAJIRE,119,2021-2022,2,Rabi,Fallow,0-17-0.00,2022-02-08,,,13.0018767,75.1194333,
442732666,24,Dakshina Kannada,3,Belthangady,3,VENURU,10,BAJIRE,119,2021-2022,2,Rabi,Betel Nuts (Areca nuts),2-18-0.00,2022-02-08,,,12.99692,75.1268367,
442732666,24,Dakshina Kannada,3,Belthangady,3,VENURU,10,BAJIRE,119,2021-2022,2,Rabi,Betel Nuts (Areca nuts),2-18-0.00,2022-02-08,,,12.9969148,75.1268562,
442732680,24,Dakshina Kannada,3,Belthangady,3,VENURU,10,BAJIRE,119,2021-2022,2,Rabi,Betel Nuts (Areca nuts),2-12-0.00,2022-02-08,,,13.000685,75.1281,
442732680,24,Dakshina Kannada,3,Belthangady,3,VENURU,10,BAJIRE,119,2021-2022,2,Rabi,Betel Nuts (Areca nuts),2-12-0.00,2022-02-08,,,13.000685,75.1281,
442732680,24,Dakshina Kannada,3,Belthangady,3,VENURU,10,BAJIRE,119,2021-2022,2,Rabi,Coconut,2-12-0.00,2022-02-08,,,13.0007067,75.1280517,
442732680,24,Dakshina Kannada,3,Belthangady,3,VENURU,10,BAJIRE,119,2021-2022,2,Rabi,Coconut,2-12-0.00,2022-02-08,,,13.0007067,75.1280517,
442732682,24,Dakshina Kannada,3,Belthangady,3,VENURU,10,BAJIRE,119,2021-2022,2,Rabi,NA Land ,0-9-0.00,2022-02-08,,,13.0006624,75.1280033,
442732703,24,Dakshina Kannada,3,Belthangady,3,VENURU,10,BAJIRE,119,2021-2022,2,Rabi,NA Land ,0-3-0.00,2022-02-08,,,13.0006933,75.128035,
442732705,24,Dakshina Kannada,3,Belthangady,3,VENURU,10,BAJIRE,119,2021-2022,2,Rabi,NA Land ,0-5-0.00,2022-02-08,,,13.0007145,75.1280405,
442732659,24,Dakshina Kannada,3,Belthangady,3,VENURU,10,BAJIRE,119,2021-2022,2,Rabi,NA Land ,0-5-0.00,2022-02-08,,,13.00183,75.1193083,
442732688,24,Dakshina Kannada,3,Belthangady,3,VENURU,10,BAJIRE,119,2021-2022,2,Rabi,NA Land ,0-5-0.00,2022-02-08,,,13.0006718,75.1280487,
442732702,24,Dakshina Kannada,3,Belthangady,3,VENURU,10,BAJIRE,119,2021-2022,2,Rabi,NA Land ,0-8-0.00,2022-02-08,,,13.0007304,75.1279981,
441579592,24,Dakshina Kannada,3,Belthangady,3,VENURU,10,BAJIRE,119,2021-2022,2,Rabi,NA Land ,0-69-0.00,2022-01-15,,,12.987049,75.143306,
441579605,24,Dakshina Kannada,3,Belthangady,3,VENURU,10,BAJIRE,119,2021-2022,2,Rabi,NA Land ,0-20-0.00,2022-01-15,,,12.9870219,75.1433819,
441579638,24,Dakshina Kannada,3,Belthangady,3,VENURU,10,BAJIRE,119,2021-2022,2,Rabi,NA Land ,0-14-0.00,2022-01-15,,,12.9873228,75.1450125,
441579648,24,Dakshina Kannada,3,Belthangady,3,VENURU,10,BAJIRE,119,2021-2022,2,Rabi,NA Land ,2-22-0.00,2022-01-15,,,12.9883194,75.1439374,
441579648,24,Dakshina Kannada,3,Belthangady,3,VENURU,10,BAJIRE,119,2021-2022,2,Rabi,NA Land ,2-22-0.00,2022-01-15,,,12.988308,75.14395,
441579586,24,Dakshina Kannada,3,Belthangady,3,VENURU,10,BAJIRE,119,2021-2022,2,Rabi,NA Land ,0-52-0.00,2022-01-15,,,12.9869406,75.1432768,
441812308,24,Dakshina Kannada,3,Belthangady,3,VENURU,10,BAJIRE,119,2021-2022,2,Rabi,NA Land ,0-5-0.00,2022-01-18,,,12.9823003,75.1296217,
441812316,24,Dakshina Kannada,3,Belthangady,3,VENURU,10,BAJIRE,119,2021-2022,2,Rabi,Betel Nuts (Areca nuts),1-72-0.00,2022-01-18,,,12.9825233,75.1305267,
441812316,24,Dakshina Kannada,3,Belthangady,3,VENURU,10,BAJIRE,119,2021-2022,2,Rabi,Betel Nuts (Areca nuts),1-72-0.00,2022-01-18,,,12.982538,75.1305534,
441812329,24,Dakshina Kannada,3,Belthangady,3,VENURU,10,BAJIRE,119,2021-2022,2,Rabi,NA Land ,0-25-0.00,2022-01-18,,,12.9895746,75.1294478,
441812333,24,Dakshina Kannada,3,Belthangady,3,VENURU,10,BAJIRE,119,2021-2022,2,Rabi,NA Land ,0-11-0.00,2022-01-18,,,12.9896413,75.1294584,
441812326,24,Dakshina Kannada,3,Belthangady,3,VENURU,10,BAJIRE,119,2021-2022,2,Rabi,NA Land ,0-17-0.00,2022-01-18,,,12.9825617,75.1305783,
441874313,24,Dakshina Kannada,3,Belthangady,3,VENURU,10,BAJIRE,119,2021-2022,2,Rabi,NA Land ,0-4-0.00,2022-01-19,,,12.9811,75.142815,
441874322,24,Dakshina Kannada,3,Belthangady,3,VENURU,10,BAJIRE,119,2021-2022,2,Rabi,Paddy-H,0-70-0.00,2022-01-19,january,1st week,12.9811283,75.142765,
441874322,24,Dakshina Kannada,3,Belthangady,3,VENURU,10,BAJIRE,119,2021-2022,2,Rabi,Paddy-H,0-70-0.00,2022-01-19,january,1st week,12.981128333333334,75.142765,
441875552,24,Dakshina Kannada,3,Belthangady,3,VENURU,10,BAJIRE,119,2021-2022,2,Rabi,NA Land ,0-6-0.00,2022-01-19,,,12.981145,75.14281,
441874316,24,Dakshina Kannada,3,Belthangady,3,VENURU,10,BAJIRE,119,2021-2022,2,Rabi,NA Land ,0-20-0.00,2022-01-19,,,12.9811055,75.1427627,
441874342,24,Dakshina Kannada,3,Belthangady,3,VENURU,10,BAJIRE,119,2021-2022,2,Rabi,NA Land ,0-25-0.00,2022-01-19,,,12.9811363,75.1427675,
442245696,24,Dakshina Kannada,3,Belthangady,3,VENURU,10,BAJIRE,119,2021-2022,2,Rabi,NA Land ,0-9-0.00,2022-01-25,,,13.0081478,75.139006,
442245197,24,Dakshina Kannada,3,Belthangady,3,VENURU,10,BAJIRE,119,2021-2022,2,Rabi,NA Land ,0-97-0.00,2022-01-25,,,13.0067423,75.1383984,
442245693,24,Dakshina Kannada,3,Belthangady,3,VENURU,10,BAJIRE,119,2021-2022,2,Rabi,NA Land ,0-5-0.00,2022-01-25,,,13.0083145,75.1389889,
442606414,24,Dakshina Kannada,3,Belthangady,3,VENURU,10,BAJIRE,119,2021-2022,2,Rabi,Betel Nuts (Areca nuts),1-18-0.00,2022-02-02,,,12.9955983,75.1391517,
442606414,24,Dakshina Kannada,3,Belthangady,3,VENURU,10,BAJIRE,119,2021-2022,2,Rabi,Betel Nuts (Areca nuts),1-18-0.00,2022-02-02,,,12.9955983,75.1391517,
442612746,24,Dakshina Kannada,3,Belthangady,3,VENURU,10,BAJIRE,119,2021-2022,2,Rabi,Betel Nuts (Areca nuts),1-84-0.00,2022-02-02,,,12.9934053,75.1365363,
442612746,24,Dakshina Kannada,3,Belthangady,3,VENURU,10,BAJIRE,119,2021-2022,2,Rabi,Betel Nuts (Areca nuts),1-84-0.00,2022-02-02,,,12.993405,75.13653666666667,
442732655,24,Dakshina Kannada,3,Belthangady,3,VENURU,10,BAJIRE,119,2021-2022,2,Rabi,Fallow,0-47-0.00,2022-02-08,,,13.0018649,75.1193478,
442732656,24,Dakshina Kannada,3,Belthangady,3,VENURU,10,BAJIRE,119,2021-2022,2,Rabi,Fallow,0-6-0.00,2022-02-08,,,13.0018667,75.119355,
442004380,24,Dakshina Kannada,3,Belthangady,3,VENURU,10,BAJIRE,119,2021-2022,2,Rabi,NA Land ,0-58-0.00,2022-01-21,,,12.978777,75.1326541,
442004377,24,Dakshina Kannada,3,Belthangady,3,VENURU,10,BAJIRE,119,2021-2022,2,Rabi,NA Land ,0-36-0.00,2022-01-21,,,12.978801666666667,75.13260666666666,
442011305,24,Dakshina Kannada,3,Belthangady,3,VENURU,10,BAJIRE,119,2021-2022,2,Rabi,NA Land ,1-70-0.00,2022-01-21,,,12.987838,75.1218272,
442017577,24,Dakshina Kannada,3,Belthangady,3,VENURU,10,BAJIRE,119,2021-2022,2,Rabi,NA Land ,0-9-0.00,2022-01-21,,,12.9891617,75.1185233,
442017580,24,Dakshina Kannada,3,Belthangady,3,VENURU,10,BAJIRE,119,2021-2022,2,Rabi,NA Land ,0-2-0.00,2022-01-21,,,12.9878133,75.1176967,
442352704,24,Dakshina Kannada,3,Belthangady,3,VENURU,10,BAJIRE,119,2021-2022,2,Rabi,Betel Nuts (Areca nuts),2-99-0.00,2022-01-27,,,12.9899533,75.122895,
442352704,24,Dakshina Kannada,3,Belthangady,3,VENURU,10,BAJIRE,119,2021-2022,2,Rabi,Betel Nuts (Areca nuts),2-99-0.00,2022-01-27,,,12.9899306,75.1228927,
442352696,24,Dakshina Kannada,3,Belthangady,3,VENURU,10,BAJIRE,119,2021-2022,2,Rabi,Rubber,0-23-0.00,2022-01-27,,,13.00138,75.13108,
442352696,24,Dakshina Kannada,3,Belthangady,3,VENURU,10,BAJIRE,119,2021-2022,2,Rabi,Rubber,0-23-0.00,2022-01-27,,,13.00138,75.13108,
442352694,24,Dakshina Kannada,3,Belthangady,3,VENURU,10,BAJIRE,119,2021-2022,2,Rabi,Betel Nuts (Areca nuts),0-10-0.00,2022-01-27,,,13.0016177,75.136499,
442352694,24,Dakshina Kannada,3,Belthangady,3,VENURU,10,BAJIRE,119,2021-2022,2,Rabi,Betel Nuts (Areca nuts),0-10-0.00,2022-01-27,,,13.0016111,75.1365047,
442352700,24,Dakshina Kannada,3,Belthangady,3,VENURU,10,BAJIRE,119,2021-2022,2,Rabi,NA Land ,0-9-0.00,2022-01-27,,,13.0013767,75.13109,
442352680,24,Dakshina Kannada,3,Belthangady,3,VENURU,10,BAJIRE,119,2021-2022,2,Rabi,Betel Nuts (Areca nuts),0-35-0.00,2022-01-27,,,13.0036085,75.1383263,
442352680,24,Dakshina Kannada,3,Belthangady,3,VENURU,10,BAJIRE,119,2021-2022,2,Rabi,Betel Nuts (Areca nuts),0-35-0.00,2022-01-27,,,13.0036318,75.138363,
442352702,24,Dakshina Kannada,3,Belthangady,3,VENURU,10,BAJIRE,119,2021-2022,2,Rabi,NA Land ,0-9-0.00,2022-01-27,,,13.0013783,75.1310817,
442602735,24,Dakshina Kannada,3,Belthangady,3,VENURU,10,BAJIRE,119,2021-2022,2,Rabi,NA Land ,0-10-0.00,2022-02-02,,,12.9934206,75.1303961,
442602760,24,Dakshina Kannada,3,Belthangady,3,VENURU,10,BAJIRE,119,2021-2022,2,Rabi,Betel Nuts (Areca nuts),0-94-0.00,2022-02-02,,,12.9928267,75.1329467,
442602760,24,Dakshina Kannada,3,Belthangady,3,VENURU,10,BAJIRE,119,2021-2022,2,Rabi,Betel Nuts (Areca nuts),0-94-0.00,2022-02-02,,,12.9928049,75.1329239,
442602773,24,Dakshina Kannada,3,Belthangady,3,VENURU,10,BAJIRE,119,2021-2022,2,Rabi,NA Land ,0-9-0.00,2022-02-02,,,12.9925137,75.1342163,
442602751,24,Dakshina Kannada,3,Belthangady,3,VENURU,10,BAJIRE,119,2021-2022,2,Rabi,Betel Nuts (Areca nuts),0-39-0.00,2022-02-02,,,12.9935439,75.1296607,
442602751,24,Dakshina Kannada,3,Belthangady,3,VENURU,10,BAJIRE,119,2021-2022,2,Rabi,Betel Nuts (Areca nuts),0-39-0.00,2022-02-02,,,12.9935501,75.1296597,
442602756,24,Dakshina Kannada,3,Belthangady,3,VENURU,10,BAJIRE,119,2021-2022,2,Rabi,Betel Nuts (Areca nuts),0-10-0.00,2022-02-02,,,12.9936531,75.1296195,
442602756,24,Dakshina Kannada,3,Belthangady,3,VENURU,10,BAJIRE,119,2021-2022,2,Rabi,Betel Nuts (Areca nuts),0-10-0.00,2022-02-02,,,12.9936583,75.129625,
442602763,24,Dakshina Kannada,3,Belthangady,3,VENURU,10,BAJIRE,119,2021-2022,2,Rabi,Betel Nuts (Areca nuts),0-2-0.00,2022-02-02,,,12.9936607,75.1331963,
442602763,24,Dakshina Kannada,3,Belthangady,3,VENURU,10,BAJIRE,119,2021-2022,2,Rabi,Betel Nuts (Areca nuts),0-2-0.00,2022-02-02,,,12.993638333333335,75.13319166666666,
442252182,24,Dakshina Kannada,3,Belthangady,3,VENURU,10,BAJIRE,119,2021-2022,2,Rabi,Betel Nuts (Areca nuts),0-14-0.00,2022-01-25,,,12.9942509,75.1255103,
442252197,24,Dakshina Kannada,3,Belthangady,3,VENURU,10,BAJIRE,119,2021-2022,2,Rabi,NA Land ,0-9-0.00,2022-01-25,,,12.9945855,75.126222,
442245127,24,Dakshina Kannada,3,Belthangady,3,VENURU,10,BAJIRE,119,2021-2022,2,Rabi,NA Land ,0-10-0.00,2022-01-25,,,13.007898,75.1416946,
442245139,24,Dakshina Kannada,3,Belthangady,3,VENURU,10,BAJIRE,119,2021-2022,2,Rabi,NA Land ,0-9-0.00,2022-01-25,,,13.0079936,75.1416087,
442245150,24,Dakshina Kannada,3,Belthangady,3,VENURU,10,BAJIRE,119,2021-2022,2,Rabi,NA Land ,0-80-0.00,2022-01-25,,,13.0081845,75.1415686,
442245160,24,Dakshina Kannada,3,Belthangady,3,VENURU,10,BAJIRE,119,2021-2022,2,Rabi,NA Land ,0-25-0.00,2022-01-25,,,13.0081549,75.1415653,
442245165,24,Dakshina Kannada,3,Belthangady,3,VENURU,10,BAJIRE,119,2021-2022,2,Rabi,NA Land ,0-5-0.00,2022-01-25,,,13.0079367,75.1387483,
442245169,24,Dakshina Kannada,3,Belthangady,3,VENURU,10,BAJIRE,119,2021-2022,2,Rabi,NA Land ,0-2-0.00,2022-01-25,,,13.008145,75.1388517,
442252144,24,Dakshina Kannada,3,Belthangady,3,VENURU,10,BAJIRE,119,2021-2022,2,Rabi,Betel Nuts (Areca nuts),0-19-0.00,2022-01-25,,,12.996923,75.1256206,
442252144,24,Dakshina Kannada,3,Belthangady,3,VENURU,10,BAJIRE,119,2021-2022,2,Rabi,Betel Nuts (Areca nuts),0-19-0.00,2022-01-25,,,12.9969208,75.1256226,
442252175,24,Dakshina Kannada,3,Belthangady,3,VENURU,10,BAJIRE,119,2021-2022,2,Rabi,NA Land ,0-9-0.00,2022-01-25,,,12.9942773,75.1255601,
442252179,24,Dakshina Kannada,3,Belthangady,3,VENURU,10,BAJIRE,119,2021-2022,2,Rabi,NA Land ,0-8-0.00,2022-01-25,,,12.9943854,75.1254273,
442245200,24,Dakshina Kannada,3,Belthangady,3,VENURU,10,BAJIRE,119,2021-2022,2,Rabi,NA Land ,0-13-0.00,2022-01-25,,,13.006831666666669,75.13831833333333,
442352685,24,Dakshina Kannada,3,Belthangady,3,VENURU,10,BAJIRE,119,2021-2022,2,Rabi,Betel Nuts (Areca nuts),0-2-0.00,2022-01-27,,,13.0036108,75.1384,
442352691,24,Dakshina Kannada,3,Belthangady,3,VENURU,10,BAJIRE,119,2021-2022,2,Rabi,Betel Nuts (Areca nuts),2-4-0.00,2022-01-27,,,13.0031683,75.1366633,
442352691,24,Dakshina Kannada,3,Belthangady,3,VENURU,10,BAJIRE,119,2021-2022,2,Rabi,Betel Nuts (Areca nuts),2-4-0.00,2022-01-27,,,13.0031622,75.1366654,
442352683,24,Dakshina Kannada,3,Belthangady,3,VENURU,10,BAJIRE,119,2021-2022,2,Rabi,Betel Nuts (Areca nuts),0-11-0.00,2022-01-27,,,13.0036,75.1384167,
442352683,24,Dakshina Kannada,3,Belthangady,3,VENURU,10,BAJIRE,119,2021-2022,2,Rabi,Betel Nuts (Areca nuts),0-11-0.00,2022-01-27,,,13.0036,75.1384167,
442352688,24,Dakshina Kannada,3,Belthangady,3,VENURU,10,BAJIRE,119,2021-2022,2,Rabi,Betel Nuts (Areca nuts),0-4-0.00,2022-01-27,,,13.0036183,75.1383867,
442352688,24,Dakshina Kannada,3,Belthangady,3,VENURU,10,BAJIRE,119,2021-2022,2,Rabi,Betel Nuts (Areca nuts),0-4-0.00,2022-01-27,,,13.0036367,75.1384082,
442602746,24,Dakshina Kannada,3,Belthangady,3,VENURU,10,BAJIRE,119,2021-2022,2,Rabi,Betel Nuts (Areca nuts),1-97-0.00,2022-02-02,,,12.9935164,75.1297051,
442602746,24,Dakshina Kannada,3,Belthangady,3,VENURU,10,BAJIRE,119,2021-2022,2,Rabi,Betel Nuts (Areca nuts),1-97-0.00,2022-02-02,,,12.993565,75.12971333333333,
442602748,24,Dakshina Kannada,3,Belthangady,3,VENURU,10,BAJIRE,119,2021-2022,2,Rabi,Betel Nuts (Areca nuts),1-65-0.00,2022-02-02,,,12.9935703,75.1297192,
442602748,24,Dakshina Kannada,3,Belthangady,3,VENURU,10,BAJIRE,119,2021-2022,2,Rabi,Betel Nuts (Areca nuts),1-65-0.00,2022-02-02,,,12.9935733,75.1297233,
442602739,24,Dakshina Kannada,3,Belthangady,3,VENURU,10,BAJIRE,119,2021-2022,2,Rabi,NA Land ,0-5-0.00,2022-02-02,,,12.9935131,75.130384,
442602744,24,Dakshina Kannada,3,Belthangady,3,VENURU,10,BAJIRE,119,2021-2022,2,Rabi,NA Land ,0-5-0.00,2022-02-02,,,12.9934733,75.13035,
442602776,24,Dakshina Kannada,3,Belthangady,3,VENURU,10,BAJIRE,119,2021-2022,2,Rabi,Paddy-L,0-51-0.00,2022-02-02,january,1st week,12.9923329,75.1343422,
442602776,24,Dakshina Kannada,3,Belthangady,3,VENURU,10,BAJIRE,119,2021-2022,2,Rabi,Paddy-L,0-51-0.00,2022-02-02,january,1st week,12.9923394,75.1343389,
442569888,24,Dakshina Kannada,3,Belthangady,3,VENURU,10,BAJIRE,119,2021-2022,2,Rabi,NA Land ,0-3-0.00,2022-02-01,,,12.9806356,75.1444221,
442569889,24,Dakshina Kannada,3,Belthangady,3,VENURU,10,BAJIRE,119,2021-2022,2,Rabi,Betel Nuts (Areca nuts),0-3-0.00,2022-02-01,,,12.9806833,75.1443833,
442569889,24,Dakshina Kannada,3,Belthangady,3,VENURU,10,BAJIRE,119,2021-2022,2,Rabi,Betel Nuts (Areca nuts),0-3-0.00,2022-02-01,,,12.9806345,75.1444258,
442602753,24,Dakshina Kannada,3,Belthangady,3,VENURU,10,BAJIRE,119,2021-2022,2,Rabi,Betel Nuts (Areca nuts),0-81-0.00,2022-02-02,,,12.9935284,75.1295973,
442602753,24,Dakshina Kannada,3,Belthangady,3,VENURU,10,BAJIRE,119,2021-2022,2,Rabi,Betel Nuts (Areca nuts),0-81-0.00,2022-02-02,,,12.9935327,75.1296021,
442732662,24,Dakshina Kannada,3,Belthangady,3,VENURU,10,BAJIRE,119,2021-2022,2,Rabi,Fallow,0-9-0.00,2022-02-08,,,12.9968699,75.1268617,
442732663,24,Dakshina Kannada,3,Belthangady,3,VENURU,10,BAJIRE,119,2021-2022,2,Rabi,Betel Nuts (Areca nuts),4-1-0.00,2022-02-08,,,12.9969041,75.126862,
442732663,24,Dakshina Kannada,3,Belthangady,3,VENURU,10,BAJIRE,119,2021-2022,2,Rabi,Betel Nuts (Areca nuts),4-1-0.00,2022-02-08,,,12.9969028,75.1268617,
442732663,24,Dakshina Kannada,3,Belthangady,3,VENURU,10,BAJIRE,119,2021-2022,2,Rabi,Coconut,4-1-0.00,2022-02-08,,,12.9969001,75.1268388,
442732663,24,Dakshina Kannada,3,Belthangady,3,VENURU,10,BAJIRE,119,2021-2022,2,Rabi,Coconut,4-1-0.00,2022-02-08,,,12.9969021,75.1268555,
442732658,24,Dakshina Kannada,3,Belthangady,3,VENURU,10,BAJIRE,119,2021-2022,2,Rabi,Fallow,0-9-0.00,2022-02-08,,,13.0018601,75.1193262,
442732664,24,Dakshina Kannada,3,Belthangady,3,VENURU,10,BAJIRE,119,2021-2022,2,Rabi,Fallow,0-15-0.00,2022-02-08,,,12.9969183,75.1268433,
442732670,24,Dakshina Kannada,3,Belthangady,3,VENURU,10,BAJIRE,119,2021-2022,2,Rabi,Fallow,0-13-0.00,2022-02-08,,,12.9979559,75.1290019,
442732710,24,Dakshina Kannada,3,Belthangady,3,VENURU,10,BAJIRE,119,2021-2022,2,Rabi,NA Land ,0-5-0.00,2022-02-08,,,13.0007266,75.1280398,
442732714,24,Dakshina Kannada,3,Belthangady,3,VENURU,10,BAJIRE,119,2021-2022,2,Rabi,NA Land ,0-5-0.00,2022-02-08,,,13.0006924,75.1280306,
442732715,24,Dakshina Kannada,3,Belthangady,3,VENURU,10,BAJIRE,119,2021-2022,2,Rabi,Fallow,0-5-0.00,2022-02-08,,,13.0007125,75.1280409,
442732711,24,Dakshina Kannada,3,Belthangady,3,VENURU,10,BAJIRE,119,2021-2022,2,Rabi,NA Land ,0-5-0.00,2022-02-08,,,13.0007298,75.1280302,
442732677,24,Dakshina Kannada,3,Belthangady,3,VENURU,10,BAJIRE,119,2021-2022,2,Rabi,NA Land ,0-10-0.00,2022-02-08,,,12.9958468,75.1322857,
442732677,24,Dakshina Kannada,3,Belthangady,3,VENURU,10,BAJIRE,119,2021-2022,2,Rabi,Fallow,0-6-0.00,2022-02-08,,,12.9958534,75.1323133,
442732685,24,Dakshina Kannada,3,Belthangady,3,VENURU,10,BAJIRE,119,2021-2022,2,Rabi,NA Land ,0-9-0.00,2022-02-08,,,13.0006644,75.1280402,
442732720,24,Dakshina Kannada,3,Belthangady,3,VENURU,10,BAJIRE,119,2021-2022,2,Rabi,Fallow,0-5-0.00,2022-02-08,,,13.0007237,75.1280266,
442732722,24,Dakshina Kannada,3,Belthangady,3,VENURU,10,BAJIRE,119,2021-2022,2,Rabi,NA Land ,0-5-0.00,2022-02-08,,,13.0006975,75.1280379,
442756899,24,Dakshina Kannada,3,Belthangady,3,VENURU,10,BAJIRE,119,2021-2022,2,Rabi,Fallow,1-10-0.00,2022-02-09,,,13.0062054,75.1396918,
442756902,24,Dakshina Kannada,3,Belthangady,3,VENURU,10,BAJIRE,119,2021-2022,2,Rabi,Fallow,0-18-0.00,2022-02-09,,,13.0035606,75.1400642,
442756892,24,Dakshina Kannada,3,Belthangady,3,VENURU,10,BAJIRE,119,2021-2022,2,Rabi,Betel Nuts (Areca nuts),0-95-0.00,2022-02-09,,,13.0042183,75.13735,
442756892,24,Dakshina Kannada,3,Belthangady,3,VENURU,10,BAJIRE,119,2021-2022,2,Rabi,Betel Nuts (Areca nuts),0-95-0.00,2022-02-09,,,13.0042183,75.13735,
442756892,24,Dakshina Kannada,3,Belthangady,3,VENURU,10,BAJIRE,119,2021-2022,2,Rabi,Coconut,0-95-0.00,2022-02-09,,,13.004225,75.1373333,
442756892,24,Dakshina Kannada,3,Belthangady,3,VENURU,10,BAJIRE,119,2021-2022,2,Rabi,Coconut,0-95-0.00,2022-02-09,,,13.004248,75.1373428,
442756897,24,Dakshina Kannada,3,Belthangady,3,VENURU,10,BAJIRE,119,2021-2022,2,Rabi,Fallow,0-10-0.00,2022-02-09,,,13.0058577,75.1380007,
442756898,24,Dakshina Kannada,3,Belthangady,3,VENURU,10,BAJIRE,119,2021-2022,2,Rabi,Fallow,0-7-0.00,2022-02-09,,,13.0062201,75.1396935,
442219975,24,Dakshina Kannada,3,Belthangady,3,VENURU,5,HOSANGADI,119,2021-2022,2,Rabi,NA Land ,0-9-0.00,2022-01-21,,,13.0381079,75.0842615,
442220001,24,Dakshina Kannada,3,Belthangady,3,VENURU,5,HOSANGADI,119,2021-2022,2,Rabi,Fallow,0-49-0.00,2022-01-22,,,13.0307001,75.0874089,
442220007,24,Dakshina Kannada,3,Belthangady,3,VENURU,5,HOSANGADI,119,2021-2022,2,Rabi,Fallow,0-27-0.00,2022-01-22,,,13.0307047,75.0874082,
442220027,24,Dakshina Kannada,3,Belthangady,3,VENURU,5,HOSANGADI,119,2021-2022,2,Rabi,NA Land ,0-10-0.00,2022-01-22,,,13.0345894,75.0830982,
442220037,24,Dakshina Kannada,3,Belthangady,3,VENURU,5,HOSANGADI,119,2021-2022,2,Rabi,Fallow,0-62-0.00,2022-01-22,,,13.0345847,75.0830366,
442219965,24,Dakshina Kannada,3,Belthangady,3,VENURU,5,HOSANGADI,119,2021-2022,2,Rabi,Fallow,0-4-0.00,2022-01-21,,,13.0381185,75.0842669,
442219993,24,Dakshina Kannada,3,Belthangady,3,VENURU,5,HOSANGADI,119,2021-2022,2,Rabi,Fallow,1-42-0.00,2022-01-22,,,13.0440999,75.0700635,
442220017,24,Dakshina Kannada,3,Belthangady,3,VENURU,5,HOSANGADI,119,2021-2022,2,Rabi,Fallow,0-4-0.00,2022-01-22,,,13.0306853,75.0874096,
442732707,24,Dakshina Kannada,3,Belthangady,3,VENURU,10,BAJIRE,119,2021-2022,2,Rabi,NA Land ,0-5-0.00,2022-02-08,,,13.00071,75.1280367,
442732717,24,Dakshina Kannada,3,Belthangady,3,VENURU,10,BAJIRE,119,2021-2022,2,Rabi,NA Land ,0-5-0.00,2022-02-08,,,13.0007234,75.12805,
442732718,24,Dakshina Kannada,3,Belthangady,3,VENURU,10,BAJIRE,119,2021-2022,2,Rabi,NA Land ,0-5-0.00,2022-02-08,,,13.0006576,75.127999,
442756876,24,Dakshina Kannada,3,Belthangady,3,VENURU,10,BAJIRE,119,2021-2022,2,Rabi,Betel Nuts (Areca nuts),0-41-0.00,2022-02-09,,,13.0041995,75.1373327,
442756876,24,Dakshina Kannada,3,Belthangady,3,VENURU,10,BAJIRE,119,2021-2022,2,Rabi,Betel Nuts (Areca nuts),0-41-0.00,2022-02-09,,,13.0042257,75.1373541,
442756888,24,Dakshina Kannada,3,Belthangady,3,VENURU,10,BAJIRE,119,2021-2022,2,Rabi,Betel Nuts (Areca nuts),0-95-0.00,2022-02-09,,,13.00423,75.1373383,
442756888,24,Dakshina Kannada,3,Belthangady,3,VENURU,10,BAJIRE,119,2021-2022,2,Rabi,Betel Nuts (Areca nuts),0-95-0.00,2022-02-09,,,13.0042249,75.1373634,
442756888,24,Dakshina Kannada,3,Belthangady,3,VENURU,10,BAJIRE,119,2021-2022,2,Rabi,Coconut,0-95-0.00,2022-02-09,,,13.0042494,75.1373252,
442756888,24,Dakshina Kannada,3,Belthangady,3,VENURU,10,BAJIRE,119,2021-2022,2,Rabi,Coconut,0-95-0.00,2022-02-09,,,13.004258,75.1373553,
442756890,24,Dakshina Kannada,3,Belthangady,3,VENURU,10,BAJIRE,119,2021-2022,2,Rabi,Betel Nuts (Areca nuts),0-97-0.00,2022-02-09,,,13.0042092,75.1373611,
442756890,24,Dakshina Kannada,3,Belthangady,3,VENURU,10,BAJIRE,119,2021-2022,2,Rabi,Betel Nuts (Areca nuts),0-97-0.00,2022-02-09,,,13.0042215,75.1373532,
442756896,24,Dakshina Kannada,3,Belthangady,3,VENURU,10,BAJIRE,119,2021-2022,2,Rabi,Betel Nuts (Areca nuts),0-39-0.00,2022-02-09,,,13.0045193,75.1378341,
442756896,24,Dakshina Kannada,3,Belthangady,3,VENURU,10,BAJIRE,119,2021-2022,2,Rabi,Betel Nuts (Areca nuts),0-39-0.00,2022-02-09,,,13.0044884,75.137849,
442756904,24,Dakshina Kannada,3,Belthangady,3,VENURU,10,BAJIRE,119,2021-2022,2,Rabi,Fallow,0-12-0.00,2022-02-09,,,13.0035805,75.1400383,
442756906,24,Dakshina Kannada,3,Belthangady,3,VENURU,10,BAJIRE,119,2021-2022,2,Rabi,Fallow,1-2-0.00,2022-02-09,,,12.9957806,75.13545,
442612734,24,Dakshina Kannada,3,Belthangady,3,VENURU,10,BAJIRE,119,2021-2022,2,Rabi,Betel Nuts (Areca nuts),1-13-0.00,2022-02-02,,,12.993423333333332,75.13653166666667,
442612738,24,Dakshina Kannada,3,Belthangady,3,VENURU,10,BAJIRE,119,2021-2022,2,Rabi,Betel Nuts (Areca nuts),0-65-0.00,2022-02-02,,,12.9931854,75.136131,
442612738,24,Dakshina Kannada,3,Belthangady,3,VENURU,10,BAJIRE,119,2021-2022,2,Rabi,Betel Nuts (Areca nuts),0-65-0.00,2022-02-02,,,12.9931473,75.1361215,
442612742,24,Dakshina Kannada,3,Belthangady,3,VENURU,10,BAJIRE,119,2021-2022,2,Rabi,Betel Nuts (Areca nuts),0-30-0.00,2022-02-02,,,12.9929884,75.1361066,
442612742,24,Dakshina Kannada,3,Belthangady,3,VENURU,10,BAJIRE,119,2021-2022,2,Rabi,Betel Nuts (Areca nuts),0-30-0.00,2022-02-02,,,12.992943333333335,75.13610666666666,
442606401,24,Dakshina Kannada,3,Belthangady,3,VENURU,10,BAJIRE,119,2021-2022,2,Rabi,Betel Nuts (Areca nuts),0-66-0.00,2022-02-02,,,12.9956533,75.139155,
442606401,24,Dakshina Kannada,3,Belthangady,3,VENURU,10,BAJIRE,119,2021-2022,2,Rabi,Betel Nuts (Areca nuts),0-66-0.00,2022-02-02,,,12.9956358,75.1391642,
442606403,24,Dakshina Kannada,3,Belthangady,3,VENURU,10,BAJIRE,119,2021-2022,2,Rabi,Betel Nuts (Areca nuts),0-80-0.00,2022-02-02,,,12.995625,75.1391717,
442606403,24,Dakshina Kannada,3,Belthangady,3,VENURU,10,BAJIRE,119,2021-2022,2,Rabi,Betel Nuts (Areca nuts),0-80-0.00,2022-02-02,,,12.995624999999999,75.13917166666667,
442606410,24,Dakshina Kannada,3,Belthangady,3,VENURU,10,BAJIRE,119,2021-2022,2,Rabi,NA Land ,0-4-0.00,2022-02-02,,,12.9956317,75.139165,
442606397,24,Dakshina Kannada,3,Belthangady,3,VENURU,10,BAJIRE,119,2021-2022,2,Rabi,Betel Nuts (Areca nuts),7-53-0.00,2022-02-02,,,12.995614,75.139108,
442606397,24,Dakshina Kannada,3,Belthangady,3,VENURU,10,BAJIRE,119,2021-2022,2,Rabi,Betel Nuts (Areca nuts),7-53-0.00,2022-02-02,,,12.9956193,75.1391078,
442606397,24,Dakshina Kannada,3,Belthangady,3,VENURU,10,BAJIRE,119,2021-2022,2,Rabi,Betel Nuts (Areca nuts),7-53-0.00,2022-02-02,,,12.9956077,75.1391759,
442606392,24,Dakshina Kannada,3,Belthangady,3,VENURU,10,BAJIRE,119,2021-2022,2,Rabi,NA Land ,0-56-0.00,2022-02-02,,,12.9956073,75.1391401,
442606408,24,Dakshina Kannada,3,Belthangady,3,VENURU,10,BAJIRE,119,2021-2022,2,Rabi,NA Land ,0-11-0.00,2022-02-02,,,12.9956317,75.139165,
442606360,24,Dakshina Kannada,3,Belthangady,3,VENURU,10,BAJIRE,119,2021-2022,2,Rabi,Betel Nuts (Areca nuts),1-29-0.00,2022-02-02,,,12.9951601,75.1363473,
442606360,24,Dakshina Kannada,3,Belthangady,3,VENURU,10,BAJIRE,119,2021-2022,2,Rabi,Betel Nuts (Areca nuts),1-29-0.00,2022-02-02,,,12.9951668,75.1363391,
442606417,24,Dakshina Kannada,3,Belthangady,3,VENURU,10,BAJIRE,119,2021-2022,2,Rabi,Betel Nuts (Areca nuts),0-37-0.00,2022-02-02,,,12.9955917,75.1391917,
442606417,24,Dakshina Kannada,3,Belthangady,3,VENURU,10,BAJIRE,119,2021-2022,2,Rabi,Betel Nuts (Areca nuts),0-37-0.00,2022-02-02,,,12.9956201,75.1391825,
442606405,24,Dakshina Kannada,3,Belthangady,3,VENURU,10,BAJIRE,119,2021-2022,2,Rabi,Betel Nuts (Areca nuts),0-95-0.00,2022-02-02,,,12.99566,75.1391683,
442606405,24,Dakshina Kannada,3,Belthangady,3,VENURU,10,BAJIRE,119,2021-2022,2,Rabi,Betel Nuts (Areca nuts),0-95-0.00,2022-02-02,,,12.9956599,75.1391651,
442606419,24,Dakshina Kannada,3,Belthangady,3,VENURU,10,BAJIRE,119,2021-2022,2,Rabi,Betel Nuts (Areca nuts),5-1-0.00,2022-02-02,,,12.99561,75.1390833,
442606419,24,Dakshina Kannada,3,Belthangady,3,VENURU,10,BAJIRE,119,2021-2022,2,Rabi,Betel Nuts (Areca nuts),5-1-0.00,2022-02-02,,,12.99561,75.1390833,
