Survey_id,District_code,District_Name,Taluk_code,Taluk_Name,Hobli_code,Hobli_Name,Village_code,Village_Name,Year_code,Years,Season_code,Season,Cropname,Crop_Extent,CropSurveyDate,Month,Weekname,Latitude,Longtitude,Image_url
440209616,24,Dakshina Kannada,2,Bantwal,2,PANEMANGALURU,2,AMTURU,119,2021-2022,2,Rabi,Fallow,0-4-0.00,2021-12-28,,,12.8436148,75.0396343,
440209620,24,Dakshina Kannada,2,Bantwal,2,PANEMANGALURU,2,AMTURU,119,2021-2022,2,Rabi,Fallow,0-8-0.00,2021-12-28,,,12.8437893,75.0397741,
440209622,24,Dakshina Kannada,2,Bantwal,2,PANEMANGALURU,2,AMTURU,119,2021-2022,2,Rabi,Fallow,0-0-50.00,2021-12-28,,,12.8429724,75.0419311,
440209645,24,Dakshina Kannada,2,Bantwal,2,PANEMANGALURU,2,AMTURU,119,2021-2022,2,Rabi,Fallow,0-7-0.00,2021-12-28,,,12.8443308,75.0419343,
440209663,24,Dakshina Kannada,2,Bantwal,2,PANEMANGALURU,2,AMTURU,119,2021-2022,2,Rabi,NA Land ,0-5-0.00,2021-12-28,,,12.8445642,75.0422247,
440209744,24,Dakshina Kannada,2,Bantwal,2,PANEMANGALURU,2,AMTURU,119,2021-2022,2,Rabi,Fallow,0-12-0.00,2021-12-28,,,12.8455696,75.0413184,
440209746,24,Dakshina Kannada,2,Bantwal,2,PANEMANGALURU,2,AMTURU,119,2021-2022,2,Rabi,Fallow,0-34-0.00,2021-12-28,,,12.8455695,75.0413079,
440209750,24,Dakshina Kannada,2,Bantwal,2,PANEMANGALURU,2,AMTURU,119,2021-2022,2,Rabi,Fallow,0-4-0.00,2021-12-28,,,12.846566,75.040539,
440209759,24,Dakshina Kannada,2,Bantwal,2,PANEMANGALURU,2,AMTURU,119,2021-2022,2,Rabi,Fallow,0-6-0.00,2021-12-28,,,12.8465715,75.040558,
440209764,24,Dakshina Kannada,2,Bantwal,2,PANEMANGALURU,2,AMTURU,119,2021-2022,2,Rabi,Fallow,2-0-0.00,2021-12-28,,,12.8470146,75.0431799,
440209766,24,Dakshina Kannada,2,Bantwal,2,PANEMANGALURU,2,AMTURU,119,2021-2022,2,Rabi,Fallow,0-5-0.00,2021-12-28,,,12.847031,75.0431997,
440209768,24,Dakshina Kannada,2,Bantwal,2,PANEMANGALURU,2,AMTURU,119,2021-2022,2,Rabi,Fallow,0-12-0.00,2021-12-28,,,12.8470177,75.0431952,
440209795,24,Dakshina Kannada,2,Bantwal,2,PANEMANGALURU,2,AMTURU,119,2021-2022,2,Rabi,Fallow,0-20-0.00,2021-12-28,,,12.8472486,75.0445699,
440209797,24,Dakshina Kannada,2,Bantwal,2,PANEMANGALURU,2,AMTURU,119,2021-2022,2,Rabi,Fallow,0-20-0.00,2021-12-28,,,12.8472533,75.0445705,
440209799,24,Dakshina Kannada,2,Bantwal,2,PANEMANGALURU,2,AMTURU,119,2021-2022,2,Rabi,Fallow,0-4-0.00,2021-12-28,,,12.8472467,75.044556,
440209801,24,Dakshina Kannada,2,Bantwal,2,PANEMANGALURU,2,AMTURU,119,2021-2022,2,Rabi,Fallow,0-22-0.00,2021-12-28,,,12.847244,75.0445578,
440209820,24,Dakshina Kannada,2,Bantwal,2,PANEMANGALURU,2,AMTURU,119,2021-2022,2,Rabi,Fallow,0-50-0.00,2021-12-28,,,12.8473036,75.0458978,
440209841,24,Dakshina Kannada,2,Bantwal,2,PANEMANGALURU,2,AMTURU,119,2021-2022,2,Rabi,Fallow,0-10-0.00,2021-12-28,,,12.8473728,75.0458798,
440209845,24,Dakshina Kannada,2,Bantwal,2,PANEMANGALURU,2,AMTURU,119,2021-2022,2,Rabi,Fallow,0-12-0.00,2021-12-28,,,12.8473744,75.0458816,
440209858,24,Dakshina Kannada,2,Bantwal,2,PANEMANGALURU,2,AMTURU,119,2021-2022,2,Rabi,Fallow,0-34-0.00,2021-12-28,,,12.8476761,75.0455962,
440209866,24,Dakshina Kannada,2,Bantwal,2,PANEMANGALURU,2,AMTURU,119,2021-2022,2,Rabi,Fallow,0-35-0.00,2021-12-28,,,12.8477957,75.0456638,
440209869,24,Dakshina Kannada,2,Bantwal,2,PANEMANGALURU,2,AMTURU,119,2021-2022,2,Rabi,Fallow,0-19-0.00,2021-12-28,,,12.847795,75.0456619,
440224690,24,Dakshina Kannada,2,Bantwal,2,PANEMANGALURU,25,SAJIPA MUDA,119,2021-2022,2,Rabi,Fallow,0-3-0.00,2021-12-28,,,12.8589193,75.0115298,
440224697,24,Dakshina Kannada,2,Bantwal,2,PANEMANGALURU,25,SAJIPA MUDA,119,2021-2022,2,Rabi,Fallow,0-20-0.00,2021-12-28,,,12.858745,75.0116983,
440224697,24,Dakshina Kannada,2,Bantwal,2,PANEMANGALURU,25,SAJIPA MUDA,119,2021-2022,2,Rabi,Coconut,0-5-0.00,2021-12-28,,,12.8587036,75.0116292,
440224727,24,Dakshina Kannada,2,Bantwal,2,PANEMANGALURU,25,SAJIPA MUDA,119,2021-2022,2,Rabi,Fallow,1-16-0.00,2021-12-28,,,12.8607032,75.0026845,
440224739,24,Dakshina Kannada,2,Bantwal,2,PANEMANGALURU,25,SAJIPA MUDA,119,2021-2022,2,Rabi,Fallow,0-40-0.00,2021-12-28,,,12.8606405,75.002581,
440224692,24,Dakshina Kannada,2,Bantwal,2,PANEMANGALURU,25,SAJIPA MUDA,119,2021-2022,2,Rabi,Fallow,0-1-0.00,2021-12-28,,,12.8588132,75.011672,
440224695,24,Dakshina Kannada,2,Bantwal,2,PANEMANGALURU,25,SAJIPA MUDA,119,2021-2022,2,Rabi,NA Land ,0-6-0.00,2021-12-28,,,12.8587399,75.0115993,
440224718,24,Dakshina Kannada,2,Bantwal,2,PANEMANGALURU,25,SAJIPA MUDA,119,2021-2022,2,Rabi,Fallow,0-30-0.00,2021-12-28,,,12.8610717,75.0029402,
440224696,24,Dakshina Kannada,2,Bantwal,2,PANEMANGALURU,25,SAJIPA MUDA,119,2021-2022,2,Rabi,Coconut,0-3-0.00,2021-12-28,,,12.8587315,75.0116764,
440224705,24,Dakshina Kannada,2,Bantwal,2,PANEMANGALURU,25,SAJIPA MUDA,119,2021-2022,2,Rabi,Fallow,0-50-0.00,2021-12-28,,,12.8587385,75.0116866,
440224705,24,Dakshina Kannada,2,Bantwal,2,PANEMANGALURU,25,SAJIPA MUDA,119,2021-2022,2,Rabi,Betel Nuts (Areca nuts),1-0-0.00,2021-12-28,,,12.8587301,75.0117514,
440224713,24,Dakshina Kannada,2,Bantwal,2,PANEMANGALURU,25,SAJIPA MUDA,119,2021-2022,2,Rabi,Fallow,0-70-0.00,2021-12-28,,,12.860945,75.003175,
440224732,24,Dakshina Kannada,2,Bantwal,2,PANEMANGALURU,25,SAJIPA MUDA,119,2021-2022,2,Rabi,Fallow,0-42-0.00,2021-12-28,,,12.8605908,75.0025533,
440224702,24,Dakshina Kannada,2,Bantwal,2,PANEMANGALURU,25,SAJIPA MUDA,119,2021-2022,2,Rabi,Fallow,0-17-0.00,2021-12-28,,,12.8587249,75.0116983,
440224709,24,Dakshina Kannada,2,Bantwal,2,PANEMANGALURU,25,SAJIPA MUDA,119,2021-2022,2,Rabi,Fallow,0-5-0.00,2021-12-28,,,12.8586117,75.01173,
440224723,24,Dakshina Kannada,2,Bantwal,2,PANEMANGALURU,25,SAJIPA MUDA,119,2021-2022,2,Rabi,Betel Nuts (Areca nuts),0-41-0.00,2021-12-28,,,12.8608463,75.002886,
440209613,24,Dakshina Kannada,2,Bantwal,2,PANEMANGALURU,2,AMTURU,119,2021-2022,2,Rabi,Fallow,0-11-0.00,2021-12-28,,,12.8435333,75.0397868,
440209619,24,Dakshina Kannada,2,Bantwal,2,PANEMANGALURU,2,AMTURU,119,2021-2022,2,Rabi,Fallow,0-6-0.00,2021-12-28,,,12.8435863,75.0396646,
440209630,24,Dakshina Kannada,2,Bantwal,2,PANEMANGALURU,2,AMTURU,119,2021-2022,2,Rabi,Fallow,0-10-0.00,2021-12-28,,,12.8442977,75.0417122,
440209636,24,Dakshina Kannada,2,Bantwal,2,PANEMANGALURU,2,AMTURU,119,2021-2022,2,Rabi,Fallow,0-2-0.00,2021-12-28,,,12.8443651,75.0419159,
440209657,24,Dakshina Kannada,2,Bantwal,2,PANEMANGALURU,2,AMTURU,119,2021-2022,2,Rabi,NA Land ,0-5-0.00,2021-12-28,,,12.8445708,75.0423972,
440209661,24,Dakshina Kannada,2,Bantwal,2,PANEMANGALURU,2,AMTURU,119,2021-2022,2,Rabi,Betel Nuts (Areca nuts),0-46-0.00,2021-12-28,,,12.8445492,75.0422126,
440209618,24,Dakshina Kannada,2,Bantwal,2,PANEMANGALURU,2,AMTURU,119,2021-2022,2,Rabi,NA Land ,0-11-0.00,2021-12-28,,,12.8435864,75.0396427,
440209621,24,Dakshina Kannada,2,Bantwal,2,PANEMANGALURU,2,AMTURU,119,2021-2022,2,Rabi,Fallow,0-6-0.00,2021-12-28,,,12.843793,75.0397691,
440209628,24,Dakshina Kannada,2,Bantwal,2,PANEMANGALURU,2,AMTURU,119,2021-2022,2,Rabi,NA Land ,0-10-0.00,2021-12-28,,,12.8431253,75.0420013,
440209631,24,Dakshina Kannada,2,Bantwal,2,PANEMANGALURU,2,AMTURU,119,2021-2022,2,Rabi,Fallow,0-1-0.00,2021-12-28,,,12.844278,75.0416527,
440209635,24,Dakshina Kannada,2,Bantwal,2,PANEMANGALURU,2,AMTURU,119,2021-2022,2,Rabi,Fallow,0-12-0.00,2021-12-28,,,12.8443654,75.0419146,
440209637,24,Dakshina Kannada,2,Bantwal,2,PANEMANGALURU,2,AMTURU,119,2021-2022,2,Rabi,Fallow,0-4-0.00,2021-12-28,,,12.8443647,75.0419156,
440209642,24,Dakshina Kannada,2,Bantwal,2,PANEMANGALURU,2,AMTURU,119,2021-2022,2,Rabi,Fallow,0-4-0.00,2021-12-28,,,12.8444024,75.0419662,
440209646,24,Dakshina Kannada,2,Bantwal,2,PANEMANGALURU,2,AMTURU,119,2021-2022,2,Rabi,Fallow,0-2-50.00,2021-12-28,,,12.8443036,75.0419089,
440209647,24,Dakshina Kannada,2,Bantwal,2,PANEMANGALURU,2,AMTURU,119,2021-2022,2,Rabi,Fallow,0-4-0.00,2021-12-28,,,12.8442953,75.041796,
440209648,24,Dakshina Kannada,2,Bantwal,2,PANEMANGALURU,2,AMTURU,119,2021-2022,2,Rabi,Fallow,0-8-0.00,2021-12-28,,,12.8442688,75.0417267,
440209656,24,Dakshina Kannada,2,Bantwal,2,PANEMANGALURU,2,AMTURU,119,2021-2022,2,Rabi,Fallow,0-7-0.00,2021-12-28,,,12.8445655,75.0423118,
440209659,24,Dakshina Kannada,2,Bantwal,2,PANEMANGALURU,2,AMTURU,119,2021-2022,2,Rabi,Fallow,0-2-0.00,2021-12-28,,,12.8445606,75.0423402,
440209665,24,Dakshina Kannada,2,Bantwal,2,PANEMANGALURU,2,AMTURU,119,2021-2022,2,Rabi,NA Land ,0-5-0.00,2021-12-28,,,12.8445423,75.0421462,
440209662,24,Dakshina Kannada,2,Bantwal,2,PANEMANGALURU,2,AMTURU,119,2021-2022,2,Rabi,NA Land ,0-17-0.00,2021-12-28,,,12.8445322,75.0422201,
440209733,24,Dakshina Kannada,2,Bantwal,2,PANEMANGALURU,2,AMTURU,119,2021-2022,2,Rabi,Fallow,0-16-0.00,2021-12-28,,,12.8455409,75.0413669,
440209747,24,Dakshina Kannada,2,Bantwal,2,PANEMANGALURU,2,AMTURU,119,2021-2022,2,Rabi,Fallow,0-2-0.00,2021-12-28,,,12.8455702,75.0413114,
440209762,24,Dakshina Kannada,2,Bantwal,2,PANEMANGALURU,2,AMTURU,119,2021-2022,2,Rabi,NA Land ,0-10-0.00,2021-12-28,,,12.8469803,75.0431555,
440209763,24,Dakshina Kannada,2,Bantwal,2,PANEMANGALURU,2,AMTURU,119,2021-2022,2,Rabi,Fallow,0-23-0.00,2021-12-28,,,12.8469882,75.0431562,
440209815,24,Dakshina Kannada,2,Bantwal,2,PANEMANGALURU,2,AMTURU,119,2021-2022,2,Rabi,NA Land ,0-33-0.00,2021-12-28,,,12.84723,75.0445764,
440209816,24,Dakshina Kannada,2,Bantwal,2,PANEMANGALURU,2,AMTURU,119,2021-2022,2,Rabi,Fallow,0-41-0.00,2021-12-28,,,12.8472302,75.0445764,
440209823,24,Dakshina Kannada,2,Bantwal,2,PANEMANGALURU,2,AMTURU,119,2021-2022,2,Rabi,Fallow,0-22-0.00,2021-12-28,,,12.8473094,75.0458813,
440209825,24,Dakshina Kannada,2,Bantwal,2,PANEMANGALURU,2,AMTURU,119,2021-2022,2,Rabi,Fallow,0-19-0.00,2021-12-28,,,12.8473137,75.045892,
440209720,24,Dakshina Kannada,2,Bantwal,2,PANEMANGALURU,2,AMTURU,119,2021-2022,2,Rabi,Fallow,0-10-0.00,2021-12-28,,,12.8450509,75.0422244,
440209765,24,Dakshina Kannada,2,Bantwal,2,PANEMANGALURU,2,AMTURU,119,2021-2022,2,Rabi,Fallow,0-38-0.00,2021-12-28,,,12.8470159,75.043182,
440209767,24,Dakshina Kannada,2,Bantwal,2,PANEMANGALURU,2,AMTURU,119,2021-2022,2,Rabi,Fallow,0-33-0.00,2021-12-28,,,12.847015,75.043205,
440209772,24,Dakshina Kannada,2,Bantwal,2,PANEMANGALURU,2,AMTURU,119,2021-2022,2,Rabi,Fallow,0-12-0.00,2021-12-28,,,12.8470171,75.043193,
440209773,24,Dakshina Kannada,2,Bantwal,2,PANEMANGALURU,2,AMTURU,119,2021-2022,2,Rabi,Fallow,0-20-0.00,2021-12-28,,,12.8470192,75.0431962,
440209776,24,Dakshina Kannada,2,Bantwal,2,PANEMANGALURU,2,AMTURU,119,2021-2022,2,Rabi,Fallow,0-32-0.00,2021-12-28,,,12.8470198,75.0431962,
440209779,24,Dakshina Kannada,2,Bantwal,2,PANEMANGALURU,2,AMTURU,119,2021-2022,2,Rabi,Fallow,2-0-0.00,2021-12-28,,,12.847019,75.0431781,
440209791,24,Dakshina Kannada,2,Bantwal,2,PANEMANGALURU,2,AMTURU,119,2021-2022,2,Rabi,Fallow,0-50-0.00,2021-12-28,,,12.8472415,75.0445636,
440209794,24,Dakshina Kannada,2,Bantwal,2,PANEMANGALURU,2,AMTURU,119,2021-2022,2,Rabi,Fallow,0-12-50.00,2021-12-28,,,12.8472503,75.0445679,
440209811,24,Dakshina Kannada,2,Bantwal,2,PANEMANGALURU,2,AMTURU,119,2021-2022,2,Rabi,Fallow,0-14-50.00,2021-12-28,,,12.8472337,75.0445676,
440209836,24,Dakshina Kannada,2,Bantwal,2,PANEMANGALURU,2,AMTURU,119,2021-2022,2,Rabi,Fallow,0-28-0.00,2021-12-28,,,12.8473027,75.0458875,
440209839,24,Dakshina Kannada,2,Bantwal,2,PANEMANGALURU,2,AMTURU,119,2021-2022,2,Rabi,Fallow,0-23-50.00,2021-12-28,,,12.847377,75.0458714,
440209862,24,Dakshina Kannada,2,Bantwal,2,PANEMANGALURU,2,AMTURU,119,2021-2022,2,Rabi,Fallow,0-30-0.00,2021-12-28,,,12.8477749,75.0456512,
440209884,24,Dakshina Kannada,2,Bantwal,2,PANEMANGALURU,2,AMTURU,119,2021-2022,2,Rabi,Fallow,0-12-0.00,2021-12-28,,,12.8478574,75.0457,
440209893,24,Dakshina Kannada,2,Bantwal,2,PANEMANGALURU,2,AMTURU,119,2021-2022,2,Rabi,Fallow,0-11-0.00,2021-12-28,,,12.8478562,75.0456978,
440209615,24,Dakshina Kannada,2,Bantwal,2,PANEMANGALURU,2,AMTURU,119,2021-2022,2,Rabi,Fallow,0-8-0.00,2021-12-28,,,12.8435354,75.0397386,
440209626,24,Dakshina Kannada,2,Bantwal,2,PANEMANGALURU,2,AMTURU,119,2021-2022,2,Rabi,NA Land ,0-22-0.00,2021-12-28,,,12.8429774,75.041913,
440209627,24,Dakshina Kannada,2,Bantwal,2,PANEMANGALURU,2,AMTURU,119,2021-2022,2,Rabi,NA Land ,0-6-0.00,2021-12-28,,,12.8430263,75.0418885,
440209654,24,Dakshina Kannada,2,Bantwal,2,PANEMANGALURU,2,AMTURU,119,2021-2022,2,Rabi,Fallow,0-1-0.00,2021-12-28,,,12.8446199,75.0422332,
440209655,24,Dakshina Kannada,2,Bantwal,2,PANEMANGALURU,2,AMTURU,119,2021-2022,2,Rabi,Fallow,0-5-0.00,2021-12-28,,,12.8445854,75.0422896,
440209664,24,Dakshina Kannada,2,Bantwal,2,PANEMANGALURU,2,AMTURU,119,2021-2022,2,Rabi,NA Land ,0-5-0.00,2021-12-28,,,12.8446116,75.0422054,
440209777,24,Dakshina Kannada,2,Bantwal,2,PANEMANGALURU,2,AMTURU,119,2021-2022,2,Rabi,Fallow,0-50-0.00,2021-12-28,,,12.8470196,75.0431961,
440209793,24,Dakshina Kannada,2,Bantwal,2,PANEMANGALURU,2,AMTURU,119,2021-2022,2,Rabi,Fallow,0-55-50.00,2021-12-28,,,12.8472508,75.0445676,
440209888,24,Dakshina Kannada,2,Bantwal,2,PANEMANGALURU,2,AMTURU,119,2021-2022,2,Rabi,Fallow,0-14-0.00,2021-12-28,,,12.8478565,75.0456982,
440209903,24,Dakshina Kannada,2,Bantwal,2,PANEMANGALURU,2,AMTURU,119,2021-2022,2,Rabi,Fallow,1-25-0.00,2021-12-28,,,12.8478558,75.0456977,
440209919,24,Dakshina Kannada,2,Bantwal,2,PANEMANGALURU,2,AMTURU,119,2021-2022,2,Rabi,Fallow,0-20-0.00,2021-12-28,,,12.8478641,75.0456987,
440209930,24,Dakshina Kannada,2,Bantwal,2,PANEMANGALURU,2,AMTURU,119,2021-2022,2,Rabi,Fallow,0-4-0.00,2021-12-28,,,12.8488313,75.0452138,
440209932,24,Dakshina Kannada,2,Bantwal,2,PANEMANGALURU,2,AMTURU,119,2021-2022,2,Rabi,Fallow,0-7-0.00,2021-12-28,,,12.8488155,75.0452327,
440210004,24,Dakshina Kannada,2,Bantwal,2,PANEMANGALURU,2,AMTURU,119,2021-2022,2,Rabi,Fallow,0-75-0.00,2021-12-28,,,12.8492103,75.0420409,
440210025,24,Dakshina Kannada,2,Bantwal,2,PANEMANGALURU,2,AMTURU,119,2021-2022,2,Rabi,Fallow,1-0-0.00,2021-12-28,,,12.8492105,75.042026,
440210033,24,Dakshina Kannada,2,Bantwal,2,PANEMANGALURU,2,AMTURU,119,2021-2022,2,Rabi,Fallow,0-10-0.00,2021-12-28,,,12.849208,75.042,
440209612,24,Dakshina Kannada,2,Bantwal,2,PANEMANGALURU,2,AMTURU,119,2021-2022,2,Rabi,Fallow,0-3-0.00,2021-12-28,,,12.8435517,75.0397689,
440209614,24,Dakshina Kannada,2,Bantwal,2,PANEMANGALURU,2,AMTURU,119,2021-2022,2,Rabi,Fallow,0-6-0.00,2021-12-28,,,12.8435267,75.0397729,
440209634,24,Dakshina Kannada,2,Bantwal,2,PANEMANGALURU,2,AMTURU,119,2021-2022,2,Rabi,Fallow,0-4-50.00,2021-12-28,,,12.8443707,75.0419196,
440209653,24,Dakshina Kannada,2,Bantwal,2,PANEMANGALURU,2,AMTURU,119,2021-2022,2,Rabi,Fallow,0-8-0.00,2021-12-28,,,12.8447038,75.0421646,
440209658,24,Dakshina Kannada,2,Bantwal,2,PANEMANGALURU,2,AMTURU,119,2021-2022,2,Rabi,Fallow,0-1-0.00,2021-12-28,,,12.8445545,75.0424138,
440209660,24,Dakshina Kannada,2,Bantwal,2,PANEMANGALURU,2,AMTURU,119,2021-2022,2,Rabi,Fallow,0-4-0.00,2021-12-28,,,12.8445803,75.0423,
440209719,24,Dakshina Kannada,2,Bantwal,2,PANEMANGALURU,2,AMTURU,119,2021-2022,2,Rabi,NA Land ,0-10-0.00,2021-12-28,,,12.8445499,75.0421395,
440209727,24,Dakshina Kannada,2,Bantwal,2,PANEMANGALURU,2,AMTURU,119,2021-2022,2,Rabi,NA Land ,0-2-0.00,2021-12-28,,,12.8455493,75.0414006,
440209732,24,Dakshina Kannada,2,Bantwal,2,PANEMANGALURU,2,AMTURU,119,2021-2022,2,Rabi,Fallow,0-15-0.00,2021-12-28,,,12.8455374,75.041361,
440209785,24,Dakshina Kannada,2,Bantwal,2,PANEMANGALURU,2,AMTURU,119,2021-2022,2,Rabi,Fallow,0-49-0.00,2021-12-28,,,12.8472224,75.0445559,
440209787,24,Dakshina Kannada,2,Bantwal,2,PANEMANGALURU,2,AMTURU,119,2021-2022,2,Rabi,Fallow,0-49-0.00,2021-12-28,,,12.8472223,75.0445549,
440209914,24,Dakshina Kannada,2,Bantwal,2,PANEMANGALURU,2,AMTURU,119,2021-2022,2,Rabi,Fallow,0-50-0.00,2021-12-28,,,12.8478514,75.0456992,
440209617,24,Dakshina Kannada,2,Bantwal,2,PANEMANGALURU,2,AMTURU,119,2021-2022,2,Rabi,Fallow,0-4-0.00,2021-12-28,,,12.8435936,75.0396416,
440209624,24,Dakshina Kannada,2,Bantwal,2,PANEMANGALURU,2,AMTURU,119,2021-2022,2,Rabi,NA Land ,0-19-0.00,2021-12-28,,,12.8429235,75.0418891,
440209625,24,Dakshina Kannada,2,Bantwal,2,PANEMANGALURU,2,AMTURU,119,2021-2022,2,Rabi,Fallow,0-33-50.00,2021-12-28,,,12.8429387,75.0418827,
440209632,24,Dakshina Kannada,2,Bantwal,2,PANEMANGALURU,2,AMTURU,119,2021-2022,2,Rabi,Fallow,0-7-0.00,2021-12-28,,,12.8443342,75.0416904,
440209633,24,Dakshina Kannada,2,Bantwal,2,PANEMANGALURU,2,AMTURU,119,2021-2022,2,Rabi,Fallow,0-63-0.00,2021-12-28,,,12.8443545,75.0417196,
440209640,24,Dakshina Kannada,2,Bantwal,2,PANEMANGALURU,2,AMTURU,119,2021-2022,2,Rabi,Betel Nuts (Areca nuts),0-31-50.00,2021-12-28,,,12.8443955,75.0419657,
440209643,24,Dakshina Kannada,2,Bantwal,2,PANEMANGALURU,2,AMTURU,119,2021-2022,2,Rabi,Betel Nuts (Areca nuts),0-94-0.00,2021-12-28,,,12.8443458,75.0419555,
440209650,24,Dakshina Kannada,2,Bantwal,2,PANEMANGALURU,2,AMTURU,119,2021-2022,2,Rabi,Fallow,0-8-0.00,2021-12-28,,,12.8443755,75.0416665,
440209652,24,Dakshina Kannada,2,Bantwal,2,PANEMANGALURU,2,AMTURU,119,2021-2022,2,Rabi,Fallow,0-10-0.00,2021-12-28,,,12.8445701,75.0419409,
440209739,24,Dakshina Kannada,2,Bantwal,2,PANEMANGALURU,2,AMTURU,119,2021-2022,2,Rabi,Fallow,0-6-0.00,2021-12-28,,,12.8455652,75.0413254,
440209741,24,Dakshina Kannada,2,Bantwal,2,PANEMANGALURU,2,AMTURU,119,2021-2022,2,Rabi,Fallow,0-13-0.00,2021-12-28,,,12.8455654,75.0413258,
440209780,24,Dakshina Kannada,2,Bantwal,2,PANEMANGALURU,2,AMTURU,119,2021-2022,2,Rabi,Fallow,0-12-50.00,2021-12-28,,,12.8472853,75.0445209,
440209781,24,Dakshina Kannada,2,Bantwal,2,PANEMANGALURU,2,AMTURU,119,2021-2022,2,Rabi,Fallow,0-57-0.00,2021-12-28,,,12.8471947,75.0445208,
440209806,24,Dakshina Kannada,2,Bantwal,2,PANEMANGALURU,2,AMTURU,119,2021-2022,2,Rabi,Fallow,0-2-0.00,2021-12-28,,,12.8472336,75.0445683,
440209817,24,Dakshina Kannada,2,Bantwal,2,PANEMANGALURU,2,AMTURU,119,2021-2022,2,Rabi,NA Land ,0-10-0.00,2021-12-28,,,12.8472311,75.0445784,
440209875,24,Dakshina Kannada,2,Bantwal,2,PANEMANGALURU,2,AMTURU,119,2021-2022,2,Rabi,Fallow,0-30-0.00,2021-12-28,,,12.8477984,75.0456651,
440209842,24,Dakshina Kannada,2,Bantwal,2,PANEMANGALURU,2,AMTURU,119,2021-2022,2,Rabi,Fallow,0-22-0.00,2021-12-28,,,12.847372,75.0458801,
440209896,24,Dakshina Kannada,2,Bantwal,2,PANEMANGALURU,2,AMTURU,119,2021-2022,2,Rabi,Fallow,0-11-0.00,2021-12-28,,,12.8478559,75.0456976,
440209898,24,Dakshina Kannada,2,Bantwal,2,PANEMANGALURU,2,AMTURU,119,2021-2022,2,Rabi,Fallow,0-11-0.00,2021-12-28,,,12.8478561,75.0456978,
440209901,24,Dakshina Kannada,2,Bantwal,2,PANEMANGALURU,2,AMTURU,119,2021-2022,2,Rabi,Fallow,0-10-0.00,2021-12-28,,,12.847856,75.0456978,
440209942,24,Dakshina Kannada,2,Bantwal,2,PANEMANGALURU,2,AMTURU,119,2021-2022,2,Rabi,Fallow,0-4-0.00,2021-12-28,,,12.8488143,75.0452367,
440209944,24,Dakshina Kannada,2,Bantwal,2,PANEMANGALURU,2,AMTURU,119,2021-2022,2,Rabi,Fallow,0-1-0.00,2021-12-28,,,12.8488058,75.0452295,
440209905,24,Dakshina Kannada,2,Bantwal,2,PANEMANGALURU,2,AMTURU,119,2021-2022,2,Rabi,Fallow,0-24-0.00,2021-12-28,,,12.8478553,75.0456975,
440209907,24,Dakshina Kannada,2,Bantwal,2,PANEMANGALURU,2,AMTURU,119,2021-2022,2,Rabi,Fallow,0-12-0.00,2021-12-28,,,12.8478553,75.0456969,
440209950,24,Dakshina Kannada,2,Bantwal,2,PANEMANGALURU,2,AMTURU,119,2021-2022,2,Rabi,NA Land ,0-2-75.00,2021-12-28,,,12.8490372,75.0444386,
440209955,24,Dakshina Kannada,2,Bantwal,2,PANEMANGALURU,2,AMTURU,119,2021-2022,2,Rabi,NA Land ,0-2-0.00,2021-12-28,,,12.8490387,75.0444362,
440209641,24,Dakshina Kannada,2,Bantwal,2,PANEMANGALURU,2,AMTURU,119,2021-2022,2,Rabi,Fallow,0-6-0.00,2021-12-28,,,12.8443876,75.041984,
440209725,24,Dakshina Kannada,2,Bantwal,2,PANEMANGALURU,2,AMTURU,119,2021-2022,2,Rabi,Fallow,0-5-0.00,2021-12-28,,,12.8455575,75.0414104,
440209730,24,Dakshina Kannada,2,Bantwal,2,PANEMANGALURU,2,AMTURU,119,2021-2022,2,Rabi,Fallow,0-20-0.00,2021-12-28,,,12.8455481,75.0414031,
440209735,24,Dakshina Kannada,2,Bantwal,2,PANEMANGALURU,2,AMTURU,119,2021-2022,2,Rabi,Fallow,0-6-0.00,2021-12-28,,,12.8455434,75.0413706,
440209737,24,Dakshina Kannada,2,Bantwal,2,PANEMANGALURU,2,AMTURU,119,2021-2022,2,Rabi,Fallow,0-20-0.00,2021-12-28,,,12.8455618,75.0413219,
440209740,24,Dakshina Kannada,2,Bantwal,2,PANEMANGALURU,2,AMTURU,119,2021-2022,2,Rabi,Fallow,0-3-0.00,2021-12-28,,,12.8455654,75.0413255,
440209742,24,Dakshina Kannada,2,Bantwal,2,PANEMANGALURU,2,AMTURU,119,2021-2022,2,Rabi,Fallow,0-14-0.00,2021-12-28,,,12.8455651,75.0413255,
440209743,24,Dakshina Kannada,2,Bantwal,2,PANEMANGALURU,2,AMTURU,119,2021-2022,2,Rabi,Betel Nuts (Areca nuts),0-66-0.00,2021-12-28,,,12.8455647,75.0413251,
440209757,24,Dakshina Kannada,2,Bantwal,2,PANEMANGALURU,2,AMTURU,119,2021-2022,2,Rabi,Fallow,0-3-0.00,2021-12-28,,,12.8465777,75.0405495,
440209770,24,Dakshina Kannada,2,Bantwal,2,PANEMANGALURU,2,AMTURU,119,2021-2022,2,Rabi,Fallow,0-68-0.00,2021-12-28,,,12.8470172,75.043193,
440209782,24,Dakshina Kannada,2,Bantwal,2,PANEMANGALURU,2,AMTURU,119,2021-2022,2,Rabi,NA Land ,0-10-5.00,2021-12-28,,,12.8471982,75.0445243,
440209782,24,Dakshina Kannada,2,Bantwal,2,PANEMANGALURU,2,AMTURU,119,2021-2022,2,Rabi,Coconut,0-0-45.00,2021-12-28,,,12.8472037,75.0445263,
440209803,24,Dakshina Kannada,2,Bantwal,2,PANEMANGALURU,2,AMTURU,119,2021-2022,2,Rabi,Fallow,0-2-0.00,2021-12-28,,,12.8472504,75.0445889,
440209821,24,Dakshina Kannada,2,Bantwal,2,PANEMANGALURU,2,AMTURU,119,2021-2022,2,Rabi,Fallow,0-23-50.00,2021-12-28,,,12.8473079,75.0458889,
440209829,24,Dakshina Kannada,2,Bantwal,2,PANEMANGALURU,2,AMTURU,119,2021-2022,2,Rabi,Fallow,0-25-0.00,2021-12-28,,,12.8473033,75.04588,
440209872,24,Dakshina Kannada,2,Bantwal,2,PANEMANGALURU,2,AMTURU,119,2021-2022,2,Rabi,Fallow,0-45-0.00,2021-12-28,,,12.8477947,75.0456608,
440209923,24,Dakshina Kannada,2,Bantwal,2,PANEMANGALURU,2,AMTURU,119,2021-2022,2,Rabi,Fallow,0-20-0.00,2021-12-28,,,12.8478787,75.045704,
440209936,24,Dakshina Kannada,2,Bantwal,2,PANEMANGALURU,2,AMTURU,119,2021-2022,2,Rabi,Fallow,0-4-0.00,2021-12-28,,,12.8488127,75.0452348,
440209947,24,Dakshina Kannada,2,Bantwal,2,PANEMANGALURU,2,AMTURU,119,2021-2022,2,Rabi,Fallow,0-3-0.00,2021-12-28,,,12.8490569,75.0444299,
440210001,24,Dakshina Kannada,2,Bantwal,2,PANEMANGALURU,2,AMTURU,119,2021-2022,2,Rabi,Fallow,0-72-0.00,2021-12-28,,,12.8492099,75.0420409,
440210017,24,Dakshina Kannada,2,Bantwal,2,PANEMANGALURU,2,AMTURU,119,2021-2022,2,Rabi,Fallow,2-13-0.00,2021-12-28,,,12.8492104,75.0420259,
440210037,24,Dakshina Kannada,2,Bantwal,2,PANEMANGALURU,2,AMTURU,119,2021-2022,2,Rabi,Fallow,2-45-0.00,2021-12-28,,,12.8483471,75.0425125,
440210042,24,Dakshina Kannada,2,Bantwal,2,PANEMANGALURU,2,AMTURU,119,2021-2022,2,Rabi,NA Land ,0-5-0.00,2021-12-28,,,12.8482097,75.0424875,
440209959,24,Dakshina Kannada,2,Bantwal,2,PANEMANGALURU,2,AMTURU,119,2021-2022,2,Rabi,Fallow,0-92-0.00,2021-12-28,,,12.8488768,75.0434049,
440209969,24,Dakshina Kannada,2,Bantwal,2,PANEMANGALURU,2,AMTURU,119,2021-2022,2,Rabi,Fallow,0-15-0.00,2021-12-28,,,12.8488267,75.0434205,
440209979,24,Dakshina Kannada,2,Bantwal,2,PANEMANGALURU,2,AMTURU,119,2021-2022,2,Rabi,Fallow,0-75-0.00,2021-12-28,,,12.8491701,75.0419798,
440209985,24,Dakshina Kannada,2,Bantwal,2,PANEMANGALURU,2,AMTURU,119,2021-2022,2,Rabi,Fallow,0-75-0.00,2021-12-28,,,12.8491774,75.0420221,
440209789,24,Dakshina Kannada,2,Bantwal,2,PANEMANGALURU,2,AMTURU,119,2021-2022,2,Rabi,Fallow,0-8-0.00,2021-12-28,,,12.8472212,75.0445606,
440209809,24,Dakshina Kannada,2,Bantwal,2,PANEMANGALURU,2,AMTURU,119,2021-2022,2,Rabi,Fallow,0-10-0.00,2021-12-28,,,12.8472344,75.0445662,
440209813,24,Dakshina Kannada,2,Bantwal,2,PANEMANGALURU,2,AMTURU,119,2021-2022,2,Rabi,Fallow,0-7-0.00,2021-12-28,,,12.8472343,75.0445722,
440209834,24,Dakshina Kannada,2,Bantwal,2,PANEMANGALURU,2,AMTURU,119,2021-2022,2,Rabi,Fallow,0-80-0.00,2021-12-28,,,12.8473016,75.0458846,
440209837,24,Dakshina Kannada,2,Bantwal,2,PANEMANGALURU,2,AMTURU,119,2021-2022,2,Rabi,Fallow,0-5-0.00,2021-12-28,,,12.8473044,75.0458892,
440209852,24,Dakshina Kannada,2,Bantwal,2,PANEMANGALURU,2,AMTURU,119,2021-2022,2,Rabi,Fallow,0-10-0.00,2021-12-28,,,12.8473551,75.0458568,
440209856,24,Dakshina Kannada,2,Bantwal,2,PANEMANGALURU,2,AMTURU,119,2021-2022,2,Rabi,Fallow,0-50-0.00,2021-12-28,,,12.8473578,75.0458621,
440209878,24,Dakshina Kannada,2,Bantwal,2,PANEMANGALURU,2,AMTURU,119,2021-2022,2,Rabi,Fallow,0-19-0.00,2021-12-28,,,12.8478358,75.0457043,
440209910,24,Dakshina Kannada,2,Bantwal,2,PANEMANGALURU,2,AMTURU,119,2021-2022,2,Rabi,Fallow,0-20-0.00,2021-12-28,,,12.8478555,75.045697,
440209953,24,Dakshina Kannada,2,Bantwal,2,PANEMANGALURU,2,AMTURU,119,2021-2022,2,Rabi,Fallow,0-13-0.00,2021-12-28,,,12.8490386,75.0444364,
440209962,24,Dakshina Kannada,2,Bantwal,2,PANEMANGALURU,2,AMTURU,119,2021-2022,2,Rabi,NA Land ,0-13-0.00,2021-12-28,,,12.8487999,75.0433656,
440209973,24,Dakshina Kannada,2,Bantwal,2,PANEMANGALURU,2,AMTURU,119,2021-2022,2,Rabi,NA Land ,0-5-0.00,2021-12-28,,,12.8486874,75.0425781,
440210021,24,Dakshina Kannada,2,Bantwal,2,PANEMANGALURU,2,AMTURU,119,2021-2022,2,Rabi,Fallow,3-0-0.00,2021-12-28,,,12.8492104,75.042026,
440210021,24,Dakshina Kannada,2,Bantwal,2,PANEMANGALURU,2,AMTURU,119,2021-2022,2,Rabi,Coconut,2-40-0.00,2021-12-28,,,12.8492104,75.0420267,
440210028,24,Dakshina Kannada,2,Bantwal,2,PANEMANGALURU,2,AMTURU,119,2021-2022,2,Rabi,Fallow,0-85-0.00,2021-12-28,,,12.8492105,75.0420258,
440210046,24,Dakshina Kannada,2,Bantwal,2,PANEMANGALURU,2,AMTURU,119,2021-2022,2,Rabi,NA Land ,0-5-0.00,2021-12-28,,,12.8482035,75.0424967,
440209832,24,Dakshina Kannada,2,Bantwal,2,PANEMANGALURU,2,AMTURU,119,2021-2022,2,Rabi,Fallow,0-20-0.00,2021-12-28,,,12.8473006,75.0458844,
440209881,24,Dakshina Kannada,2,Bantwal,2,PANEMANGALURU,2,AMTURU,119,2021-2022,2,Rabi,Fallow,0-12-0.00,2021-12-28,,,12.8478641,75.0457005,
440209965,24,Dakshina Kannada,2,Bantwal,2,PANEMANGALURU,2,AMTURU,119,2021-2022,2,Rabi,Fallow,0-12-0.00,2021-12-28,,,12.8488559,75.0434084,
440209981,24,Dakshina Kannada,2,Bantwal,2,PANEMANGALURU,2,AMTURU,119,2021-2022,2,Rabi,Fallow,0-75-0.00,2021-12-28,,,12.8491752,75.0420198,
440209994,24,Dakshina Kannada,2,Bantwal,2,PANEMANGALURU,2,AMTURU,119,2021-2022,2,Rabi,Fallow,0-81-0.00,2021-12-28,,,12.8492033,75.0420698,
440209999,24,Dakshina Kannada,2,Bantwal,2,PANEMANGALURU,2,AMTURU,119,2021-2022,2,Rabi,Fallow,0-78-0.00,2021-12-28,,,12.8492107,75.042048,
440210013,24,Dakshina Kannada,2,Bantwal,2,PANEMANGALURU,2,AMTURU,119,2021-2022,2,Rabi,Fallow,1-38-0.00,2021-12-28,,,12.8492107,75.042026,
440210030,24,Dakshina Kannada,2,Bantwal,2,PANEMANGALURU,2,AMTURU,119,2021-2022,2,Rabi,Fallow,0-75-0.00,2021-12-28,,,12.8492063,75.0420008,
440209975,24,Dakshina Kannada,2,Bantwal,2,PANEMANGALURU,2,AMTURU,119,2021-2022,2,Rabi,Fallow,0-75-0.00,2021-12-28,,,12.8490551,75.0421264,
440209984,24,Dakshina Kannada,2,Bantwal,2,PANEMANGALURU,2,AMTURU,119,2021-2022,2,Rabi,NA Land ,0-10-0.00,2021-12-28,,,12.8491769,75.0420219,
440209991,24,Dakshina Kannada,2,Bantwal,2,PANEMANGALURU,2,AMTURU,119,2021-2022,2,Rabi,Fallow,0-78-0.00,2021-12-28,,,12.8491793,75.0420231,
440209996,24,Dakshina Kannada,2,Bantwal,2,PANEMANGALURU,2,AMTURU,119,2021-2022,2,Rabi,Fallow,0-72-0.00,2021-12-28,,,12.8492143,75.0420554,
440209748,24,Dakshina Kannada,2,Bantwal,2,PANEMANGALURU,2,AMTURU,119,2021-2022,2,Rabi,Fallow,0-16-0.00,2021-12-28,,,12.8466208,75.0405379,
440209749,24,Dakshina Kannada,2,Bantwal,2,PANEMANGALURU,2,AMTURU,119,2021-2022,2,Rabi,Fallow,0-6-0.00,2021-12-28,,,12.8465575,75.0405344,
440209752,24,Dakshina Kannada,2,Bantwal,2,PANEMANGALURU,2,AMTURU,119,2021-2022,2,Rabi,Fallow,0-5-0.00,2021-12-28,,,12.8465684,75.0405428,
440209755,24,Dakshina Kannada,2,Bantwal,2,PANEMANGALURU,2,AMTURU,119,2021-2022,2,Rabi,Fallow,0-20-0.00,2021-12-28,,,12.8465719,75.0405454,
440209760,24,Dakshina Kannada,2,Bantwal,2,PANEMANGALURU,2,AMTURU,119,2021-2022,2,Rabi,Coconut,3-5-0.00,2021-12-28,,,12.846926,75.0431157,
440209775,24,Dakshina Kannada,2,Bantwal,2,PANEMANGALURU,2,AMTURU,119,2021-2022,2,Rabi,Fallow,0-15-0.00,2021-12-28,,,12.8470199,75.0431961,
440209778,24,Dakshina Kannada,2,Bantwal,2,PANEMANGALURU,2,AMTURU,119,2021-2022,2,Rabi,Fallow,0-28-0.00,2021-12-28,,,12.8470196,75.0431961,
440209784,24,Dakshina Kannada,2,Bantwal,2,PANEMANGALURU,2,AMTURU,119,2021-2022,2,Rabi,NA Land ,0-8-50.00,2021-12-28,,,12.8472008,75.0445407,
440210007,24,Dakshina Kannada,2,Bantwal,2,PANEMANGALURU,2,AMTURU,119,2021-2022,2,Rabi,Fallow,0-96-0.00,2021-12-28,,,12.8492104,75.0420309,
440210040,24,Dakshina Kannada,2,Bantwal,2,PANEMANGALURU,2,AMTURU,119,2021-2022,2,Rabi,NA Land ,0-5-0.00,2021-12-28,,,12.8483598,75.0425399,
440209818,24,Dakshina Kannada,2,Bantwal,2,PANEMANGALURU,2,AMTURU,119,2021-2022,2,Rabi,Fallow,0-50-0.00,2021-12-28,,,12.8470605,75.0458659,
440209827,24,Dakshina Kannada,2,Bantwal,2,PANEMANGALURU,2,AMTURU,119,2021-2022,2,Rabi,Fallow,0-10-0.00,2021-12-28,,,12.8473118,75.0458901,
440209847,24,Dakshina Kannada,2,Bantwal,2,PANEMANGALURU,2,AMTURU,119,2021-2022,2,Rabi,Fallow,0-82-0.00,2021-12-28,,,12.8473755,75.0458872,
440209916,24,Dakshina Kannada,2,Bantwal,2,PANEMANGALURU,2,AMTURU,119,2021-2022,2,Rabi,Fallow,0-20-0.00,2021-12-28,,,12.8478656,75.0456967,
440209927,24,Dakshina Kannada,2,Bantwal,2,PANEMANGALURU,2,AMTURU,119,2021-2022,2,Rabi,Fallow,0-20-0.00,2021-12-28,,,12.847888,75.0457101,
440209939,24,Dakshina Kannada,2,Bantwal,2,PANEMANGALURU,2,AMTURU,119,2021-2022,2,Rabi,Fallow,1-70-0.00,2021-12-28,,,12.8488129,75.0452353,
440210010,24,Dakshina Kannada,2,Bantwal,2,PANEMANGALURU,2,AMTURU,119,2021-2022,2,Rabi,Fallow,0-71-0.00,2021-12-28,,,12.8492101,75.0420257,
440210035,24,Dakshina Kannada,2,Bantwal,2,PANEMANGALURU,2,AMTURU,119,2021-2022,2,Rabi,Fallow,0-10-0.00,2021-12-28,,,12.8492053,75.0419984,
440210050,24,Dakshina Kannada,2,Bantwal,2,PANEMANGALURU,2,AMTURU,119,2021-2022,2,Rabi,NA Land ,0-5-0.00,2021-12-28,,,12.8481996,75.0425285,
440346270,24,Dakshina Kannada,2,Bantwal,2,PANEMANGALURU,2,AMTURU,119,2021-2022,2,Rabi,NA Land ,0-5-0.00,2021-12-30,,,12.8484249,75.0424226,
440346284,24,Dakshina Kannada,2,Bantwal,2,PANEMANGALURU,2,AMTURU,119,2021-2022,2,Rabi,NA Land ,0-5-0.00,2021-12-30,,,12.8484502,75.0423993,
440346285,24,Dakshina Kannada,2,Bantwal,2,PANEMANGALURU,2,AMTURU,119,2021-2022,2,Rabi,NA Land ,0-5-0.00,2021-12-30,,,12.8484534,75.0423939,
440346287,24,Dakshina Kannada,2,Bantwal,2,PANEMANGALURU,2,AMTURU,119,2021-2022,2,Rabi,NA Land ,0-5-0.00,2021-12-30,,,12.8484557,75.0423914,
440346375,24,Dakshina Kannada,2,Bantwal,2,PANEMANGALURU,2,AMTURU,119,2021-2022,2,Rabi,NA Land ,0-2-75.00,2021-12-30,,,12.8386076,75.0424363,
440346376,24,Dakshina Kannada,2,Bantwal,2,PANEMANGALURU,2,AMTURU,119,2021-2022,2,Rabi,NA Land ,0-2-75.00,2021-12-30,,,12.8385987,75.0424404,
440345987,24,Dakshina Kannada,2,Bantwal,2,PANEMANGALURU,2,AMTURU,119,2021-2022,2,Rabi,Fallow,2-30-0.00,2021-12-30,,,12.8530857,75.0395672,
440345987,24,Dakshina Kannada,2,Bantwal,2,PANEMANGALURU,2,AMTURU,119,2021-2022,2,Rabi,Betel Nuts (Areca nuts),0-6-0.00,2021-12-30,,,12.853097,75.0395297,
440346402,24,Dakshina Kannada,2,Bantwal,2,PANEMANGALURU,2,AMTURU,119,2021-2022,2,Rabi,NA Land ,0-4-0.00,2021-12-30,,,12.8367211,75.0437696,
440346403,24,Dakshina Kannada,2,Bantwal,2,PANEMANGALURU,2,AMTURU,119,2021-2022,2,Rabi,NA Land ,0-10-0.00,2021-12-30,,,12.8367117,75.0437704,
440346408,24,Dakshina Kannada,2,Bantwal,2,PANEMANGALURU,2,AMTURU,119,2021-2022,2,Rabi,NA Land ,0-5-0.00,2021-12-30,,,12.8366407,75.0437353,
440346410,24,Dakshina Kannada,2,Bantwal,2,PANEMANGALURU,2,AMTURU,119,2021-2022,2,Rabi,Fallow,0-2-0.00,2021-12-30,,,12.8366407,75.0437351,
440346415,24,Dakshina Kannada,2,Bantwal,2,PANEMANGALURU,2,AMTURU,119,2021-2022,2,Rabi,NA Land ,0-5-0.00,2021-12-30,,,12.83664,75.0437354,
440346444,24,Dakshina Kannada,2,Bantwal,2,PANEMANGALURU,2,AMTURU,119,2021-2022,2,Rabi,Fallow,1-20-0.00,2021-12-30,,,12.8352285,75.0437953,
440346453,24,Dakshina Kannada,2,Bantwal,2,PANEMANGALURU,2,AMTURU,119,2021-2022,2,Rabi,Fallow,0-20-0.00,2021-12-30,,,12.8352392,75.0438009,
440345990,24,Dakshina Kannada,2,Bantwal,2,PANEMANGALURU,2,AMTURU,119,2021-2022,2,Rabi,Fallow,0-87-0.00,2021-12-30,,,12.8530969,75.0395297,
440346000,24,Dakshina Kannada,2,Bantwal,2,PANEMANGALURU,2,AMTURU,119,2021-2022,2,Rabi,Fallow,0-45-0.00,2021-12-30,,,12.855229,75.0398831,
440346026,24,Dakshina Kannada,2,Bantwal,2,PANEMANGALURU,2,AMTURU,119,2021-2022,2,Rabi,Fallow,0-6-0.00,2021-12-30,,,12.8552616,75.0398843,
440346055,24,Dakshina Kannada,2,Bantwal,2,PANEMANGALURU,2,AMTURU,119,2021-2022,2,Rabi,Fallow,0-10-0.00,2021-12-30,,,12.8551037,75.0396313,
440346069,24,Dakshina Kannada,2,Bantwal,2,PANEMANGALURU,2,AMTURU,119,2021-2022,2,Rabi,Fallow,0-10-0.00,2021-12-30,,,12.8551131,75.0396249,
440346101,24,Dakshina Kannada,2,Bantwal,2,PANEMANGALURU,2,AMTURU,119,2021-2022,2,Rabi,Fallow,0-7-0.00,2021-12-30,,,12.8529744,75.0371812,
440346105,24,Dakshina Kannada,2,Bantwal,2,PANEMANGALURU,2,AMTURU,119,2021-2022,2,Rabi,Fallow,0-4-0.00,2021-12-30,,,12.8529789,75.0371699,
440346115,24,Dakshina Kannada,2,Bantwal,2,PANEMANGALURU,2,AMTURU,119,2021-2022,2,Rabi,Fallow,0-22-0.00,2021-12-30,,,12.8529836,75.0371898,
440346125,24,Dakshina Kannada,2,Bantwal,2,PANEMANGALURU,2,AMTURU,119,2021-2022,2,Rabi,Fallow,0-51-0.00,2021-12-30,,,12.8515909,75.0393335,
440346133,24,Dakshina Kannada,2,Bantwal,2,PANEMANGALURU,2,AMTURU,119,2021-2022,2,Rabi,Fallow,0-25-0.00,2021-12-30,,,12.8515902,75.0393323,
440346135,24,Dakshina Kannada,2,Bantwal,2,PANEMANGALURU,2,AMTURU,119,2021-2022,2,Rabi,Fallow,0-22-0.00,2021-12-30,,,12.8515902,75.0393325,
440346166,24,Dakshina Kannada,2,Bantwal,2,PANEMANGALURU,2,AMTURU,119,2021-2022,2,Rabi,Fallow,0-37-0.00,2021-12-30,,,12.8516967,75.0418079,
440346222,24,Dakshina Kannada,2,Bantwal,2,PANEMANGALURU,2,AMTURU,119,2021-2022,2,Rabi,Fallow,0-71-0.00,2021-12-30,,,12.8522591,75.0444068,
440346231,24,Dakshina Kannada,2,Bantwal,2,PANEMANGALURU,2,AMTURU,119,2021-2022,2,Rabi,Fallow,0-8-0.00,2021-12-30,,,12.8515167,75.0437677,
440346232,24,Dakshina Kannada,2,Bantwal,2,PANEMANGALURU,2,AMTURU,119,2021-2022,2,Rabi,Fallow,0-64-0.00,2021-12-30,,,12.8515167,75.0437678,
440346244,24,Dakshina Kannada,2,Bantwal,2,PANEMANGALURU,2,AMTURU,119,2021-2022,2,Rabi,Fallow,0-2-0.00,2021-12-30,,,12.8508766,75.042379,
440346245,24,Dakshina Kannada,2,Bantwal,2,PANEMANGALURU,2,AMTURU,119,2021-2022,2,Rabi,Fallow,0-30-0.00,2021-12-30,,,12.8508768,75.0423794,
440346252,24,Dakshina Kannada,2,Bantwal,2,PANEMANGALURU,2,AMTURU,119,2021-2022,2,Rabi,Fallow,0-43-0.00,2021-12-30,,,12.8508936,75.0423542,
440346275,24,Dakshina Kannada,2,Bantwal,2,PANEMANGALURU,2,AMTURU,119,2021-2022,2,Rabi,NA Land ,0-5-0.00,2021-12-30,,,12.8484487,75.0424022,
440346278,24,Dakshina Kannada,2,Bantwal,2,PANEMANGALURU,2,AMTURU,119,2021-2022,2,Rabi,Fallow,0-5-0.00,2021-12-30,,,12.8484489,75.0424021,
440346280,24,Dakshina Kannada,2,Bantwal,2,PANEMANGALURU,2,AMTURU,119,2021-2022,2,Rabi,NA Land ,0-5-0.00,2021-12-30,,,12.8484516,75.0423967,
440346312,24,Dakshina Kannada,2,Bantwal,2,PANEMANGALURU,2,AMTURU,119,2021-2022,2,Rabi,Fallow,0-2-50.00,2021-12-30,,,12.8423314,75.0431795,
440346352,24,Dakshina Kannada,2,Bantwal,2,PANEMANGALURU,2,AMTURU,119,2021-2022,2,Rabi,Fallow,0-30-0.00,2021-12-30,,,12.8390916,75.0435132,
440346393,24,Dakshina Kannada,2,Bantwal,2,PANEMANGALURU,2,AMTURU,119,2021-2022,2,Rabi,NA Land ,0-3-0.00,2021-12-30,,,12.8367183,75.0437758,
440346407,24,Dakshina Kannada,2,Bantwal,2,PANEMANGALURU,2,AMTURU,119,2021-2022,2,Rabi,NA Land ,0-27-0.00,2021-12-30,,,12.8366406,75.0437349,
440346447,24,Dakshina Kannada,2,Bantwal,2,PANEMANGALURU,2,AMTURU,119,2021-2022,2,Rabi,Fallow,0-38-0.00,2021-12-30,,,12.835232,75.0437993,
440346448,24,Dakshina Kannada,2,Bantwal,2,PANEMANGALURU,2,AMTURU,119,2021-2022,2,Rabi,Fallow,0-16-0.00,2021-12-30,,,12.8352316,75.0437965,
440346450,24,Dakshina Kannada,2,Bantwal,2,PANEMANGALURU,2,AMTURU,119,2021-2022,2,Rabi,Fallow,0-37-0.00,2021-12-30,,,12.8352398,75.0438025,
440346452,24,Dakshina Kannada,2,Bantwal,2,PANEMANGALURU,2,AMTURU,119,2021-2022,2,Rabi,Fallow,0-9-0.00,2021-12-30,,,12.8352389,75.0438021,
440346464,24,Dakshina Kannada,2,Bantwal,2,PANEMANGALURU,2,AMTURU,119,2021-2022,2,Rabi,Fallow,0-4-0.00,2021-12-30,,,12.8352508,75.0438033,
440346467,24,Dakshina Kannada,2,Bantwal,2,PANEMANGALURU,2,AMTURU,119,2021-2022,2,Rabi,Fallow,0-8-0.00,2021-12-30,,,12.8352474,75.0438191,
440346005,24,Dakshina Kannada,2,Bantwal,2,PANEMANGALURU,2,AMTURU,119,2021-2022,2,Rabi,Fallow,0-61-0.00,2021-12-30,,,12.855233,75.0398827,
440346010,24,Dakshina Kannada,2,Bantwal,2,PANEMANGALURU,2,AMTURU,119,2021-2022,2,Rabi,Fallow,0-15-0.00,2021-12-30,,,12.855233,75.0398825,
440346066,24,Dakshina Kannada,2,Bantwal,2,PANEMANGALURU,2,AMTURU,119,2021-2022,2,Rabi,Fallow,0-10-0.00,2021-12-30,,,12.8551132,75.0396249,
440346076,24,Dakshina Kannada,2,Bantwal,2,PANEMANGALURU,2,AMTURU,119,2021-2022,2,Rabi,Betel Nuts (Areca nuts),0-88-0.00,2021-12-30,,,12.8525335,75.0368127,
440346143,24,Dakshina Kannada,2,Bantwal,2,PANEMANGALURU,2,AMTURU,119,2021-2022,2,Rabi,Fallow,0-27-0.00,2021-12-30,,,12.8515902,75.0393326,
440346173,24,Dakshina Kannada,2,Bantwal,2,PANEMANGALURU,2,AMTURU,119,2021-2022,2,Rabi,Fallow,1-80-0.00,2021-12-30,,,12.8533696,75.0437866,
440346190,24,Dakshina Kannada,2,Bantwal,2,PANEMANGALURU,2,AMTURU,119,2021-2022,2,Rabi,Betel Nuts (Areca nuts),1-47-0.00,2021-12-30,,,12.853135,75.0430811,
440346200,24,Dakshina Kannada,2,Bantwal,2,PANEMANGALURU,2,AMTURU,119,2021-2022,2,Rabi,Fallow,1-65-0.00,2021-12-30,,,12.8534869,75.0428559,
440346219,24,Dakshina Kannada,2,Bantwal,2,PANEMANGALURU,2,AMTURU,119,2021-2022,2,Rabi,Fallow,0-31-0.00,2021-12-30,,,12.8524044,75.0440512,
440346242,24,Dakshina Kannada,2,Bantwal,2,PANEMANGALURU,2,AMTURU,119,2021-2022,2,Rabi,Fallow,1-4-0.00,2021-12-30,,,12.8508771,75.042377,
440346274,24,Dakshina Kannada,2,Bantwal,2,PANEMANGALURU,2,AMTURU,119,2021-2022,2,Rabi,NA Land ,0-5-0.00,2021-12-30,,,12.848442,75.0424047,
440346283,24,Dakshina Kannada,2,Bantwal,2,PANEMANGALURU,2,AMTURU,119,2021-2022,2,Rabi,NA Land ,0-5-0.00,2021-12-30,,,12.8484499,75.0423991,
440346290,24,Dakshina Kannada,2,Bantwal,2,PANEMANGALURU,2,AMTURU,119,2021-2022,2,Rabi,NA Land ,0-5-0.00,2021-12-30,,,12.848461,75.0423908,
440346310,24,Dakshina Kannada,2,Bantwal,2,PANEMANGALURU,2,AMTURU,119,2021-2022,2,Rabi,Fallow,0-26-0.00,2021-12-30,,,12.8423338,75.0431815,
440346327,24,Dakshina Kannada,2,Bantwal,2,PANEMANGALURU,2,AMTURU,119,2021-2022,2,Rabi,NA Land ,0-8-0.00,2021-12-30,,,12.8396732,75.0431008,
440210054,24,Dakshina Kannada,2,Bantwal,2,PANEMANGALURU,2,AMTURU,119,2021-2022,2,Rabi,NA Land ,0-5-0.00,2021-12-28,,,12.8481997,75.0425656,
440209610,24,Dakshina Kannada,2,Bantwal,2,PANEMANGALURU,2,AMTURU,119,2021-2022,2,Rabi,NA Land ,0-15-0.00,2021-12-28,,,12.8438904,75.0398242,
440209623,24,Dakshina Kannada,2,Bantwal,2,PANEMANGALURU,2,AMTURU,119,2021-2022,2,Rabi,NA Land ,0-6-0.00,2021-12-28,,,12.8429234,75.0418901,
440209629,24,Dakshina Kannada,2,Bantwal,2,PANEMANGALURU,2,AMTURU,119,2021-2022,2,Rabi,NA Land ,0-21-0.00,2021-12-28,,,12.8429968,75.0419791,
440209638,24,Dakshina Kannada,2,Bantwal,2,PANEMANGALURU,2,AMTURU,119,2021-2022,2,Rabi,Fallow,0-7-0.00,2021-12-28,,,12.8443511,75.0419647,
440209639,24,Dakshina Kannada,2,Bantwal,2,PANEMANGALURU,2,AMTURU,119,2021-2022,2,Rabi,Fallow,0-1-0.00,2021-12-28,,,12.8443734,75.0419909,
440209644,24,Dakshina Kannada,2,Bantwal,2,PANEMANGALURU,2,AMTURU,119,2021-2022,2,Rabi,Fallow,0-5-0.00,2021-12-28,,,12.8443418,75.0419587,
440209649,24,Dakshina Kannada,2,Bantwal,2,PANEMANGALURU,2,AMTURU,119,2021-2022,2,Rabi,Fallow,0-3-0.00,2021-12-28,,,12.8442861,75.0417411,
440209651,24,Dakshina Kannada,2,Bantwal,2,PANEMANGALURU,2,AMTURU,119,2021-2022,2,Rabi,Fallow,0-13-0.00,2021-12-28,,,12.8445475,75.0419207,
440209722,24,Dakshina Kannada,2,Bantwal,2,PANEMANGALURU,2,AMTURU,119,2021-2022,2,Rabi,Fallow,0-9-0.00,2021-12-28,,,12.8455896,75.0414027,
440346032,24,Dakshina Kannada,2,Bantwal,2,PANEMANGALURU,2,AMTURU,119,2021-2022,2,Rabi,Fallow,0-2-75.00,2021-12-30,,,12.8550633,75.0396387,
440346033,24,Dakshina Kannada,2,Bantwal,2,PANEMANGALURU,2,AMTURU,119,2021-2022,2,Rabi,Fallow,0-2-75.00,2021-12-30,,,12.8550572,75.039646,
440346082,24,Dakshina Kannada,2,Bantwal,2,PANEMANGALURU,2,AMTURU,119,2021-2022,2,Rabi,Betel Nuts (Areca nuts),0-73-0.00,2021-12-30,,,12.8524251,75.0369821,
440346094,24,Dakshina Kannada,2,Bantwal,2,PANEMANGALURU,2,AMTURU,119,2021-2022,2,Rabi,Fallow,0-19-0.00,2021-12-30,,,12.8529749,75.0371817,
440346128,24,Dakshina Kannada,2,Bantwal,2,PANEMANGALURU,2,AMTURU,119,2021-2022,2,Rabi,Fallow,0-26-0.00,2021-12-30,,,12.8515903,75.0393321,
440346131,24,Dakshina Kannada,2,Bantwal,2,PANEMANGALURU,2,AMTURU,119,2021-2022,2,Rabi,Fallow,0-22-0.00,2021-12-30,,,12.8515902,75.0393323,
440346176,24,Dakshina Kannada,2,Bantwal,2,PANEMANGALURU,2,AMTURU,119,2021-2022,2,Rabi,Fallow,0-1-0.00,2021-12-30,,,12.8534463,75.0437851,
440346195,24,Dakshina Kannada,2,Bantwal,2,PANEMANGALURU,2,AMTURU,119,2021-2022,2,Rabi,Fallow,0-19-0.00,2021-12-30,,,12.8531357,75.0430795,
440346209,24,Dakshina Kannada,2,Bantwal,2,PANEMANGALURU,2,AMTURU,119,2021-2022,2,Rabi,Fallow,0-2-0.00,2021-12-30,,,12.8537684,75.0430134,
440346212,24,Dakshina Kannada,2,Bantwal,2,PANEMANGALURU,2,AMTURU,119,2021-2022,2,Rabi,Fallow,0-65-0.00,2021-12-30,,,12.8541924,75.0434316,
440346218,24,Dakshina Kannada,2,Bantwal,2,PANEMANGALURU,2,AMTURU,119,2021-2022,2,Rabi,Fallow,1-25-0.00,2021-12-30,,,12.8541472,75.0434031,
440346253,24,Dakshina Kannada,2,Bantwal,2,PANEMANGALURU,2,AMTURU,119,2021-2022,2,Rabi,Fallow,1-15-0.00,2021-12-30,,,12.8508951,75.0423764,
440346255,24,Dakshina Kannada,2,Bantwal,2,PANEMANGALURU,2,AMTURU,119,2021-2022,2,Rabi,Fallow,0-87-0.00,2021-12-30,,,12.8508997,75.0423552,
440346262,24,Dakshina Kannada,2,Bantwal,2,PANEMANGALURU,2,AMTURU,119,2021-2022,2,Rabi,Fallow,0-50-0.00,2021-12-30,,,12.8508946,75.0423477,
440345998,24,Dakshina Kannada,2,Bantwal,2,PANEMANGALURU,2,AMTURU,119,2021-2022,2,Rabi,Fallow,0-9-50.00,2021-12-30,,,12.8552252,75.0398826,
440346020,24,Dakshina Kannada,2,Bantwal,2,PANEMANGALURU,2,AMTURU,119,2021-2022,2,Rabi,Fallow,0-70-0.00,2021-12-30,,,12.8552465,75.0398792,
440346022,24,Dakshina Kannada,2,Bantwal,2,PANEMANGALURU,2,AMTURU,119,2021-2022,2,Rabi,Fallow,0-28-0.00,2021-12-30,,,12.8552554,75.0398825,
440346046,24,Dakshina Kannada,2,Bantwal,2,PANEMANGALURU,2,AMTURU,119,2021-2022,2,Rabi,Fallow,0-29-0.00,2021-12-30,,,12.8551044,75.0396372,
440346087,24,Dakshina Kannada,2,Bantwal,2,PANEMANGALURU,2,AMTURU,119,2021-2022,2,Rabi,Fallow,0-1-0.00,2021-12-30,,,12.8528496,75.0370867,
440346107,24,Dakshina Kannada,2,Bantwal,2,PANEMANGALURU,2,AMTURU,119,2021-2022,2,Rabi,Fallow,0-1-0.00,2021-12-30,,,12.8529761,75.0371829,
440346117,24,Dakshina Kannada,2,Bantwal,2,PANEMANGALURU,2,AMTURU,119,2021-2022,2,Rabi,Fallow,0-6-0.00,2021-12-30,,,12.8529832,75.0371897,
440346140,24,Dakshina Kannada,2,Bantwal,2,PANEMANGALURU,2,AMTURU,119,2021-2022,2,Rabi,NA Land ,0-7-0.00,2021-12-30,,,12.8515902,75.0393325,
440346147,24,Dakshina Kannada,2,Bantwal,2,PANEMANGALURU,2,AMTURU,119,2021-2022,2,Rabi,Fallow,0-15-0.00,2021-12-30,,,12.851637,75.041824,
440346169,24,Dakshina Kannada,2,Bantwal,2,PANEMANGALURU,2,AMTURU,119,2021-2022,2,Rabi,Fallow,0-15-0.00,2021-12-30,,,12.8516972,75.0418077,
440346184,24,Dakshina Kannada,2,Bantwal,2,PANEMANGALURU,2,AMTURU,119,2021-2022,2,Rabi,Fallow,0-2-0.00,2021-12-30,,,12.8534462,75.0437704,
440346225,24,Dakshina Kannada,2,Bantwal,2,PANEMANGALURU,2,AMTURU,119,2021-2022,2,Rabi,Fallow,0-4-0.00,2021-12-30,,,12.8522767,75.0444093,
440346230,24,Dakshina Kannada,2,Bantwal,2,PANEMANGALURU,2,AMTURU,119,2021-2022,2,Rabi,Fallow,0-20-0.00,2021-12-30,,,12.8515159,75.0437695,
440345992,24,Dakshina Kannada,2,Bantwal,2,PANEMANGALURU,2,AMTURU,119,2021-2022,2,Rabi,Fallow,0-41-0.00,2021-12-30,,,12.853096,75.0395284,
440346050,24,Dakshina Kannada,2,Bantwal,2,PANEMANGALURU,2,AMTURU,119,2021-2022,2,Rabi,Fallow,0-59-0.00,2021-12-30,,,12.8551039,75.039636,
440346062,24,Dakshina Kannada,2,Bantwal,2,PANEMANGALURU,2,AMTURU,119,2021-2022,2,Rabi,Fallow,0-10-0.00,2021-12-30,,,12.8551055,75.0396265,
440346064,24,Dakshina Kannada,2,Bantwal,2,PANEMANGALURU,2,AMTURU,119,2021-2022,2,Rabi,Fallow,0-10-0.00,2021-12-30,,,12.8551128,75.0396222,
440346073,24,Dakshina Kannada,2,Bantwal,2,PANEMANGALURU,2,AMTURU,119,2021-2022,2,Rabi,NA Land ,0-7-0.00,2021-12-30,,,12.8525445,75.0367836,
440346110,24,Dakshina Kannada,2,Bantwal,2,PANEMANGALURU,2,AMTURU,119,2021-2022,2,Rabi,Fallow,0-4-0.00,2021-12-30,,,12.8529829,75.0371819,
440346112,24,Dakshina Kannada,2,Bantwal,2,PANEMANGALURU,2,AMTURU,119,2021-2022,2,Rabi,Fallow,0-1-0.00,2021-12-30,,,12.8529865,75.0371881,
440346164,24,Dakshina Kannada,2,Bantwal,2,PANEMANGALURU,2,AMTURU,119,2021-2022,2,Rabi,Fallow,0-25-0.00,2021-12-30,,,12.8516929,75.0418041,
440346171,24,Dakshina Kannada,2,Bantwal,2,PANEMANGALURU,2,AMTURU,119,2021-2022,2,Rabi,Fallow,0-5-0.00,2021-12-30,,,12.8526393,75.0440313,
440346178,24,Dakshina Kannada,2,Bantwal,2,PANEMANGALURU,2,AMTURU,119,2021-2022,2,Rabi,Fallow,0-17-0.00,2021-12-30,,,12.8534423,75.0437842,
440346215,24,Dakshina Kannada,2,Bantwal,2,PANEMANGALURU,2,AMTURU,119,2021-2022,2,Rabi,Fallow,1-25-0.00,2021-12-30,,,12.8541491,75.043408,
440346236,24,Dakshina Kannada,2,Bantwal,2,PANEMANGALURU,2,AMTURU,119,2021-2022,2,Rabi,Fallow,0-7-0.00,2021-12-30,,,12.8515185,75.0437621,
440346237,24,Dakshina Kannada,2,Bantwal,2,PANEMANGALURU,2,AMTURU,119,2021-2022,2,Rabi,Fallow,1-4-0.00,2021-12-30,,,12.8508064,75.0424306,
440346239,24,Dakshina Kannada,2,Bantwal,2,PANEMANGALURU,2,AMTURU,119,2021-2022,2,Rabi,Fallow,0-16-50.00,2021-12-30,,,12.8508631,75.0423796,
440346249,24,Dakshina Kannada,2,Bantwal,2,PANEMANGALURU,2,AMTURU,119,2021-2022,2,Rabi,Fallow,0-5-50.00,2021-12-30,,,12.8508767,75.0423808,
440346260,24,Dakshina Kannada,2,Bantwal,2,PANEMANGALURU,2,AMTURU,119,2021-2022,2,Rabi,Fallow,0-50-0.00,2021-12-30,,,12.8508985,75.0423468,
440346267,24,Dakshina Kannada,2,Bantwal,2,PANEMANGALURU,2,AMTURU,119,2021-2022,2,Rabi,Fallow,0-15-0.00,2021-12-30,,,12.8508871,75.0423394,
440346268,24,Dakshina Kannada,2,Bantwal,2,PANEMANGALURU,2,AMTURU,119,2021-2022,2,Rabi,Fallow,0-25-0.00,2021-12-30,,,12.8508862,75.0423383,
440346003,24,Dakshina Kannada,2,Bantwal,2,PANEMANGALURU,2,AMTURU,119,2021-2022,2,Rabi,Fallow,0-9-0.00,2021-12-30,,,12.8552306,75.0398834,
440346012,24,Dakshina Kannada,2,Bantwal,2,PANEMANGALURU,2,AMTURU,119,2021-2022,2,Rabi,NA Land ,0-10-0.00,2021-12-30,,,12.8552333,75.0398824,
440346029,24,Dakshina Kannada,2,Bantwal,2,PANEMANGALURU,2,AMTURU,119,2021-2022,2,Rabi,Fallow,0-2-75.00,2021-12-30,,,12.8545757,75.0399865,
440346047,24,Dakshina Kannada,2,Bantwal,2,PANEMANGALURU,2,AMTURU,119,2021-2022,2,Rabi,NA Land ,0-5-0.00,2021-12-30,,,12.8551042,75.0396373,
440346059,24,Dakshina Kannada,2,Bantwal,2,PANEMANGALURU,2,AMTURU,119,2021-2022,2,Rabi,Fallow,0-10-0.00,2021-12-30,,,12.8551045,75.0396254,
440346089,24,Dakshina Kannada,2,Bantwal,2,PANEMANGALURU,2,AMTURU,119,2021-2022,2,Rabi,Fallow,0-5-0.00,2021-12-30,,,12.8529346,75.0371258,
440346119,24,Dakshina Kannada,2,Bantwal,2,PANEMANGALURU,2,AMTURU,119,2021-2022,2,Rabi,Fallow,1-52-0.00,2021-12-30,,,12.8516523,75.0393164,
440346122,24,Dakshina Kannada,2,Bantwal,2,PANEMANGALURU,2,AMTURU,119,2021-2022,2,Rabi,Fallow,0-29-0.00,2021-12-30,,,12.8515907,75.0393327,
440346137,24,Dakshina Kannada,2,Bantwal,2,PANEMANGALURU,2,AMTURU,119,2021-2022,2,Rabi,Fallow,0-20-0.00,2021-12-30,,,12.8515902,75.0393325,
440346151,24,Dakshina Kannada,2,Bantwal,2,PANEMANGALURU,2,AMTURU,119,2021-2022,2,Rabi,NA Land ,0-10-0.00,2021-12-30,,,12.8517016,75.0417858,
440346159,24,Dakshina Kannada,2,Bantwal,2,PANEMANGALURU,2,AMTURU,119,2021-2022,2,Rabi,Fallow,0-25-0.00,2021-12-30,,,12.851706,75.0417978,
440346198,24,Dakshina Kannada,2,Bantwal,2,PANEMANGALURU,2,AMTURU,119,2021-2022,2,Rabi,Betel Nuts (Areca nuts),1-89-0.00,2021-12-30,,,12.8534921,75.0428579,
440346233,24,Dakshina Kannada,2,Bantwal,2,PANEMANGALURU,2,AMTURU,119,2021-2022,2,Rabi,Fallow,0-8-0.00,2021-12-30,,,12.8515143,75.0437626,
440346241,24,Dakshina Kannada,2,Bantwal,2,PANEMANGALURU,2,AMTURU,119,2021-2022,2,Rabi,Fallow,0-50-0.00,2021-12-30,,,12.8508688,75.0423823,
440346250,24,Dakshina Kannada,2,Bantwal,2,PANEMANGALURU,2,AMTURU,119,2021-2022,2,Rabi,Fallow,0-22-0.00,2021-12-30,,,12.8508767,75.0423811,
440346257,24,Dakshina Kannada,2,Bantwal,2,PANEMANGALURU,2,AMTURU,119,2021-2022,2,Rabi,Fallow,0-5-0.00,2021-12-30,,,12.8509,75.0423543,
440346258,24,Dakshina Kannada,2,Bantwal,2,PANEMANGALURU,2,AMTURU,119,2021-2022,2,Rabi,Fallow,0-16-0.00,2021-12-30,,,12.8508998,75.042354,
440346299,24,Dakshina Kannada,2,Bantwal,2,PANEMANGALURU,2,AMTURU,119,2021-2022,2,Rabi,NA Land ,0-2-0.00,2021-12-30,,,12.8433658,75.0445981,
440346300,24,Dakshina Kannada,2,Bantwal,2,PANEMANGALURU,2,AMTURU,119,2021-2022,2,Rabi,Fallow,0-6-50.00,2021-12-30,,,12.8423809,75.0432162,
440346303,24,Dakshina Kannada,2,Bantwal,2,PANEMANGALURU,2,AMTURU,119,2021-2022,2,Rabi,Fallow,0-2-0.00,2021-12-30,,,12.8423337,75.043185,
440345995,24,Dakshina Kannada,2,Bantwal,2,PANEMANGALURU,2,AMTURU,119,2021-2022,2,Rabi,Fallow,0-17-0.00,2021-12-30,,,12.8551744,75.0398841,
440346025,24,Dakshina Kannada,2,Bantwal,2,PANEMANGALURU,2,AMTURU,119,2021-2022,2,Rabi,NA Land ,0-10-0.00,2021-12-30,,,12.8552644,75.0398791,
440346039,24,Dakshina Kannada,2,Bantwal,2,PANEMANGALURU,2,AMTURU,119,2021-2022,2,Rabi,Fallow,1-41-0.00,2021-12-30,,,12.8551042,75.0396377,
440346041,24,Dakshina Kannada,2,Bantwal,2,PANEMANGALURU,2,AMTURU,119,2021-2022,2,Rabi,NA Land ,0-2-75.00,2021-12-30,,,12.8551042,75.0396377,
440346043,24,Dakshina Kannada,2,Bantwal,2,PANEMANGALURU,2,AMTURU,119,2021-2022,2,Rabi,NA Land ,0-3-0.00,2021-12-30,,,12.8551045,75.0396374,
440346053,24,Dakshina Kannada,2,Bantwal,2,PANEMANGALURU,2,AMTURU,119,2021-2022,2,Rabi,Fallow,0-10-0.00,2021-12-30,,,12.8551042,75.039631,
440346058,24,Dakshina Kannada,2,Bantwal,2,PANEMANGALURU,2,AMTURU,119,2021-2022,2,Rabi,Fallow,0-10-0.00,2021-12-30,,,12.8551026,75.0396282,
440346099,24,Dakshina Kannada,2,Bantwal,2,PANEMANGALURU,2,AMTURU,119,2021-2022,2,Rabi,Fallow,0-4-0.00,2021-12-30,,,12.8529744,75.0371807,
440346144,24,Dakshina Kannada,2,Bantwal,2,PANEMANGALURU,2,AMTURU,119,2021-2022,2,Rabi,Fallow,0-50-0.00,2021-12-30,,,12.8515902,75.0393326,
440346149,24,Dakshina Kannada,2,Bantwal,2,PANEMANGALURU,2,AMTURU,119,2021-2022,2,Rabi,Fallow,0-6-0.00,2021-12-30,,,12.851673,75.0417795,
440346157,24,Dakshina Kannada,2,Bantwal,2,PANEMANGALURU,2,AMTURU,119,2021-2022,2,Rabi,NA Land ,0-8-0.00,2021-12-30,,,12.8517178,75.041787,
440346162,24,Dakshina Kannada,2,Bantwal,2,PANEMANGALURU,2,AMTURU,119,2021-2022,2,Rabi,Fallow,0-86-0.00,2021-12-30,,,12.8516954,75.0418046,
440346183,24,Dakshina Kannada,2,Bantwal,2,PANEMANGALURU,2,AMTURU,119,2021-2022,2,Rabi,Fallow,0-1-0.00,2021-12-30,,,12.8534378,75.0437735,
440346189,24,Dakshina Kannada,2,Bantwal,2,PANEMANGALURU,2,AMTURU,119,2021-2022,2,Rabi,Fallow,0-50-0.00,2021-12-30,,,12.853136,75.0430809,
440346228,24,Dakshina Kannada,2,Bantwal,2,PANEMANGALURU,2,AMTURU,119,2021-2022,2,Rabi,Betel Nuts (Areca nuts),1-43-0.00,2021-12-30,,,12.8515203,75.0437774,
440346234,24,Dakshina Kannada,2,Bantwal,2,PANEMANGALURU,2,AMTURU,119,2021-2022,2,Rabi,Fallow,0-9-0.00,2021-12-30,,,12.851515,75.0437655,
440346247,24,Dakshina Kannada,2,Bantwal,2,PANEMANGALURU,2,AMTURU,119,2021-2022,2,Rabi,Fallow,0-14-0.00,2021-12-30,,,12.8508768,75.0423805,
440346264,24,Dakshina Kannada,2,Bantwal,2,PANEMANGALURU,2,AMTURU,119,2021-2022,2,Rabi,Fallow,0-15-0.00,2021-12-30,,,12.8508943,75.0423463,
440346265,24,Dakshina Kannada,2,Bantwal,2,PANEMANGALURU,2,AMTURU,119,2021-2022,2,Rabi,Fallow,0-15-0.00,2021-12-30,,,12.8508881,75.0423391,
440346292,24,Dakshina Kannada,2,Bantwal,2,PANEMANGALURU,2,AMTURU,119,2021-2022,2,Rabi,NA Land ,0-5-0.00,2021-12-30,,,12.8484613,75.0423916,
440346293,24,Dakshina Kannada,2,Bantwal,2,PANEMANGALURU,2,AMTURU,119,2021-2022,2,Rabi,NA Land ,0-5-0.00,2021-12-30,,,12.8484615,75.0423918,
440346294,24,Dakshina Kannada,2,Bantwal,2,PANEMANGALURU,2,AMTURU,119,2021-2022,2,Rabi,NA Land ,0-5-0.00,2021-12-30,,,12.8484589,75.0423945,
440346281,24,Dakshina Kannada,2,Bantwal,2,PANEMANGALURU,2,AMTURU,119,2021-2022,2,Rabi,NA Land ,0-5-0.00,2021-12-30,,,12.8484491,75.0423996,
440346288,24,Dakshina Kannada,2,Bantwal,2,PANEMANGALURU,2,AMTURU,119,2021-2022,2,Rabi,NA Land ,0-5-0.00,2021-12-30,,,12.8484558,75.0423914,
440346296,24,Dakshina Kannada,2,Bantwal,2,PANEMANGALURU,2,AMTURU,119,2021-2022,2,Rabi,NA Land ,0-7-0.00,2021-12-30,,,12.8484586,75.0423949,
440346305,24,Dakshina Kannada,2,Bantwal,2,PANEMANGALURU,2,AMTURU,119,2021-2022,2,Rabi,Fallow,0-5-0.00,2021-12-30,,,12.8423355,75.0431817,
440346306,24,Dakshina Kannada,2,Bantwal,2,PANEMANGALURU,2,AMTURU,119,2021-2022,2,Rabi,Fallow,0-3-0.00,2021-12-30,,,12.8423349,75.0431819,
440346337,24,Dakshina Kannada,2,Bantwal,2,PANEMANGALURU,2,AMTURU,119,2021-2022,2,Rabi,Fallow,0-1-0.00,2021-12-30,,,12.8395227,75.04313,
440346339,24,Dakshina Kannada,2,Bantwal,2,PANEMANGALURU,2,AMTURU,119,2021-2022,2,Rabi,Fallow,0-4-0.00,2021-12-30,,,12.8395276,75.043146,
440346353,24,Dakshina Kannada,2,Bantwal,2,PANEMANGALURU,2,AMTURU,119,2021-2022,2,Rabi,Fallow,0-79-0.00,2021-12-30,,,12.8390919,75.0435131,
440346277,24,Dakshina Kannada,2,Bantwal,2,PANEMANGALURU,2,AMTURU,119,2021-2022,2,Rabi,Fallow,0-5-0.00,2021-12-30,,,12.8484488,75.0424021,
440346301,24,Dakshina Kannada,2,Bantwal,2,PANEMANGALURU,2,AMTURU,119,2021-2022,2,Rabi,Fallow,0-18-0.00,2021-12-30,,,12.8423366,75.0431843,
440346313,24,Dakshina Kannada,2,Bantwal,2,PANEMANGALURU,2,AMTURU,119,2021-2022,2,Rabi,Fallow,0-8-0.00,2021-12-30,,,12.8423227,75.0431728,
440346315,24,Dakshina Kannada,2,Bantwal,2,PANEMANGALURU,2,AMTURU,119,2021-2022,2,Rabi,Fallow,0-15-0.00,2021-12-30,,,12.8423241,75.0431689,
440346319,24,Dakshina Kannada,2,Bantwal,2,PANEMANGALURU,2,AMTURU,119,2021-2022,2,Rabi,Fallow,0-29-0.00,2021-12-30,,,12.8423225,75.0431678,
440346322,24,Dakshina Kannada,2,Bantwal,2,PANEMANGALURU,2,AMTURU,119,2021-2022,2,Rabi,Fallow,0-39-0.00,2021-12-30,,,12.8423331,75.0431626,
440346323,24,Dakshina Kannada,2,Bantwal,2,PANEMANGALURU,2,AMTURU,119,2021-2022,2,Rabi,Fallow,0-1-0.00,2021-12-30,,,12.8403393,75.0429439,
440346332,24,Dakshina Kannada,2,Bantwal,2,PANEMANGALURU,2,AMTURU,119,2021-2022,2,Rabi,Fallow,0-33-0.00,2021-12-30,,,12.8395191,75.0430219,
440346336,24,Dakshina Kannada,2,Bantwal,2,PANEMANGALURU,2,AMTURU,119,2021-2022,2,Rabi,NA Land ,0-8-0.00,2021-12-30,,,12.8396893,75.0431393,
440346342,24,Dakshina Kannada,2,Bantwal,2,PANEMANGALURU,2,AMTURU,119,2021-2022,2,Rabi,NA Land ,0-6-0.00,2021-12-30,,,12.8395267,75.0431484,
440346348,24,Dakshina Kannada,2,Bantwal,2,PANEMANGALURU,2,AMTURU,119,2021-2022,2,Rabi,Fallow,0-38-0.00,2021-12-30,,,12.8390898,75.0435143,
440346355,24,Dakshina Kannada,2,Bantwal,2,PANEMANGALURU,2,AMTURU,119,2021-2022,2,Rabi,Fallow,0-15-0.00,2021-12-30,,,12.839092,75.0435132,
440346357,24,Dakshina Kannada,2,Bantwal,2,PANEMANGALURU,2,AMTURU,119,2021-2022,2,Rabi,Fallow,0-97-0.00,2021-12-30,,,12.8390922,75.043513,
440346363,24,Dakshina Kannada,2,Bantwal,2,PANEMANGALURU,2,AMTURU,119,2021-2022,2,Rabi,Fallow,0-34-0.00,2021-12-30,,,12.8390821,75.0435128,
440346318,24,Dakshina Kannada,2,Bantwal,2,PANEMANGALURU,2,AMTURU,119,2021-2022,2,Rabi,Fallow,0-10-0.00,2021-12-30,,,12.8423251,75.0431665,
440346324,24,Dakshina Kannada,2,Bantwal,2,PANEMANGALURU,2,AMTURU,119,2021-2022,2,Rabi,Fallow,0-16-0.00,2021-12-30,,,12.8400105,75.0429209,
440346341,24,Dakshina Kannada,2,Bantwal,2,PANEMANGALURU,2,AMTURU,119,2021-2022,2,Rabi,NA Land ,0-9-0.00,2021-12-30,,,12.8395282,75.0431471,
440346346,24,Dakshina Kannada,2,Bantwal,2,PANEMANGALURU,2,AMTURU,119,2021-2022,2,Rabi,Fallow,0-37-0.00,2021-12-30,,,12.8390912,75.0435041,
440346350,24,Dakshina Kannada,2,Bantwal,2,PANEMANGALURU,2,AMTURU,119,2021-2022,2,Rabi,Fallow,0-60-0.00,2021-12-30,,,12.8390916,75.043513,
440346359,24,Dakshina Kannada,2,Bantwal,2,PANEMANGALURU,2,AMTURU,119,2021-2022,2,Rabi,Fallow,0-15-0.00,2021-12-30,,,12.8390922,75.0435131,
440346360,24,Dakshina Kannada,2,Bantwal,2,PANEMANGALURU,2,AMTURU,119,2021-2022,2,Rabi,Fallow,0-16-0.00,2021-12-30,,,12.8390921,75.0435132,
440346362,24,Dakshina Kannada,2,Bantwal,2,PANEMANGALURU,2,AMTURU,119,2021-2022,2,Rabi,Fallow,0-18-0.00,2021-12-30,,,12.8390894,75.0435062,
440346367,24,Dakshina Kannada,2,Bantwal,2,PANEMANGALURU,2,AMTURU,119,2021-2022,2,Rabi,Fallow,0-40-0.00,2021-12-30,,,12.8390877,75.0435127,
440346380,24,Dakshina Kannada,2,Bantwal,2,PANEMANGALURU,2,AMTURU,119,2021-2022,2,Rabi,Fallow,0-61-0.00,2021-12-30,,,12.8385875,75.0424614,
440346385,24,Dakshina Kannada,2,Bantwal,2,PANEMANGALURU,2,AMTURU,119,2021-2022,2,Rabi,NA Land ,0-7-0.00,2021-12-30,,,12.836679,75.0437429,
440346386,24,Dakshina Kannada,2,Bantwal,2,PANEMANGALURU,2,AMTURU,119,2021-2022,2,Rabi,NA Land ,0-16-0.00,2021-12-30,,,12.8366979,75.0437557,
440346297,24,Dakshina Kannada,2,Bantwal,2,PANEMANGALURU,2,AMTURU,119,2021-2022,2,Rabi,NA Land ,0-5-0.00,2021-12-30,,,12.8484595,75.0423914,
440346320,24,Dakshina Kannada,2,Bantwal,2,PANEMANGALURU,2,AMTURU,119,2021-2022,2,Rabi,Fallow,0-44-0.00,2021-12-30,,,12.8423225,75.0431676,
440346334,24,Dakshina Kannada,2,Bantwal,2,PANEMANGALURU,2,AMTURU,119,2021-2022,2,Rabi,NA Land ,0-6-0.00,2021-12-30,,,12.839524,75.0430404,
440346368,24,Dakshina Kannada,2,Bantwal,2,PANEMANGALURU,2,AMTURU,119,2021-2022,2,Rabi,NA Land ,0-7-0.00,2021-12-30,,,12.8386471,75.0424947,
440346383,24,Dakshina Kannada,2,Bantwal,2,PANEMANGALURU,2,AMTURU,119,2021-2022,2,Rabi,Fallow,0-35-0.00,2021-12-30,,,12.8366633,75.0437349,
440346423,24,Dakshina Kannada,2,Bantwal,2,PANEMANGALURU,2,AMTURU,119,2021-2022,2,Rabi,NA Land ,0-31-0.00,2021-12-30,,,12.8366389,75.0437362,
440346425,24,Dakshina Kannada,2,Bantwal,2,PANEMANGALURU,2,AMTURU,119,2021-2022,2,Rabi,NA Land ,0-15-0.00,2021-12-30,,,12.8366387,75.0437364,
440346008,24,Dakshina Kannada,2,Bantwal,2,PANEMANGALURU,2,AMTURU,119,2021-2022,2,Rabi,Fallow,0-5-0.00,2021-12-30,,,12.855233,75.0398827,
440346014,24,Dakshina Kannada,2,Bantwal,2,PANEMANGALURU,2,AMTURU,119,2021-2022,2,Rabi,Fallow,1-16-0.00,2021-12-30,,,12.8552335,75.0398821,
440346017,24,Dakshina Kannada,2,Bantwal,2,PANEMANGALURU,2,AMTURU,119,2021-2022,2,Rabi,Fallow,0-45-0.00,2021-12-30,,,12.8552457,75.0398785,
440346036,24,Dakshina Kannada,2,Bantwal,2,PANEMANGALURU,2,AMTURU,119,2021-2022,2,Rabi,NA Land ,0-2-75.00,2021-12-30,,,12.8550843,75.0396415,
440346072,24,Dakshina Kannada,2,Bantwal,2,PANEMANGALURU,2,AMTURU,119,2021-2022,2,Rabi,NA Land ,0-5-0.00,2021-12-30,,,12.8514678,75.0375171,
440346079,24,Dakshina Kannada,2,Bantwal,2,PANEMANGALURU,2,AMTURU,119,2021-2022,2,Rabi,NA Land ,0-7-0.00,2021-12-30,,,12.8525322,75.0368105,
440346092,24,Dakshina Kannada,2,Bantwal,2,PANEMANGALURU,2,AMTURU,119,2021-2022,2,Rabi,Fallow,0-1-0.00,2021-12-30,,,12.8529792,75.0371556,
440346097,24,Dakshina Kannada,2,Bantwal,2,PANEMANGALURU,2,AMTURU,119,2021-2022,2,Rabi,Fallow,0-8-0.00,2021-12-30,,,12.8529746,75.0371815,
440346102,24,Dakshina Kannada,2,Bantwal,2,PANEMANGALURU,2,AMTURU,119,2021-2022,2,Rabi,Fallow,0-4-0.00,2021-12-30,,,12.8529744,75.0371808,
440346154,24,Dakshina Kannada,2,Bantwal,2,PANEMANGALURU,2,AMTURU,119,2021-2022,2,Rabi,NA Land ,0-10-0.00,2021-12-30,,,12.8517172,75.0417884,
440346180,24,Dakshina Kannada,2,Bantwal,2,PANEMANGALURU,2,AMTURU,119,2021-2022,2,Rabi,Fallow,0-1-0.00,2021-12-30,,,12.8534374,75.0437741,
440346186,24,Dakshina Kannada,2,Bantwal,2,PANEMANGALURU,2,AMTURU,119,2021-2022,2,Rabi,Betel Nuts (Areca nuts),1-32-50.00,2021-12-30,,,12.8532095,75.043059,
440346193,24,Dakshina Kannada,2,Bantwal,2,PANEMANGALURU,2,AMTURU,119,2021-2022,2,Rabi,Fallow,0-13-50.00,2021-12-30,,,12.8531357,75.04308,
440346203,24,Dakshina Kannada,2,Bantwal,2,PANEMANGALURU,2,AMTURU,119,2021-2022,2,Rabi,Betel Nuts (Areca nuts),0-50-0.00,2021-12-30,,,12.8537134,75.0430215,
440346205,24,Dakshina Kannada,2,Bantwal,2,PANEMANGALURU,2,AMTURU,119,2021-2022,2,Rabi,Betel Nuts (Areca nuts),0-32-0.00,2021-12-30,,,12.8537688,75.0430121,
440346208,24,Dakshina Kannada,2,Bantwal,2,PANEMANGALURU,2,AMTURU,119,2021-2022,2,Rabi,Fallow,0-35-0.00,2021-12-30,,,12.8537685,75.0430134,
440346224,24,Dakshina Kannada,2,Bantwal,2,PANEMANGALURU,2,AMTURU,119,2021-2022,2,Rabi,Fallow,0-84-0.00,2021-12-30,,,12.8522628,75.0444054,
440346271,24,Dakshina Kannada,2,Bantwal,2,PANEMANGALURU,2,AMTURU,119,2021-2022,2,Rabi,NA Land ,0-5-0.00,2021-12-30,,,12.8484368,75.0424158,
440346273,24,Dakshina Kannada,2,Bantwal,2,PANEMANGALURU,2,AMTURU,119,2021-2022,2,Rabi,NA Land ,0-5-0.00,2021-12-30,,,12.8484431,75.0424057,
440346289,24,Dakshina Kannada,2,Bantwal,2,PANEMANGALURU,2,AMTURU,119,2021-2022,2,Rabi,NA Land ,0-5-0.00,2021-12-30,,,12.8484561,75.0423915,
440346308,24,Dakshina Kannada,2,Bantwal,2,PANEMANGALURU,2,AMTURU,119,2021-2022,2,Rabi,Fallow,0-8-0.00,2021-12-30,,,12.8423339,75.0431816,
440346316,24,Dakshina Kannada,2,Bantwal,2,PANEMANGALURU,2,AMTURU,119,2021-2022,2,Rabi,Fallow,0-7-0.00,2021-12-30,,,12.8423249,75.0431667,
440346326,24,Dakshina Kannada,2,Bantwal,2,PANEMANGALURU,2,AMTURU,119,2021-2022,2,Rabi,Fallow,0-17-0.00,2021-12-30,,,12.8399652,75.0429146,
440346330,24,Dakshina Kannada,2,Bantwal,2,PANEMANGALURU,2,AMTURU,119,2021-2022,2,Rabi,Fallow,0-40-0.00,2021-12-30,,,12.8395164,75.0430216,
440346365,24,Dakshina Kannada,2,Bantwal,2,PANEMANGALURU,2,AMTURU,119,2021-2022,2,Rabi,Fallow,0-33-0.00,2021-12-30,,,12.8390839,75.043511,
440346370,24,Dakshina Kannada,2,Bantwal,2,PANEMANGALURU,2,AMTURU,119,2021-2022,2,Rabi,Fallow,0-2-0.00,2021-12-30,,,12.8386075,75.0424648,
440346372,24,Dakshina Kannada,2,Bantwal,2,PANEMANGALURU,2,AMTURU,119,2021-2022,2,Rabi,Fallow,1-9-0.00,2021-12-30,,,12.8386214,75.0424584,
440346394,24,Dakshina Kannada,2,Bantwal,2,PANEMANGALURU,2,AMTURU,119,2021-2022,2,Rabi,NA Land ,0-17-0.00,2021-12-30,,,12.8367188,75.0437745,
440346400,24,Dakshina Kannada,2,Bantwal,2,PANEMANGALURU,2,AMTURU,119,2021-2022,2,Rabi,NA Land ,0-1-0.00,2021-12-30,,,12.8366905,75.0437437,
440346428,24,Dakshina Kannada,2,Bantwal,2,PANEMANGALURU,2,AMTURU,119,2021-2022,2,Rabi,NA Land ,0-6-0.00,2021-12-30,,,12.8366379,75.043736,
440346433,24,Dakshina Kannada,2,Bantwal,2,PANEMANGALURU,2,AMTURU,119,2021-2022,2,Rabi,Fallow,0-47-0.00,2021-12-30,,,12.8352319,75.043826,
440346473,24,Dakshina Kannada,2,Bantwal,2,PANEMANGALURU,2,AMTURU,119,2021-2022,2,Rabi,Fallow,0-31-0.00,2021-12-30,,,12.8352526,75.0438276,
440346378,24,Dakshina Kannada,2,Bantwal,2,PANEMANGALURU,2,AMTURU,119,2021-2022,2,Rabi,NA Land ,0-4-0.00,2021-12-30,,,12.838601,75.0424519,
440346381,24,Dakshina Kannada,2,Bantwal,2,PANEMANGALURU,2,AMTURU,119,2021-2022,2,Rabi,Fallow,0-1-0.00,2021-12-30,,,12.8386321,75.0424857,
440346397,24,Dakshina Kannada,2,Bantwal,2,PANEMANGALURU,2,AMTURU,119,2021-2022,2,Rabi,NA Land ,0-10-0.00,2021-12-30,,,12.8367234,75.0437759,
440346399,24,Dakshina Kannada,2,Bantwal,2,PANEMANGALURU,2,AMTURU,119,2021-2022,2,Rabi,NA Land ,0-15-0.00,2021-12-30,,,12.8367346,75.0437762,
440346413,24,Dakshina Kannada,2,Bantwal,2,PANEMANGALURU,2,AMTURU,119,2021-2022,2,Rabi,NA Land ,0-4-0.00,2021-12-30,,,12.8366402,75.0437355,
440346431,24,Dakshina Kannada,2,Bantwal,2,PANEMANGALURU,2,AMTURU,119,2021-2022,2,Rabi,Fallow,0-16-0.00,2021-12-30,,,12.8352494,75.0438434,
440346434,24,Dakshina Kannada,2,Bantwal,2,PANEMANGALURU,2,AMTURU,119,2021-2022,2,Rabi,NA Land ,0-14-0.00,2021-12-30,,,12.8352317,75.0438238,
440346440,24,Dakshina Kannada,2,Bantwal,2,PANEMANGALURU,2,AMTURU,119,2021-2022,2,Rabi,Fallow,0-50-0.00,2021-12-30,,,12.8352284,75.0437944,
440346466,24,Dakshina Kannada,2,Bantwal,2,PANEMANGALURU,2,AMTURU,119,2021-2022,2,Rabi,Fallow,0-4-0.00,2021-12-30,,,12.8352477,75.0438181,
440346335,24,Dakshina Kannada,2,Bantwal,2,PANEMANGALURU,2,AMTURU,119,2021-2022,2,Rabi,NA Land ,0-3-0.00,2021-12-30,,,12.8395204,75.04304,
440346417,24,Dakshina Kannada,2,Bantwal,2,PANEMANGALURU,2,AMTURU,119,2021-2022,2,Rabi,NA Land ,0-8-0.00,2021-12-30,,,12.83664,75.0437355,
440346420,24,Dakshina Kannada,2,Bantwal,2,PANEMANGALURU,2,AMTURU,119,2021-2022,2,Rabi,NA Land ,0-35-0.00,2021-12-30,,,12.8366397,75.0437357,
440346421,24,Dakshina Kannada,2,Bantwal,2,PANEMANGALURU,2,AMTURU,119,2021-2022,2,Rabi,NA Land ,0-20-0.00,2021-12-30,,,12.836639,75.0437361,
440346426,24,Dakshina Kannada,2,Bantwal,2,PANEMANGALURU,2,AMTURU,119,2021-2022,2,Rabi,NA Land ,0-7-0.00,2021-12-30,,,12.8366387,75.0437365,
440346439,24,Dakshina Kannada,2,Bantwal,2,PANEMANGALURU,2,AMTURU,119,2021-2022,2,Rabi,Fallow,0-18-0.00,2021-12-30,,,12.8352236,75.04379,
440346461,24,Dakshina Kannada,2,Bantwal,2,PANEMANGALURU,2,AMTURU,119,2021-2022,2,Rabi,Fallow,0-41-0.00,2021-12-30,,,12.8352374,75.0438012,
440346471,24,Dakshina Kannada,2,Bantwal,2,PANEMANGALURU,2,AMTURU,119,2021-2022,2,Rabi,Fallow,0-16-0.00,2021-12-30,,,12.8352524,75.0438276,
440346388,24,Dakshina Kannada,2,Bantwal,2,PANEMANGALURU,2,AMTURU,119,2021-2022,2,Rabi,NA Land ,0-5-0.00,2021-12-30,,,12.8366979,75.0437545,
440346391,24,Dakshina Kannada,2,Bantwal,2,PANEMANGALURU,2,AMTURU,119,2021-2022,2,Rabi,NA Land ,0-21-0.00,2021-12-30,,,12.8367076,75.043768,
440224711,24,Dakshina Kannada,2,Bantwal,2,PANEMANGALURU,25,SAJIPA MUDA,119,2021-2022,2,Rabi,NA Land ,0-8-0.00,2021-12-28,,,12.8586674,75.011779,
440224729,24,Dakshina Kannada,2,Bantwal,2,PANEMANGALURU,25,SAJIPA MUDA,119,2021-2022,2,Rabi,Fallow,0-40-0.00,2021-12-28,,,12.8606594,75.0025362,
440224700,24,Dakshina Kannada,2,Bantwal,2,PANEMANGALURU,25,SAJIPA MUDA,119,2021-2022,2,Rabi,Fallow,0-24-0.00,2021-12-28,,,12.8586933,75.0116817,
440517036,24,Dakshina Kannada,2,Bantwal,2,PANEMANGALURU,2,AMTURU,119,2021-2022,2,Rabi,Fallow,0-9-0.00,2022-01-01,,,12.8346975,75.0421702,
440517048,24,Dakshina Kannada,2,Bantwal,2,PANEMANGALURU,2,AMTURU,119,2021-2022,2,Rabi,Fallow,0-52-0.00,2022-01-01,,,12.8347127,75.0414625,
440517068,24,Dakshina Kannada,2,Bantwal,2,PANEMANGALURU,2,AMTURU,119,2021-2022,2,Rabi,Fallow,1-26-0.00,2022-01-01,,,12.8337824,75.041608,
440517055,24,Dakshina Kannada,2,Bantwal,2,PANEMANGALURU,2,AMTURU,119,2021-2022,2,Rabi,Fallow,0-52-0.00,2022-01-01,,,12.8346417,75.0415006,
440517103,24,Dakshina Kannada,2,Bantwal,2,PANEMANGALURU,2,AMTURU,119,2021-2022,2,Rabi,Fallow,0-21-0.00,2022-01-01,,,12.8325112,75.0417335,
440517094,24,Dakshina Kannada,2,Bantwal,2,PANEMANGALURU,2,AMTURU,119,2021-2022,2,Rabi,Fallow,0-30-0.00,2022-01-01,,,12.8337951,75.0416076,
440517111,24,Dakshina Kannada,2,Bantwal,2,PANEMANGALURU,2,AMTURU,119,2021-2022,2,Rabi,Fallow,0-14-0.00,2022-01-01,,,12.8322769,75.0415521,
440517127,24,Dakshina Kannada,2,Bantwal,2,PANEMANGALURU,2,AMTURU,119,2021-2022,2,Rabi,Fallow,0-36-50.00,2022-01-01,,,12.8322688,75.04155,
440517135,24,Dakshina Kannada,2,Bantwal,2,PANEMANGALURU,2,AMTURU,119,2021-2022,2,Rabi,NA Land ,0-6-0.00,2022-01-01,,,12.8322685,75.0415501,
440517036,24,Dakshina Kannada,2,Bantwal,2,PANEMANGALURU,2,AMTURU,119,2021-2022,2,Rabi,Coconut,0-0-25.00,2022-01-01,,,12.834697,75.0421701,
440517064,24,Dakshina Kannada,2,Bantwal,2,PANEMANGALURU,2,AMTURU,119,2021-2022,2,Rabi,Fallow,0-14-0.00,2022-01-01,,,12.834625,75.0414855,
440517075,24,Dakshina Kannada,2,Bantwal,2,PANEMANGALURU,2,AMTURU,119,2021-2022,2,Rabi,Fallow,0-18-0.00,2022-01-01,,,12.8337803,75.0415938,
440517078,24,Dakshina Kannada,2,Bantwal,2,PANEMANGALURU,2,AMTURU,119,2021-2022,2,Rabi,Fallow,0-25-0.00,2022-01-01,,,12.8337831,75.041616,
440517099,24,Dakshina Kannada,2,Bantwal,2,PANEMANGALURU,2,AMTURU,119,2021-2022,2,Rabi,NA Land ,0-4-0.00,2022-01-01,,,12.8343904,75.041175,
440517148,24,Dakshina Kannada,2,Bantwal,2,PANEMANGALURU,2,AMTURU,119,2021-2022,2,Rabi,NA Land ,0-10-0.00,2022-01-01,,,12.8322679,75.0415492,
440517162,24,Dakshina Kannada,2,Bantwal,2,PANEMANGALURU,2,AMTURU,119,2021-2022,2,Rabi,NA Land ,0-10-0.00,2022-01-01,,,12.8324391,75.0413203,
440517174,24,Dakshina Kannada,2,Bantwal,2,PANEMANGALURU,2,AMTURU,119,2021-2022,2,Rabi,Betel Nuts (Areca nuts),3-45-0.00,2022-01-01,,,12.83239,75.0412451,
440517198,24,Dakshina Kannada,2,Bantwal,2,PANEMANGALURU,2,AMTURU,119,2021-2022,2,Rabi,Fallow,1-69-0.00,2022-01-01,,,12.8318744,75.0408694,
440517157,24,Dakshina Kannada,2,Bantwal,2,PANEMANGALURU,2,AMTURU,119,2021-2022,2,Rabi,Fallow,0-38-0.00,2022-01-01,,,12.8323861,75.041294,
440517242,24,Dakshina Kannada,2,Bantwal,2,PANEMANGALURU,2,AMTURU,119,2021-2022,2,Rabi,NA Land ,0-4-0.00,2022-01-01,,,12.8290007,75.0399053,
440517264,24,Dakshina Kannada,2,Bantwal,2,PANEMANGALURU,2,AMTURU,119,2021-2022,2,Rabi,NA Land ,0-14-0.00,2022-01-01,,,12.8290345,75.0398728,
440517213,24,Dakshina Kannada,2,Bantwal,2,PANEMANGALURU,2,AMTURU,119,2021-2022,2,Rabi,Fallow,0-32-0.00,2022-01-01,,,12.8318805,75.0408654,
440517218,24,Dakshina Kannada,2,Bantwal,2,PANEMANGALURU,2,AMTURU,119,2021-2022,2,Rabi,Fallow,0-34-0.00,2022-01-01,,,12.8318807,75.0408651,
440517223,24,Dakshina Kannada,2,Bantwal,2,PANEMANGALURU,2,AMTURU,119,2021-2022,2,Rabi,Fallow,0-20-0.00,2022-01-01,,,12.8318808,75.0408639,
440517232,24,Dakshina Kannada,2,Bantwal,2,PANEMANGALURU,2,AMTURU,119,2021-2022,2,Rabi,Fallow,0-2-0.00,2022-01-01,,,12.8318808,75.0408634,
440517247,24,Dakshina Kannada,2,Bantwal,2,PANEMANGALURU,2,AMTURU,119,2021-2022,2,Rabi,Fallow,0-4-0.00,2022-01-01,,,12.8290091,75.0398918,
440517256,24,Dakshina Kannada,2,Bantwal,2,PANEMANGALURU,2,AMTURU,119,2021-2022,2,Rabi,Fallow,0-9-0.00,2022-01-01,,,12.8290265,75.0398879,
440517251,24,Dakshina Kannada,2,Bantwal,2,PANEMANGALURU,2,AMTURU,119,2021-2022,2,Rabi,Fallow,0-34-0.00,2022-01-01,,,12.829009,75.0398874,
440517321,24,Dakshina Kannada,2,Bantwal,2,PANEMANGALURU,2,AMTURU,119,2021-2022,2,Rabi,Fallow,0-7-0.00,2022-01-01,,,12.8287795,75.0395809,
440517335,24,Dakshina Kannada,2,Bantwal,2,PANEMANGALURU,2,AMTURU,119,2021-2022,2,Rabi,Fallow,0-7-0.00,2022-01-01,,,12.8287921,75.039584,
440517312,24,Dakshina Kannada,2,Bantwal,2,PANEMANGALURU,2,AMTURU,119,2021-2022,2,Rabi,Fallow,0-38-0.00,2022-01-01,,,12.8287762,75.0395714,
440517316,24,Dakshina Kannada,2,Bantwal,2,PANEMANGALURU,2,AMTURU,119,2021-2022,2,Rabi,Fallow,0-8-0.00,2022-01-01,,,12.8287839,75.039575,
440517365,24,Dakshina Kannada,2,Bantwal,2,PANEMANGALURU,2,AMTURU,119,2021-2022,2,Rabi,Fallow,0-33-0.00,2022-01-01,,,12.8287957,75.0395812,
440517327,24,Dakshina Kannada,2,Bantwal,2,PANEMANGALURU,2,AMTURU,119,2021-2022,2,Rabi,Fallow,0-3-0.00,2022-01-01,,,12.8287888,75.0395836,
440517349,24,Dakshina Kannada,2,Bantwal,2,PANEMANGALURU,2,AMTURU,119,2021-2022,2,Rabi,Fallow,0-14-0.00,2022-01-01,,,12.8287922,75.0395829,
440517356,24,Dakshina Kannada,2,Bantwal,2,PANEMANGALURU,2,AMTURU,119,2021-2022,2,Rabi,Fallow,0-8-0.00,2022-01-01,,,12.8287948,75.0395818,
440517370,24,Dakshina Kannada,2,Bantwal,2,PANEMANGALURU,2,AMTURU,119,2021-2022,2,Rabi,Fallow,0-10-0.00,2022-01-01,,,12.828805,75.0395761,
440517444,24,Dakshina Kannada,2,Bantwal,2,PANEMANGALURU,2,AMTURU,119,2021-2022,2,Rabi,Fallow,0-13-0.00,2022-01-01,,,12.8322601,75.0426509,
440517549,24,Dakshina Kannada,2,Bantwal,2,PANEMANGALURU,2,AMTURU,119,2021-2022,2,Rabi,Fallow,0-38-75.00,2022-01-01,,,12.8318297,75.0445158,
440517497,24,Dakshina Kannada,2,Bantwal,2,PANEMANGALURU,2,AMTURU,119,2021-2022,2,Rabi,Fallow,0-37-0.00,2022-01-01,,,12.8318043,75.0444766,
440517623,24,Dakshina Kannada,2,Bantwal,2,PANEMANGALURU,2,AMTURU,119,2021-2022,2,Rabi,Fallow,0-5-0.00,2022-01-01,,,12.8308364,75.0455418,
440517646,24,Dakshina Kannada,2,Bantwal,2,PANEMANGALURU,2,AMTURU,119,2021-2022,2,Rabi,Fallow,0-88-0.00,2022-01-01,,,12.8308506,75.045455,
440517654,24,Dakshina Kannada,2,Bantwal,2,PANEMANGALURU,2,AMTURU,119,2021-2022,2,Rabi,Fallow,0-36-0.00,2022-01-01,,,12.8308483,75.045455,
440517702,24,Dakshina Kannada,2,Bantwal,2,PANEMANGALURU,2,AMTURU,119,2021-2022,2,Rabi,Fallow,0-18-0.00,2022-01-01,,,12.8308476,75.0454474,
440517586,24,Dakshina Kannada,2,Bantwal,2,PANEMANGALURU,2,AMTURU,119,2021-2022,2,Rabi,Fallow,0-10-0.00,2022-01-01,,,12.833008,75.0441978,
440517593,24,Dakshina Kannada,2,Bantwal,2,PANEMANGALURU,2,AMTURU,119,2021-2022,2,Rabi,NA Land ,0-5-0.00,2022-01-01,,,12.833008,75.044172,
440517737,24,Dakshina Kannada,2,Bantwal,2,PANEMANGALURU,2,AMTURU,119,2021-2022,2,Rabi,NA Land ,0-4-0.00,2022-01-01,,,12.8297574,75.0460071,
440517749,24,Dakshina Kannada,2,Bantwal,2,PANEMANGALURU,2,AMTURU,119,2021-2022,2,Rabi,Fallow,0-30-0.00,2022-01-01,,,12.8297573,75.0460073,
440517798,24,Dakshina Kannada,2,Bantwal,2,PANEMANGALURU,2,AMTURU,119,2021-2022,2,Rabi,Fallow,0-5-0.00,2022-01-01,,,12.8297532,75.0460016,
440517804,24,Dakshina Kannada,2,Bantwal,2,PANEMANGALURU,2,AMTURU,119,2021-2022,2,Rabi,Fallow,0-14-0.00,2022-01-01,,,12.8289363,75.0470689,
440517837,24,Dakshina Kannada,2,Bantwal,2,PANEMANGALURU,2,AMTURU,119,2021-2022,2,Rabi,Fallow,0-3-0.00,2022-01-01,,,12.8289681,75.0470692,
440517870,24,Dakshina Kannada,2,Bantwal,2,PANEMANGALURU,2,AMTURU,119,2021-2022,2,Rabi,Fallow,0-9-0.00,2022-01-01,,,12.8254776,75.0479677,
440517909,24,Dakshina Kannada,2,Bantwal,2,PANEMANGALURU,2,AMTURU,119,2021-2022,2,Rabi,Fallow,0-4-0.00,2022-01-01,,,12.8238858,75.0470113,
440517946,24,Dakshina Kannada,2,Bantwal,2,PANEMANGALURU,2,AMTURU,119,2021-2022,2,Rabi,Fallow,0-10-0.00,2022-01-01,,,12.8245277,75.043536,
440517939,24,Dakshina Kannada,2,Bantwal,2,PANEMANGALURU,2,AMTURU,119,2021-2022,2,Rabi,Fallow,0-6-0.00,2022-01-01,,,12.8245063,75.0435537,
440517958,24,Dakshina Kannada,2,Bantwal,2,PANEMANGALURU,2,AMTURU,119,2021-2022,2,Rabi,Fallow,0-1-0.00,2022-01-01,,,12.8245056,75.0445303,
440517965,24,Dakshina Kannada,2,Bantwal,2,PANEMANGALURU,2,AMTURU,119,2021-2022,2,Rabi,Fallow,0-3-0.00,2022-01-01,,,12.824509,75.0445388,
440517978,24,Dakshina Kannada,2,Bantwal,2,PANEMANGALURU,2,AMTURU,119,2021-2022,2,Rabi,Fallow,0-4-0.00,2022-01-01,,,12.8245085,75.0445438,
440518000,24,Dakshina Kannada,2,Bantwal,2,PANEMANGALURU,2,AMTURU,119,2021-2022,2,Rabi,Fallow,0-18-0.00,2022-01-01,,,12.8266142,75.0435747,
440518007,24,Dakshina Kannada,2,Bantwal,2,PANEMANGALURU,2,AMTURU,119,2021-2022,2,Rabi,Fallow,0-18-0.00,2022-01-01,,,12.8266146,75.0435737,
440518069,24,Dakshina Kannada,2,Bantwal,2,PANEMANGALURU,2,AMTURU,119,2021-2022,2,Rabi,Fallow,0-2-0.00,2022-01-01,,,12.8266166,75.0435734,
440518043,24,Dakshina Kannada,2,Bantwal,2,PANEMANGALURU,2,AMTURU,119,2021-2022,2,Rabi,Fallow,0-15-0.00,2022-01-01,,,12.8266153,75.0435733,
440518049,24,Dakshina Kannada,2,Bantwal,2,PANEMANGALURU,2,AMTURU,119,2021-2022,2,Rabi,Fallow,0-4-0.00,2022-01-01,,,12.8266161,75.0435733,
440518092,24,Dakshina Kannada,2,Bantwal,2,PANEMANGALURU,2,AMTURU,119,2021-2022,2,Rabi,Fallow,0-5-0.00,2022-01-01,,,12.8266169,75.0435735,
440518115,24,Dakshina Kannada,2,Bantwal,2,PANEMANGALURU,2,AMTURU,119,2021-2022,2,Rabi,Fallow,0-14-0.00,2022-01-01,,,12.8261958,75.0449892,
440518107,24,Dakshina Kannada,2,Bantwal,2,PANEMANGALURU,2,AMTURU,119,2021-2022,2,Rabi,Fallow,0-18-0.00,2022-01-01,,,12.8261088,75.0450251,
440518201,24,Dakshina Kannada,2,Bantwal,2,PANEMANGALURU,2,AMTURU,119,2021-2022,2,Rabi,Fallow,0-12-0.00,2022-01-01,,,12.8273738,75.0448237,
440518223,24,Dakshina Kannada,2,Bantwal,2,PANEMANGALURU,2,AMTURU,119,2021-2022,2,Rabi,Fallow,0-11-0.00,2022-01-01,,,12.8288044,75.0441447,
440518217,24,Dakshina Kannada,2,Bantwal,2,PANEMANGALURU,2,AMTURU,119,2021-2022,2,Rabi,Fallow,0-2-0.00,2022-01-01,,,12.8287331,75.0441327,
440518251,24,Dakshina Kannada,2,Bantwal,2,PANEMANGALURU,2,AMTURU,119,2021-2022,2,Rabi,Fallow,0-8-0.00,2022-01-01,,,12.8288137,75.0441512,
440518310,24,Dakshina Kannada,2,Bantwal,2,PANEMANGALURU,2,AMTURU,119,2021-2022,2,Rabi,Fallow,0-4-0.00,2022-01-01,,,12.8290015,75.0436403,
440518274,24,Dakshina Kannada,2,Bantwal,2,PANEMANGALURU,2,AMTURU,119,2021-2022,2,Rabi,Fallow,0-12-0.00,2022-01-01,,,12.8291044,75.0434165,
440518280,24,Dakshina Kannada,2,Bantwal,2,PANEMANGALURU,2,AMTURU,119,2021-2022,2,Rabi,Fallow,0-2-75.00,2022-01-01,,,12.8289876,75.0436164,
440517041,24,Dakshina Kannada,2,Bantwal,2,PANEMANGALURU,2,AMTURU,119,2021-2022,2,Rabi,Fallow,0-25-0.00,2022-01-01,,,12.8346975,75.0421733,
440517057,24,Dakshina Kannada,2,Bantwal,2,PANEMANGALURU,2,AMTURU,119,2021-2022,2,Rabi,Fallow,0-13-0.00,2022-01-01,,,12.8346001,75.0414903,
440517059,24,Dakshina Kannada,2,Bantwal,2,PANEMANGALURU,2,AMTURU,119,2021-2022,2,Rabi,Fallow,0-8-0.00,2022-01-01,,,12.8346049,75.0414956,
440517086,24,Dakshina Kannada,2,Bantwal,2,PANEMANGALURU,2,AMTURU,119,2021-2022,2,Rabi,Fallow,2-34-0.00,2022-01-01,,,12.8337699,75.0416096,
440517166,24,Dakshina Kannada,2,Bantwal,2,PANEMANGALURU,2,AMTURU,119,2021-2022,2,Rabi,Fallow,0-1-0.00,2022-01-01,,,12.8324289,75.0413033,
440517713,24,Dakshina Kannada,2,Bantwal,2,PANEMANGALURU,2,AMTURU,119,2021-2022,2,Rabi,Fallow,0-16-0.00,2022-01-01,,,12.8297455,75.0459743,
440517788,24,Dakshina Kannada,2,Bantwal,2,PANEMANGALURU,2,AMTURU,119,2021-2022,2,Rabi,Fallow,0-25-0.00,2022-01-01,,,12.8297537,75.046003,
440517847,24,Dakshina Kannada,2,Bantwal,2,PANEMANGALURU,2,AMTURU,119,2021-2022,2,Rabi,Fallow,0-34-0.00,2022-01-01,,,12.8289743,75.0470681,
440517857,24,Dakshina Kannada,2,Bantwal,2,PANEMANGALURU,2,AMTURU,119,2021-2022,2,Rabi,NA Land ,0-20-0.00,2022-01-01,,,12.8276876,75.0482027,
440517898,24,Dakshina Kannada,2,Bantwal,2,PANEMANGALURU,2,AMTURU,119,2021-2022,2,Rabi,Fallow,0-3-50.00,2022-01-01,,,12.8238934,75.0470079,
440517994,24,Dakshina Kannada,2,Bantwal,2,PANEMANGALURU,2,AMTURU,119,2021-2022,2,Rabi,Fallow,0-1-0.00,2022-01-01,,,12.8266159,75.043571,
440518075,24,Dakshina Kannada,2,Bantwal,2,PANEMANGALURU,2,AMTURU,119,2021-2022,2,Rabi,Fallow,0-19-0.00,2022-01-01,,,12.8266167,75.0435734,
440518101,24,Dakshina Kannada,2,Bantwal,2,PANEMANGALURU,2,AMTURU,119,2021-2022,2,Rabi,Fallow,0-7-0.00,2022-01-01,,,12.8266161,75.0435782,
440518138,24,Dakshina Kannada,2,Bantwal,2,PANEMANGALURU,2,AMTURU,119,2021-2022,2,Rabi,Fallow,0-8-0.00,2022-01-01,,,12.8261934,75.0449664,
440518155,24,Dakshina Kannada,2,Bantwal,2,PANEMANGALURU,2,AMTURU,119,2021-2022,2,Rabi,Fallow,0-6-0.00,2022-01-01,,,12.8261932,75.0449665,
440518179,24,Dakshina Kannada,2,Bantwal,2,PANEMANGALURU,2,AMTURU,119,2021-2022,2,Rabi,Fallow,0-4-0.00,2022-01-01,,,12.8266968,75.044878,
440518185,24,Dakshina Kannada,2,Bantwal,2,PANEMANGALURU,2,AMTURU,119,2021-2022,2,Rabi,Fallow,0-9-0.00,2022-01-01,,,12.8267546,75.0448217,
440518264,24,Dakshina Kannada,2,Bantwal,2,PANEMANGALURU,2,AMTURU,119,2021-2022,2,Rabi,Fallow,0-3-0.00,2022-01-01,,,12.8288224,75.0441497,
440518288,24,Dakshina Kannada,2,Bantwal,2,PANEMANGALURU,2,AMTURU,119,2021-2022,2,Rabi,Fallow,0-2-75.00,2022-01-01,,,12.8289984,75.043649,
440518318,24,Dakshina Kannada,2,Bantwal,2,PANEMANGALURU,2,AMTURU,119,2021-2022,2,Rabi,Fallow,0-7-0.00,2022-01-01,,,12.8290033,75.0436412,
440499159,24,Dakshina Kannada,2,Bantwal,2,PANEMANGALURU,25,SAJIPA MUDA,119,2021-2022,2,Rabi,Fallow,0-65-0.00,2022-01-01,,,12.8520118,75.0184894,
440517012,24,Dakshina Kannada,2,Bantwal,2,PANEMANGALURU,2,AMTURU,119,2021-2022,2,Rabi,Fallow,0-32-0.00,2022-01-01,,,12.8347797,75.0425881,
440517030,24,Dakshina Kannada,2,Bantwal,2,PANEMANGALURU,2,AMTURU,119,2021-2022,2,Rabi,Fallow,0-12-0.00,2022-01-01,,,12.8346999,75.0421698,
440517073,24,Dakshina Kannada,2,Bantwal,2,PANEMANGALURU,2,AMTURU,119,2021-2022,2,Rabi,Fallow,0-30-0.00,2022-01-01,,,12.8337769,75.041589,
440517092,24,Dakshina Kannada,2,Bantwal,2,PANEMANGALURU,2,AMTURU,119,2021-2022,2,Rabi,Fallow,0-95-0.00,2022-01-01,,,12.833782,75.0416049,
440517142,24,Dakshina Kannada,2,Bantwal,2,PANEMANGALURU,2,AMTURU,119,2021-2022,2,Rabi,Fallow,0-24-0.00,2022-01-01,,,12.8322679,75.0415493,
440517153,24,Dakshina Kannada,2,Bantwal,2,PANEMANGALURU,2,AMTURU,119,2021-2022,2,Rabi,Fallow,0-4-0.00,2022-01-01,,,12.8322877,75.0414771,
440517209,24,Dakshina Kannada,2,Bantwal,2,PANEMANGALURU,2,AMTURU,119,2021-2022,2,Rabi,Fallow,0-14-0.00,2022-01-01,,,12.83188,75.040866,
440517272,24,Dakshina Kannada,2,Bantwal,2,PANEMANGALURU,2,AMTURU,119,2021-2022,2,Rabi,Fallow,0-24-0.00,2022-01-01,,,12.828858,75.0396522,
440517284,24,Dakshina Kannada,2,Bantwal,2,PANEMANGALURU,2,AMTURU,119,2021-2022,2,Rabi,NA Land ,0-9-0.00,2022-01-01,,,12.8287801,75.039585,
440517297,24,Dakshina Kannada,2,Bantwal,2,PANEMANGALURU,2,AMTURU,119,2021-2022,2,Rabi,Fallow,0-21-0.00,2022-01-01,,,12.8287899,75.0395661,
440517422,24,Dakshina Kannada,2,Bantwal,2,PANEMANGALURU,2,AMTURU,119,2021-2022,2,Rabi,Fallow,0-8-0.00,2022-01-01,,,12.8322568,75.0426566,
440517432,24,Dakshina Kannada,2,Bantwal,2,PANEMANGALURU,2,AMTURU,119,2021-2022,2,Rabi,Fallow,0-15-0.00,2022-01-01,,,12.832261,75.0426507,
440517536,24,Dakshina Kannada,2,Bantwal,2,PANEMANGALURU,2,AMTURU,119,2021-2022,2,Rabi,NA Land ,0-9-0.00,2022-01-01,,,12.8318458,75.0445134,
440517604,24,Dakshina Kannada,2,Bantwal,2,PANEMANGALURU,2,AMTURU,119,2021-2022,2,Rabi,Fallow,0-2-75.00,2022-01-01,,,12.8330196,75.044173,
440517892,24,Dakshina Kannada,2,Bantwal,2,PANEMANGALURU,2,AMTURU,119,2021-2022,2,Rabi,Fallow,0-8-0.00,2022-01-01,,,12.8238932,75.0469985,
440517953,24,Dakshina Kannada,2,Bantwal,2,PANEMANGALURU,2,AMTURU,119,2021-2022,2,Rabi,Fallow,0-1-0.00,2022-01-01,,,12.824479,75.0444995,
440518013,24,Dakshina Kannada,2,Bantwal,2,PANEMANGALURU,2,AMTURU,119,2021-2022,2,Rabi,Fallow,0-10-0.00,2022-01-01,,,12.8266149,75.0435736,
440518039,24,Dakshina Kannada,2,Bantwal,2,PANEMANGALURU,2,AMTURU,119,2021-2022,2,Rabi,Fallow,0-16-0.00,2022-01-01,,,12.8266148,75.0435732,
440518063,24,Dakshina Kannada,2,Bantwal,2,PANEMANGALURU,2,AMTURU,119,2021-2022,2,Rabi,Fallow,0-4-0.00,2022-01-01,,,12.8266166,75.0435736,
440518277,24,Dakshina Kannada,2,Bantwal,2,PANEMANGALURU,2,AMTURU,119,2021-2022,2,Rabi,Fallow,0-23-0.00,2022-01-01,,,12.8289843,75.0436135,
440518296,24,Dakshina Kannada,2,Bantwal,2,PANEMANGALURU,2,AMTURU,119,2021-2022,2,Rabi,Fallow,0-2-75.00,2022-01-01,,,12.8289973,75.0436359,
440518300,24,Dakshina Kannada,2,Bantwal,2,PANEMANGALURU,2,AMTURU,119,2021-2022,2,Rabi,Fallow,0-27-0.00,2022-01-01,,,12.8289994,75.0436383,
440518326,24,Dakshina Kannada,2,Bantwal,2,PANEMANGALURU,2,AMTURU,119,2021-2022,2,Rabi,Fallow,0-4-0.00,2022-01-01,,,12.8289935,75.0436427,
440517392,24,Dakshina Kannada,2,Bantwal,2,PANEMANGALURU,2,AMTURU,119,2021-2022,2,Rabi,Fallow,0-10-0.00,2022-01-01,,,12.8288144,75.0395871,
440517466,24,Dakshina Kannada,2,Bantwal,2,PANEMANGALURU,2,AMTURU,119,2021-2022,2,Rabi,NA Land ,0-17-0.00,2022-01-01,,,12.8318195,75.0442688,
440517527,24,Dakshina Kannada,2,Bantwal,2,PANEMANGALURU,2,AMTURU,119,2021-2022,2,Rabi,NA Land ,0-18-0.00,2022-01-01,,,12.8318307,75.0444937,
440517562,24,Dakshina Kannada,2,Bantwal,2,PANEMANGALURU,2,AMTURU,119,2021-2022,2,Rabi,Fallow,0-10-0.00,2022-01-01,,,12.8328443,75.0442464,
440517573,24,Dakshina Kannada,2,Bantwal,2,PANEMANGALURU,2,AMTURU,119,2021-2022,2,Rabi,Fallow,0-5-0.00,2022-01-01,,,12.8330241,75.0441808,
440517613,24,Dakshina Kannada,2,Bantwal,2,PANEMANGALURU,2,AMTURU,119,2021-2022,2,Rabi,Fallow,0-5-0.00,2022-01-01,,,12.8330202,75.0441742,
440517634,24,Dakshina Kannada,2,Bantwal,2,PANEMANGALURU,2,AMTURU,119,2021-2022,2,Rabi,Fallow,0-24-0.00,2022-01-01,,,12.8308457,75.0454321,
440517722,24,Dakshina Kannada,2,Bantwal,2,PANEMANGALURU,2,AMTURU,119,2021-2022,2,Rabi,Fallow,0-26-0.00,2022-01-01,,,12.8297544,75.046024,
440517777,24,Dakshina Kannada,2,Bantwal,2,PANEMANGALURU,2,AMTURU,119,2021-2022,2,Rabi,Fallow,0-19-0.00,2022-01-01,,,12.829757,75.0460075,
440517824,24,Dakshina Kannada,2,Bantwal,2,PANEMANGALURU,2,AMTURU,119,2021-2022,2,Rabi,Fallow,0-5-0.00,2022-01-01,,,12.8289671,75.0470685,
440517864,24,Dakshina Kannada,2,Bantwal,2,PANEMANGALURU,2,AMTURU,119,2021-2022,2,Rabi,Fallow,3-1-0.00,2022-01-01,,,12.8276836,75.0481873,
440517875,24,Dakshina Kannada,2,Bantwal,2,PANEMANGALURU,2,AMTURU,119,2021-2022,2,Rabi,Fallow,0-9-0.00,2022-01-01,,,12.8254633,75.0479767,
440517917,24,Dakshina Kannada,2,Bantwal,2,PANEMANGALURU,2,AMTURU,119,2021-2022,2,Rabi,Fallow,0-5-0.00,2022-01-01,,,12.8238859,75.0470107,
440517924,24,Dakshina Kannada,2,Bantwal,2,PANEMANGALURU,2,AMTURU,119,2021-2022,2,Rabi,Fallow,0-13-0.00,2022-01-01,,,12.8245933,75.0435371,
440518081,24,Dakshina Kannada,2,Bantwal,2,PANEMANGALURU,2,AMTURU,119,2021-2022,2,Rabi,Fallow,0-4-0.00,2022-01-01,,,12.8266167,75.0435734,
440517184,24,Dakshina Kannada,2,Bantwal,2,PANEMANGALURU,2,AMTURU,119,2021-2022,2,Rabi,Fallow,0-9-0.00,2022-01-01,,,12.8323854,75.0412448,
440517278,24,Dakshina Kannada,2,Bantwal,2,PANEMANGALURU,2,AMTURU,119,2021-2022,2,Rabi,Fallow,0-30-0.00,2022-01-01,,,12.828789,75.0395775,
440517306,24,Dakshina Kannada,2,Bantwal,2,PANEMANGALURU,2,AMTURU,119,2021-2022,2,Rabi,Fallow,0-61-0.00,2022-01-01,,,12.8287751,75.0395722,
440517044,24,Dakshina Kannada,2,Bantwal,2,PANEMANGALURU,2,AMTURU,119,2021-2022,2,Rabi,Fallow,0-15-0.00,2022-01-01,,,12.8346982,75.0421723,
440517046,24,Dakshina Kannada,2,Bantwal,2,PANEMANGALURU,2,AMTURU,119,2021-2022,2,Rabi,Fallow,0-32-0.00,2022-01-01,,,12.8346981,75.0421721,
440517087,24,Dakshina Kannada,2,Bantwal,2,PANEMANGALURU,2,AMTURU,119,2021-2022,2,Rabi,Fallow,0-4-0.00,2022-01-01,,,12.8337764,75.0416093,
440517119,24,Dakshina Kannada,2,Bantwal,2,PANEMANGALURU,2,AMTURU,119,2021-2022,2,Rabi,Fallow,0-29-0.00,2022-01-01,,,12.8322709,75.0415498,
440517123,24,Dakshina Kannada,2,Bantwal,2,PANEMANGALURU,2,AMTURU,119,2021-2022,2,Rabi,NA Land ,0-3-0.00,2022-01-01,,,12.8322701,75.0415504,
440517138,24,Dakshina Kannada,2,Bantwal,2,PANEMANGALURU,2,AMTURU,119,2021-2022,2,Rabi,NA Land ,0-20-0.00,2022-01-01,,,12.832268,75.0415494,
440517015,24,Dakshina Kannada,2,Bantwal,2,PANEMANGALURU,2,AMTURU,119,2021-2022,2,Rabi,Fallow,0-39-0.00,2022-01-01,,,12.8347581,75.0422024,
440517024,24,Dakshina Kannada,2,Bantwal,2,PANEMANGALURU,2,AMTURU,119,2021-2022,2,Rabi,NA Land ,0-9-0.00,2022-01-01,,,12.8347133,75.0421767,
440517027,24,Dakshina Kannada,2,Bantwal,2,PANEMANGALURU,2,AMTURU,119,2021-2022,2,Rabi,Fallow,0-15-0.00,2022-01-01,,,12.8346993,75.0421701,
440517181,24,Dakshina Kannada,2,Bantwal,2,PANEMANGALURU,2,AMTURU,119,2021-2022,2,Rabi,Fallow,0-11-0.00,2022-01-01,,,12.8323887,75.0412451,
440517204,24,Dakshina Kannada,2,Bantwal,2,PANEMANGALURU,2,AMTURU,119,2021-2022,2,Rabi,Fallow,0-25-0.00,2022-01-01,,,12.831879,75.0408651,
440517051,24,Dakshina Kannada,2,Bantwal,2,PANEMANGALURU,2,AMTURU,119,2021-2022,2,Rabi,Fallow,0-4-0.00,2022-01-01,,,12.8346425,75.0414833,
440517053,24,Dakshina Kannada,2,Bantwal,2,PANEMANGALURU,2,AMTURU,119,2021-2022,2,Rabi,Fallow,0-26-0.00,2022-01-01,,,12.8346423,75.0414836,
440517070,24,Dakshina Kannada,2,Bantwal,2,PANEMANGALURU,2,AMTURU,119,2021-2022,2,Rabi,Fallow,0-27-0.00,2022-01-01,,,12.8337857,75.041588,
440517108,24,Dakshina Kannada,2,Bantwal,2,PANEMANGALURU,2,AMTURU,119,2021-2022,2,Rabi,Fallow,0-33-0.00,2022-01-01,,,12.8322399,75.0417197,
440517226,24,Dakshina Kannada,2,Bantwal,2,PANEMANGALURU,2,AMTURU,119,2021-2022,2,Rabi,Fallow,0-23-0.00,2022-01-01,,,12.8318808,75.0408638,
440517131,24,Dakshina Kannada,2,Bantwal,2,PANEMANGALURU,2,AMTURU,119,2021-2022,2,Rabi,Fallow,0-8-0.00,2022-01-01,,,12.8322684,75.0415496,
440517238,24,Dakshina Kannada,2,Bantwal,2,PANEMANGALURU,2,AMTURU,119,2021-2022,2,Rabi,NA Land ,0-18-0.00,2022-01-01,,,12.8290164,75.0398481,
440517415,24,Dakshina Kannada,2,Bantwal,2,PANEMANGALURU,2,AMTURU,119,2021-2022,2,Rabi,Fallow,0-35-0.00,2022-01-01,,,12.8322797,75.0426565,
440517486,24,Dakshina Kannada,2,Bantwal,2,PANEMANGALURU,2,AMTURU,119,2021-2022,2,Rabi,NA Land ,0-14-0.00,2022-01-01,,,12.8318041,75.0444764,
440517518,24,Dakshina Kannada,2,Bantwal,2,PANEMANGALURU,2,AMTURU,119,2021-2022,2,Rabi,Fallow,0-20-0.00,2022-01-01,,,12.8318262,75.04449,
440517379,24,Dakshina Kannada,2,Bantwal,2,PANEMANGALURU,2,AMTURU,119,2021-2022,2,Rabi,Fallow,0-17-0.00,2022-01-01,,,12.8288158,75.0395697,
440517401,24,Dakshina Kannada,2,Bantwal,2,PANEMANGALURU,2,AMTURU,119,2021-2022,2,Rabi,Fallow,0-10-0.00,2022-01-01,,,12.8288158,75.0395832,
440517477,24,Dakshina Kannada,2,Bantwal,2,PANEMANGALURU,2,AMTURU,119,2021-2022,2,Rabi,Fallow,0-19-0.00,2022-01-01,,,12.8317988,75.0444736,
440517508,24,Dakshina Kannada,2,Bantwal,2,PANEMANGALURU,2,AMTURU,119,2021-2022,2,Rabi,Fallow,0-31-0.00,2022-01-01,,,12.8318084,75.044479,
440517663,24,Dakshina Kannada,2,Bantwal,2,PANEMANGALURU,2,AMTURU,119,2021-2022,2,Rabi,Fallow,0-5-0.00,2022-01-01,,,12.8308478,75.0454509,
440517678,24,Dakshina Kannada,2,Bantwal,2,PANEMANGALURU,2,AMTURU,119,2021-2022,2,Rabi,NA Land ,0-15-0.00,2022-01-01,,,12.8308457,75.0454514,
440517018,24,Dakshina Kannada,2,Bantwal,2,PANEMANGALURU,2,AMTURU,119,2021-2022,2,Rabi,NA Land ,0-9-0.00,2022-01-01,,,12.8347407,75.0421812,
440517022,24,Dakshina Kannada,2,Bantwal,2,PANEMANGALURU,2,AMTURU,119,2021-2022,2,Rabi,Fallow,0-16-0.00,2022-01-01,,,12.8347267,75.0421748,
440517033,24,Dakshina Kannada,2,Bantwal,2,PANEMANGALURU,2,AMTURU,119,2021-2022,2,Rabi,NA Land ,0-6-0.00,2022-01-01,,,12.8346985,75.0421699,
440517039,24,Dakshina Kannada,2,Bantwal,2,PANEMANGALURU,2,AMTURU,119,2021-2022,2,Rabi,Fallow,0-60-0.00,2022-01-01,,,12.8346973,75.0421733,
440517062,24,Dakshina Kannada,2,Bantwal,2,PANEMANGALURU,2,AMTURU,119,2021-2022,2,Rabi,Fallow,0-6-0.00,2022-01-01,,,12.834625,75.041485,
440517066,24,Dakshina Kannada,2,Bantwal,2,PANEMANGALURU,2,AMTURU,119,2021-2022,2,Rabi,Fallow,0-1-50.00,2022-01-01,,,12.8338285,75.0416214,
440517082,24,Dakshina Kannada,2,Bantwal,2,PANEMANGALURU,2,AMTURU,119,2021-2022,2,Rabi,Fallow,0-15-0.00,2022-01-01,,,12.8337842,75.0416168,
440517192,24,Dakshina Kannada,2,Bantwal,2,PANEMANGALURU,2,AMTURU,119,2021-2022,2,Rabi,Fallow,0-11-0.00,2022-01-01,,,12.8323763,75.0412513,
440517289,24,Dakshina Kannada,2,Bantwal,2,PANEMANGALURU,2,AMTURU,119,2021-2022,2,Rabi,Fallow,0-30-0.00,2022-01-01,,,12.8287905,75.03957,
440517302,24,Dakshina Kannada,2,Bantwal,2,PANEMANGALURU,2,AMTURU,119,2021-2022,2,Rabi,Fallow,0-10-0.00,2022-01-01,,,12.8287772,75.0395691,
440517342,24,Dakshina Kannada,2,Bantwal,2,PANEMANGALURU,2,AMTURU,119,2021-2022,2,Rabi,Fallow,0-5-0.00,2022-01-01,,,12.8287918,75.0395834,
440517407,24,Dakshina Kannada,2,Bantwal,2,PANEMANGALURU,2,AMTURU,119,2021-2022,2,Rabi,Fallow,0-10-0.00,2022-01-01,,,12.832176,75.0426429,
440517455,24,Dakshina Kannada,2,Bantwal,2,PANEMANGALURU,2,AMTURU,119,2021-2022,2,Rabi,Fallow,0-14-0.00,2022-01-01,,,12.832261,75.0426501,
440517692,24,Dakshina Kannada,2,Bantwal,2,PANEMANGALURU,2,AMTURU,119,2021-2022,2,Rabi,NA Land ,0-4-0.00,2022-01-01,,,12.8308487,75.04545,
440517904,24,Dakshina Kannada,2,Bantwal,2,PANEMANGALURU,2,AMTURU,119,2021-2022,2,Rabi,Fallow,0-15-50.00,2022-01-01,,,12.823887,75.0470108,
440517931,24,Dakshina Kannada,2,Bantwal,2,PANEMANGALURU,2,AMTURU,119,2021-2022,2,Rabi,Fallow,0-4-0.00,2022-01-01,,,12.8245048,75.0435546,
440518027,24,Dakshina Kannada,2,Bantwal,2,PANEMANGALURU,2,AMTURU,119,2021-2022,2,Rabi,Fallow,0-60-0.00,2022-01-01,,,12.8266148,75.043573,
440518087,24,Dakshina Kannada,2,Bantwal,2,PANEMANGALURU,2,AMTURU,119,2021-2022,2,Rabi,Fallow,0-3-0.00,2022-01-01,,,12.8266168,75.0435735,
440518145,24,Dakshina Kannada,2,Bantwal,2,PANEMANGALURU,2,AMTURU,119,2021-2022,2,Rabi,Fallow,0-7-0.00,2022-01-01,,,12.8261936,75.0449668,
440518322,24,Dakshina Kannada,2,Bantwal,2,PANEMANGALURU,2,AMTURU,119,2021-2022,2,Rabi,Fallow,0-18-0.00,2022-01-01,,,12.8290028,75.0436432,
440499027,24,Dakshina Kannada,2,Bantwal,2,PANEMANGALURU,25,SAJIPA MUDA,119,2021-2022,2,Rabi,Fallow,0-29-0.00,2022-01-01,,,12.8520422,75.0184649,
440499031,24,Dakshina Kannada,2,Bantwal,2,PANEMANGALURU,25,SAJIPA MUDA,119,2021-2022,2,Rabi,Fallow,0-40-0.00,2022-01-01,,,12.8520331,75.0184674,
440499016,24,Dakshina Kannada,2,Bantwal,2,PANEMANGALURU,25,SAJIPA MUDA,119,2021-2022,2,Rabi,NA Land ,0-9-0.00,2022-01-01,,,12.8520441,75.0184916,
440499036,24,Dakshina Kannada,2,Bantwal,2,PANEMANGALURU,25,SAJIPA MUDA,119,2021-2022,2,Rabi,Fallow,0-43-0.00,2022-01-01,,,12.8518833,75.0195841,
440499047,24,Dakshina Kannada,2,Bantwal,2,PANEMANGALURU,25,SAJIPA MUDA,119,2021-2022,2,Rabi,Fallow,0-94-0.00,2022-01-01,,,12.851887,75.0196077,
440499042,24,Dakshina Kannada,2,Bantwal,2,PANEMANGALURU,25,SAJIPA MUDA,119,2021-2022,2,Rabi,Fallow,0-43-0.00,2022-01-01,,,12.8518916,75.0195976,
440499162,24,Dakshina Kannada,2,Bantwal,2,PANEMANGALURU,25,SAJIPA MUDA,119,2021-2022,2,Rabi,Fallow,0-30-0.00,2022-01-01,,,12.852032,75.0184643,
440517767,24,Dakshina Kannada,2,Bantwal,2,PANEMANGALURU,2,AMTURU,119,2021-2022,2,Rabi,Fallow,0-6-0.00,2022-01-01,,,12.8297571,75.0460073,
440517812,24,Dakshina Kannada,2,Bantwal,2,PANEMANGALURU,2,AMTURU,119,2021-2022,2,Rabi,Fallow,0-6-50.00,2022-01-01,,,12.8289597,75.0470727,
440517884,24,Dakshina Kannada,2,Bantwal,2,PANEMANGALURU,2,AMTURU,119,2021-2022,2,Rabi,Fallow,0-10-0.00,2022-01-01,,,12.823814,75.0471372,
440518020,24,Dakshina Kannada,2,Bantwal,2,PANEMANGALURU,2,AMTURU,119,2021-2022,2,Rabi,Fallow,0-22-0.00,2022-01-01,,,12.8266149,75.0435732,
440518171,24,Dakshina Kannada,2,Bantwal,2,PANEMANGALURU,2,AMTURU,119,2021-2022,2,Rabi,Fallow,0-5-0.00,2022-01-01,,,12.826193,75.0449669,
440518193,24,Dakshina Kannada,2,Bantwal,2,PANEMANGALURU,2,AMTURU,119,2021-2022,2,Rabi,Fallow,0-6-0.00,2022-01-01,,,12.8267624,75.0448353,
440518214,24,Dakshina Kannada,2,Bantwal,2,PANEMANGALURU,2,AMTURU,119,2021-2022,2,Rabi,Fallow,0-2-0.00,2022-01-01,,,12.8286579,75.0441516,
440518238,24,Dakshina Kannada,2,Bantwal,2,PANEMANGALURU,2,AMTURU,119,2021-2022,2,Rabi,Fallow,0-3-0.00,2022-01-01,,,12.8288125,75.0441515,
440518243,24,Dakshina Kannada,2,Bantwal,2,PANEMANGALURU,2,AMTURU,119,2021-2022,2,Rabi,Fallow,0-10-0.00,2022-01-01,,,12.8288128,75.0441515,
440518269,24,Dakshina Kannada,2,Bantwal,2,PANEMANGALURU,2,AMTURU,119,2021-2022,2,Rabi,Fallow,0-16-0.00,2022-01-01,,,12.8288226,75.0441499,
440518285,24,Dakshina Kannada,2,Bantwal,2,PANEMANGALURU,2,AMTURU,119,2021-2022,2,Rabi,Fallow,0-2-75.00,2022-01-01,,,12.8289994,75.0436532,
440517971,24,Dakshina Kannada,2,Bantwal,2,PANEMANGALURU,2,AMTURU,119,2021-2022,2,Rabi,Fallow,0-2-0.00,2022-01-01,,,12.8245111,75.0445387,
440517984,24,Dakshina Kannada,2,Bantwal,2,PANEMANGALURU,2,AMTURU,119,2021-2022,2,Rabi,Fallow,0-82-0.00,2022-01-01,,,12.8265701,75.0435311,
440517989,24,Dakshina Kannada,2,Bantwal,2,PANEMANGALURU,2,AMTURU,119,2021-2022,2,Rabi,Fallow,0-17-0.00,2022-01-01,,,12.8266219,75.0435615,
440518034,24,Dakshina Kannada,2,Bantwal,2,PANEMANGALURU,2,AMTURU,119,2021-2022,2,Rabi,Fallow,0-10-0.00,2022-01-01,,,12.8266148,75.0435731,
440518057,24,Dakshina Kannada,2,Bantwal,2,PANEMANGALURU,2,AMTURU,119,2021-2022,2,Rabi,Fallow,1-63-0.00,2022-01-01,,,12.8266163,75.0435735,
440518123,24,Dakshina Kannada,2,Bantwal,2,PANEMANGALURU,2,AMTURU,119,2021-2022,2,Rabi,Fallow,0-40-0.00,2022-01-01,,,12.8261891,75.044967,
440518131,24,Dakshina Kannada,2,Bantwal,2,PANEMANGALURU,2,AMTURU,119,2021-2022,2,Rabi,Fallow,0-10-0.00,2022-01-01,,,12.8261887,75.0449689,
440518231,24,Dakshina Kannada,2,Bantwal,2,PANEMANGALURU,2,AMTURU,119,2021-2022,2,Rabi,Fallow,0-5-0.00,2022-01-01,,,12.8288108,75.044152,
440518247,24,Dakshina Kannada,2,Bantwal,2,PANEMANGALURU,2,AMTURU,119,2021-2022,2,Rabi,Fallow,0-13-0.00,2022-01-01,,,12.8288131,75.0441515,
440518256,24,Dakshina Kannada,2,Bantwal,2,PANEMANGALURU,2,AMTURU,119,2021-2022,2,Rabi,Fallow,0-4-0.00,2022-01-01,,,12.8288148,75.0441448,
440518260,24,Dakshina Kannada,2,Bantwal,2,PANEMANGALURU,2,AMTURU,119,2021-2022,2,Rabi,Fallow,0-10-0.00,2022-01-01,,,12.8288216,75.0441492,
440518292,24,Dakshina Kannada,2,Bantwal,2,PANEMANGALURU,2,AMTURU,119,2021-2022,2,Rabi,Fallow,0-2-75.00,2022-01-01,,,12.8290062,75.043638,
440593278,24,Dakshina Kannada,2,Bantwal,2,PANEMANGALURU,25,SAJIPA MUDA,119,2021-2022,2,Rabi,NA Land ,0-9-0.00,2022-01-02,,,12.8557626,75.0169706,
440593285,24,Dakshina Kannada,2,Bantwal,2,PANEMANGALURU,25,SAJIPA MUDA,119,2021-2022,2,Rabi,Fallow,0-89-0.00,2022-01-02,,,12.8566659,75.0165716,
440593305,24,Dakshina Kannada,2,Bantwal,2,PANEMANGALURU,25,SAJIPA MUDA,119,2021-2022,2,Rabi,Fallow,0-74-0.00,2022-01-02,,,12.8568112,75.0169363,
440593342,24,Dakshina Kannada,2,Bantwal,2,PANEMANGALURU,25,SAJIPA MUDA,119,2021-2022,2,Rabi,Fallow,0-8-0.00,2022-01-02,,,12.8576149,75.0160583,
440593357,24,Dakshina Kannada,2,Bantwal,2,PANEMANGALURU,25,SAJIPA MUDA,119,2021-2022,2,Rabi,Fallow,0-37-0.00,2022-01-02,,,12.8593274,75.0134973,
440593362,24,Dakshina Kannada,2,Bantwal,2,PANEMANGALURU,25,SAJIPA MUDA,119,2021-2022,2,Rabi,Fallow,1-49-0.00,2022-01-02,,,12.85926,75.01354,
440593369,24,Dakshina Kannada,2,Bantwal,2,PANEMANGALURU,25,SAJIPA MUDA,119,2021-2022,2,Rabi,Fallow,0-46-0.00,2022-01-02,,,12.8592152,75.0136974,
440593391,24,Dakshina Kannada,2,Bantwal,2,PANEMANGALURU,25,SAJIPA MUDA,119,2021-2022,2,Rabi,NA Land ,0-26-0.00,2022-01-02,,,12.8591409,75.0137376,
440593406,24,Dakshina Kannada,2,Bantwal,2,PANEMANGALURU,25,SAJIPA MUDA,119,2021-2022,2,Rabi,Fallow,0-59-0.00,2022-01-02,,,12.8591324,75.0137608,
440593420,24,Dakshina Kannada,2,Bantwal,2,PANEMANGALURU,25,SAJIPA MUDA,119,2021-2022,2,Rabi,Fallow,0-1-50.00,2022-01-02,,,12.8591161,75.0137361,
440593427,24,Dakshina Kannada,2,Bantwal,2,PANEMANGALURU,25,SAJIPA MUDA,119,2021-2022,2,Rabi,NA Land ,0-10-0.00,2022-01-02,,,12.8591878,75.0136958,
440593298,24,Dakshina Kannada,2,Bantwal,2,PANEMANGALURU,25,SAJIPA MUDA,119,2021-2022,2,Rabi,Fallow,0-10-0.00,2022-01-02,,,12.8567518,75.0169154,
440593379,24,Dakshina Kannada,2,Bantwal,2,PANEMANGALURU,25,SAJIPA MUDA,119,2021-2022,2,Rabi,Fallow,0-46-0.00,2022-01-02,,,12.8591773,75.0136766,
440593381,24,Dakshina Kannada,2,Bantwal,2,PANEMANGALURU,25,SAJIPA MUDA,119,2021-2022,2,Rabi,Fallow,2-29-0.00,2022-01-02,,,12.8591402,75.0136946,
440593383,24,Dakshina Kannada,2,Bantwal,2,PANEMANGALURU,25,SAJIPA MUDA,119,2021-2022,2,Rabi,Fallow,0-10-0.00,2022-01-02,,,12.8591188,75.0136756,
440593388,24,Dakshina Kannada,2,Bantwal,2,PANEMANGALURU,25,SAJIPA MUDA,119,2021-2022,2,Rabi,NA Land ,0-7-0.00,2022-01-02,,,12.8592048,75.0137015,
440593427,24,Dakshina Kannada,2,Bantwal,2,PANEMANGALURU,25,SAJIPA MUDA,119,2021-2022,2,Rabi,Fallow,0-97-0.00,2022-01-02,,,12.8590895,75.0137207,
440593423,24,Dakshina Kannada,2,Bantwal,2,PANEMANGALURU,25,SAJIPA MUDA,119,2021-2022,2,Rabi,Fallow,0-65-0.00,2022-01-02,,,12.8591236,75.013715,
440593267,24,Dakshina Kannada,2,Bantwal,2,PANEMANGALURU,25,SAJIPA MUDA,119,2021-2022,2,Rabi,Fallow,0-26-0.00,2022-01-02,,,12.8556941,75.0174507,
440593268,24,Dakshina Kannada,2,Bantwal,2,PANEMANGALURU,25,SAJIPA MUDA,119,2021-2022,2,Rabi,Fallow,0-23-0.00,2022-01-02,,,12.8557239,75.0174851,
440593273,24,Dakshina Kannada,2,Bantwal,2,PANEMANGALURU,25,SAJIPA MUDA,119,2021-2022,2,Rabi,NA Land ,0-2-0.00,2022-01-02,,,12.8557069,75.0173429,
440593277,24,Dakshina Kannada,2,Bantwal,2,PANEMANGALURU,25,SAJIPA MUDA,119,2021-2022,2,Rabi,Fallow,0-11-0.00,2022-01-02,,,12.8557879,75.0168789,
440593284,24,Dakshina Kannada,2,Bantwal,2,PANEMANGALURU,25,SAJIPA MUDA,119,2021-2022,2,Rabi,Fallow,0-47-0.00,2022-01-02,,,12.8557079,75.0171039,
440593317,24,Dakshina Kannada,2,Bantwal,2,PANEMANGALURU,25,SAJIPA MUDA,119,2021-2022,2,Rabi,NA Land ,0-6-0.00,2022-01-02,,,12.8568386,75.0169933,
440593335,24,Dakshina Kannada,2,Bantwal,2,PANEMANGALURU,25,SAJIPA MUDA,119,2021-2022,2,Rabi,Fallow,0-51-0.00,2022-01-02,,,12.8572691,75.0160307,
440593350,24,Dakshina Kannada,2,Bantwal,2,PANEMANGALURU,25,SAJIPA MUDA,119,2021-2022,2,Rabi,Fallow,0-9-50.00,2022-01-02,,,12.8594258,75.0132577,
440593352,24,Dakshina Kannada,2,Bantwal,2,PANEMANGALURU,25,SAJIPA MUDA,119,2021-2022,2,Rabi,Fallow,0-10-0.00,2022-01-02,,,12.8594441,75.0132468,
440593385,24,Dakshina Kannada,2,Bantwal,2,PANEMANGALURU,25,SAJIPA MUDA,119,2021-2022,2,Rabi,Fallow,0-46-0.00,2022-01-02,,,12.8592017,75.0136796,
440540041,24,Dakshina Kannada,2,Bantwal,2,PANEMANGALURU,25,SAJIPA MUDA,119,2021-2022,2,Rabi,NA Land ,0-21-0.00,2021-12-31,,,12.8588417,75.0108067,
440540055,24,Dakshina Kannada,2,Bantwal,2,PANEMANGALURU,25,SAJIPA MUDA,119,2021-2022,2,Rabi,NA Land ,0-2-75.00,2021-12-31,,,12.859713,75.0111915,
440540033,24,Dakshina Kannada,2,Bantwal,2,PANEMANGALURU,25,SAJIPA MUDA,119,2021-2022,2,Rabi,Fallow,0-7-0.00,2021-12-31,,,12.8588085,75.0108542,
440540063,24,Dakshina Kannada,2,Bantwal,2,PANEMANGALURU,25,SAJIPA MUDA,119,2021-2022,2,Rabi,Fallow,0-5-0.00,2022-01-01,,,12.8509434,75.0114519,
440540073,24,Dakshina Kannada,2,Bantwal,2,PANEMANGALURU,25,SAJIPA MUDA,119,2021-2022,2,Rabi,Fallow,0-47-0.00,2022-01-01,,,12.8575669,75.010815,
440540075,24,Dakshina Kannada,2,Bantwal,2,PANEMANGALURU,25,SAJIPA MUDA,119,2021-2022,2,Rabi,Fallow,0-8-0.00,2022-01-01,,,12.8576874,75.0106083,
440540007,24,Dakshina Kannada,2,Bantwal,2,PANEMANGALURU,25,SAJIPA MUDA,119,2021-2022,2,Rabi,Fallow,1-1-0.00,2021-12-31,,,12.8590159,75.0114964,
440540058,24,Dakshina Kannada,2,Bantwal,2,PANEMANGALURU,25,SAJIPA MUDA,119,2021-2022,2,Rabi,Fallow,0-1-0.00,2022-01-01,,,12.8510538,75.011149,
440540066,24,Dakshina Kannada,2,Bantwal,2,PANEMANGALURU,25,SAJIPA MUDA,119,2021-2022,2,Rabi,Fallow,0-33-0.00,2022-01-01,,,12.8569007,75.0111789,
440540074,24,Dakshina Kannada,2,Bantwal,2,PANEMANGALURU,25,SAJIPA MUDA,119,2021-2022,2,Rabi,Fallow,0-5-0.00,2022-01-01,,,12.8576843,75.010623,
440540036,24,Dakshina Kannada,2,Bantwal,2,PANEMANGALURU,25,SAJIPA MUDA,119,2021-2022,2,Rabi,Fallow,0-5-0.00,2021-12-31,,,12.8587808,75.0108466,
440540039,24,Dakshina Kannada,2,Bantwal,2,PANEMANGALURU,25,SAJIPA MUDA,119,2021-2022,2,Rabi,Fallow,0-13-0.00,2021-12-31,,,12.8588134,75.0108614,
440540057,24,Dakshina Kannada,2,Bantwal,2,PANEMANGALURU,25,SAJIPA MUDA,119,2021-2022,2,Rabi,NA Land ,0-10-0.00,2021-12-31,,,12.85926,75.0106587,
440540079,24,Dakshina Kannada,2,Bantwal,2,PANEMANGALURU,25,SAJIPA MUDA,119,2021-2022,2,Rabi,Fallow,0-1-50.00,2022-01-01,,,12.8575491,75.0105986,
440540086,24,Dakshina Kannada,2,Bantwal,2,PANEMANGALURU,25,SAJIPA MUDA,119,2021-2022,2,Rabi,Fallow,0-12-0.00,2022-01-01,,,12.857564,75.0106042,
440539999,24,Dakshina Kannada,2,Bantwal,2,PANEMANGALURU,25,SAJIPA MUDA,119,2021-2022,2,Rabi,Fallow,0-60-0.00,2021-12-31,,,12.8589471,75.0115868,
440540006,24,Dakshina Kannada,2,Bantwal,2,PANEMANGALURU,25,SAJIPA MUDA,119,2021-2022,2,Rabi,Fallow,0-20-0.00,2021-12-31,,,12.8590183,75.0114917,
440540043,24,Dakshina Kannada,2,Bantwal,2,PANEMANGALURU,25,SAJIPA MUDA,119,2021-2022,2,Rabi,NA Land ,0-20-0.00,2021-12-31,,,12.8588976,75.010839,
440540067,24,Dakshina Kannada,2,Bantwal,2,PANEMANGALURU,25,SAJIPA MUDA,119,2021-2022,2,Rabi,Fallow,0-34-0.00,2022-01-01,,,12.8569541,75.0112129,
440540077,24,Dakshina Kannada,2,Bantwal,2,PANEMANGALURU,25,SAJIPA MUDA,119,2021-2022,2,Rabi,Fallow,0-4-50.00,2022-01-01,,,12.8575761,75.0105859,
440540013,24,Dakshina Kannada,2,Bantwal,2,PANEMANGALURU,25,SAJIPA MUDA,119,2021-2022,2,Rabi,Fallow,0-6-0.00,2021-12-31,,,12.8578433,75.0116283,
440540022,24,Dakshina Kannada,2,Bantwal,2,PANEMANGALURU,25,SAJIPA MUDA,119,2021-2022,2,Rabi,Fallow,0-9-0.00,2021-12-31,,,12.8590237,75.0109446,
440540025,24,Dakshina Kannada,2,Bantwal,2,PANEMANGALURU,25,SAJIPA MUDA,119,2021-2022,2,Rabi,Coconut,0-2-0.00,2021-12-31,,,12.8588117,75.0109033,
440540029,24,Dakshina Kannada,2,Bantwal,2,PANEMANGALURU,25,SAJIPA MUDA,119,2021-2022,2,Rabi,Fallow,0-3-0.00,2021-12-31,,,12.8588091,75.0109321,
440540061,24,Dakshina Kannada,2,Bantwal,2,PANEMANGALURU,25,SAJIPA MUDA,119,2021-2022,2,Rabi,Fallow,0-1-0.00,2022-01-01,,,12.8509639,75.0113207,
440540016,24,Dakshina Kannada,2,Bantwal,2,PANEMANGALURU,25,SAJIPA MUDA,119,2021-2022,2,Rabi,Fallow,0-5-0.00,2021-12-31,,,12.857995,75.0115146,
440540031,24,Dakshina Kannada,2,Bantwal,2,PANEMANGALURU,25,SAJIPA MUDA,119,2021-2022,2,Rabi,NA Land ,0-20-0.00,2021-12-31,,,12.8587579,75.0108878,
440346418,24,Dakshina Kannada,2,Bantwal,2,PANEMANGALURU,2,AMTURU,119,2021-2022,2,Rabi,NA Land ,0-6-0.00,2021-12-30,,,12.8366398,75.0437357,
440346429,24,Dakshina Kannada,2,Bantwal,2,PANEMANGALURU,2,AMTURU,119,2021-2022,2,Rabi,Fallow,0-32-0.00,2021-12-30,,,12.83522,75.0438222,
440346442,24,Dakshina Kannada,2,Bantwal,2,PANEMANGALURU,2,AMTURU,119,2021-2022,2,Rabi,Fallow,0-28-0.00,2021-12-30,,,12.8352285,75.0437949,
440346455,24,Dakshina Kannada,2,Bantwal,2,PANEMANGALURU,2,AMTURU,119,2021-2022,2,Rabi,Fallow,0-64-0.00,2021-12-30,,,12.8352375,75.0437997,
440346458,24,Dakshina Kannada,2,Bantwal,2,PANEMANGALURU,2,AMTURU,119,2021-2022,2,Rabi,Fallow,0-1-2.00,2021-12-30,,,12.8352364,75.0437997,
440346436,24,Dakshina Kannada,2,Bantwal,2,PANEMANGALURU,2,AMTURU,119,2021-2022,2,Rabi,Fallow,0-13-0.00,2021-12-30,,,12.8352333,75.0438261,
440346437,24,Dakshina Kannada,2,Bantwal,2,PANEMANGALURU,2,AMTURU,119,2021-2022,2,Rabi,Fallow,0-18-0.00,2021-12-30,,,12.8352273,75.0437929,
440346445,24,Dakshina Kannada,2,Bantwal,2,PANEMANGALURU,2,AMTURU,119,2021-2022,2,Rabi,Fallow,0-24-0.00,2021-12-30,,,12.8352271,75.0437976,
440346463,24,Dakshina Kannada,2,Bantwal,2,PANEMANGALURU,2,AMTURU,119,2021-2022,2,Rabi,Fallow,0-2-0.00,2021-12-30,,,12.835251,75.043795,
440499023,24,Dakshina Kannada,2,Bantwal,2,PANEMANGALURU,25,SAJIPA MUDA,119,2021-2022,2,Rabi,Fallow,0-37-0.00,2022-01-01,,,12.8520454,75.0184694,
440499165,24,Dakshina Kannada,2,Bantwal,2,PANEMANGALURU,25,SAJIPA MUDA,119,2021-2022,2,Rabi,Fallow,0-80-0.00,2022-01-01,,,12.8518702,75.0195915,
440521371,24,Dakshina Kannada,2,Bantwal,2,PANEMANGALURU,25,SAJIPA MUDA,119,2021-2022,2,Rabi,NA Land ,0-11-0.00,2022-01-01,,,12.8388383,75.0349886,
440521385,24,Dakshina Kannada,2,Bantwal,2,PANEMANGALURU,25,SAJIPA MUDA,119,2021-2022,2,Rabi,Fallow,0-25-0.00,2022-01-01,,,12.8388671,75.0349865,
440521421,24,Dakshina Kannada,2,Bantwal,2,PANEMANGALURU,25,SAJIPA MUDA,119,2021-2022,2,Rabi,Fallow,1-61-0.00,2022-01-01,,,12.8391232,75.0346565,
440521461,24,Dakshina Kannada,2,Bantwal,2,PANEMANGALURU,25,SAJIPA MUDA,119,2021-2022,2,Rabi,Fallow,1-16-0.00,2022-01-01,,,12.8379758,75.0332115,
440521449,24,Dakshina Kannada,2,Bantwal,2,PANEMANGALURU,25,SAJIPA MUDA,119,2021-2022,2,Rabi,Fallow,1-7-0.00,2022-01-01,,,12.8390565,75.0346302,
440499019,24,Dakshina Kannada,2,Bantwal,2,PANEMANGALURU,25,SAJIPA MUDA,119,2021-2022,2,Rabi,Fallow,0-27-0.00,2022-01-01,,,12.8520419,75.0184675,
440499161,24,Dakshina Kannada,2,Bantwal,2,PANEMANGALURU,25,SAJIPA MUDA,119,2021-2022,2,Rabi,Fallow,0-34-0.00,2022-01-01,,,12.8520316,75.0184688,
440606004,24,Dakshina Kannada,2,Bantwal,2,PANEMANGALURU,25,SAJIPA MUDA,119,2021-2022,2,Rabi,Fallow,0-15-0.00,2022-01-02,,,12.8569492,75.0107999,
440606012,24,Dakshina Kannada,2,Bantwal,2,PANEMANGALURU,25,SAJIPA MUDA,119,2021-2022,2,Rabi,Fallow,0-2-0.00,2022-01-02,,,12.8569137,75.0108144,
440606044,24,Dakshina Kannada,2,Bantwal,2,PANEMANGALURU,25,SAJIPA MUDA,119,2021-2022,2,Rabi,Fallow,0-28-0.00,2022-01-02,,,12.8590913,75.0092678,
440606048,24,Dakshina Kannada,2,Bantwal,2,PANEMANGALURU,25,SAJIPA MUDA,119,2021-2022,2,Rabi,Fallow,0-50-0.00,2022-01-02,,,12.8591073,75.0093259,
440606098,24,Dakshina Kannada,2,Bantwal,2,PANEMANGALURU,25,SAJIPA MUDA,119,2021-2022,2,Rabi,Fallow,0-1-0.00,2022-01-02,,,12.858321,75.0082115,
440606104,24,Dakshina Kannada,2,Bantwal,2,PANEMANGALURU,25,SAJIPA MUDA,119,2021-2022,2,Rabi,Fallow,0-13-0.00,2022-01-02,,,12.8581746,75.0081906,
440606111,24,Dakshina Kannada,2,Bantwal,2,PANEMANGALURU,25,SAJIPA MUDA,119,2021-2022,2,Rabi,NA Land ,0-12-0.00,2022-01-02,,,12.8577026,75.0085095,
440606021,24,Dakshina Kannada,2,Bantwal,2,PANEMANGALURU,25,SAJIPA MUDA,119,2021-2022,2,Rabi,Fallow,0-18-0.00,2022-01-02,,,12.8590437,75.0088998,
440606054,24,Dakshina Kannada,2,Bantwal,2,PANEMANGALURU,25,SAJIPA MUDA,119,2021-2022,2,Rabi,Fallow,0-28-0.00,2022-01-02,,,12.8591318,75.009338,
440606070,24,Dakshina Kannada,2,Bantwal,2,PANEMANGALURU,25,SAJIPA MUDA,119,2021-2022,2,Rabi,Fallow,0-16-0.00,2022-01-02,,,12.8591573,75.0091588,
440606081,24,Dakshina Kannada,2,Bantwal,2,PANEMANGALURU,25,SAJIPA MUDA,119,2021-2022,2,Rabi,Fallow,0-58-0.00,2022-01-02,,,12.859224,75.0091464,
440606025,24,Dakshina Kannada,2,Bantwal,2,PANEMANGALURU,25,SAJIPA MUDA,119,2021-2022,2,Rabi,Fallow,0-20-0.00,2022-01-02,,,12.8591022,75.0092316,
440606073,24,Dakshina Kannada,2,Bantwal,2,PANEMANGALURU,25,SAJIPA MUDA,119,2021-2022,2,Rabi,Fallow,0-18-50.00,2022-01-02,,,12.8591624,75.0091225,
440606107,24,Dakshina Kannada,2,Bantwal,2,PANEMANGALURU,25,SAJIPA MUDA,119,2021-2022,2,Rabi,Fallow,0-47-0.00,2022-01-02,,,12.858218,75.0083351,
440606017,24,Dakshina Kannada,2,Bantwal,2,PANEMANGALURU,25,SAJIPA MUDA,119,2021-2022,2,Rabi,Fallow,1-50-0.00,2022-01-02,,,12.8590277,75.0088781,
440606031,24,Dakshina Kannada,2,Bantwal,2,PANEMANGALURU,25,SAJIPA MUDA,119,2021-2022,2,Rabi,Fallow,0-35-0.00,2022-01-02,,,12.8591044,75.0092269,
440606067,24,Dakshina Kannada,2,Bantwal,2,PANEMANGALURU,25,SAJIPA MUDA,119,2021-2022,2,Rabi,Fallow,0-30-0.00,2022-01-02,,,12.8591742,75.0091899,
440606091,24,Dakshina Kannada,2,Bantwal,2,PANEMANGALURU,25,SAJIPA MUDA,119,2021-2022,2,Rabi,NA Land ,0-18-0.00,2022-01-02,,,12.8581604,75.0084791,
440606091,24,Dakshina Kannada,2,Bantwal,2,PANEMANGALURU,25,SAJIPA MUDA,119,2021-2022,2,Rabi,Fallow,1-0-0.00,2022-01-02,,,12.8581387,75.0084714,
440606091,24,Dakshina Kannada,2,Bantwal,2,PANEMANGALURU,25,SAJIPA MUDA,119,2021-2022,2,Rabi,Betel Nuts (Areca nuts),0-80-0.00,2022-01-02,,,12.8581367,75.008535,
440606091,24,Dakshina Kannada,2,Bantwal,2,PANEMANGALURU,25,SAJIPA MUDA,119,2021-2022,2,Rabi,Coconut,0-40-0.00,2022-01-02,,,12.8581617,75.00856,
440606101,24,Dakshina Kannada,2,Bantwal,2,PANEMANGALURU,25,SAJIPA MUDA,119,2021-2022,2,Rabi,Fallow,0-3-0.00,2022-01-02,,,12.8583135,75.0082753,
440606039,24,Dakshina Kannada,2,Bantwal,2,PANEMANGALURU,25,SAJIPA MUDA,119,2021-2022,2,Rabi,Fallow,0-52-0.00,2022-01-02,,,12.8590653,75.0092628,
440606120,24,Dakshina Kannada,2,Bantwal,2,PANEMANGALURU,25,SAJIPA MUDA,119,2021-2022,2,Rabi,NA Land ,0-10-0.00,2022-01-02,,,12.8576566,75.00883,
440606124,24,Dakshina Kannada,2,Bantwal,2,PANEMANGALURU,25,SAJIPA MUDA,119,2021-2022,2,Rabi,NA Land ,0-13-0.00,2022-01-02,,,12.85762,75.0088112,
440593259,24,Dakshina Kannada,2,Bantwal,2,PANEMANGALURU,25,SAJIPA MUDA,119,2021-2022,2,Rabi,Fallow,0-2-0.00,2022-01-02,,,12.855687,75.0173611,
440593261,24,Dakshina Kannada,2,Bantwal,2,PANEMANGALURU,25,SAJIPA MUDA,119,2021-2022,2,Rabi,Fallow,0-65-0.00,2022-01-02,,,12.8556136,75.0173977,
440593263,24,Dakshina Kannada,2,Bantwal,2,PANEMANGALURU,25,SAJIPA MUDA,119,2021-2022,2,Rabi,Fallow,0-65-0.00,2022-01-02,,,12.8556966,75.0173896,
440593265,24,Dakshina Kannada,2,Bantwal,2,PANEMANGALURU,25,SAJIPA MUDA,119,2021-2022,2,Rabi,Fallow,0-46-0.00,2022-01-02,,,12.8556933,75.017465,
440593271,24,Dakshina Kannada,2,Bantwal,2,PANEMANGALURU,25,SAJIPA MUDA,119,2021-2022,2,Rabi,Fallow,0-46-0.00,2022-01-02,,,12.8557217,75.0174803,
440593293,24,Dakshina Kannada,2,Bantwal,2,PANEMANGALURU,25,SAJIPA MUDA,119,2021-2022,2,Rabi,Fallow,0-3-0.00,2022-01-02,,,12.8567004,75.0168795,
440593295,24,Dakshina Kannada,2,Bantwal,2,PANEMANGALURU,25,SAJIPA MUDA,119,2021-2022,2,Rabi,Fallow,0-11-0.00,2022-01-02,,,12.8567413,75.0168953,
440593348,24,Dakshina Kannada,2,Bantwal,2,PANEMANGALURU,25,SAJIPA MUDA,119,2021-2022,2,Rabi,Fallow,0-1-0.00,2022-01-02,,,12.8594473,75.0132536,
440593376,24,Dakshina Kannada,2,Bantwal,2,PANEMANGALURU,25,SAJIPA MUDA,119,2021-2022,2,Rabi,Fallow,0-10-0.00,2022-01-02,,,12.8591787,75.0136742,
440606008,24,Dakshina Kannada,2,Bantwal,2,PANEMANGALURU,25,SAJIPA MUDA,119,2021-2022,2,Rabi,Fallow,1-6-0.00,2022-01-02,,,12.8569393,75.0108038,
440606056,24,Dakshina Kannada,2,Bantwal,2,PANEMANGALURU,25,SAJIPA MUDA,119,2021-2022,2,Rabi,Fallow,0-52-0.00,2022-01-02,,,12.85916,75.0093367,
440606061,24,Dakshina Kannada,2,Bantwal,2,PANEMANGALURU,25,SAJIPA MUDA,119,2021-2022,2,Rabi,Fallow,0-60-0.00,2022-01-02,,,12.8591515,75.0093059,
440606064,24,Dakshina Kannada,2,Bantwal,2,PANEMANGALURU,25,SAJIPA MUDA,119,2021-2022,2,Rabi,Fallow,0-16-0.00,2022-01-02,,,12.85915,75.0093253,
440606084,24,Dakshina Kannada,2,Bantwal,2,PANEMANGALURU,25,SAJIPA MUDA,119,2021-2022,2,Rabi,Fallow,0-42-0.00,2022-01-02,,,12.8590726,75.0090822,
440606117,24,Dakshina Kannada,2,Bantwal,2,PANEMANGALURU,25,SAJIPA MUDA,119,2021-2022,2,Rabi,NA Land ,0-3-0.00,2022-01-02,,,12.8575816,75.0088849,
440606129,24,Dakshina Kannada,2,Bantwal,2,PANEMANGALURU,25,SAJIPA MUDA,119,2021-2022,2,Rabi,Fallow,0-41-0.00,2022-01-02,,,12.8575913,75.0087568,
440606133,24,Dakshina Kannada,2,Bantwal,2,PANEMANGALURU,25,SAJIPA MUDA,119,2021-2022,2,Rabi,Fallow,0-1-0.00,2022-01-02,,,12.8575724,75.0087568,
440593254,24,Dakshina Kannada,2,Bantwal,2,PANEMANGALURU,25,SAJIPA MUDA,119,2021-2022,2,Rabi,Fallow,1-25-0.00,2022-01-02,,,12.855803,75.016981,
440593275,24,Dakshina Kannada,2,Bantwal,2,PANEMANGALURU,25,SAJIPA MUDA,119,2021-2022,2,Rabi,NA Land ,0-4-0.00,2022-01-02,,,12.8558496,75.0170134,
440593316,24,Dakshina Kannada,2,Bantwal,2,PANEMANGALURU,25,SAJIPA MUDA,119,2021-2022,2,Rabi,Fallow,0-1-0.00,2022-01-02,,,12.8568817,75.0170067,
440593326,24,Dakshina Kannada,2,Bantwal,2,PANEMANGALURU,25,SAJIPA MUDA,119,2021-2022,2,Rabi,Fallow,0-48-0.00,2022-01-02,,,12.8567565,75.016903,
440593331,24,Dakshina Kannada,2,Bantwal,2,PANEMANGALURU,25,SAJIPA MUDA,119,2021-2022,2,Rabi,Fallow,0-39-0.00,2022-01-02,,,12.8572808,75.0160061,
440593339,24,Dakshina Kannada,2,Bantwal,2,PANEMANGALURU,25,SAJIPA MUDA,119,2021-2022,2,Rabi,Fallow,1-33-0.00,2022-01-02,,,12.8575079,75.0161198,
440593344,24,Dakshina Kannada,2,Bantwal,2,PANEMANGALURU,25,SAJIPA MUDA,119,2021-2022,2,Rabi,Fallow,0-10-0.00,2022-01-02,,,12.8594638,75.0132492,
440593354,24,Dakshina Kannada,2,Bantwal,2,PANEMANGALURU,25,SAJIPA MUDA,119,2021-2022,2,Rabi,Fallow,0-10-0.00,2022-01-02,,,12.8594494,75.0134072,
440593365,24,Dakshina Kannada,2,Bantwal,2,PANEMANGALURU,25,SAJIPA MUDA,119,2021-2022,2,Rabi,Fallow,0-15-0.00,2022-01-02,,,12.8592403,75.0135214,
440593397,24,Dakshina Kannada,2,Bantwal,2,PANEMANGALURU,25,SAJIPA MUDA,119,2021-2022,2,Rabi,Fallow,0-59-0.00,2022-01-02,,,12.8591341,75.0137425,
440593400,24,Dakshina Kannada,2,Bantwal,2,PANEMANGALURU,25,SAJIPA MUDA,119,2021-2022,2,Rabi,Fallow,0-59-0.00,2022-01-02,,,12.8591438,75.013757,
440593403,24,Dakshina Kannada,2,Bantwal,2,PANEMANGALURU,25,SAJIPA MUDA,119,2021-2022,2,Rabi,Fallow,0-59-0.00,2022-01-02,,,12.8591451,75.013696,
440593413,24,Dakshina Kannada,2,Bantwal,2,PANEMANGALURU,25,SAJIPA MUDA,119,2021-2022,2,Rabi,Fallow,0-10-0.00,2022-01-02,,,12.8591383,75.0137533,
440593417,24,Dakshina Kannada,2,Bantwal,2,PANEMANGALURU,25,SAJIPA MUDA,119,2021-2022,2,Rabi,Fallow,0-34-0.00,2022-01-02,,,12.8591092,75.0137466,
440593290,24,Dakshina Kannada,2,Bantwal,2,PANEMANGALURU,25,SAJIPA MUDA,119,2021-2022,2,Rabi,Fallow,0-11-0.00,2022-01-02,,,12.8566879,75.0167548,
440593302,24,Dakshina Kannada,2,Bantwal,2,PANEMANGALURU,25,SAJIPA MUDA,119,2021-2022,2,Rabi,Fallow,0-5-0.00,2022-01-02,,,12.8568417,75.0169814,
440593320,24,Dakshina Kannada,2,Bantwal,2,PANEMANGALURU,25,SAJIPA MUDA,119,2021-2022,2,Rabi,NA Land ,0-11-0.00,2022-01-02,,,12.8568622,75.0169965,
440593323,24,Dakshina Kannada,2,Bantwal,2,PANEMANGALURU,25,SAJIPA MUDA,119,2021-2022,2,Rabi,NA Land ,0-10-0.00,2022-01-02,,,12.8568133,75.0170482,
440593329,24,Dakshina Kannada,2,Bantwal,2,PANEMANGALURU,25,SAJIPA MUDA,119,2021-2022,2,Rabi,NA Land ,0-5-0.00,2022-01-02,,,12.8567768,75.016561,
440593410,24,Dakshina Kannada,2,Bantwal,2,PANEMANGALURU,25,SAJIPA MUDA,119,2021-2022,2,Rabi,Fallow,0-22-0.00,2022-01-02,,,12.8591208,75.0137442,
440676796,24,Dakshina Kannada,2,Bantwal,2,PANEMANGALURU,25,SAJIPA MUDA,119,2021-2022,2,Rabi,NA Land ,0-4-0.00,2022-01-03,,,12.8516553,75.033531,
440518163,24,Dakshina Kannada,2,Bantwal,2,PANEMANGALURU,2,AMTURU,119,2021-2022,2,Rabi,Betel Nuts (Areca nuts),0-40-0.00,2022-01-01,,,12.8261931,75.0449669,
440518208,24,Dakshina Kannada,2,Bantwal,2,PANEMANGALURU,2,AMTURU,119,2021-2022,2,Rabi,Fallow,0-11-25.00,2022-01-01,,,12.8274554,75.0448516,
440518228,24,Dakshina Kannada,2,Bantwal,2,PANEMANGALURU,2,AMTURU,119,2021-2022,2,Rabi,Fallow,0-5-0.00,2022-01-01,,,12.8288081,75.0441491,
440518305,24,Dakshina Kannada,2,Bantwal,2,PANEMANGALURU,2,AMTURU,119,2021-2022,2,Rabi,Fallow,0-27-0.00,2022-01-01,,,12.8290007,75.0436399,
440499154,24,Dakshina Kannada,2,Bantwal,2,PANEMANGALURU,25,SAJIPA MUDA,119,2021-2022,2,Rabi,Fallow,0-36-0.00,2022-01-01,,,12.8520212,75.0184689,
440499156,24,Dakshina Kannada,2,Bantwal,2,PANEMANGALURU,25,SAJIPA MUDA,119,2021-2022,2,Rabi,Fallow,0-34-0.00,2022-01-01,,,12.8519812,75.0185204,
440499160,24,Dakshina Kannada,2,Bantwal,2,PANEMANGALURU,25,SAJIPA MUDA,119,2021-2022,2,Rabi,Fallow,0-99-0.00,2022-01-01,,,12.8520247,75.0184757,
440499164,24,Dakshina Kannada,2,Bantwal,2,PANEMANGALURU,25,SAJIPA MUDA,119,2021-2022,2,Rabi,Fallow,1-4-0.00,2022-01-01,,,12.8518821,75.0195844,
440521350,24,Dakshina Kannada,2,Bantwal,2,PANEMANGALURU,25,SAJIPA MUDA,119,2021-2022,2,Rabi,NA Land ,0-11-0.00,2022-01-01,,,12.8383555,75.0355185,
440521335,24,Dakshina Kannada,2,Bantwal,2,PANEMANGALURU,25,SAJIPA MUDA,119,2021-2022,2,Rabi,Fallow,0-86-0.00,2022-01-01,,,12.8383458,75.0355287,
440521394,24,Dakshina Kannada,2,Bantwal,2,PANEMANGALURU,25,SAJIPA MUDA,119,2021-2022,2,Rabi,Fallow,2-43-0.00,2022-01-01,,,12.8388606,75.0349886,
440521326,24,Dakshina Kannada,2,Bantwal,2,PANEMANGALURU,25,SAJIPA MUDA,119,2021-2022,2,Rabi,Fallow,2-0-0.00,2022-01-01,,,12.8383132,75.0355115,
440521407,24,Dakshina Kannada,2,Bantwal,2,PANEMANGALURU,25,SAJIPA MUDA,119,2021-2022,2,Rabi,NA Land ,0-13-0.00,2022-01-01,,,12.8391288,75.0346623,
440521435,24,Dakshina Kannada,2,Bantwal,2,PANEMANGALURU,25,SAJIPA MUDA,119,2021-2022,2,Rabi,NA Land ,0-8-0.00,2022-01-01,,,12.8390983,75.0346687,
440521472,24,Dakshina Kannada,2,Bantwal,2,PANEMANGALURU,25,SAJIPA MUDA,119,2021-2022,2,Rabi,Fallow,0-83-0.00,2022-01-01,,,12.8377765,75.0332508,
440521483,24,Dakshina Kannada,2,Bantwal,2,PANEMANGALURU,25,SAJIPA MUDA,119,2021-2022,2,Rabi,Fallow,0-51-0.00,2022-01-01,,,12.8378341,75.0332524,
440521495,24,Dakshina Kannada,2,Bantwal,2,PANEMANGALURU,25,SAJIPA MUDA,119,2021-2022,2,Rabi,Fallow,0-73-0.00,2022-01-01,,,12.83783,75.0332474,
440606076,24,Dakshina Kannada,2,Bantwal,2,PANEMANGALURU,25,SAJIPA MUDA,119,2021-2022,2,Rabi,Fallow,0-18-50.00,2022-01-02,,,12.8592346,75.0090905,
440606137,24,Dakshina Kannada,2,Bantwal,2,PANEMANGALURU,25,SAJIPA MUDA,119,2021-2022,2,Rabi,NA Land ,0-3-0.00,2022-01-02,,,12.8575422,75.0089212,
440606035,24,Dakshina Kannada,2,Bantwal,2,PANEMANGALURU,25,SAJIPA MUDA,119,2021-2022,2,Rabi,Fallow,0-38-0.00,2022-01-02,,,12.8591183,75.0092425,
440606051,24,Dakshina Kannada,2,Bantwal,2,PANEMANGALURU,25,SAJIPA MUDA,119,2021-2022,2,Rabi,Fallow,0-16-0.00,2022-01-02,,,12.8590621,75.0093231,
440606088,24,Dakshina Kannada,2,Bantwal,2,PANEMANGALURU,25,SAJIPA MUDA,119,2021-2022,2,Rabi,Fallow,0-43-0.00,2022-01-02,,,12.8590834,75.0089979,
440606094,24,Dakshina Kannada,2,Bantwal,2,PANEMANGALURU,25,SAJIPA MUDA,119,2021-2022,2,Rabi,NA Land ,0-10-0.00,2022-01-02,,,12.8583811,75.008246,
440606094,24,Dakshina Kannada,2,Bantwal,2,PANEMANGALURU,25,SAJIPA MUDA,119,2021-2022,2,Rabi,Fallow,0-62-0.00,2022-01-02,,,12.8583362,75.0081972,
440606114,24,Dakshina Kannada,2,Bantwal,2,PANEMANGALURU,25,SAJIPA MUDA,119,2021-2022,2,Rabi,Fallow,0-1-0.00,2022-01-02,,,12.8576532,75.0087506,
440606141,24,Dakshina Kannada,2,Bantwal,2,PANEMANGALURU,25,SAJIPA MUDA,119,2021-2022,2,Rabi,Coconut,0-3-0.00,2022-01-02,,,12.8577367,75.0091952,
440672573,24,Dakshina Kannada,2,Bantwal,2,PANEMANGALURU,25,SAJIPA MUDA,119,2021-2022,2,Rabi,NA Land ,0-3-50.00,2022-01-03,,,12.8502877,75.0131119,
440659685,24,Dakshina Kannada,2,Bantwal,2,PANEMANGALURU,25,SAJIPA MUDA,119,2021-2022,2,Rabi,Fallow,0-28-0.00,2022-01-03,,,12.8403234,75.038968,
440665951,24,Dakshina Kannada,2,Bantwal,2,PANEMANGALURU,25,SAJIPA MUDA,119,2021-2022,2,Rabi,Fallow,2-42-50.00,2022-01-03,,,12.8373755,75.0375415,
440665969,24,Dakshina Kannada,2,Bantwal,2,PANEMANGALURU,25,SAJIPA MUDA,119,2021-2022,2,Rabi,Fallow,3-84-0.00,2022-01-03,,,12.8371842,75.0371228,
440671950,24,Dakshina Kannada,2,Bantwal,2,PANEMANGALURU,25,SAJIPA MUDA,119,2021-2022,2,Rabi,Fallow,0-42-0.00,2022-01-03,,,12.8503871,75.013221,
440671991,24,Dakshina Kannada,2,Bantwal,2,PANEMANGALURU,25,SAJIPA MUDA,119,2021-2022,2,Rabi,Betel Nuts (Areca nuts),0-58-0.00,2022-01-03,,,12.8504,75.0132167,
440672006,24,Dakshina Kannada,2,Bantwal,2,PANEMANGALURU,25,SAJIPA MUDA,119,2021-2022,2,Rabi,NA Land ,0-6-0.00,2022-01-03,,,12.8503622,75.0131791,
440672014,24,Dakshina Kannada,2,Bantwal,2,PANEMANGALURU,25,SAJIPA MUDA,119,2021-2022,2,Rabi,Fallow,2-85-0.00,2022-01-03,,,12.8504123,75.0132355,
440672018,24,Dakshina Kannada,2,Bantwal,2,PANEMANGALURU,25,SAJIPA MUDA,119,2021-2022,2,Rabi,Betel Nuts (Areca nuts),0-86-0.00,2022-01-03,,,12.8503802,75.0131903,
440672270,24,Dakshina Kannada,2,Bantwal,2,PANEMANGALURU,25,SAJIPA MUDA,119,2021-2022,2,Rabi,Fallow,4-37-0.00,2022-01-03,,,12.8504268,75.0131896,
440665146,24,Dakshina Kannada,2,Bantwal,2,PANEMANGALURU,25,SAJIPA MUDA,119,2021-2022,2,Rabi,Fallow,2-68-0.00,2022-01-03,,,12.8380154,75.0379179,
440665952,24,Dakshina Kannada,2,Bantwal,2,PANEMANGALURU,25,SAJIPA MUDA,119,2021-2022,2,Rabi,Fallow,0-23-0.00,2022-01-03,,,12.8373808,75.037529,
440671981,24,Dakshina Kannada,2,Bantwal,2,PANEMANGALURU,25,SAJIPA MUDA,119,2021-2022,2,Rabi,NA Land ,0-3-0.00,2022-01-03,,,12.8503936,75.013259,
440672008,24,Dakshina Kannada,2,Bantwal,2,PANEMANGALURU,25,SAJIPA MUDA,119,2021-2022,2,Rabi,Fallow,0-30-0.00,2022-01-03,,,12.8503946,75.0132107,
440672021,24,Dakshina Kannada,2,Bantwal,2,PANEMANGALURU,25,SAJIPA MUDA,119,2021-2022,2,Rabi,Fallow,4-0-0.00,2022-01-03,,,12.8503883,75.0132041,
440671934,24,Dakshina Kannada,2,Bantwal,2,PANEMANGALURU,25,SAJIPA MUDA,119,2021-2022,2,Rabi,Fallow,2-65-0.00,2022-01-03,,,12.8504104,75.013226,
440671959,24,Dakshina Kannada,2,Bantwal,2,PANEMANGALURU,25,SAJIPA MUDA,119,2021-2022,2,Rabi,NA Land ,0-11-0.00,2022-01-03,,,12.8503868,75.0132477,
440671937,24,Dakshina Kannada,2,Bantwal,2,PANEMANGALURU,25,SAJIPA MUDA,119,2021-2022,2,Rabi,Fallow,1-19-0.00,2022-01-03,,,12.850415,75.0132352,
440671945,24,Dakshina Kannada,2,Bantwal,2,PANEMANGALURU,25,SAJIPA MUDA,119,2021-2022,2,Rabi,Fallow,4-55-0.00,2022-01-03,,,12.8504223,75.0132562,
440671962,24,Dakshina Kannada,2,Bantwal,2,PANEMANGALURU,25,SAJIPA MUDA,119,2021-2022,2,Rabi,Fallow,0-20-0.00,2022-01-03,,,12.8504088,75.0132152,
440671975,24,Dakshina Kannada,2,Bantwal,2,PANEMANGALURU,25,SAJIPA MUDA,119,2021-2022,2,Rabi,Fallow,1-30-0.00,2022-01-03,,,12.8504175,75.0132298,
440671983,24,Dakshina Kannada,2,Bantwal,2,PANEMANGALURU,25,SAJIPA MUDA,119,2021-2022,2,Rabi,NA Land ,0-15-0.00,2022-01-03,,,12.850416,75.0132395,
440671989,24,Dakshina Kannada,2,Bantwal,2,PANEMANGALURU,25,SAJIPA MUDA,119,2021-2022,2,Rabi,Betel Nuts (Areca nuts),1-0-0.00,2022-01-03,,,12.8504133,75.0132368,
440671995,24,Dakshina Kannada,2,Bantwal,2,PANEMANGALURU,25,SAJIPA MUDA,119,2021-2022,2,Rabi,Fallow,0-42-0.00,2022-01-03,,,12.8504028,75.0132173,
440672274,24,Dakshina Kannada,2,Bantwal,2,PANEMANGALURU,25,SAJIPA MUDA,119,2021-2022,2,Rabi,Fallow,0-45-0.00,2022-01-03,,,12.8503742,75.0131895,
440672282,24,Dakshina Kannada,2,Bantwal,2,PANEMANGALURU,25,SAJIPA MUDA,119,2021-2022,2,Rabi,Fallow,0-50-0.00,2022-01-03,,,12.8504325,75.0132473,
440672305,24,Dakshina Kannada,2,Bantwal,2,PANEMANGALURU,25,SAJIPA MUDA,119,2021-2022,2,Rabi,NA Land ,0-5-0.00,2022-01-03,,,12.8504331,75.0132222,
440346329,24,Dakshina Kannada,2,Bantwal,2,PANEMANGALURU,2,AMTURU,119,2021-2022,2,Rabi,Fallow,1-97-0.00,2021-12-30,,,12.8395203,75.0430216,
440346344,24,Dakshina Kannada,2,Bantwal,2,PANEMANGALURU,2,AMTURU,119,2021-2022,2,Rabi,Fallow,0-40-0.00,2021-12-30,,,12.8391751,75.0434876,
440346373,24,Dakshina Kannada,2,Bantwal,2,PANEMANGALURU,2,AMTURU,119,2021-2022,2,Rabi,Fallow,0-48-0.00,2021-12-30,,,12.838611,75.0424523,
440346390,24,Dakshina Kannada,2,Bantwal,2,PANEMANGALURU,2,AMTURU,119,2021-2022,2,Rabi,NA Land ,0-17-0.00,2021-12-30,,,12.8366974,75.0437557,
440346396,24,Dakshina Kannada,2,Bantwal,2,PANEMANGALURU,2,AMTURU,119,2021-2022,2,Rabi,NA Land ,0-8-0.00,2021-12-30,,,12.836719,75.043776,
440346405,24,Dakshina Kannada,2,Bantwal,2,PANEMANGALURU,2,AMTURU,119,2021-2022,2,Rabi,Fallow,0-1-0.00,2021-12-30,,,12.8366594,75.0437208,
440346412,24,Dakshina Kannada,2,Bantwal,2,PANEMANGALURU,2,AMTURU,119,2021-2022,2,Rabi,Fallow,0-5-0.00,2021-12-30,,,12.8366408,75.0437351,
440346457,24,Dakshina Kannada,2,Bantwal,2,PANEMANGALURU,2,AMTURU,119,2021-2022,2,Rabi,Fallow,0-17-0.00,2021-12-30,,,12.835236,75.0437985,
440346469,24,Dakshina Kannada,2,Bantwal,2,PANEMANGALURU,2,AMTURU,119,2021-2022,2,Rabi,Fallow,0-8-0.00,2021-12-30,,,12.8352476,75.0438183,
440346474,24,Dakshina Kannada,2,Bantwal,2,PANEMANGALURU,2,AMTURU,119,2021-2022,2,Rabi,Fallow,0-13-0.00,2021-12-30,,,12.8352431,75.0438321,
440699532,24,Dakshina Kannada,2,Bantwal,2,PANEMANGALURU,25,SAJIPA MUDA,119,2021-2022,2,Rabi,NA Land ,0-6-0.00,2022-01-03,,,12.8566342,75.0075516,
440699535,24,Dakshina Kannada,2,Bantwal,2,PANEMANGALURU,25,SAJIPA MUDA,119,2021-2022,2,Rabi,NA Land ,0-11-0.00,2022-01-03,,,12.8565039,75.0074569,
440699543,24,Dakshina Kannada,2,Bantwal,2,PANEMANGALURU,25,SAJIPA MUDA,119,2021-2022,2,Rabi,Fallow,0-6-0.00,2022-01-03,,,12.8564454,75.0070384,
440699564,24,Dakshina Kannada,2,Bantwal,2,PANEMANGALURU,25,SAJIPA MUDA,119,2021-2022,2,Rabi,Fallow,1-74-0.00,2022-01-03,,,12.8565478,75.0065022,
440699576,24,Dakshina Kannada,2,Bantwal,2,PANEMANGALURU,25,SAJIPA MUDA,119,2021-2022,2,Rabi,Fallow,0-31-0.00,2022-01-03,,,12.8570296,75.0073804,
440699580,24,Dakshina Kannada,2,Bantwal,2,PANEMANGALURU,25,SAJIPA MUDA,119,2021-2022,2,Rabi,NA Land ,0-5-0.00,2022-01-03,,,12.8570544,75.0074209,
440676773,24,Dakshina Kannada,2,Bantwal,2,PANEMANGALURU,25,SAJIPA MUDA,119,2021-2022,2,Rabi,NA Land ,0-9-50.00,2022-01-03,,,12.8516799,75.0335099,
440676807,24,Dakshina Kannada,2,Bantwal,2,PANEMANGALURU,25,SAJIPA MUDA,119,2021-2022,2,Rabi,NA Land ,0-30-0.00,2022-01-03,,,12.854236,75.0341936,
440676822,24,Dakshina Kannada,2,Bantwal,2,PANEMANGALURU,25,SAJIPA MUDA,119,2021-2022,2,Rabi,Coconut,0-27-0.00,2022-01-03,,,12.8542902,75.0341764,
440676822,24,Dakshina Kannada,2,Bantwal,2,PANEMANGALURU,25,SAJIPA MUDA,119,2021-2022,2,Rabi,Coconut,0-27-0.00,2022-01-03,,,12.8542936,75.0341731,
440676828,24,Dakshina Kannada,2,Bantwal,2,PANEMANGALURU,25,SAJIPA MUDA,119,2021-2022,2,Rabi,NA Land ,0-5-0.00,2022-01-03,,,12.8543367,75.0341652,
440676830,24,Dakshina Kannada,2,Bantwal,2,PANEMANGALURU,25,SAJIPA MUDA,119,2021-2022,2,Rabi,NA Land ,0-5-0.00,2022-01-03,,,12.8543146,75.03416,
440676833,24,Dakshina Kannada,2,Bantwal,2,PANEMANGALURU,25,SAJIPA MUDA,119,2021-2022,2,Rabi,NA Land ,0-86-75.00,2022-01-03,,,12.8543458,75.0341965,
440676839,24,Dakshina Kannada,2,Bantwal,2,PANEMANGALURU,25,SAJIPA MUDA,119,2021-2022,2,Rabi,NA Land ,0-3-0.00,2022-01-03,,,12.8542923,75.0341668,
440676873,24,Dakshina Kannada,2,Bantwal,2,PANEMANGALURU,25,SAJIPA MUDA,119,2021-2022,2,Rabi,NA Land ,0-1-50.00,2022-01-03,,,12.8543216,75.0341388,
440676893,24,Dakshina Kannada,2,Bantwal,2,PANEMANGALURU,25,SAJIPA MUDA,119,2021-2022,2,Rabi,NA Land ,0-34-0.00,2022-01-03,,,12.8542733,75.0341592,
440676902,24,Dakshina Kannada,2,Bantwal,2,PANEMANGALURU,25,SAJIPA MUDA,119,2021-2022,2,Rabi,NA Land ,0-11-0.00,2022-01-03,,,12.8542565,75.0341653,
440672614,24,Dakshina Kannada,2,Bantwal,2,PANEMANGALURU,25,SAJIPA MUDA,119,2021-2022,2,Rabi,Betel Nuts (Areca nuts),0-57-0.00,2022-01-03,,,12.8498325,75.0141452,
440673031,24,Dakshina Kannada,2,Bantwal,2,PANEMANGALURU,25,SAJIPA MUDA,119,2021-2022,2,Rabi,NA Land ,0-8-0.00,2022-01-03,,,12.8498174,75.0141189,
440673036,24,Dakshina Kannada,2,Bantwal,2,PANEMANGALURU,25,SAJIPA MUDA,119,2021-2022,2,Rabi,Betel Nuts (Areca nuts),0-45-0.00,2022-01-03,,,12.8485328,75.0123515,
440673074,24,Dakshina Kannada,2,Bantwal,2,PANEMANGALURU,25,SAJIPA MUDA,119,2021-2022,2,Rabi,Betel Nuts (Areca nuts),0-48-0.00,2022-01-03,,,12.848667,75.0121898,
440673661,24,Dakshina Kannada,2,Bantwal,2,PANEMANGALURU,25,SAJIPA MUDA,119,2021-2022,2,Rabi,NA Land ,0-12-0.00,2022-01-03,,,12.8490394,75.0095337,
440673671,24,Dakshina Kannada,2,Bantwal,2,PANEMANGALURU,25,SAJIPA MUDA,119,2021-2022,2,Rabi,NA Land ,0-14-0.00,2022-01-03,,,12.8490919,75.0094738,
440673692,24,Dakshina Kannada,2,Bantwal,2,PANEMANGALURU,25,SAJIPA MUDA,119,2021-2022,2,Rabi,Fallow,0-6-0.00,2022-01-03,,,12.8483364,75.0097426,
440673747,24,Dakshina Kannada,2,Bantwal,2,PANEMANGALURU,25,SAJIPA MUDA,119,2021-2022,2,Rabi,NA Land ,0-3-50.00,2022-01-03,,,12.8465327,75.0104707,
440673764,24,Dakshina Kannada,2,Bantwal,2,PANEMANGALURU,25,SAJIPA MUDA,119,2021-2022,2,Rabi,Betel Nuts (Areca nuts),0-4-0.00,2022-01-03,,,12.8464689,75.0104617,
440673769,24,Dakshina Kannada,2,Bantwal,2,PANEMANGALURU,25,SAJIPA MUDA,119,2021-2022,2,Rabi,Betel Nuts (Areca nuts),0-5-50.00,2022-01-03,,,12.8464961,75.010486,
440673799,24,Dakshina Kannada,2,Bantwal,2,PANEMANGALURU,25,SAJIPA MUDA,119,2021-2022,2,Rabi,Betel Nuts (Areca nuts),0-13-50.00,2022-01-03,,,12.8464973,75.0104808,
440673816,24,Dakshina Kannada,2,Bantwal,2,PANEMANGALURU,25,SAJIPA MUDA,119,2021-2022,2,Rabi,NA Land ,0-4-0.00,2022-01-03,,,12.8464986,75.0104942,
440672548,24,Dakshina Kannada,2,Bantwal,2,PANEMANGALURU,25,SAJIPA MUDA,119,2021-2022,2,Rabi,NA Land ,0-5-0.00,2022-01-03,,,12.8503385,75.0131762,
440672577,24,Dakshina Kannada,2,Bantwal,2,PANEMANGALURU,25,SAJIPA MUDA,119,2021-2022,2,Rabi,Fallow,0-18-0.00,2022-01-03,,,12.8503195,75.0130922,
440673027,24,Dakshina Kannada,2,Bantwal,2,PANEMANGALURU,25,SAJIPA MUDA,119,2021-2022,2,Rabi,NA Land ,0-13-0.00,2022-01-03,,,12.8498122,75.0141332,
440673037,24,Dakshina Kannada,2,Bantwal,2,PANEMANGALURU,25,SAJIPA MUDA,119,2021-2022,2,Rabi,Betel Nuts (Areca nuts),0-57-0.00,2022-01-03,,,12.8485275,75.0123665,
440673052,24,Dakshina Kannada,2,Bantwal,2,PANEMANGALURU,25,SAJIPA MUDA,119,2021-2022,2,Rabi,Fallow,0-3-0.00,2022-01-03,,,12.8484596,75.0124806,
440672609,24,Dakshina Kannada,2,Bantwal,2,PANEMANGALURU,25,SAJIPA MUDA,119,2021-2022,2,Rabi,NA Land ,0-9-0.00,2022-01-03,,,12.8498124,75.0141415,
440673019,24,Dakshina Kannada,2,Bantwal,2,PANEMANGALURU,25,SAJIPA MUDA,119,2021-2022,2,Rabi,Betel Nuts (Areca nuts),0-25-0.00,2022-01-03,,,12.8498233,75.014125,
440673021,24,Dakshina Kannada,2,Bantwal,2,PANEMANGALURU,25,SAJIPA MUDA,119,2021-2022,2,Rabi,Fallow,0-33-0.00,2022-01-03,,,12.8498494,75.0141351,
440673656,24,Dakshina Kannada,2,Bantwal,2,PANEMANGALURU,25,SAJIPA MUDA,119,2021-2022,2,Rabi,NA Land ,0-7-75.00,2022-01-03,,,12.8490523,75.009491,
440673688,24,Dakshina Kannada,2,Bantwal,2,PANEMANGALURU,25,SAJIPA MUDA,119,2021-2022,2,Rabi,Betel Nuts (Areca nuts),0-7-0.00,2022-01-03,,,12.8483733,75.0097281,
440673695,24,Dakshina Kannada,2,Bantwal,2,PANEMANGALURU,25,SAJIPA MUDA,119,2021-2022,2,Rabi,Betel Nuts (Areca nuts),0-5-0.00,2022-01-03,,,12.848316,75.0097575,
440673698,24,Dakshina Kannada,2,Bantwal,2,PANEMANGALURU,25,SAJIPA MUDA,119,2021-2022,2,Rabi,Betel Nuts (Areca nuts),0-5-0.00,2022-01-03,,,12.8483466,75.0097651,
440673703,24,Dakshina Kannada,2,Bantwal,2,PANEMANGALURU,25,SAJIPA MUDA,119,2021-2022,2,Rabi,Betel Nuts (Areca nuts),0-6-0.00,2022-01-03,,,12.8483435,75.0097546,
440673722,24,Dakshina Kannada,2,Bantwal,2,PANEMANGALURU,25,SAJIPA MUDA,119,2021-2022,2,Rabi,NA Land ,0-1-0.00,2022-01-03,,,12.8483185,75.0097362,
440676904,24,Dakshina Kannada,2,Bantwal,2,PANEMANGALURU,25,SAJIPA MUDA,119,2021-2022,2,Rabi,NA Land ,0-27-0.00,2022-01-03,,,12.8542413,75.0341815,
440677165,24,Dakshina Kannada,2,Bantwal,2,PANEMANGALURU,25,SAJIPA MUDA,119,2021-2022,2,Rabi,NA Land ,0-1-0.00,2022-01-03,,,12.8512763,75.0326772,
440677184,24,Dakshina Kannada,2,Bantwal,2,PANEMANGALURU,25,SAJIPA MUDA,119,2021-2022,2,Rabi,NA Land ,0-25-0.00,2022-01-03,,,12.8513024,75.032711,
440677267,24,Dakshina Kannada,2,Bantwal,2,PANEMANGALURU,25,SAJIPA MUDA,119,2021-2022,2,Rabi,NA Land ,0-10-0.00,2022-01-03,,,12.8512252,75.0326384,
440677067,24,Dakshina Kannada,2,Bantwal,2,PANEMANGALURU,25,SAJIPA MUDA,119,2021-2022,2,Rabi,NA Land ,0-10-0.00,2022-01-03,,,12.8513348,75.0327413,
440677098,24,Dakshina Kannada,2,Bantwal,2,PANEMANGALURU,25,SAJIPA MUDA,119,2021-2022,2,Rabi,NA Land ,0-5-0.00,2022-01-03,,,12.8512868,75.0327036,
440677305,24,Dakshina Kannada,2,Bantwal,2,PANEMANGALURU,25,SAJIPA MUDA,119,2021-2022,2,Rabi,NA Land ,0-11-50.00,2022-01-03,,,12.8512552,75.0326837,
440677115,24,Dakshina Kannada,2,Bantwal,2,PANEMANGALURU,25,SAJIPA MUDA,119,2021-2022,2,Rabi,NA Land ,0-13-0.00,2022-01-03,,,12.8512959,75.0327039,
440677180,24,Dakshina Kannada,2,Bantwal,2,PANEMANGALURU,25,SAJIPA MUDA,119,2021-2022,2,Rabi,NA Land ,0-28-0.00,2022-01-03,,,12.8511396,75.0327479,
440677189,24,Dakshina Kannada,2,Bantwal,2,PANEMANGALURU,25,SAJIPA MUDA,119,2021-2022,2,Rabi,NA Land ,0-25-0.00,2022-01-03,,,12.8513077,75.0327169,
440677272,24,Dakshina Kannada,2,Bantwal,2,PANEMANGALURU,25,SAJIPA MUDA,119,2021-2022,2,Rabi,NA Land ,0-4-0.00,2022-01-03,,,12.8512258,75.0326555,
440677126,24,Dakshina Kannada,2,Bantwal,2,PANEMANGALURU,25,SAJIPA MUDA,119,2021-2022,2,Rabi,NA Land ,0-5-0.00,2022-01-03,,,12.8513027,75.032706,
440677144,24,Dakshina Kannada,2,Bantwal,2,PANEMANGALURU,25,SAJIPA MUDA,119,2021-2022,2,Rabi,NA Land ,0-10-0.00,2022-01-03,,,12.851254,75.0326391,
440677157,24,Dakshina Kannada,2,Bantwal,2,PANEMANGALURU,25,SAJIPA MUDA,119,2021-2022,2,Rabi,NA Land ,0-2-0.00,2022-01-03,,,12.8512671,75.0326673,
440677200,24,Dakshina Kannada,2,Bantwal,2,PANEMANGALURU,25,SAJIPA MUDA,119,2021-2022,2,Rabi,NA Land ,1-60-0.00,2022-01-03,,,12.851294,75.032705,
440677220,24,Dakshina Kannada,2,Bantwal,2,PANEMANGALURU,25,SAJIPA MUDA,119,2021-2022,2,Rabi,NA Land ,0-5-0.00,2022-01-03,,,12.8512981,75.0326953,
440677224,24,Dakshina Kannada,2,Bantwal,2,PANEMANGALURU,25,SAJIPA MUDA,119,2021-2022,2,Rabi,NA Land ,0-6-0.00,2022-01-03,,,12.851293,75.032679,
440677250,24,Dakshina Kannada,2,Bantwal,2,PANEMANGALURU,25,SAJIPA MUDA,119,2021-2022,2,Rabi,NA Land ,0-9-0.00,2022-01-03,,,12.8512253,75.0326655,
440677282,24,Dakshina Kannada,2,Bantwal,2,PANEMANGALURU,25,SAJIPA MUDA,119,2021-2022,2,Rabi,Betel Nuts (Areca nuts),0-35-0.00,2022-01-03,,,12.8512202,75.0326726,
440677282,24,Dakshina Kannada,2,Bantwal,2,PANEMANGALURU,25,SAJIPA MUDA,119,2021-2022,2,Rabi,Betel Nuts (Areca nuts),0-35-0.00,2022-01-03,,,12.8512579,75.0326363,
440677081,24,Dakshina Kannada,2,Bantwal,2,PANEMANGALURU,25,SAJIPA MUDA,119,2021-2022,2,Rabi,NA Land ,0-13-0.00,2022-01-03,,,12.8512783,75.0327386,
440677150,24,Dakshina Kannada,2,Bantwal,2,PANEMANGALURU,25,SAJIPA MUDA,119,2021-2022,2,Rabi,NA Land ,0-18-0.00,2022-01-03,,,12.8512595,75.0326541,
440677194,24,Dakshina Kannada,2,Bantwal,2,PANEMANGALURU,25,SAJIPA MUDA,119,2021-2022,2,Rabi,NA Land ,0-7-50.00,2022-01-03,,,12.8513021,75.0327243,
440677208,24,Dakshina Kannada,2,Bantwal,2,PANEMANGALURU,25,SAJIPA MUDA,119,2021-2022,2,Rabi,NA Land ,0-16-0.00,2022-01-03,,,12.8512806,75.032701,
440677213,24,Dakshina Kannada,2,Bantwal,2,PANEMANGALURU,25,SAJIPA MUDA,119,2021-2022,2,Rabi,NA Land ,0-11-0.00,2022-01-03,,,12.8512873,75.0326979,
440677256,24,Dakshina Kannada,2,Bantwal,2,PANEMANGALURU,25,SAJIPA MUDA,119,2021-2022,2,Rabi,NA Land ,0-15-0.00,2022-01-03,,,12.8512251,75.0326557,
440677290,24,Dakshina Kannada,2,Bantwal,2,PANEMANGALURU,25,SAJIPA MUDA,119,2021-2022,2,Rabi,NA Land ,0-7-0.00,2022-01-03,,,12.8512548,75.0326827,
440593258,24,Dakshina Kannada,2,Bantwal,2,PANEMANGALURU,25,SAJIPA MUDA,119,2021-2022,2,Rabi,NA Land ,0-18-0.00,2022-01-02,,,12.8557151,75.0173192,
440593280,24,Dakshina Kannada,2,Bantwal,2,PANEMANGALURU,25,SAJIPA MUDA,119,2021-2022,2,Rabi,Fallow,2-7-0.00,2022-01-02,,,12.8557464,75.0170181,
440593309,24,Dakshina Kannada,2,Bantwal,2,PANEMANGALURU,25,SAJIPA MUDA,119,2021-2022,2,Rabi,NA Land ,0-11-0.00,2022-01-02,,,12.8568074,75.0169896,
440593251,24,Dakshina Kannada,2,Bantwal,2,PANEMANGALURU,25,SAJIPA MUDA,119,2021-2022,2,Rabi,Fallow,0-3-0.00,2022-01-02,,,12.8557529,75.0169571,
440593282,24,Dakshina Kannada,2,Bantwal,2,PANEMANGALURU,25,SAJIPA MUDA,119,2021-2022,2,Rabi,Fallow,0-8-0.00,2022-01-02,,,12.8557149,75.0170701,
440593287,24,Dakshina Kannada,2,Bantwal,2,PANEMANGALURU,25,SAJIPA MUDA,119,2021-2022,2,Rabi,NA Land ,0-12-50.00,2022-01-02,,,12.8566277,75.0166675,
440593292,24,Dakshina Kannada,2,Bantwal,2,PANEMANGALURU,25,SAJIPA MUDA,119,2021-2022,2,Rabi,Fallow,0-3-0.00,2022-01-02,,,12.8564073,75.0170862,
440593306,24,Dakshina Kannada,2,Bantwal,2,PANEMANGALURU,25,SAJIPA MUDA,119,2021-2022,2,Rabi,Fallow,0-28-0.00,2022-01-02,,,12.8569155,75.0169174,
440593312,24,Dakshina Kannada,2,Bantwal,2,PANEMANGALURU,25,SAJIPA MUDA,119,2021-2022,2,Rabi,Fallow,0-76-0.00,2022-01-02,,,12.856813,75.0169814,
440593346,24,Dakshina Kannada,2,Bantwal,2,PANEMANGALURU,25,SAJIPA MUDA,119,2021-2022,2,Rabi,Fallow,0-3-0.00,2022-01-02,,,12.8594404,75.0132885,
440593367,24,Dakshina Kannada,2,Bantwal,2,PANEMANGALURU,25,SAJIPA MUDA,119,2021-2022,2,Rabi,Fallow,0-10-0.00,2022-01-02,,,12.8591571,75.0136614,
440593372,24,Dakshina Kannada,2,Bantwal,2,PANEMANGALURU,25,SAJIPA MUDA,119,2021-2022,2,Rabi,Fallow,0-46-0.00,2022-01-02,,,12.8592316,75.013707,
440593333,24,Dakshina Kannada,2,Bantwal,2,PANEMANGALURU,25,SAJIPA MUDA,119,2021-2022,2,Rabi,NA Land ,0-6-0.00,2022-01-02,,,12.8572615,75.0159888,
440593337,24,Dakshina Kannada,2,Bantwal,2,PANEMANGALURU,25,SAJIPA MUDA,119,2021-2022,2,Rabi,NA Land ,0-10-0.00,2022-01-02,,,12.8574053,75.0160157,
440593359,24,Dakshina Kannada,2,Bantwal,2,PANEMANGALURU,25,SAJIPA MUDA,119,2021-2022,2,Rabi,Fallow,1-2-0.00,2022-01-02,,,12.8592378,75.0135441,
440593394,24,Dakshina Kannada,2,Bantwal,2,PANEMANGALURU,25,SAJIPA MUDA,119,2021-2022,2,Rabi,Fallow,1-0-0.00,2022-01-02,,,12.8591162,75.0137604,
440708268,24,Dakshina Kannada,2,Bantwal,2,PANEMANGALURU,25,SAJIPA MUDA,119,2021-2022,2,Rabi,Fallow,1-78-0.00,2022-01-03,,,12.8371588,75.0190738,
440708330,24,Dakshina Kannada,2,Bantwal,2,PANEMANGALURU,25,SAJIPA MUDA,119,2021-2022,2,Rabi,Fallow,0-50-0.00,2022-01-03,,,12.8371818,75.0190759,
440708351,24,Dakshina Kannada,2,Bantwal,2,PANEMANGALURU,25,SAJIPA MUDA,119,2021-2022,2,Rabi,Fallow,0-60-0.00,2022-01-03,,,12.8371641,75.0190779,
440708419,24,Dakshina Kannada,2,Bantwal,2,PANEMANGALURU,25,SAJIPA MUDA,119,2021-2022,2,Rabi,Fallow,1-60-0.00,2022-01-03,,,12.8371796,75.0190807,
440708555,24,Dakshina Kannada,2,Bantwal,2,PANEMANGALURU,25,SAJIPA MUDA,119,2021-2022,2,Rabi,Fallow,1-89-0.00,2022-01-03,,,12.8375512,75.0188385,
440708603,24,Dakshina Kannada,2,Bantwal,2,PANEMANGALURU,25,SAJIPA MUDA,119,2021-2022,2,Rabi,Fallow,0-9-0.00,2022-01-03,,,12.8375388,75.0188351,
440708674,24,Dakshina Kannada,2,Bantwal,2,PANEMANGALURU,25,SAJIPA MUDA,119,2021-2022,2,Rabi,Fallow,0-35-0.00,2022-01-03,,,12.8384477,75.0176349,
440708282,24,Dakshina Kannada,2,Bantwal,2,PANEMANGALURU,25,SAJIPA MUDA,119,2021-2022,2,Rabi,Fallow,1-66-0.00,2022-01-03,,,12.8371909,75.0190661,
440708366,24,Dakshina Kannada,2,Bantwal,2,PANEMANGALURU,25,SAJIPA MUDA,119,2021-2022,2,Rabi,Fallow,1-18-0.00,2022-01-03,,,12.8371704,75.0190984,
440708380,24,Dakshina Kannada,2,Bantwal,2,PANEMANGALURU,25,SAJIPA MUDA,119,2021-2022,2,Rabi,Fallow,0-55-0.00,2022-01-03,,,12.8371741,75.0190996,
440708408,24,Dakshina Kannada,2,Bantwal,2,PANEMANGALURU,25,SAJIPA MUDA,119,2021-2022,2,Rabi,Fallow,0-59-0.00,2022-01-03,,,12.8371789,75.0191035,
440664486,24,Dakshina Kannada,2,Bantwal,2,PANEMANGALURU,25,SAJIPA MUDA,119,2021-2022,2,Rabi,Fallow,3-53-0.00,2022-01-03,,,12.8393021,75.0389996,
440670659,24,Dakshina Kannada,2,Bantwal,2,PANEMANGALURU,25,SAJIPA MUDA,119,2021-2022,2,Rabi,Coconut,0-68-0.00,2022-01-03,,,12.8365234,75.0394752,
440670659,24,Dakshina Kannada,2,Bantwal,2,PANEMANGALURU,25,SAJIPA MUDA,119,2021-2022,2,Rabi,Coconut,0-68-0.00,2022-01-03,,,12.8365172,75.0395128,
440670659,24,Dakshina Kannada,2,Bantwal,2,PANEMANGALURU,25,SAJIPA MUDA,119,2021-2022,2,Rabi,Betel Nuts (Areca nuts),1-0-0.00,2022-01-03,,,12.8365497,75.0395164,
440670659,24,Dakshina Kannada,2,Bantwal,2,PANEMANGALURU,25,SAJIPA MUDA,119,2021-2022,2,Rabi,Betel Nuts (Areca nuts),1-0-0.00,2022-01-03,,,12.8365548,75.0395164,
440664485,24,Dakshina Kannada,2,Bantwal,2,PANEMANGALURU,25,SAJIPA MUDA,119,2021-2022,2,Rabi,Fallow,0-52-0.00,2022-01-03,,,12.8393,75.0389798,
440665147,24,Dakshina Kannada,2,Bantwal,2,PANEMANGALURU,25,SAJIPA MUDA,119,2021-2022,2,Rabi,Fallow,1-76-0.00,2022-01-03,,,12.8379702,75.0379385,
440665965,24,Dakshina Kannada,2,Bantwal,2,PANEMANGALURU,25,SAJIPA MUDA,119,2021-2022,2,Rabi,Fallow,0-25-0.00,2022-01-03,,,12.8371608,75.0371524,
440665973,24,Dakshina Kannada,2,Bantwal,2,PANEMANGALURU,25,SAJIPA MUDA,119,2021-2022,2,Rabi,Fallow,1-0-0.00,2022-01-03,,,12.8371885,75.0371112,
440659694,24,Dakshina Kannada,2,Bantwal,2,PANEMANGALURU,25,SAJIPA MUDA,119,2021-2022,2,Rabi,NA Land ,0-10-0.00,2022-01-03,,,12.8403913,75.0389358,
440670653,24,Dakshina Kannada,2,Bantwal,2,PANEMANGALURU,25,SAJIPA MUDA,119,2021-2022,2,Rabi,Fallow,5-51-0.00,2022-01-03,,,12.8365274,75.0394164,
440664490,24,Dakshina Kannada,2,Bantwal,2,PANEMANGALURU,25,SAJIPA MUDA,119,2021-2022,2,Rabi,Fallow,0-43-0.00,2022-01-03,,,12.8392735,75.0390299,
440664490,24,Dakshina Kannada,2,Bantwal,2,PANEMANGALURU,25,SAJIPA MUDA,119,2021-2022,2,Rabi,Coconut,1-0-0.00,2022-01-03,,,12.8392693,75.039033,
440664490,24,Dakshina Kannada,2,Bantwal,2,PANEMANGALURU,25,SAJIPA MUDA,119,2021-2022,2,Rabi,Coconut,1-0-0.00,2022-01-03,,,12.8390449,75.0389618,
440665956,24,Dakshina Kannada,2,Bantwal,2,PANEMANGALURU,25,SAJIPA MUDA,119,2021-2022,2,Rabi,Fallow,2-2-0.00,2022-01-03,,,12.8373707,75.0375323,
440670648,24,Dakshina Kannada,2,Bantwal,2,PANEMANGALURU,25,SAJIPA MUDA,119,2021-2022,2,Rabi,Fallow,0-1-0.00,2022-01-03,,,12.8359214,75.0397609,
440670652,24,Dakshina Kannada,2,Bantwal,2,PANEMANGALURU,25,SAJIPA MUDA,119,2021-2022,2,Rabi,Fallow,0-10-0.00,2022-01-03,,,12.8366684,75.0400348,
440659666,24,Dakshina Kannada,2,Bantwal,2,PANEMANGALURU,25,SAJIPA MUDA,119,2021-2022,2,Rabi,NA Land ,0-5-0.00,2022-01-03,,,12.8406849,75.0387819,
440659690,24,Dakshina Kannada,2,Bantwal,2,PANEMANGALURU,25,SAJIPA MUDA,119,2021-2022,2,Rabi,NA Land ,0-10-0.00,2022-01-03,,,12.8403313,75.038951,
440659713,24,Dakshina Kannada,2,Bantwal,2,PANEMANGALURU,25,SAJIPA MUDA,119,2021-2022,2,Rabi,Fallow,1-24-0.00,2022-01-03,,,12.8403568,75.0389408,
440671928,24,Dakshina Kannada,2,Bantwal,2,PANEMANGALURU,25,SAJIPA MUDA,119,2021-2022,2,Rabi,Fallow,3-84-0.00,2022-01-03,,,12.8503843,75.0132521,
440671944,24,Dakshina Kannada,2,Bantwal,2,PANEMANGALURU,25,SAJIPA MUDA,119,2021-2022,2,Rabi,Fallow,1-8-0.00,2022-01-03,,,12.8503946,75.0132231,
440671930,24,Dakshina Kannada,2,Bantwal,2,PANEMANGALURU,25,SAJIPA MUDA,119,2021-2022,2,Rabi,Betel Nuts (Areca nuts),0-52-0.00,2022-01-03,,,12.850415,75.0132483,
440671949,24,Dakshina Kannada,2,Bantwal,2,PANEMANGALURU,25,SAJIPA MUDA,119,2021-2022,2,Rabi,NA Land ,0-10-50.00,2022-01-03,,,12.8504122,75.0132548,
440671953,24,Dakshina Kannada,2,Bantwal,2,PANEMANGALURU,25,SAJIPA MUDA,119,2021-2022,2,Rabi,Fallow,1-60-0.00,2022-01-03,,,12.8504228,75.0132389,
440671973,24,Dakshina Kannada,2,Bantwal,2,PANEMANGALURU,25,SAJIPA MUDA,119,2021-2022,2,Rabi,NA Land ,0-3-0.00,2022-01-03,,,12.8504484,75.0132342,
440671965,24,Dakshina Kannada,2,Bantwal,2,PANEMANGALURU,25,SAJIPA MUDA,119,2021-2022,2,Rabi,NA Land ,0-3-0.00,2022-01-03,,,12.8504121,75.0132145,
440672011,24,Dakshina Kannada,2,Bantwal,2,PANEMANGALURU,25,SAJIPA MUDA,119,2021-2022,2,Rabi,Betel Nuts (Areca nuts),0-94-50.00,2022-01-03,,,12.8503569,75.0131933,
440672011,24,Dakshina Kannada,2,Bantwal,2,PANEMANGALURU,25,SAJIPA MUDA,119,2021-2022,2,Rabi,Coconut,0-15-0.00,2022-01-03,,,12.8504117,75.0132233,
440672264,24,Dakshina Kannada,2,Bantwal,2,PANEMANGALURU,25,SAJIPA MUDA,119,2021-2022,2,Rabi,Fallow,1-52-0.00,2022-01-03,,,12.8503923,75.0131949,
440672268,24,Dakshina Kannada,2,Bantwal,2,PANEMANGALURU,25,SAJIPA MUDA,119,2021-2022,2,Rabi,Fallow,0-97-0.00,2022-01-03,,,12.8503801,75.0131863,
440672298,24,Dakshina Kannada,2,Bantwal,2,PANEMANGALURU,25,SAJIPA MUDA,119,2021-2022,2,Rabi,NA Land ,0-11-0.00,2022-01-03,,,12.8504373,75.0132198,
440672302,24,Dakshina Kannada,2,Bantwal,2,PANEMANGALURU,25,SAJIPA MUDA,119,2021-2022,2,Rabi,Fallow,0-17-50.00,2022-01-03,,,12.8504374,75.0132515,
440672524,24,Dakshina Kannada,2,Bantwal,2,PANEMANGALURU,25,SAJIPA MUDA,119,2021-2022,2,Rabi,Fallow,0-49-0.00,2022-01-03,,,12.8504119,75.0131952,
440672567,24,Dakshina Kannada,2,Bantwal,2,PANEMANGALURU,25,SAJIPA MUDA,119,2021-2022,2,Rabi,Fallow,0-34-50.00,2022-01-03,,,12.8502929,75.0131194,
440672260,24,Dakshina Kannada,2,Bantwal,2,PANEMANGALURU,25,SAJIPA MUDA,119,2021-2022,2,Rabi,Fallow,0-8-0.00,2022-01-03,,,12.850356,75.0132087,
440672295,24,Dakshina Kannada,2,Bantwal,2,PANEMANGALURU,25,SAJIPA MUDA,119,2021-2022,2,Rabi,Fallow,0-48-0.00,2022-01-03,,,12.8504368,75.0132296,
440672323,24,Dakshina Kannada,2,Bantwal,2,PANEMANGALURU,25,SAJIPA MUDA,119,2021-2022,2,Rabi,Fallow,2-39-0.00,2022-01-03,,,12.8504353,75.0130986,
440672537,24,Dakshina Kannada,2,Bantwal,2,PANEMANGALURU,25,SAJIPA MUDA,119,2021-2022,2,Rabi,NA Land ,0-11-0.00,2022-01-03,,,12.8504139,75.0132348,
440672541,24,Dakshina Kannada,2,Bantwal,2,PANEMANGALURU,25,SAJIPA MUDA,119,2021-2022,2,Rabi,NA Land ,0-20-0.00,2022-01-03,,,12.8503814,75.0132323,
440672594,24,Dakshina Kannada,2,Bantwal,2,PANEMANGALURU,25,SAJIPA MUDA,119,2021-2022,2,Rabi,NA Land ,0-4-0.00,2022-01-03,,,12.8498297,75.0141504,
440673025,24,Dakshina Kannada,2,Bantwal,2,PANEMANGALURU,25,SAJIPA MUDA,119,2021-2022,2,Rabi,Betel Nuts (Areca nuts),0-45-0.00,2022-01-03,,,12.8498433,75.0141383,
440673034,24,Dakshina Kannada,2,Bantwal,2,PANEMANGALURU,25,SAJIPA MUDA,119,2021-2022,2,Rabi,Betel Nuts (Areca nuts),0-47-0.00,2022-01-03,,,12.8486984,75.0123375,
440673627,24,Dakshina Kannada,2,Bantwal,2,PANEMANGALURU,25,SAJIPA MUDA,119,2021-2022,2,Rabi,NA Land ,0-11-0.00,2022-01-03,,,12.8491178,75.0094973,
440673633,24,Dakshina Kannada,2,Bantwal,2,PANEMANGALURU,25,SAJIPA MUDA,119,2021-2022,2,Rabi,NA Land ,0-13-0.00,2022-01-03,,,12.8490938,75.0094977,
440673639,24,Dakshina Kannada,2,Bantwal,2,PANEMANGALURU,25,SAJIPA MUDA,119,2021-2022,2,Rabi,NA Land ,0-7-0.00,2022-01-03,,,12.8489984,75.0094501,
440673684,24,Dakshina Kannada,2,Bantwal,2,PANEMANGALURU,25,SAJIPA MUDA,119,2021-2022,2,Rabi,Fallow,0-6-0.00,2022-01-03,,,12.8483638,75.0097544,
440673718,24,Dakshina Kannada,2,Bantwal,2,PANEMANGALURU,25,SAJIPA MUDA,119,2021-2022,2,Rabi,NA Land ,0-1-0.00,2022-01-03,,,12.8483205,75.0097411,
440673750,24,Dakshina Kannada,2,Bantwal,2,PANEMANGALURU,25,SAJIPA MUDA,119,2021-2022,2,Rabi,Betel Nuts (Areca nuts),0-14-0.00,2022-01-03,,,12.8465062,75.0104718,
440673777,24,Dakshina Kannada,2,Bantwal,2,PANEMANGALURU,25,SAJIPA MUDA,119,2021-2022,2,Rabi,Betel Nuts (Areca nuts),0-11-25.00,2022-01-03,,,12.8465033,75.0104812,
440673789,24,Dakshina Kannada,2,Bantwal,2,PANEMANGALURU,25,SAJIPA MUDA,119,2021-2022,2,Rabi,Betel Nuts (Areca nuts),0-23-0.00,2022-01-03,,,12.8464819,75.0104691,
440673931,24,Dakshina Kannada,2,Bantwal,2,PANEMANGALURU,25,SAJIPA MUDA,119,2021-2022,2,Rabi,Rubber,0-23-0.00,2022-01-03,,,12.8458147,75.0108701,
440677058,24,Dakshina Kannada,2,Bantwal,2,PANEMANGALURU,25,SAJIPA MUDA,119,2021-2022,2,Rabi,NA Land ,0-2-0.00,2022-01-03,,,12.8542681,75.0341912,
440677090,24,Dakshina Kannada,2,Bantwal,2,PANEMANGALURU,25,SAJIPA MUDA,119,2021-2022,2,Rabi,NA Land ,0-3-0.00,2022-01-03,,,12.8512851,75.0327297,
440677138,24,Dakshina Kannada,2,Bantwal,2,PANEMANGALURU,25,SAJIPA MUDA,119,2021-2022,2,Rabi,NA Land ,0-6-0.00,2022-01-03,,,12.8512084,75.0326039,
440677172,24,Dakshina Kannada,2,Bantwal,2,PANEMANGALURU,25,SAJIPA MUDA,119,2021-2022,2,Rabi,Coconut,0-12-0.00,2022-01-03,,,12.8512838,75.0326833,
440677172,24,Dakshina Kannada,2,Bantwal,2,PANEMANGALURU,25,SAJIPA MUDA,119,2021-2022,2,Rabi,Coconut,0-12-0.00,2022-01-03,,,12.851278,75.0326895,
440677238,24,Dakshina Kannada,2,Bantwal,2,PANEMANGALURU,25,SAJIPA MUDA,119,2021-2022,2,Rabi,NA Land ,0-10-0.00,2022-01-03,,,12.8511752,75.0326308,
440677246,24,Dakshina Kannada,2,Bantwal,2,PANEMANGALURU,25,SAJIPA MUDA,119,2021-2022,2,Rabi,NA Land ,0-12-0.00,2022-01-03,,,12.8511849,75.0326423,
440677286,24,Dakshina Kannada,2,Bantwal,2,PANEMANGALURU,25,SAJIPA MUDA,119,2021-2022,2,Rabi,Betel Nuts (Areca nuts),0-23-0.00,2022-01-03,,,12.8512549,75.0326773,
440677286,24,Dakshina Kannada,2,Bantwal,2,PANEMANGALURU,25,SAJIPA MUDA,119,2021-2022,2,Rabi,Betel Nuts (Areca nuts),0-23-0.00,2022-01-03,,,12.8512561,75.0326814,
440677203,24,Dakshina Kannada,2,Bantwal,2,PANEMANGALURU,25,SAJIPA MUDA,119,2021-2022,2,Rabi,Betel Nuts (Areca nuts),0-25-0.00,2022-01-03,,,12.8512836,75.0326965,
440677203,24,Dakshina Kannada,2,Bantwal,2,PANEMANGALURU,25,SAJIPA MUDA,119,2021-2022,2,Rabi,Betel Nuts (Areca nuts),0-25-0.00,2022-01-03,,,12.851284,75.0326942,
440677228,24,Dakshina Kannada,2,Bantwal,2,PANEMANGALURU,25,SAJIPA MUDA,119,2021-2022,2,Rabi,NA Land ,0-30-0.00,2022-01-03,,,12.8512921,75.0326946,
440677277,24,Dakshina Kannada,2,Bantwal,2,PANEMANGALURU,25,SAJIPA MUDA,119,2021-2022,2,Rabi,NA Land ,0-5-0.00,2022-01-03,,,12.8512158,75.0326437,
440677108,24,Dakshina Kannada,2,Bantwal,2,PANEMANGALURU,25,SAJIPA MUDA,119,2021-2022,2,Rabi,NA Land ,0-17-0.00,2022-01-03,,,12.8512925,75.0327045,
440677132,24,Dakshina Kannada,2,Bantwal,2,PANEMANGALURU,25,SAJIPA MUDA,119,2021-2022,2,Rabi,NA Land ,0-6-0.00,2022-01-03,,,12.8513055,75.0327053,
440699530,24,Dakshina Kannada,2,Bantwal,2,PANEMANGALURU,25,SAJIPA MUDA,119,2021-2022,2,Rabi,NA Land ,0-27-0.00,2022-01-03,,,12.8569009,75.0076184,
440699551,24,Dakshina Kannada,2,Bantwal,2,PANEMANGALURU,25,SAJIPA MUDA,119,2021-2022,2,Rabi,Fallow,1-13-0.00,2022-01-03,,,12.8563997,75.0070354,
440677233,24,Dakshina Kannada,2,Bantwal,2,PANEMANGALURU,25,SAJIPA MUDA,119,2021-2022,2,Rabi,NA Land ,0-10-0.00,2022-01-03,,,12.8512843,75.0326902,
440677243,24,Dakshina Kannada,2,Bantwal,2,PANEMANGALURU,25,SAJIPA MUDA,119,2021-2022,2,Rabi,NA Land ,0-5-0.00,2022-01-03,,,12.8511442,75.0326612,
440677261,24,Dakshina Kannada,2,Bantwal,2,PANEMANGALURU,25,SAJIPA MUDA,119,2021-2022,2,Rabi,Betel Nuts (Areca nuts),0-48-0.00,2022-01-03,,,12.8512281,75.0327485,
440677261,24,Dakshina Kannada,2,Bantwal,2,PANEMANGALURU,25,SAJIPA MUDA,119,2021-2022,2,Rabi,Betel Nuts (Areca nuts),0-48-0.00,2022-01-03,,,12.8511752,75.0325853,
440677299,24,Dakshina Kannada,2,Bantwal,2,PANEMANGALURU,25,SAJIPA MUDA,119,2021-2022,2,Rabi,NA Land ,0-17-0.00,2022-01-03,,,12.851262,75.0326774,
440699528,24,Dakshina Kannada,2,Bantwal,2,PANEMANGALURU,25,SAJIPA MUDA,119,2021-2022,2,Rabi,Fallow,1-13-0.00,2022-01-03,,,12.8568799,75.0077219,
440699538,24,Dakshina Kannada,2,Bantwal,2,PANEMANGALURU,25,SAJIPA MUDA,119,2021-2022,2,Rabi,NA Land ,0-15-0.00,2022-01-03,,,12.8566765,75.0074001,
440699559,24,Dakshina Kannada,2,Bantwal,2,PANEMANGALURU,25,SAJIPA MUDA,119,2021-2022,2,Rabi,Fallow,1-44-0.00,2022-01-03,,,12.8565691,75.0065402,
440699545,24,Dakshina Kannada,2,Bantwal,2,PANEMANGALURU,25,SAJIPA MUDA,119,2021-2022,2,Rabi,Fallow,0-27-0.00,2022-01-03,,,12.8564093,75.0068441,
440676813,24,Dakshina Kannada,2,Bantwal,2,PANEMANGALURU,25,SAJIPA MUDA,119,2021-2022,2,Rabi,NA Land ,0-8-0.00,2022-01-03,,,12.8542844,75.034196,
440676859,24,Dakshina Kannada,2,Bantwal,2,PANEMANGALURU,25,SAJIPA MUDA,119,2021-2022,2,Rabi,NA Land ,0-10-0.00,2022-01-03,,,12.8542312,75.0341782,
440676868,24,Dakshina Kannada,2,Bantwal,2,PANEMANGALURU,25,SAJIPA MUDA,119,2021-2022,2,Rabi,NA Land ,0-7-0.00,2022-01-03,,,12.8543294,75.0341461,
440676886,24,Dakshina Kannada,2,Bantwal,2,PANEMANGALURU,25,SAJIPA MUDA,119,2021-2022,2,Rabi,NA Land ,0-3-0.00,2022-01-03,,,12.8542123,75.034168,
440676856,24,Dakshina Kannada,2,Bantwal,2,PANEMANGALURU,25,SAJIPA MUDA,119,2021-2022,2,Rabi,NA Land ,0-46-0.00,2022-01-03,,,12.8543052,75.0341858,
440677076,24,Dakshina Kannada,2,Bantwal,2,PANEMANGALURU,25,SAJIPA MUDA,119,2021-2022,2,Rabi,NA Land ,0-10-0.00,2022-01-03,,,12.8512819,75.0327384,
440676483,24,Dakshina Kannada,2,Bantwal,2,PANEMANGALURU,25,SAJIPA MUDA,119,2021-2022,2,Rabi,Fallow,0-58-0.00,2022-01-03,,,12.8363237,75.036248,
440676616,24,Dakshina Kannada,2,Bantwal,2,PANEMANGALURU,25,SAJIPA MUDA,119,2021-2022,2,Rabi,Betel Nuts (Areca nuts),0-99-50.00,2022-01-03,,,12.8508245,75.0341238,
440676616,24,Dakshina Kannada,2,Bantwal,2,PANEMANGALURU,25,SAJIPA MUDA,119,2021-2022,2,Rabi,Betel Nuts (Areca nuts),0-99-50.00,2022-01-03,,,12.8508616,75.0341166,
440676722,24,Dakshina Kannada,2,Bantwal,2,PANEMANGALURU,25,SAJIPA MUDA,119,2021-2022,2,Rabi,NA Land ,0-8-25.00,2022-01-03,,,12.8516319,75.0335219,
440676743,24,Dakshina Kannada,2,Bantwal,2,PANEMANGALURU,25,SAJIPA MUDA,119,2021-2022,2,Rabi,NA Land ,0-3-50.00,2022-01-03,,,12.8516492,75.0335456,
440676748,24,Dakshina Kannada,2,Bantwal,2,PANEMANGALURU,25,SAJIPA MUDA,119,2021-2022,2,Rabi,NA Land ,0-6-0.00,2022-01-03,,,12.8516369,75.0335902,
440676612,24,Dakshina Kannada,2,Bantwal,2,PANEMANGALURU,25,SAJIPA MUDA,119,2021-2022,2,Rabi,Banana ,0-7-0.00,2022-01-03,July,5th week,12.8508343,75.0341209,
440676624,24,Dakshina Kannada,2,Bantwal,2,PANEMANGALURU,25,SAJIPA MUDA,119,2021-2022,2,Rabi,NA Land ,0-5-0.00,2022-01-03,,,12.850857,75.0341176,
440676668,24,Dakshina Kannada,2,Bantwal,2,PANEMANGALURU,25,SAJIPA MUDA,119,2021-2022,2,Rabi,NA Land ,0-5-0.00,2022-01-03,,,12.8518037,75.0337311,
440676466,24,Dakshina Kannada,2,Bantwal,2,PANEMANGALURU,25,SAJIPA MUDA,119,2021-2022,2,Rabi,Fallow,0-91-0.00,2022-01-03,,,12.8363509,75.0363773,
440676764,24,Dakshina Kannada,2,Bantwal,2,PANEMANGALURU,25,SAJIPA MUDA,119,2021-2022,2,Rabi,NA Land ,0-29-0.00,2022-01-03,,,12.851666,75.0334919,
440676783,24,Dakshina Kannada,2,Bantwal,2,PANEMANGALURU,25,SAJIPA MUDA,119,2021-2022,2,Rabi,NA Land ,0-6-50.00,2022-01-03,,,12.8516622,75.0335212,
440676799,24,Dakshina Kannada,2,Bantwal,2,PANEMANGALURU,25,SAJIPA MUDA,119,2021-2022,2,Rabi,Coconut,0-82-0.00,2022-01-03,,,12.8516602,75.0335813,
440676799,24,Dakshina Kannada,2,Bantwal,2,PANEMANGALURU,25,SAJIPA MUDA,119,2021-2022,2,Rabi,Coconut,0-82-0.00,2022-01-03,,,12.8516609,75.0335852,
440676714,24,Dakshina Kannada,2,Bantwal,2,PANEMANGALURU,25,SAJIPA MUDA,119,2021-2022,2,Rabi,NA Land ,0-7-0.00,2022-01-03,,,12.8517269,75.0338112,
440676719,24,Dakshina Kannada,2,Bantwal,2,PANEMANGALURU,25,SAJIPA MUDA,119,2021-2022,2,Rabi,NA Land ,0-1-0.00,2022-01-03,,,12.8517049,75.0336723,
440676730,24,Dakshina Kannada,2,Bantwal,2,PANEMANGALURU,25,SAJIPA MUDA,119,2021-2022,2,Rabi,NA Land ,0-4-75.00,2022-01-03,,,12.8516335,75.0335938,
440676736,24,Dakshina Kannada,2,Bantwal,2,PANEMANGALURU,25,SAJIPA MUDA,119,2021-2022,2,Rabi,NA Land ,0-9-0.00,2022-01-03,,,12.8516434,75.033602,
440676770,24,Dakshina Kannada,2,Bantwal,2,PANEMANGALURU,25,SAJIPA MUDA,119,2021-2022,2,Rabi,NA Land ,0-7-50.00,2022-01-03,,,12.8516675,75.0334838,
440676811,24,Dakshina Kannada,2,Bantwal,2,PANEMANGALURU,25,SAJIPA MUDA,119,2021-2022,2,Rabi,NA Land ,0-6-0.00,2022-01-03,,,12.8542285,75.0341823,
440676815,24,Dakshina Kannada,2,Bantwal,2,PANEMANGALURU,25,SAJIPA MUDA,119,2021-2022,2,Rabi,NA Land ,0-19-0.00,2022-01-03,,,12.8542576,75.0341885,
440676816,24,Dakshina Kannada,2,Bantwal,2,PANEMANGALURU,25,SAJIPA MUDA,119,2021-2022,2,Rabi,NA Land ,0-69-0.00,2022-01-03,,,12.8542761,75.0341882,
440676842,24,Dakshina Kannada,2,Bantwal,2,PANEMANGALURU,25,SAJIPA MUDA,119,2021-2022,2,Rabi,NA Land ,0-5-0.00,2022-01-03,,,12.8542869,75.0341842,
440676844,24,Dakshina Kannada,2,Bantwal,2,PANEMANGALURU,25,SAJIPA MUDA,119,2021-2022,2,Rabi,Fallow,0-10-50.00,2022-01-03,,,12.8542124,75.0341777,
440676853,24,Dakshina Kannada,2,Bantwal,2,PANEMANGALURU,25,SAJIPA MUDA,119,2021-2022,2,Rabi,NA Land ,0-3-0.00,2022-01-03,,,12.8542814,75.0341837,
440676785,24,Dakshina Kannada,2,Bantwal,2,PANEMANGALURU,25,SAJIPA MUDA,119,2021-2022,2,Rabi,NA Land ,0-6-0.00,2022-01-03,,,12.8516628,75.0335228,
440676787,24,Dakshina Kannada,2,Bantwal,2,PANEMANGALURU,25,SAJIPA MUDA,119,2021-2022,2,Rabi,NA Land ,0-14-0.00,2022-01-03,,,12.8516598,75.0335214,
440676789,24,Dakshina Kannada,2,Bantwal,2,PANEMANGALURU,25,SAJIPA MUDA,119,2021-2022,2,Rabi,NA Land ,0-4-0.00,2022-01-03,,,12.8516564,75.0335213,
440676850,24,Dakshina Kannada,2,Bantwal,2,PANEMANGALURU,25,SAJIPA MUDA,119,2021-2022,2,Rabi,NA Land ,0-44-0.00,2022-01-03,,,12.854238,75.03417,
440676862,24,Dakshina Kannada,2,Bantwal,2,PANEMANGALURU,25,SAJIPA MUDA,119,2021-2022,2,Rabi,NA Land ,0-6-0.00,2022-01-03,,,12.8542611,75.0341568,
440676865,24,Dakshina Kannada,2,Bantwal,2,PANEMANGALURU,25,SAJIPA MUDA,119,2021-2022,2,Rabi,NA Land ,0-38-0.00,2022-01-03,,,12.8543349,75.0341523,
440676877,24,Dakshina Kannada,2,Bantwal,2,PANEMANGALURU,25,SAJIPA MUDA,119,2021-2022,2,Rabi,NA Land ,0-6-0.00,2022-01-03,,,12.8542551,75.0341559,
440676883,24,Dakshina Kannada,2,Bantwal,2,PANEMANGALURU,25,SAJIPA MUDA,119,2021-2022,2,Rabi,NA Land ,0-5-0.00,2022-01-03,,,12.8541944,75.0341794,
440676671,24,Dakshina Kannada,2,Bantwal,2,PANEMANGALURU,25,SAJIPA MUDA,119,2021-2022,2,Rabi,NA Land ,0-11-0.00,2022-01-03,,,12.8516864,75.0337948,
440676896,24,Dakshina Kannada,2,Bantwal,2,PANEMANGALURU,25,SAJIPA MUDA,119,2021-2022,2,Rabi,NA Land ,0-21-0.00,2022-01-03,,,12.854266,75.034151,
440676711,24,Dakshina Kannada,2,Bantwal,2,PANEMANGALURU,25,SAJIPA MUDA,119,2021-2022,2,Rabi,NA Land ,0-4-0.00,2022-01-03,,,12.8517239,75.0338098,
440676725,24,Dakshina Kannada,2,Bantwal,2,PANEMANGALURU,25,SAJIPA MUDA,119,2021-2022,2,Rabi,NA Land ,0-6-0.00,2022-01-03,,,12.8517128,75.0335651,
440676803,24,Dakshina Kannada,2,Bantwal,2,PANEMANGALURU,25,SAJIPA MUDA,119,2021-2022,2,Rabi,NA Land ,0-5-0.00,2022-01-03,,,12.8516631,75.0335927,
440676818,24,Dakshina Kannada,2,Bantwal,2,PANEMANGALURU,25,SAJIPA MUDA,119,2021-2022,2,Rabi,Coconut,0-36-0.00,2022-01-03,,,12.8543286,75.034221,
440676459,24,Dakshina Kannada,2,Bantwal,2,PANEMANGALURU,25,SAJIPA MUDA,119,2021-2022,2,Rabi,Fallow,0-21-0.00,2022-01-03,,,12.8363521,75.0363429,
440676476,24,Dakshina Kannada,2,Bantwal,2,PANEMANGALURU,25,SAJIPA MUDA,119,2021-2022,2,Rabi,Fallow,0-5-0.00,2022-01-03,,,12.8363334,75.0363786,
440676477,24,Dakshina Kannada,2,Bantwal,2,PANEMANGALURU,25,SAJIPA MUDA,119,2021-2022,2,Rabi,Fallow,0-32-0.00,2022-01-03,,,12.8363215,75.0362676,
440676818,24,Dakshina Kannada,2,Bantwal,2,PANEMANGALURU,25,SAJIPA MUDA,119,2021-2022,2,Rabi,Coconut,0-36-0.00,2022-01-03,,,12.8543334,75.0342241,
440676824,24,Dakshina Kannada,2,Bantwal,2,PANEMANGALURU,25,SAJIPA MUDA,119,2021-2022,2,Rabi,NA Land ,0-40-0.00,2022-01-03,,,12.8543022,75.034166,
440676870,24,Dakshina Kannada,2,Bantwal,2,PANEMANGALURU,25,SAJIPA MUDA,119,2021-2022,2,Rabi,NA Land ,0-10-0.00,2022-01-03,,,12.8543141,75.0341481,
440676899,24,Dakshina Kannada,2,Bantwal,2,PANEMANGALURU,25,SAJIPA MUDA,119,2021-2022,2,Rabi,Coconut,0-20-0.00,2022-01-03,,,12.8542644,75.0341604,
440676899,24,Dakshina Kannada,2,Bantwal,2,PANEMANGALURU,25,SAJIPA MUDA,119,2021-2022,2,Rabi,Coconut,0-20-0.00,2022-01-03,,,12.8542619,75.0341616,
440540049,24,Dakshina Kannada,2,Bantwal,2,PANEMANGALURU,25,SAJIPA MUDA,119,2021-2022,2,Rabi,NA Land ,0-2-75.00,2021-12-31,,,12.8592088,75.0107024,
440540053,24,Dakshina Kannada,2,Bantwal,2,PANEMANGALURU,25,SAJIPA MUDA,119,2021-2022,2,Rabi,NA Land ,0-2-75.00,2021-12-31,,,12.8595841,75.0112027,
440540054,24,Dakshina Kannada,2,Bantwal,2,PANEMANGALURU,25,SAJIPA MUDA,119,2021-2022,2,Rabi,NA Land ,0-2-75.00,2021-12-31,,,12.8596545,75.0111679,
440540064,24,Dakshina Kannada,2,Bantwal,2,PANEMANGALURU,25,SAJIPA MUDA,119,2021-2022,2,Rabi,Fallow,0-72-0.00,2022-01-01,,,12.856883,75.01129,
440540083,24,Dakshina Kannada,2,Bantwal,2,PANEMANGALURU,25,SAJIPA MUDA,119,2021-2022,2,Rabi,Fallow,0-8-0.00,2022-01-01,,,12.8575669,75.0105621,
440708692,24,Dakshina Kannada,2,Bantwal,2,PANEMANGALURU,25,SAJIPA MUDA,119,2021-2022,2,Rabi,Fallow,1-22-0.00,2022-01-03,,,12.8437518,75.0062193,
440708801,24,Dakshina Kannada,2,Bantwal,2,PANEMANGALURU,25,SAJIPA MUDA,119,2021-2022,2,Rabi,Fallow,0-35-0.00,2022-01-03,,,12.8437667,75.0062355,
440708815,24,Dakshina Kannada,2,Bantwal,2,PANEMANGALURU,25,SAJIPA MUDA,119,2021-2022,2,Rabi,Fallow,0-54-0.00,2022-01-03,,,12.8437734,75.0062297,
440708898,24,Dakshina Kannada,2,Bantwal,2,PANEMANGALURU,25,SAJIPA MUDA,119,2021-2022,2,Rabi,Fallow,0-71-0.00,2022-01-03,,,12.8437584,75.00625,
440708965,24,Dakshina Kannada,2,Bantwal,2,PANEMANGALURU,25,SAJIPA MUDA,119,2021-2022,2,Rabi,Fallow,0-50-0.00,2022-01-03,,,12.8408628,75.0082147,
440709021,24,Dakshina Kannada,2,Bantwal,2,PANEMANGALURU,25,SAJIPA MUDA,119,2021-2022,2,Rabi,Fallow,0-70-0.00,2022-01-03,,,12.840884,75.0082209,
440709057,24,Dakshina Kannada,2,Bantwal,2,PANEMANGALURU,25,SAJIPA MUDA,119,2021-2022,2,Rabi,Fallow,0-33-0.00,2022-01-03,,,12.8424686,75.0083382,
440709092,24,Dakshina Kannada,2,Bantwal,2,PANEMANGALURU,25,SAJIPA MUDA,119,2021-2022,2,Rabi,Fallow,1-0-0.00,2022-01-03,,,12.8420889,75.0101381,
440709116,24,Dakshina Kannada,2,Bantwal,2,PANEMANGALURU,25,SAJIPA MUDA,119,2021-2022,2,Rabi,Fallow,0-41-0.00,2022-01-03,,,12.8421028,75.0101277,
440709148,24,Dakshina Kannada,2,Bantwal,2,PANEMANGALURU,25,SAJIPA MUDA,119,2021-2022,2,Rabi,Fallow,3-71-0.00,2022-01-03,,,12.8448548,75.0150572,
440709166,24,Dakshina Kannada,2,Bantwal,2,PANEMANGALURU,25,SAJIPA MUDA,119,2021-2022,2,Rabi,Fallow,5-28-0.00,2022-01-03,,,12.8445469,75.0152232,
440709174,24,Dakshina Kannada,2,Bantwal,2,PANEMANGALURU,25,SAJIPA MUDA,119,2021-2022,2,Rabi,Fallow,0-76-0.00,2022-01-03,,,12.8445515,75.0151778,
440709200,24,Dakshina Kannada,2,Bantwal,2,PANEMANGALURU,25,SAJIPA MUDA,119,2021-2022,2,Rabi,Fallow,0-23-0.00,2022-01-03,,,12.8445474,75.0151745,
440709228,24,Dakshina Kannada,2,Bantwal,2,PANEMANGALURU,25,SAJIPA MUDA,119,2021-2022,2,Rabi,Fallow,0-16-50.00,2022-01-03,,,12.8445882,75.015266,
440709337,24,Dakshina Kannada,2,Bantwal,2,PANEMANGALURU,25,SAJIPA MUDA,119,2021-2022,2,Rabi,NA Land ,0-12-0.00,2022-01-03,,,12.8459353,75.0351032,
440709370,24,Dakshina Kannada,2,Bantwal,2,PANEMANGALURU,25,SAJIPA MUDA,119,2021-2022,2,Rabi,Fallow,0-87-0.00,2022-01-03,,,12.8447683,75.01614,
440709389,24,Dakshina Kannada,2,Bantwal,2,PANEMANGALURU,25,SAJIPA MUDA,119,2021-2022,2,Rabi,NA Land ,0-10-0.00,2022-01-03,,,12.8456889,75.0368903,
440709418,24,Dakshina Kannada,2,Bantwal,2,PANEMANGALURU,25,SAJIPA MUDA,119,2021-2022,2,Rabi,Fallow,1-77-0.00,2022-01-03,,,12.8448162,75.0161151,
440709467,24,Dakshina Kannada,2,Bantwal,2,PANEMANGALURU,25,SAJIPA MUDA,119,2021-2022,2,Rabi,NA Land ,0-45-0.00,2022-01-03,,,12.8455625,75.0368698,
440709483,24,Dakshina Kannada,2,Bantwal,2,PANEMANGALURU,25,SAJIPA MUDA,119,2021-2022,2,Rabi,NA Land ,0-33-0.00,2022-01-03,,,12.8455446,75.0368819,
440709211,24,Dakshina Kannada,2,Bantwal,2,PANEMANGALURU,25,SAJIPA MUDA,119,2021-2022,2,Rabi,Fallow,0-95-0.00,2022-01-03,,,12.8445552,75.0151741,
440709274,24,Dakshina Kannada,2,Bantwal,2,PANEMANGALURU,25,SAJIPA MUDA,119,2021-2022,2,Rabi,Fallow,1-25-0.00,2022-01-03,,,12.8446574,75.0161698,
440708471,24,Dakshina Kannada,2,Bantwal,2,PANEMANGALURU,25,SAJIPA MUDA,119,2021-2022,2,Rabi,Fallow,1-80-0.00,2022-01-03,,,12.8371651,75.0190808,
440708518,24,Dakshina Kannada,2,Bantwal,2,PANEMANGALURU,25,SAJIPA MUDA,119,2021-2022,2,Rabi,Fallow,2-70-0.00,2022-01-03,,,12.8375569,75.0188234,
440708539,24,Dakshina Kannada,2,Bantwal,2,PANEMANGALURU,25,SAJIPA MUDA,119,2021-2022,2,Rabi,Fallow,0-9-0.00,2022-01-03,,,12.8375631,75.0188333,
440708998,24,Dakshina Kannada,2,Bantwal,2,PANEMANGALURU,25,SAJIPA MUDA,119,2021-2022,2,Rabi,Fallow,0-36-0.00,2022-01-03,,,12.8409082,75.008217,
440709015,24,Dakshina Kannada,2,Bantwal,2,PANEMANGALURU,25,SAJIPA MUDA,119,2021-2022,2,Rabi,Fallow,0-50-0.00,2022-01-03,,,12.840874,75.0082044,
440709044,24,Dakshina Kannada,2,Bantwal,2,PANEMANGALURU,25,SAJIPA MUDA,119,2021-2022,2,Rabi,Fallow,1-0-0.00,2022-01-03,,,12.8424514,75.0083833,
440709140,24,Dakshina Kannada,2,Bantwal,2,PANEMANGALURU,25,SAJIPA MUDA,119,2021-2022,2,Rabi,Fallow,1-22-0.00,2022-01-03,,,12.8448424,75.0150324,
440708275,24,Dakshina Kannada,2,Bantwal,2,PANEMANGALURU,25,SAJIPA MUDA,119,2021-2022,2,Rabi,NA Land ,0-10-0.00,2022-01-03,,,12.8371882,75.0190823,
440708339,24,Dakshina Kannada,2,Bantwal,2,PANEMANGALURU,25,SAJIPA MUDA,119,2021-2022,2,Rabi,Fallow,0-40-0.00,2022-01-03,,,12.8371691,75.0190891,
440708658,24,Dakshina Kannada,2,Bantwal,2,PANEMANGALURU,25,SAJIPA MUDA,119,2021-2022,2,Rabi,NA Land ,0-2-75.00,2022-01-03,,,12.8384539,75.0176323,
440708766,24,Dakshina Kannada,2,Bantwal,2,PANEMANGALURU,25,SAJIPA MUDA,119,2021-2022,2,Rabi,Fallow,0-34-0.00,2022-01-03,,,12.8437764,75.0062314,
440708847,24,Dakshina Kannada,2,Bantwal,2,PANEMANGALURU,25,SAJIPA MUDA,119,2021-2022,2,Rabi,Fallow,0-45-0.00,2022-01-03,,,12.8437865,75.0062172,
440708303,24,Dakshina Kannada,2,Bantwal,2,PANEMANGALURU,25,SAJIPA MUDA,119,2021-2022,2,Rabi,Fallow,0-46-0.00,2022-01-03,,,12.8371662,75.0190807,
440708392,24,Dakshina Kannada,2,Bantwal,2,PANEMANGALURU,25,SAJIPA MUDA,119,2021-2022,2,Rabi,Fallow,0-55-0.00,2022-01-03,,,12.8371651,75.019097,
440708457,24,Dakshina Kannada,2,Bantwal,2,PANEMANGALURU,25,SAJIPA MUDA,119,2021-2022,2,Rabi,Fallow,1-96-0.00,2022-01-03,,,12.8371752,75.0190958,
440708950,24,Dakshina Kannada,2,Bantwal,2,PANEMANGALURU,25,SAJIPA MUDA,119,2021-2022,2,Rabi,Fallow,2-40-0.00,2022-01-03,,,12.8408725,75.0082191,
440708983,24,Dakshina Kannada,2,Bantwal,2,PANEMANGALURU,25,SAJIPA MUDA,119,2021-2022,2,Rabi,Fallow,1-28-0.00,2022-01-03,,,12.8408625,75.0082102,
440708927,24,Dakshina Kannada,2,Bantwal,2,PANEMANGALURU,25,SAJIPA MUDA,119,2021-2022,2,Rabi,Fallow,0-15-0.00,2022-01-03,,,12.8408819,75.0082165,
440709061,24,Dakshina Kannada,2,Bantwal,2,PANEMANGALURU,25,SAJIPA MUDA,119,2021-2022,2,Rabi,Fallow,0-20-0.00,2022-01-03,,,12.8424853,75.0083793,
440709158,24,Dakshina Kannada,2,Bantwal,2,PANEMANGALURU,25,SAJIPA MUDA,119,2021-2022,2,Rabi,Fallow,0-62-0.00,2022-01-03,,,12.8448325,75.0150281,
440709206,24,Dakshina Kannada,2,Bantwal,2,PANEMANGALURU,25,SAJIPA MUDA,119,2021-2022,2,Rabi,Fallow,2-4-0.00,2022-01-03,,,12.8445524,75.0151836,
440709120,24,Dakshina Kannada,2,Bantwal,2,PANEMANGALURU,25,SAJIPA MUDA,119,2021-2022,2,Rabi,Fallow,4-30-0.00,2022-01-03,,,12.8423584,75.0110869,
440709153,24,Dakshina Kannada,2,Bantwal,2,PANEMANGALURU,25,SAJIPA MUDA,119,2021-2022,2,Rabi,Fallow,4-44-0.00,2022-01-03,,,12.8448183,75.0150633,
440709313,24,Dakshina Kannada,2,Bantwal,2,PANEMANGALURU,25,SAJIPA MUDA,119,2021-2022,2,Rabi,Fallow,0-88-0.00,2022-01-03,,,12.844751,75.0161385,
440709379,24,Dakshina Kannada,2,Bantwal,2,PANEMANGALURU,25,SAJIPA MUDA,119,2021-2022,2,Rabi,NA Land ,0-10-0.00,2022-01-03,,,12.8457138,75.0368944,
440709421,24,Dakshina Kannada,2,Bantwal,2,PANEMANGALURU,25,SAJIPA MUDA,119,2021-2022,2,Rabi,NA Land ,0-10-75.00,2022-01-03,,,12.8455568,75.0368756,
440709424,24,Dakshina Kannada,2,Bantwal,2,PANEMANGALURU,25,SAJIPA MUDA,119,2021-2022,2,Rabi,Fallow,1-49-0.00,2022-01-03,,,12.844828,75.016102,
440671978,24,Dakshina Kannada,2,Bantwal,2,PANEMANGALURU,25,SAJIPA MUDA,119,2021-2022,2,Rabi,Fallow,1-35-0.00,2022-01-03,,,12.8503982,75.0132528,
440671986,24,Dakshina Kannada,2,Bantwal,2,PANEMANGALURU,25,SAJIPA MUDA,119,2021-2022,2,Rabi,NA Land ,0-3-0.00,2022-01-03,,,12.8504083,75.0132152,
440671994,24,Dakshina Kannada,2,Bantwal,2,PANEMANGALURU,25,SAJIPA MUDA,119,2021-2022,2,Rabi,NA Land ,0-4-0.00,2022-01-03,,,12.8504192,75.0132202,
440672001,24,Dakshina Kannada,2,Bantwal,2,PANEMANGALURU,25,SAJIPA MUDA,119,2021-2022,2,Rabi,Fallow,1-49-0.00,2022-01-03,,,12.8503667,75.0132156,
440672287,24,Dakshina Kannada,2,Bantwal,2,PANEMANGALURU,25,SAJIPA MUDA,119,2021-2022,2,Rabi,Fallow,1-30-0.00,2022-01-03,,,12.8504585,75.0132339,
440672309,24,Dakshina Kannada,2,Bantwal,2,PANEMANGALURU,25,SAJIPA MUDA,119,2021-2022,2,Rabi,NA Land ,0-7-0.00,2022-01-03,,,12.8504549,75.0132068,
440672586,24,Dakshina Kannada,2,Bantwal,2,PANEMANGALURU,25,SAJIPA MUDA,119,2021-2022,2,Rabi,Fallow,1-56-0.00,2022-01-03,,,12.8503833,75.0131067,
440672604,24,Dakshina Kannada,2,Bantwal,2,PANEMANGALURU,25,SAJIPA MUDA,119,2021-2022,2,Rabi,Fallow,1-45-0.00,2022-01-03,,,12.8498076,75.0141665,
440672607,24,Dakshina Kannada,2,Bantwal,2,PANEMANGALURU,25,SAJIPA MUDA,119,2021-2022,2,Rabi,NA Land ,0-7-0.00,2022-01-03,,,12.8498099,75.0141488,
440659669,24,Dakshina Kannada,2,Bantwal,2,PANEMANGALURU,25,SAJIPA MUDA,119,2021-2022,2,Rabi,NA Land ,0-5-0.00,2022-01-03,,,12.8403949,75.0388881,
440659704,24,Dakshina Kannada,2,Bantwal,2,PANEMANGALURU,25,SAJIPA MUDA,119,2021-2022,2,Rabi,NA Land ,0-11-0.00,2022-01-03,,,12.8403374,75.0390206,
440659716,24,Dakshina Kannada,2,Bantwal,2,PANEMANGALURU,25,SAJIPA MUDA,119,2021-2022,2,Rabi,Fallow,0-23-0.00,2022-01-03,,,12.8403661,75.0390009,
440659724,24,Dakshina Kannada,2,Bantwal,2,PANEMANGALURU,25,SAJIPA MUDA,119,2021-2022,2,Rabi,Fallow,0-14-0.00,2022-01-03,,,12.8403984,75.0389873,
440673029,24,Dakshina Kannada,2,Bantwal,2,PANEMANGALURU,25,SAJIPA MUDA,119,2021-2022,2,Rabi,NA Land ,0-10-0.00,2022-01-03,,,12.8498285,75.0141358,
440673042,24,Dakshina Kannada,2,Bantwal,2,PANEMANGALURU,25,SAJIPA MUDA,119,2021-2022,2,Rabi,Betel Nuts (Areca nuts),0-19-0.00,2022-01-03,,,12.8485783,75.0123296,
440673060,24,Dakshina Kannada,2,Bantwal,2,PANEMANGALURU,25,SAJIPA MUDA,119,2021-2022,2,Rabi,NA Land ,0-2-0.00,2022-01-03,,,12.8486616,75.0121485,
440659679,24,Dakshina Kannada,2,Bantwal,2,PANEMANGALURU,25,SAJIPA MUDA,119,2021-2022,2,Rabi,Fallow,0-19-0.00,2022-01-03,,,12.8402904,75.0389278,
440659709,24,Dakshina Kannada,2,Bantwal,2,PANEMANGALURU,25,SAJIPA MUDA,119,2021-2022,2,Rabi,Fallow,0-23-0.00,2022-01-03,,,12.8403559,75.0389528,
440664488,24,Dakshina Kannada,2,Bantwal,2,PANEMANGALURU,25,SAJIPA MUDA,119,2021-2022,2,Rabi,Fallow,0-30-0.00,2022-01-03,,,12.839341,75.0390709,
440665961,24,Dakshina Kannada,2,Bantwal,2,PANEMANGALURU,25,SAJIPA MUDA,119,2021-2022,2,Rabi,Fallow,2-79-0.00,2022-01-03,,,12.8373815,75.0375192,
440671924,24,Dakshina Kannada,2,Bantwal,2,PANEMANGALURU,25,SAJIPA MUDA,119,2021-2022,2,Rabi,Fallow,1-76-0.00,2022-01-03,,,12.8503783,75.013195,
440671941,24,Dakshina Kannada,2,Bantwal,2,PANEMANGALURU,25,SAJIPA MUDA,119,2021-2022,2,Rabi,Fallow,1-0-0.00,2022-01-03,,,12.8504011,75.0132452,
440671957,24,Dakshina Kannada,2,Bantwal,2,PANEMANGALURU,25,SAJIPA MUDA,119,2021-2022,2,Rabi,Fallow,2-5-0.00,2022-01-03,,,12.8504113,75.0132422,
440671970,24,Dakshina Kannada,2,Bantwal,2,PANEMANGALURU,25,SAJIPA MUDA,119,2021-2022,2,Rabi,Fallow,0-3-0.00,2022-01-03,,,12.8504158,75.0132394,
440672017,24,Dakshina Kannada,2,Bantwal,2,PANEMANGALURU,25,SAJIPA MUDA,119,2021-2022,2,Rabi,Fallow,4-40-0.00,2022-01-03,,,12.8504194,75.0132074,
440672312,24,Dakshina Kannada,2,Bantwal,2,PANEMANGALURU,25,SAJIPA MUDA,119,2021-2022,2,Rabi,NA Land ,0-6-0.00,2022-01-03,,,12.8503827,75.0131383,
440659675,24,Dakshina Kannada,2,Bantwal,2,PANEMANGALURU,25,SAJIPA MUDA,119,2021-2022,2,Rabi,NA Land ,0-10-0.00,2022-01-03,,,12.8402929,75.0389673,
440709479,24,Dakshina Kannada,2,Bantwal,2,PANEMANGALURU,25,SAJIPA MUDA,119,2021-2022,2,Rabi,NA Land ,0-10-0.00,2022-01-03,,,12.8455497,75.0368781,
440708295,24,Dakshina Kannada,2,Bantwal,2,PANEMANGALURU,25,SAJIPA MUDA,119,2021-2022,2,Rabi,Fallow,0-40-0.00,2022-01-03,,,12.8371809,75.0191053,
440708504,24,Dakshina Kannada,2,Bantwal,2,PANEMANGALURU,25,SAJIPA MUDA,119,2021-2022,2,Rabi,Fallow,1-74-0.00,2022-01-03,,,12.8371635,75.0190753,
440708716,24,Dakshina Kannada,2,Bantwal,2,PANEMANGALURU,25,SAJIPA MUDA,119,2021-2022,2,Rabi,Fallow,0-38-0.00,2022-01-03,,,12.8437843,75.0062444,
440708828,24,Dakshina Kannada,2,Bantwal,2,PANEMANGALURU,25,SAJIPA MUDA,119,2021-2022,2,Rabi,Fallow,0-45-0.00,2022-01-03,,,12.8437914,75.0062236,
440708882,24,Dakshina Kannada,2,Bantwal,2,PANEMANGALURU,25,SAJIPA MUDA,119,2021-2022,2,Rabi,Fallow,1-23-0.00,2022-01-03,,,12.8437968,75.0061951,
440709009,24,Dakshina Kannada,2,Bantwal,2,PANEMANGALURU,25,SAJIPA MUDA,119,2021-2022,2,Rabi,Fallow,0-72-0.00,2022-01-03,,,12.8408854,75.0082024,
440709035,24,Dakshina Kannada,2,Bantwal,2,PANEMANGALURU,25,SAJIPA MUDA,119,2021-2022,2,Rabi,Fallow,1-52-0.00,2022-01-03,,,12.8424411,75.0083432,
440709075,24,Dakshina Kannada,2,Bantwal,2,PANEMANGALURU,25,SAJIPA MUDA,119,2021-2022,2,Rabi,Fallow,0-54-0.00,2022-01-03,,,12.8424815,75.0083585,
440709144,24,Dakshina Kannada,2,Bantwal,2,PANEMANGALURU,25,SAJIPA MUDA,119,2021-2022,2,Rabi,Fallow,3-71-0.00,2022-01-03,,,12.8448467,75.0150186,
440709246,24,Dakshina Kannada,2,Bantwal,2,PANEMANGALURU,25,SAJIPA MUDA,119,2021-2022,2,Rabi,Fallow,0-16-50.00,2022-01-03,,,12.8446704,75.0152982,
440709263,24,Dakshina Kannada,2,Bantwal,2,PANEMANGALURU,25,SAJIPA MUDA,119,2021-2022,2,Rabi,Fallow,0-16-50.00,2022-01-03,,,12.8446887,75.0152915,
440709290,24,Dakshina Kannada,2,Bantwal,2,PANEMANGALURU,25,SAJIPA MUDA,119,2021-2022,2,Rabi,Fallow,2-80-0.00,2022-01-03,,,12.8446821,75.0161752,
440709295,24,Dakshina Kannada,2,Bantwal,2,PANEMANGALURU,25,SAJIPA MUDA,119,2021-2022,2,Rabi,NA Land ,0-6-0.00,2022-01-03,,,12.8458736,75.0351866,
440709303,24,Dakshina Kannada,2,Bantwal,2,PANEMANGALURU,25,SAJIPA MUDA,119,2021-2022,2,Rabi,Fallow,1-41-0.00,2022-01-03,,,12.8447428,75.0161557,
440709331,24,Dakshina Kannada,2,Bantwal,2,PANEMANGALURU,25,SAJIPA MUDA,119,2021-2022,2,Rabi,NA Land ,0-30-0.00,2022-01-03,,,12.8459569,75.0350868,
440709397,24,Dakshina Kannada,2,Bantwal,2,PANEMANGALURU,25,SAJIPA MUDA,119,2021-2022,2,Rabi,NA Land ,0-11-0.00,2022-01-03,,,12.8456457,75.0368997,
440709414,24,Dakshina Kannada,2,Bantwal,2,PANEMANGALURU,25,SAJIPA MUDA,119,2021-2022,2,Rabi,NA Land ,0-28-0.00,2022-01-03,,,12.8455507,75.0368825,
440709417,24,Dakshina Kannada,2,Bantwal,2,PANEMANGALURU,25,SAJIPA MUDA,119,2021-2022,2,Rabi,NA Land ,0-1-0.00,2022-01-03,,,12.8455594,75.0368763,
440709460,24,Dakshina Kannada,2,Bantwal,2,PANEMANGALURU,25,SAJIPA MUDA,119,2021-2022,2,Rabi,NA Land ,0-18-0.00,2022-01-03,,,12.84556,75.0368732,
440709502,24,Dakshina Kannada,2,Bantwal,2,PANEMANGALURU,25,SAJIPA MUDA,119,2021-2022,2,Rabi,NA Land ,0-6-0.00,2022-01-03,,,12.8455479,75.0369005,
440708570,24,Dakshina Kannada,2,Bantwal,2,PANEMANGALURU,25,SAJIPA MUDA,119,2021-2022,2,Rabi,Fallow,2-95-0.00,2022-01-03,,,12.8375491,75.0188358,
440709562,24,Dakshina Kannada,2,Bantwal,2,PANEMANGALURU,25,SAJIPA MUDA,119,2021-2022,2,Rabi,NA Land ,0-8-0.00,2022-01-03,,,12.8452548,75.0295778,
440708865,24,Dakshina Kannada,2,Bantwal,2,PANEMANGALURU,25,SAJIPA MUDA,119,2021-2022,2,Rabi,Fallow,0-99-0.00,2022-01-03,,,12.8437689,75.0062072,
440708915,24,Dakshina Kannada,2,Bantwal,2,PANEMANGALURU,25,SAJIPA MUDA,119,2021-2022,2,Rabi,Fallow,0-76-0.00,2022-01-03,,,12.843784,75.0062381,
440708991,24,Dakshina Kannada,2,Bantwal,2,PANEMANGALURU,25,SAJIPA MUDA,119,2021-2022,2,Rabi,Fallow,0-79-0.00,2022-01-03,,,12.8408719,75.0082309,
440709040,24,Dakshina Kannada,2,Bantwal,2,PANEMANGALURU,25,SAJIPA MUDA,119,2021-2022,2,Rabi,Fallow,1-52-0.00,2022-01-03,,,12.8424705,75.0083747,
440539996,24,Dakshina Kannada,2,Bantwal,2,PANEMANGALURU,25,SAJIPA MUDA,119,2021-2022,2,Rabi,Fallow,0-2-0.00,2021-12-31,,,12.8589775,75.0115517,
440540001,24,Dakshina Kannada,2,Bantwal,2,PANEMANGALURU,25,SAJIPA MUDA,119,2021-2022,2,Rabi,Fallow,0-4-0.00,2021-12-31,,,12.8590095,75.0115609,
440540003,24,Dakshina Kannada,2,Bantwal,2,PANEMANGALURU,25,SAJIPA MUDA,119,2021-2022,2,Rabi,Fallow,0-7-0.00,2021-12-31,,,12.8590116,75.0115806,
440540010,24,Dakshina Kannada,2,Bantwal,2,PANEMANGALURU,25,SAJIPA MUDA,119,2021-2022,2,Rabi,Fallow,0-2-0.00,2021-12-31,,,12.8590062,75.0114992,
440540019,24,Dakshina Kannada,2,Bantwal,2,PANEMANGALURU,25,SAJIPA MUDA,119,2021-2022,2,Rabi,NA Land ,0-6-0.00,2021-12-31,,,12.8590037,75.011531,
440540047,24,Dakshina Kannada,2,Bantwal,2,PANEMANGALURU,25,SAJIPA MUDA,119,2021-2022,2,Rabi,NA Land ,0-30-0.00,2021-12-31,,,12.8590935,75.0108661,
440540060,24,Dakshina Kannada,2,Bantwal,2,PANEMANGALURU,25,SAJIPA MUDA,119,2021-2022,2,Rabi,Fallow,0-2-0.00,2022-01-01,,,12.8510187,75.0111996,
440540070,24,Dakshina Kannada,2,Bantwal,2,PANEMANGALURU,25,SAJIPA MUDA,119,2021-2022,2,Rabi,Fallow,0-48-0.00,2022-01-01,,,12.8574162,75.010979,
440540088,24,Dakshina Kannada,2,Bantwal,2,PANEMANGALURU,25,SAJIPA MUDA,119,2021-2022,2,Rabi,Fallow,0-6-0.00,2022-01-01,,,12.857695,75.0104936,
440540069,24,Dakshina Kannada,2,Bantwal,2,PANEMANGALURU,25,SAJIPA MUDA,119,2021-2022,2,Rabi,Fallow,0-90-0.00,2022-01-01,,,12.8569795,75.0111975,
440670656,24,Dakshina Kannada,2,Bantwal,2,PANEMANGALURU,25,SAJIPA MUDA,119,2021-2022,2,Rabi,Fallow,1-30-0.00,2022-01-03,,,12.8365136,75.0394591,
440763696,24,Dakshina Kannada,2,Bantwal,2,PANEMANGALURU,25,SAJIPA MUDA,119,2021-2022,2,Rabi,Fallow,0-19-0.00,2022-01-04,,,12.8503147,75.0194588,
440763699,24,Dakshina Kannada,2,Bantwal,2,PANEMANGALURU,25,SAJIPA MUDA,119,2021-2022,2,Rabi,Fallow,1-46-0.00,2022-01-04,,,12.8502868,75.0194662,
440763665,24,Dakshina Kannada,2,Bantwal,2,PANEMANGALURU,25,SAJIPA MUDA,119,2021-2022,2,Rabi,Fallow,0-21-0.00,2022-01-04,,,12.8516041,75.0199592,
440763678,24,Dakshina Kannada,2,Bantwal,2,PANEMANGALURU,25,SAJIPA MUDA,119,2021-2022,2,Rabi,Fallow,0-19-0.00,2022-01-04,,,12.8515783,75.019958,
440763671,24,Dakshina Kannada,2,Bantwal,2,PANEMANGALURU,25,SAJIPA MUDA,119,2021-2022,2,Rabi,Fallow,1-54-0.00,2022-01-04,,,12.8515657,75.0199597,
440763683,24,Dakshina Kannada,2,Bantwal,2,PANEMANGALURU,25,SAJIPA MUDA,119,2021-2022,2,Rabi,Fallow,0-94-0.00,2022-01-04,,,12.8502854,75.0194937,
440763707,24,Dakshina Kannada,2,Bantwal,2,PANEMANGALURU,25,SAJIPA MUDA,119,2021-2022,2,Rabi,Fallow,2-61-0.00,2022-01-04,,,12.8495981,75.0197964,
440763738,24,Dakshina Kannada,2,Bantwal,2,PANEMANGALURU,25,SAJIPA MUDA,119,2021-2022,2,Rabi,Fallow,0-5-0.00,2022-01-04,,,12.8496389,75.0197888,
440763763,24,Dakshina Kannada,2,Bantwal,2,PANEMANGALURU,25,SAJIPA MUDA,119,2021-2022,2,Rabi,Fallow,0-3-0.00,2022-01-04,,,12.8480184,75.0205042,
440763786,24,Dakshina Kannada,2,Bantwal,2,PANEMANGALURU,25,SAJIPA MUDA,119,2021-2022,2,Rabi,Fallow,0-69-0.00,2022-01-04,,,12.8480506,75.0205004,
440763751,24,Dakshina Kannada,2,Bantwal,2,PANEMANGALURU,25,SAJIPA MUDA,119,2021-2022,2,Rabi,Fallow,0-5-0.00,2022-01-04,,,12.8475747,75.0203694,
440763771,24,Dakshina Kannada,2,Bantwal,2,PANEMANGALURU,25,SAJIPA MUDA,119,2021-2022,2,Rabi,Fallow,0-10-0.00,2022-01-04,,,12.8480483,75.0204701,
440763805,24,Dakshina Kannada,2,Bantwal,2,PANEMANGALURU,25,SAJIPA MUDA,119,2021-2022,2,Rabi,Fallow,0-20-0.00,2022-01-04,,,12.8480769,75.0204615,
440763808,24,Dakshina Kannada,2,Bantwal,2,PANEMANGALURU,25,SAJIPA MUDA,119,2021-2022,2,Rabi,Fallow,0-23-0.00,2022-01-04,,,12.8465633,75.0214841,
440763816,24,Dakshina Kannada,2,Bantwal,2,PANEMANGALURU,25,SAJIPA MUDA,119,2021-2022,2,Rabi,Fallow,0-64-0.00,2022-01-04,,,12.8465643,75.0216297,
440763821,24,Dakshina Kannada,2,Bantwal,2,PANEMANGALURU,25,SAJIPA MUDA,119,2021-2022,2,Rabi,Fallow,0-53-0.00,2022-01-04,,,12.8465362,75.0216728,
440709280,24,Dakshina Kannada,2,Bantwal,2,PANEMANGALURU,25,SAJIPA MUDA,119,2021-2022,2,Rabi,Fallow,0-58-0.00,2022-01-03,,,12.8446521,75.0161816,
440709285,24,Dakshina Kannada,2,Bantwal,2,PANEMANGALURU,25,SAJIPA MUDA,119,2021-2022,2,Rabi,Fallow,2-61-0.00,2022-01-03,,,12.8446772,75.0161673,
440709315,24,Dakshina Kannada,2,Bantwal,2,PANEMANGALURU,25,SAJIPA MUDA,119,2021-2022,2,Rabi,NA Land ,0-4-0.00,2022-01-03,,,12.8459613,75.0350634,
440709446,24,Dakshina Kannada,2,Bantwal,2,PANEMANGALURU,25,SAJIPA MUDA,119,2021-2022,2,Rabi,NA Land ,0-15-0.00,2022-01-03,,,12.8455628,75.0368938,
440709455,24,Dakshina Kannada,2,Bantwal,2,PANEMANGALURU,25,SAJIPA MUDA,119,2021-2022,2,Rabi,NA Land ,0-7-0.00,2022-01-03,,,12.8455638,75.0368681,
440709525,24,Dakshina Kannada,2,Bantwal,2,PANEMANGALURU,25,SAJIPA MUDA,119,2021-2022,2,Rabi,NA Land ,0-1-0.00,2022-01-03,,,12.8452204,75.0296149,
440709544,24,Dakshina Kannada,2,Bantwal,2,PANEMANGALURU,25,SAJIPA MUDA,119,2021-2022,2,Rabi,NA Land ,0-11-0.00,2022-01-03,,,12.8452404,75.0295664,
440709552,24,Dakshina Kannada,2,Bantwal,2,PANEMANGALURU,25,SAJIPA MUDA,119,2021-2022,2,Rabi,NA Land ,0-14-0.00,2022-01-03,,,12.8452542,75.0295723,
440709240,24,Dakshina Kannada,2,Bantwal,2,PANEMANGALURU,25,SAJIPA MUDA,119,2021-2022,2,Rabi,Fallow,0-16-50.00,2022-01-03,,,12.8446399,75.0152586,
440709251,24,Dakshina Kannada,2,Bantwal,2,PANEMANGALURU,25,SAJIPA MUDA,119,2021-2022,2,Rabi,Fallow,0-16-50.00,2022-01-03,,,12.8446734,75.015298,
440709268,24,Dakshina Kannada,2,Bantwal,2,PANEMANGALURU,25,SAJIPA MUDA,119,2021-2022,2,Rabi,Fallow,0-2-75.00,2022-01-03,,,12.8444441,75.016008,
440709296,24,Dakshina Kannada,2,Bantwal,2,PANEMANGALURU,25,SAJIPA MUDA,119,2021-2022,2,Rabi,Fallow,2-49-0.00,2022-01-03,,,12.8447549,75.016151,
440709319,24,Dakshina Kannada,2,Bantwal,2,PANEMANGALURU,25,SAJIPA MUDA,119,2021-2022,2,Rabi,Fallow,0-35-0.00,2022-01-03,,,12.8447757,75.0161508,
440709321,24,Dakshina Kannada,2,Bantwal,2,PANEMANGALURU,25,SAJIPA MUDA,119,2021-2022,2,Rabi,NA Land ,0-10-0.00,2022-01-03,,,12.8459596,75.0350802,
440709365,24,Dakshina Kannada,2,Bantwal,2,PANEMANGALURU,25,SAJIPA MUDA,119,2021-2022,2,Rabi,NA Land ,0-14-0.00,2022-01-03,,,12.8459534,75.0351283,
440709378,24,Dakshina Kannada,2,Bantwal,2,PANEMANGALURU,25,SAJIPA MUDA,119,2021-2022,2,Rabi,Fallow,1-9-0.00,2022-01-03,,,12.8447924,75.0161104,
440709441,24,Dakshina Kannada,2,Bantwal,2,PANEMANGALURU,25,SAJIPA MUDA,119,2021-2022,2,Rabi,NA Land ,0-5-0.00,2022-01-03,,,12.8455624,75.0368911,
440709471,24,Dakshina Kannada,2,Bantwal,2,PANEMANGALURU,25,SAJIPA MUDA,119,2021-2022,2,Rabi,NA Land ,0-60-0.00,2022-01-03,,,12.8455651,75.0368768,
440709497,24,Dakshina Kannada,2,Bantwal,2,PANEMANGALURU,25,SAJIPA MUDA,119,2021-2022,2,Rabi,NA Land ,0-1-0.00,2022-01-03,,,12.8455351,75.0368944,
440709519,24,Dakshina Kannada,2,Bantwal,2,PANEMANGALURU,25,SAJIPA MUDA,119,2021-2022,2,Rabi,NA Land ,0-17-0.00,2022-01-03,,,12.8450762,75.0296099,
440709533,24,Dakshina Kannada,2,Bantwal,2,PANEMANGALURU,25,SAJIPA MUDA,119,2021-2022,2,Rabi,NA Land ,0-9-0.00,2022-01-03,,,12.8452103,75.029601,
440709507,24,Dakshina Kannada,2,Bantwal,2,PANEMANGALURU,25,SAJIPA MUDA,119,2021-2022,2,Rabi,NA Land ,0-9-0.00,2022-01-03,,,12.8455812,75.0368862,
440709513,24,Dakshina Kannada,2,Bantwal,2,PANEMANGALURU,25,SAJIPA MUDA,119,2021-2022,2,Rabi,Coconut,0-17-0.00,2022-01-03,,,12.8455657,75.0369008,
440709513,24,Dakshina Kannada,2,Bantwal,2,PANEMANGALURU,25,SAJIPA MUDA,119,2021-2022,2,Rabi,Coconut,0-17-0.00,2022-01-03,,,12.8455615,75.0369215,
440710045,24,Dakshina Kannada,2,Bantwal,2,PANEMANGALURU,25,SAJIPA MUDA,119,2021-2022,2,Rabi,NA Land ,0-18-0.00,2022-01-03,,,12.8452342,75.0295411,
440710101,24,Dakshina Kannada,2,Bantwal,2,PANEMANGALURU,25,SAJIPA MUDA,119,2021-2022,2,Rabi,NA Land ,0-3-50.00,2022-01-03,,,12.8452811,75.0296003,
440708937,24,Dakshina Kannada,2,Bantwal,2,PANEMANGALURU,25,SAJIPA MUDA,119,2021-2022,2,Rabi,Fallow,2-34-0.00,2022-01-03,,,12.8408594,75.0082415,
440673770,24,Dakshina Kannada,2,Bantwal,2,PANEMANGALURU,25,SAJIPA MUDA,119,2021-2022,2,Rabi,Betel Nuts (Areca nuts),0-15-0.00,2022-01-03,,,12.8464899,75.0104712,
440673793,24,Dakshina Kannada,2,Bantwal,2,PANEMANGALURU,25,SAJIPA MUDA,119,2021-2022,2,Rabi,Betel Nuts (Areca nuts),0-11-0.00,2022-01-03,,,12.8464791,75.0104795,
440673856,24,Dakshina Kannada,2,Bantwal,2,PANEMANGALURU,25,SAJIPA MUDA,119,2021-2022,2,Rabi,Betel Nuts (Areca nuts),0-65-0.00,2022-01-03,,,12.8464943,75.0104832,
440673862,24,Dakshina Kannada,2,Bantwal,2,PANEMANGALURU,25,SAJIPA MUDA,119,2021-2022,2,Rabi,Fallow,0-5-0.00,2022-01-03,,,12.8465191,75.0104941,
440673866,24,Dakshina Kannada,2,Bantwal,2,PANEMANGALURU,25,SAJIPA MUDA,119,2021-2022,2,Rabi,Betel Nuts (Areca nuts),0-22-0.00,2022-01-03,,,12.846531,75.0105,
440673645,24,Dakshina Kannada,2,Bantwal,2,PANEMANGALURU,25,SAJIPA MUDA,119,2021-2022,2,Rabi,NA Land ,0-5-0.00,2022-01-03,,,12.8491078,75.009484,
440673736,24,Dakshina Kannada,2,Bantwal,2,PANEMANGALURU,25,SAJIPA MUDA,119,2021-2022,2,Rabi,NA Land ,0-6-0.00,2022-01-03,,,12.848336,75.0097246,
440673743,24,Dakshina Kannada,2,Bantwal,2,PANEMANGALURU,25,SAJIPA MUDA,119,2021-2022,2,Rabi,NA Land ,0-5-0.00,2022-01-03,,,12.846511,75.0104704,
440673872,24,Dakshina Kannada,2,Bantwal,2,PANEMANGALURU,25,SAJIPA MUDA,119,2021-2022,2,Rabi,NA Land ,0-9-50.00,2022-01-03,,,12.8465211,75.0104869,
440673902,24,Dakshina Kannada,2,Bantwal,2,PANEMANGALURU,25,SAJIPA MUDA,119,2021-2022,2,Rabi,Fallow,0-6-0.00,2022-01-03,,,12.8458458,75.0108326,
440673920,24,Dakshina Kannada,2,Bantwal,2,PANEMANGALURU,25,SAJIPA MUDA,119,2021-2022,2,Rabi,Betel Nuts (Areca nuts),1-3-0.00,2022-01-03,,,12.8458332,75.0108575,
440673939,24,Dakshina Kannada,2,Bantwal,2,PANEMANGALURU,25,SAJIPA MUDA,119,2021-2022,2,Rabi,Rubber,0-20-0.00,2022-01-03,,,12.8457902,75.0108422,
440673756,24,Dakshina Kannada,2,Bantwal,2,PANEMANGALURU,25,SAJIPA MUDA,119,2021-2022,2,Rabi,Betel Nuts (Areca nuts),0-7-0.00,2022-01-03,,,12.8465095,75.0104723,
440673832,24,Dakshina Kannada,2,Bantwal,2,PANEMANGALURU,25,SAJIPA MUDA,119,2021-2022,2,Rabi,Betel Nuts (Areca nuts),0-50-0.00,2022-01-03,,,12.846516,75.0104897,
440673851,24,Dakshina Kannada,2,Bantwal,2,PANEMANGALURU,25,SAJIPA MUDA,119,2021-2022,2,Rabi,Betel Nuts (Areca nuts),0-61-0.00,2022-01-03,,,12.8465102,75.0104828,
440673897,24,Dakshina Kannada,2,Bantwal,2,PANEMANGALURU,25,SAJIPA MUDA,119,2021-2022,2,Rabi,Rubber,0-20-0.00,2022-01-03,,,12.8458708,75.0108362,
440676469,24,Dakshina Kannada,2,Bantwal,2,PANEMANGALURU,25,SAJIPA MUDA,119,2021-2022,2,Rabi,Fallow,2-0-0.00,2022-01-03,,,12.8363397,75.0363299,
440676472,24,Dakshina Kannada,2,Bantwal,2,PANEMANGALURU,25,SAJIPA MUDA,119,2021-2022,2,Rabi,Fallow,0-20-0.00,2022-01-03,,,12.8363444,75.0363609,
440676463,24,Dakshina Kannada,2,Bantwal,2,PANEMANGALURU,25,SAJIPA MUDA,119,2021-2022,2,Rabi,Fallow,1-48-0.00,2022-01-03,,,12.8363413,75.03637,
440676474,24,Dakshina Kannada,2,Bantwal,2,PANEMANGALURU,25,SAJIPA MUDA,119,2021-2022,2,Rabi,Fallow,0-41-0.00,2022-01-03,,,12.8363424,75.0363662,
440676480,24,Dakshina Kannada,2,Bantwal,2,PANEMANGALURU,25,SAJIPA MUDA,119,2021-2022,2,Rabi,Fallow,0-60-0.00,2022-01-03,,,12.8363206,75.0362413,
440676455,24,Dakshina Kannada,2,Bantwal,2,PANEMANGALURU,25,SAJIPA MUDA,119,2021-2022,2,Rabi,Fallow,0-40-0.00,2022-01-03,,,12.8363008,75.0363223,
440676651,24,Dakshina Kannada,2,Bantwal,2,PANEMANGALURU,25,SAJIPA MUDA,119,2021-2022,2,Rabi,NA Land ,0-5-0.00,2022-01-03,,,12.8508632,75.0340693,
440676674,24,Dakshina Kannada,2,Bantwal,2,PANEMANGALURU,25,SAJIPA MUDA,119,2021-2022,2,Rabi,NA Land ,0-7-0.00,2022-01-03,,,12.8517094,75.0337807,
440676715,24,Dakshina Kannada,2,Bantwal,2,PANEMANGALURU,25,SAJIPA MUDA,119,2021-2022,2,Rabi,Coconut,0-52-0.00,2022-01-03,,,12.8517279,75.0338137,
440676715,24,Dakshina Kannada,2,Bantwal,2,PANEMANGALURU,25,SAJIPA MUDA,119,2021-2022,2,Rabi,Coconut,0-52-0.00,2022-01-03,,,12.8517277,75.0338146,
440676921,24,Dakshina Kannada,2,Bantwal,2,PANEMANGALURU,25,SAJIPA MUDA,119,2021-2022,2,Rabi,Fallow,0-22-0.00,2022-01-03,,,12.8362984,75.0362141,
440676547,24,Dakshina Kannada,2,Bantwal,2,PANEMANGALURU,25,SAJIPA MUDA,119,2021-2022,2,Rabi,NA Land ,0-16-0.00,2022-01-03,,,12.8486741,75.0121883,
440676657,24,Dakshina Kannada,2,Bantwal,2,PANEMANGALURU,25,SAJIPA MUDA,119,2021-2022,2,Rabi,Betel Nuts (Areca nuts),0-6-0.00,2022-01-03,,,12.8508548,75.0340901,
440676657,24,Dakshina Kannada,2,Bantwal,2,PANEMANGALURU,25,SAJIPA MUDA,119,2021-2022,2,Rabi,Betel Nuts (Areca nuts),0-6-0.00,2022-01-03,,,12.8508598,75.0340874,
440676698,24,Dakshina Kannada,2,Bantwal,2,PANEMANGALURU,25,SAJIPA MUDA,119,2021-2022,2,Rabi,NA Land ,0-8-0.00,2022-01-03,,,12.8517192,75.0337981,
440676781,24,Dakshina Kannada,2,Bantwal,2,PANEMANGALURU,25,SAJIPA MUDA,119,2021-2022,2,Rabi,NA Land ,0-8-50.00,2022-01-03,,,12.8516641,75.0335251,
440676801,24,Dakshina Kannada,2,Bantwal,2,PANEMANGALURU,25,SAJIPA MUDA,119,2021-2022,2,Rabi,NA Land ,0-2-50.00,2022-01-03,,,12.8516633,75.0335918,
440676826,24,Dakshina Kannada,2,Bantwal,2,PANEMANGALURU,25,SAJIPA MUDA,119,2021-2022,2,Rabi,NA Land ,0-16-0.00,2022-01-03,,,12.8543224,75.0341661,
440676889,24,Dakshina Kannada,2,Bantwal,2,PANEMANGALURU,25,SAJIPA MUDA,119,2021-2022,2,Rabi,NA Land ,0-7-0.00,2022-01-03,,,12.8542178,75.0341692,
440676537,24,Dakshina Kannada,2,Bantwal,2,PANEMANGALURU,25,SAJIPA MUDA,119,2021-2022,2,Rabi,Betel Nuts (Areca nuts),0-28-0.00,2022-01-03,,,12.8498389,75.0141231,
440676633,24,Dakshina Kannada,2,Bantwal,2,PANEMANGALURU,25,SAJIPA MUDA,119,2021-2022,2,Rabi,NA Land ,0-2-0.00,2022-01-03,,,12.8508528,75.0341329,
440676692,24,Dakshina Kannada,2,Bantwal,2,PANEMANGALURU,25,SAJIPA MUDA,119,2021-2022,2,Rabi,NA Land ,0-5-0.00,2022-01-03,,,12.8517175,75.0338002,
440676701,24,Dakshina Kannada,2,Bantwal,2,PANEMANGALURU,25,SAJIPA MUDA,119,2021-2022,2,Rabi,Fallow,0-5-50.00,2022-01-03,,,12.8517199,75.0338039,
440676756,24,Dakshina Kannada,2,Bantwal,2,PANEMANGALURU,25,SAJIPA MUDA,119,2021-2022,2,Rabi,NA Land ,0-8-0.00,2022-01-03,,,12.8516438,75.033586,
440676805,24,Dakshina Kannada,2,Bantwal,2,PANEMANGALURU,25,SAJIPA MUDA,119,2021-2022,2,Rabi,NA Land ,0-2-0.00,2022-01-03,,,12.8516644,75.0335954,
440676810,24,Dakshina Kannada,2,Bantwal,2,PANEMANGALURU,25,SAJIPA MUDA,119,2021-2022,2,Rabi,NA Land ,0-8-0.00,2022-01-03,,,12.8542224,75.0341905,
440676820,24,Dakshina Kannada,2,Bantwal,2,PANEMANGALURU,25,SAJIPA MUDA,119,2021-2022,2,Rabi,Coconut,0-38-0.00,2022-01-03,,,12.8543224,75.0341994,
440676820,24,Dakshina Kannada,2,Bantwal,2,PANEMANGALURU,25,SAJIPA MUDA,119,2021-2022,2,Rabi,Coconut,0-38-0.00,2022-01-03,,,12.8543273,75.0342,
440676836,24,Dakshina Kannada,2,Bantwal,2,PANEMANGALURU,25,SAJIPA MUDA,119,2021-2022,2,Rabi,NA Land ,0-8-0.00,2022-01-03,,,12.8543386,75.0342081,
440676847,24,Dakshina Kannada,2,Bantwal,2,PANEMANGALURU,25,SAJIPA MUDA,119,2021-2022,2,Rabi,NA Land ,0-4-25.00,2022-01-03,,,12.8541972,75.0341817,
440676880,24,Dakshina Kannada,2,Bantwal,2,PANEMANGALURU,25,SAJIPA MUDA,119,2021-2022,2,Rabi,NA Land ,0-8-0.00,2022-01-03,,,12.8542088,75.0341826,
440676892,24,Dakshina Kannada,2,Bantwal,2,PANEMANGALURU,25,SAJIPA MUDA,119,2021-2022,2,Rabi,NA Land ,0-5-0.00,2022-01-03,,,12.8542434,75.0341628,
440677049,24,Dakshina Kannada,2,Bantwal,2,PANEMANGALURU,25,SAJIPA MUDA,119,2021-2022,2,Rabi,Betel Nuts (Areca nuts),0-20-0.00,2022-01-03,,,12.8542772,75.0341945,
440677049,24,Dakshina Kannada,2,Bantwal,2,PANEMANGALURU,25,SAJIPA MUDA,119,2021-2022,2,Rabi,Betel Nuts (Areca nuts),0-20-0.00,2022-01-03,,,12.8542793,75.0341961,
440677122,24,Dakshina Kannada,2,Bantwal,2,PANEMANGALURU,25,SAJIPA MUDA,119,2021-2022,2,Rabi,NA Land ,0-14-0.00,2022-01-03,,,12.8513041,75.0327049,
440677217,24,Dakshina Kannada,2,Bantwal,2,PANEMANGALURU,25,SAJIPA MUDA,119,2021-2022,2,Rabi,Coconut,0-12-0.00,2022-01-03,,,12.8512897,75.032696,
440672516,24,Dakshina Kannada,2,Bantwal,2,PANEMANGALURU,25,SAJIPA MUDA,119,2021-2022,2,Rabi,Fallow,1-43-0.00,2022-01-03,,,12.8504431,75.0131793,
440672581,24,Dakshina Kannada,2,Bantwal,2,PANEMANGALURU,25,SAJIPA MUDA,119,2021-2022,2,Rabi,Betel Nuts (Areca nuts),1-0-0.00,2022-01-03,,,12.8503867,75.0131067,
440672598,24,Dakshina Kannada,2,Bantwal,2,PANEMANGALURU,25,SAJIPA MUDA,119,2021-2022,2,Rabi,Fallow,0-17-0.00,2022-01-03,,,12.8498535,75.0141426,
440672617,24,Dakshina Kannada,2,Bantwal,2,PANEMANGALURU,25,SAJIPA MUDA,119,2021-2022,2,Rabi,NA Land ,0-11-0.00,2022-01-03,,,12.849774,75.0141417,
440673030,24,Dakshina Kannada,2,Bantwal,2,PANEMANGALURU,25,SAJIPA MUDA,119,2021-2022,2,Rabi,Fallow,0-52-0.00,2022-01-03,,,12.849835,75.0141161,
440673033,24,Dakshina Kannada,2,Bantwal,2,PANEMANGALURU,25,SAJIPA MUDA,119,2021-2022,2,Rabi,NA Land ,0-7-0.00,2022-01-03,,,12.8498145,75.0141282,
440673039,24,Dakshina Kannada,2,Bantwal,2,PANEMANGALURU,25,SAJIPA MUDA,119,2021-2022,2,Rabi,Betel Nuts (Areca nuts),0-93-0.00,2022-01-03,,,12.8485881,75.01232,
440673043,24,Dakshina Kannada,2,Bantwal,2,PANEMANGALURU,25,SAJIPA MUDA,119,2021-2022,2,Rabi,NA Land ,0-9-0.00,2022-01-03,,,12.8485948,75.0123411,
440673046,24,Dakshina Kannada,2,Bantwal,2,PANEMANGALURU,25,SAJIPA MUDA,119,2021-2022,2,Rabi,Fallow,0-3-0.00,2022-01-03,,,12.8486068,75.0123099,
440673649,24,Dakshina Kannada,2,Bantwal,2,PANEMANGALURU,25,SAJIPA MUDA,119,2021-2022,2,Rabi,NA Land ,0-7-50.00,2022-01-03,,,12.8490553,75.0094885,
440673659,24,Dakshina Kannada,2,Bantwal,2,PANEMANGALURU,25,SAJIPA MUDA,119,2021-2022,2,Rabi,NA Land ,0-6-0.00,2022-01-03,,,12.8490562,75.0095264,
440673706,24,Dakshina Kannada,2,Bantwal,2,PANEMANGALURU,25,SAJIPA MUDA,119,2021-2022,2,Rabi,NA Land ,0-7-0.00,2022-01-03,,,12.8483219,75.0097435,
440673726,24,Dakshina Kannada,2,Bantwal,2,PANEMANGALURU,25,SAJIPA MUDA,119,2021-2022,2,Rabi,Betel Nuts (Areca nuts),0-11-0.00,2022-01-03,,,12.8483774,75.0097306,
440673731,24,Dakshina Kannada,2,Bantwal,2,PANEMANGALURU,25,SAJIPA MUDA,119,2021-2022,2,Rabi,NA Land ,0-1-0.00,2022-01-03,,,12.8483806,75.0097353,
440673732,24,Dakshina Kannada,2,Bantwal,2,PANEMANGALURU,25,SAJIPA MUDA,119,2021-2022,2,Rabi,NA Land ,0-4-0.00,2022-01-03,,,12.848339,75.0097262,
440673775,24,Dakshina Kannada,2,Bantwal,2,PANEMANGALURU,25,SAJIPA MUDA,119,2021-2022,2,Rabi,NA Land ,0-10-0.00,2022-01-03,,,12.8464788,75.010476,
440673787,24,Dakshina Kannada,2,Bantwal,2,PANEMANGALURU,25,SAJIPA MUDA,119,2021-2022,2,Rabi,Betel Nuts (Areca nuts),0-19-0.00,2022-01-03,,,12.846493,75.0104851,
440673804,24,Dakshina Kannada,2,Bantwal,2,PANEMANGALURU,25,SAJIPA MUDA,119,2021-2022,2,Rabi,Betel Nuts (Areca nuts),0-13-50.00,2022-01-03,,,12.8464774,75.0104596,
440673821,24,Dakshina Kannada,2,Bantwal,2,PANEMANGALURU,25,SAJIPA MUDA,119,2021-2022,2,Rabi,Betel Nuts (Areca nuts),0-11-0.00,2022-01-03,,,12.8465048,75.0104772,
440673825,24,Dakshina Kannada,2,Bantwal,2,PANEMANGALURU,25,SAJIPA MUDA,119,2021-2022,2,Rabi,Betel Nuts (Areca nuts),0-15-0.00,2022-01-03,,,12.8464725,75.010473,
440673846,24,Dakshina Kannada,2,Bantwal,2,PANEMANGALURU,25,SAJIPA MUDA,119,2021-2022,2,Rabi,Betel Nuts (Areca nuts),0-12-0.00,2022-01-03,,,12.8464926,75.0104781,
440673878,24,Dakshina Kannada,2,Bantwal,2,PANEMANGALURU,25,SAJIPA MUDA,119,2021-2022,2,Rabi,Betel Nuts (Areca nuts),0-20-0.00,2022-01-03,,,12.8464764,75.0104705,
440673884,24,Dakshina Kannada,2,Bantwal,2,PANEMANGALURU,25,SAJIPA MUDA,119,2021-2022,2,Rabi,NA Land ,0-5-0.00,2022-01-03,,,12.8464994,75.0104838,
440673891,24,Dakshina Kannada,2,Bantwal,2,PANEMANGALURU,25,SAJIPA MUDA,119,2021-2022,2,Rabi,Rubber,0-59-0.00,2022-01-03,,,12.84584,75.0108601,
440673926,24,Dakshina Kannada,2,Bantwal,2,PANEMANGALURU,25,SAJIPA MUDA,119,2021-2022,2,Rabi,Betel Nuts (Areca nuts),0-21-0.00,2022-01-03,,,12.8457866,75.0108291,
440672279,24,Dakshina Kannada,2,Bantwal,2,PANEMANGALURU,25,SAJIPA MUDA,119,2021-2022,2,Rabi,Betel Nuts (Areca nuts),1-83-0.00,2022-01-03,,,12.8504133,75.0132434,
440699547,24,Dakshina Kannada,2,Bantwal,2,PANEMANGALURU,25,SAJIPA MUDA,119,2021-2022,2,Rabi,Fallow,0-10-0.00,2022-01-03,,,12.8565392,75.0066397,
440699572,24,Dakshina Kannada,2,Bantwal,2,PANEMANGALURU,25,SAJIPA MUDA,119,2021-2022,2,Rabi,Fallow,0-24-0.00,2022-01-03,,,12.8570491,75.0073304,
440699542,24,Dakshina Kannada,2,Bantwal,2,PANEMANGALURU,25,SAJIPA MUDA,119,2021-2022,2,Rabi,NA Land ,0-12-0.00,2022-01-03,,,12.8564558,75.0072437,
440699540,24,Dakshina Kannada,2,Bantwal,2,PANEMANGALURU,25,SAJIPA MUDA,119,2021-2022,2,Rabi,NA Land ,0-6-0.00,2022-01-03,,,12.8566336,75.0074745,
440699540,24,Dakshina Kannada,2,Bantwal,2,PANEMANGALURU,25,SAJIPA MUDA,119,2021-2022,2,Rabi,Fallow,0-35-0.00,2022-01-03,,,12.8567163,75.0075464,
440699554,24,Dakshina Kannada,2,Bantwal,2,PANEMANGALURU,25,SAJIPA MUDA,119,2021-2022,2,Rabi,NA Land ,0-7-0.00,2022-01-03,,,12.856447,75.0066545,
440699554,24,Dakshina Kannada,2,Bantwal,2,PANEMANGALURU,25,SAJIPA MUDA,119,2021-2022,2,Rabi,Fallow,0-50-0.00,2022-01-03,,,12.856475,75.0066008,
440699567,24,Dakshina Kannada,2,Bantwal,2,PANEMANGALURU,25,SAJIPA MUDA,119,2021-2022,2,Rabi,Fallow,0-37-50.00,2022-01-03,,,12.8565168,75.0065668,
440699584,24,Dakshina Kannada,2,Bantwal,2,PANEMANGALURU,25,SAJIPA MUDA,119,2021-2022,2,Rabi,NA Land ,0-7-0.00,2022-01-03,,,12.8570622,75.0073812,
440699584,24,Dakshina Kannada,2,Bantwal,2,PANEMANGALURU,25,SAJIPA MUDA,119,2021-2022,2,Rabi,Fallow,0-15-0.00,2022-01-03,,,12.8570808,75.0073218,
440699548,24,Dakshina Kannada,2,Bantwal,2,PANEMANGALURU,25,SAJIPA MUDA,119,2021-2022,2,Rabi,Fallow,1-6-0.00,2022-01-03,,,12.8564465,75.0070164,
440763692,24,Dakshina Kannada,2,Bantwal,2,PANEMANGALURU,25,SAJIPA MUDA,119,2021-2022,2,Rabi,Fallow,0-97-0.00,2022-01-04,,,12.8503113,75.0194766,
440763733,24,Dakshina Kannada,2,Bantwal,2,PANEMANGALURU,25,SAJIPA MUDA,119,2021-2022,2,Rabi,Fallow,0-15-0.00,2022-01-04,,,12.8496734,75.019834,
440763743,24,Dakshina Kannada,2,Bantwal,2,PANEMANGALURU,25,SAJIPA MUDA,119,2021-2022,2,Rabi,Fallow,3-19-0.00,2022-01-04,,,12.8475757,75.020346,
440763783,24,Dakshina Kannada,2,Bantwal,2,PANEMANGALURU,25,SAJIPA MUDA,119,2021-2022,2,Rabi,Fallow,0-5-0.00,2022-01-04,,,12.8480712,75.0204882,
440763798,24,Dakshina Kannada,2,Bantwal,2,PANEMANGALURU,25,SAJIPA MUDA,119,2021-2022,2,Rabi,NA Land ,0-14-0.00,2022-01-04,,,12.8480432,75.0205032,
440772790,24,Dakshina Kannada,2,Bantwal,2,PANEMANGALURU,25,SAJIPA MUDA,119,2021-2022,2,Rabi,NA Land ,0-5-0.00,2022-01-04,,,12.8308877,75.0332461,
440772790,24,Dakshina Kannada,2,Bantwal,2,PANEMANGALURU,25,SAJIPA MUDA,119,2021-2022,2,Rabi,Fallow,0-35-0.00,2022-01-04,,,12.8308753,75.0332493,
440772790,24,Dakshina Kannada,2,Bantwal,2,PANEMANGALURU,25,SAJIPA MUDA,119,2021-2022,2,Rabi,Betel Nuts (Areca nuts),0-75-0.00,2022-01-04,,,12.8309753,75.0328291,
440772790,24,Dakshina Kannada,2,Bantwal,2,PANEMANGALURU,25,SAJIPA MUDA,119,2021-2022,2,Rabi,Betel Nuts (Areca nuts),0-75-0.00,2022-01-04,,,12.8309758,75.0328129,
440772790,24,Dakshina Kannada,2,Bantwal,2,PANEMANGALURU,25,SAJIPA MUDA,119,2021-2022,2,Rabi,Coconut,1-94-0.00,2022-01-04,,,12.830923,75.0331459,
440772790,24,Dakshina Kannada,2,Bantwal,2,PANEMANGALURU,25,SAJIPA MUDA,119,2021-2022,2,Rabi,Coconut,1-94-0.00,2022-01-04,,,12.8310469,75.0330091,
440763669,24,Dakshina Kannada,2,Bantwal,2,PANEMANGALURU,25,SAJIPA MUDA,119,2021-2022,2,Rabi,Fallow,0-7-0.00,2022-01-04,,,12.851587,75.0199518,
440763675,24,Dakshina Kannada,2,Bantwal,2,PANEMANGALURU,25,SAJIPA MUDA,119,2021-2022,2,Rabi,Fallow,0-35-0.00,2022-01-04,,,12.8515857,75.0199673,
440763702,24,Dakshina Kannada,2,Bantwal,2,PANEMANGALURU,25,SAJIPA MUDA,119,2021-2022,2,Rabi,Fallow,0-1-0.00,2022-01-04,,,12.8502911,75.0194627,
440763728,24,Dakshina Kannada,2,Bantwal,2,PANEMANGALURU,25,SAJIPA MUDA,119,2021-2022,2,Rabi,Fallow,0-19-0.00,2022-01-04,,,12.8496483,75.0198356,
440763776,24,Dakshina Kannada,2,Bantwal,2,PANEMANGALURU,25,SAJIPA MUDA,119,2021-2022,2,Rabi,Betel Nuts (Areca nuts),0-15-0.00,2022-01-04,,,12.8481061,75.020487,
440672292,24,Dakshina Kannada,2,Bantwal,2,PANEMANGALURU,25,SAJIPA MUDA,119,2021-2022,2,Rabi,Fallow,0-45-0.00,2022-01-03,,,12.8503997,75.0132098,
440672316,24,Dakshina Kannada,2,Bantwal,2,PANEMANGALURU,25,SAJIPA MUDA,119,2021-2022,2,Rabi,NA Land ,0-11-0.00,2022-01-03,,,12.8503757,75.0131681,
440672520,24,Dakshina Kannada,2,Bantwal,2,PANEMANGALURU,25,SAJIPA MUDA,119,2021-2022,2,Rabi,Fallow,0-90-0.00,2022-01-03,,,12.8504275,75.0131649,
440672530,24,Dakshina Kannada,2,Bantwal,2,PANEMANGALURU,25,SAJIPA MUDA,119,2021-2022,2,Rabi,Fallow,1-64-0.00,2022-01-03,,,12.8503666,75.0131838,
440672534,24,Dakshina Kannada,2,Bantwal,2,PANEMANGALURU,25,SAJIPA MUDA,119,2021-2022,2,Rabi,Fallow,1-36-0.00,2022-01-03,,,12.8503995,75.0131283,
440672562,24,Dakshina Kannada,2,Bantwal,2,PANEMANGALURU,25,SAJIPA MUDA,119,2021-2022,2,Rabi,NA Land ,0-12-0.00,2022-01-03,,,12.8503004,75.0131492,
440672565,24,Dakshina Kannada,2,Bantwal,2,PANEMANGALURU,25,SAJIPA MUDA,119,2021-2022,2,Rabi,Fallow,0-75-0.00,2022-01-03,,,12.8503028,75.013133,
440672590,24,Dakshina Kannada,2,Bantwal,2,PANEMANGALURU,25,SAJIPA MUDA,119,2021-2022,2,Rabi,Betel Nuts (Areca nuts),0-26-0.00,2022-01-03,,,12.8501333,75.0134717,
440672612,24,Dakshina Kannada,2,Bantwal,2,PANEMANGALURU,25,SAJIPA MUDA,119,2021-2022,2,Rabi,Betel Nuts (Areca nuts),0-33-0.00,2022-01-03,,,12.8498291,75.014143,
440673017,24,Dakshina Kannada,2,Bantwal,2,PANEMANGALURU,25,SAJIPA MUDA,119,2021-2022,2,Rabi,Betel Nuts (Areca nuts),0-51-0.00,2022-01-03,,,12.8498289,75.0141491,
440673022,24,Dakshina Kannada,2,Bantwal,2,PANEMANGALURU,25,SAJIPA MUDA,119,2021-2022,2,Rabi,Betel Nuts (Areca nuts),0-18-0.00,2022-01-03,,,12.8498426,75.014115,
440673024,24,Dakshina Kannada,2,Bantwal,2,PANEMANGALURU,25,SAJIPA MUDA,119,2021-2022,2,Rabi,NA Land ,0-11-0.00,2022-01-03,,,12.849838,75.0141116,
440673062,24,Dakshina Kannada,2,Bantwal,2,PANEMANGALURU,25,SAJIPA MUDA,119,2021-2022,2,Rabi,Betel Nuts (Areca nuts),0-12-0.00,2022-01-03,,,12.8486882,75.0121807,
440673654,24,Dakshina Kannada,2,Bantwal,2,PANEMANGALURU,25,SAJIPA MUDA,119,2021-2022,2,Rabi,NA Land ,0-7-75.00,2022-01-03,,,12.8490504,75.0094771,
440673667,24,Dakshina Kannada,2,Bantwal,2,PANEMANGALURU,25,SAJIPA MUDA,119,2021-2022,2,Rabi,NA Land ,0-11-0.00,2022-01-03,,,12.8490417,75.009465,
440673680,24,Dakshina Kannada,2,Bantwal,2,PANEMANGALURU,25,SAJIPA MUDA,119,2021-2022,2,Rabi,NA Land ,0-13-0.00,2022-01-03,,,12.8490885,75.0095021,
440673710,24,Dakshina Kannada,2,Bantwal,2,PANEMANGALURU,25,SAJIPA MUDA,119,2021-2022,2,Rabi,Betel Nuts (Areca nuts),0-9-0.00,2022-01-03,,,12.848353,75.0097396,
440673760,24,Dakshina Kannada,2,Bantwal,2,PANEMANGALURU,25,SAJIPA MUDA,119,2021-2022,2,Rabi,Betel Nuts (Areca nuts),0-7-0.00,2022-01-03,,,12.8464903,75.0104833,
440673781,24,Dakshina Kannada,2,Bantwal,2,PANEMANGALURU,25,SAJIPA MUDA,119,2021-2022,2,Rabi,Betel Nuts (Areca nuts),0-55-0.00,2022-01-03,,,12.8464954,75.0104815,
440673836,24,Dakshina Kannada,2,Bantwal,2,PANEMANGALURU,25,SAJIPA MUDA,119,2021-2022,2,Rabi,Betel Nuts (Areca nuts),0-55-0.00,2022-01-03,,,12.8464948,75.0104857,
440673841,24,Dakshina Kannada,2,Bantwal,2,PANEMANGALURU,25,SAJIPA MUDA,119,2021-2022,2,Rabi,NA Land ,0-4-0.00,2022-01-03,,,12.8465063,75.01047,
440673909,24,Dakshina Kannada,2,Bantwal,2,PANEMANGALURU,25,SAJIPA MUDA,119,2021-2022,2,Rabi,Rubber,0-11-0.00,2022-01-03,,,12.8458115,75.0108482,
440673915,24,Dakshina Kannada,2,Bantwal,2,PANEMANGALURU,25,SAJIPA MUDA,119,2021-2022,2,Rabi,NA Land ,0-2-0.00,2022-01-03,,,12.8457971,75.0108713,
440672556,24,Dakshina Kannada,2,Bantwal,2,PANEMANGALURU,25,SAJIPA MUDA,119,2021-2022,2,Rabi,Fallow,0-29-0.00,2022-01-03,,,12.8503411,75.0132034,
440673055,24,Dakshina Kannada,2,Bantwal,2,PANEMANGALURU,25,SAJIPA MUDA,119,2021-2022,2,Rabi,Fallow,0-9-0.00,2022-01-03,,,12.8485015,75.0123775,
440673058,24,Dakshina Kannada,2,Bantwal,2,PANEMANGALURU,25,SAJIPA MUDA,119,2021-2022,2,Rabi,Betel Nuts (Areca nuts),0-9-0.00,2022-01-03,,,12.8486263,75.0121638,
440676678,24,Dakshina Kannada,2,Bantwal,2,PANEMANGALURU,25,SAJIPA MUDA,119,2021-2022,2,Rabi,NA Land ,0-6-0.00,2022-01-03,,,12.8517034,75.0337804,
440676681,24,Dakshina Kannada,2,Bantwal,2,PANEMANGALURU,25,SAJIPA MUDA,119,2021-2022,2,Rabi,NA Land ,0-4-0.00,2022-01-03,,,12.8517062,75.03379,
440676686,24,Dakshina Kannada,2,Bantwal,2,PANEMANGALURU,25,SAJIPA MUDA,119,2021-2022,2,Rabi,NA Land ,0-3-0.00,2022-01-03,,,12.8517148,75.0337962,
440676707,24,Dakshina Kannada,2,Bantwal,2,PANEMANGALURU,25,SAJIPA MUDA,119,2021-2022,2,Rabi,NA Land ,0-1-0.00,2022-01-03,,,12.8517184,75.0338069,
440676642,24,Dakshina Kannada,2,Bantwal,2,PANEMANGALURU,25,SAJIPA MUDA,119,2021-2022,2,Rabi,NA Land ,0-5-0.00,2022-01-03,,,12.8508679,75.0340321,
440676662,24,Dakshina Kannada,2,Bantwal,2,PANEMANGALURU,25,SAJIPA MUDA,119,2021-2022,2,Rabi,NA Land ,0-20-0.00,2022-01-03,,,12.8508506,75.0340956,
440676727,24,Dakshina Kannada,2,Bantwal,2,PANEMANGALURU,25,SAJIPA MUDA,119,2021-2022,2,Rabi,NA Land ,0-13-50.00,2022-01-03,,,12.8516324,75.0335762,
440676733,24,Dakshina Kannada,2,Bantwal,2,PANEMANGALURU,25,SAJIPA MUDA,119,2021-2022,2,Rabi,NA Land ,0-3-0.00,2022-01-03,,,12.8516331,75.0335685,
440676760,24,Dakshina Kannada,2,Bantwal,2,PANEMANGALURU,25,SAJIPA MUDA,119,2021-2022,2,Rabi,NA Land ,0-4-0.00,2022-01-03,,,12.8516441,75.0335934,
440676718,24,Dakshina Kannada,2,Bantwal,2,PANEMANGALURU,25,SAJIPA MUDA,119,2021-2022,2,Rabi,NA Land ,0-8-0.00,2022-01-03,,,12.8517267,75.0338147,
440676739,24,Dakshina Kannada,2,Bantwal,2,PANEMANGALURU,25,SAJIPA MUDA,119,2021-2022,2,Rabi,NA Land ,0-7-0.00,2022-01-03,,,12.8516492,75.0336076,
440676777,24,Dakshina Kannada,2,Bantwal,2,PANEMANGALURU,25,SAJIPA MUDA,119,2021-2022,2,Rabi,NA Land ,0-8-0.00,2022-01-03,,,12.8516746,75.0335175,
440676791,24,Dakshina Kannada,2,Bantwal,2,PANEMANGALURU,25,SAJIPA MUDA,119,2021-2022,2,Rabi,NA Land ,0-2-0.00,2022-01-03,,,12.8516577,75.0335213,
440676793,24,Dakshina Kannada,2,Bantwal,2,PANEMANGALURU,25,SAJIPA MUDA,119,2021-2022,2,Rabi,NA Land ,0-47-0.00,2022-01-03,,,12.8516559,75.0335253,
440676752,24,Dakshina Kannada,2,Bantwal,2,PANEMANGALURU,25,SAJIPA MUDA,119,2021-2022,2,Rabi,NA Land ,0-4-0.00,2022-01-03,,,12.8516391,75.0335832,
440676775,24,Dakshina Kannada,2,Bantwal,2,PANEMANGALURU,25,SAJIPA MUDA,119,2021-2022,2,Rabi,NA Land ,0-1-0.00,2022-01-03,,,12.8516743,75.033524,
440676780,24,Dakshina Kannada,2,Bantwal,2,PANEMANGALURU,25,SAJIPA MUDA,119,2021-2022,2,Rabi,NA Land ,0-12-50.00,2022-01-03,,,12.8516696,75.0335134,
440676797,24,Dakshina Kannada,2,Bantwal,2,PANEMANGALURU,25,SAJIPA MUDA,119,2021-2022,2,Rabi,NA Land ,0-5-50.00,2022-01-03,,,12.8516544,75.0335348,
440762947,24,Dakshina Kannada,2,Bantwal,2,PANEMANGALURU,25,SAJIPA MUDA,119,2021-2022,2,Rabi,Fallow,0-10-0.00,2022-01-04,,,12.8477009,75.0081069,
440762954,24,Dakshina Kannada,2,Bantwal,2,PANEMANGALURU,25,SAJIPA MUDA,119,2021-2022,2,Rabi,Betel Nuts (Areca nuts),0-27-0.00,2022-01-04,,,12.8476734,75.0080735,
440762954,24,Dakshina Kannada,2,Bantwal,2,PANEMANGALURU,25,SAJIPA MUDA,119,2021-2022,2,Rabi,Betel Nuts (Areca nuts),0-27-0.00,2022-01-04,,,12.8476531,75.0080632,
440762963,24,Dakshina Kannada,2,Bantwal,2,PANEMANGALURU,25,SAJIPA MUDA,119,2021-2022,2,Rabi,Betel Nuts (Areca nuts),0-27-0.00,2022-01-04,,,12.8476549,75.0081287,
440762963,24,Dakshina Kannada,2,Bantwal,2,PANEMANGALURU,25,SAJIPA MUDA,119,2021-2022,2,Rabi,Betel Nuts (Areca nuts),0-27-0.00,2022-01-04,,,12.8476557,75.0081281,
440763015,24,Dakshina Kannada,2,Bantwal,2,PANEMANGALURU,25,SAJIPA MUDA,119,2021-2022,2,Rabi,NA Land ,0-4-0.00,2022-01-04,,,12.8543298,75.0318519,
440763032,24,Dakshina Kannada,2,Bantwal,2,PANEMANGALURU,25,SAJIPA MUDA,119,2021-2022,2,Rabi,Betel Nuts (Areca nuts),0-75-0.00,2022-01-04,,,12.8475174,75.0070786,
440763032,24,Dakshina Kannada,2,Bantwal,2,PANEMANGALURU,25,SAJIPA MUDA,119,2021-2022,2,Rabi,Betel Nuts (Areca nuts),0-75-0.00,2022-01-04,,,12.8475201,75.0070808,
440709053,24,Dakshina Kannada,2,Bantwal,2,PANEMANGALURU,25,SAJIPA MUDA,119,2021-2022,2,Rabi,Fallow,2-79-0.00,2022-01-03,,,12.8424452,75.0083591,
440709065,24,Dakshina Kannada,2,Bantwal,2,PANEMANGALURU,25,SAJIPA MUDA,119,2021-2022,2,Rabi,Fallow,0-53-0.00,2022-01-03,,,12.8424746,75.0083647,
440709070,24,Dakshina Kannada,2,Bantwal,2,PANEMANGALURU,25,SAJIPA MUDA,119,2021-2022,2,Rabi,Fallow,0-49-0.00,2022-01-03,,,12.8424739,75.0083514,
440709125,24,Dakshina Kannada,2,Bantwal,2,PANEMANGALURU,25,SAJIPA MUDA,119,2021-2022,2,Rabi,Fallow,4-98-0.00,2022-01-03,,,12.8423672,75.0110993,
440709128,24,Dakshina Kannada,2,Bantwal,2,PANEMANGALURU,25,SAJIPA MUDA,119,2021-2022,2,Rabi,Fallow,0-32-0.00,2022-01-03,,,12.8423891,75.011072,
440709336,24,Dakshina Kannada,2,Bantwal,2,PANEMANGALURU,25,SAJIPA MUDA,119,2021-2022,2,Rabi,Fallow,1-77-0.00,2022-01-03,,,12.8447699,75.016134,
440709361,24,Dakshina Kannada,2,Bantwal,2,PANEMANGALURU,25,SAJIPA MUDA,119,2021-2022,2,Rabi,NA Land ,0-12-0.00,2022-01-03,,,12.8459554,75.0351208,
440709366,24,Dakshina Kannada,2,Bantwal,2,PANEMANGALURU,25,SAJIPA MUDA,119,2021-2022,2,Rabi,Fallow,2-80-0.00,2022-01-03,,,12.844775,75.0161655,
440709383,24,Dakshina Kannada,2,Bantwal,2,PANEMANGALURU,25,SAJIPA MUDA,119,2021-2022,2,Rabi,NA Land ,0-5-0.00,2022-01-03,,,12.8456595,75.0368857,
440709406,24,Dakshina Kannada,2,Bantwal,2,PANEMANGALURU,25,SAJIPA MUDA,119,2021-2022,2,Rabi,Fallow,0-2-0.00,2022-01-03,,,12.8448155,75.0160965,
440709411,24,Dakshina Kannada,2,Bantwal,2,PANEMANGALURU,25,SAJIPA MUDA,119,2021-2022,2,Rabi,Fallow,0-62-0.00,2022-01-03,,,12.8447911,75.0160771,
440709434,24,Dakshina Kannada,2,Bantwal,2,PANEMANGALURU,25,SAJIPA MUDA,119,2021-2022,2,Rabi,Fallow,0-75-0.00,2022-01-03,,,12.8448223,75.0161273,
440709438,24,Dakshina Kannada,2,Bantwal,2,PANEMANGALURU,25,SAJIPA MUDA,119,2021-2022,2,Rabi,Fallow,0-45-0.00,2022-01-03,,,12.8448377,75.0161252,
440709451,24,Dakshina Kannada,2,Bantwal,2,PANEMANGALURU,25,SAJIPA MUDA,119,2021-2022,2,Rabi,NA Land ,0-6-0.00,2022-01-03,,,12.845569,75.0368656,
440709475,24,Dakshina Kannada,2,Bantwal,2,PANEMANGALURU,25,SAJIPA MUDA,119,2021-2022,2,Rabi,Betel Nuts (Areca nuts),0-33-25.00,2022-01-03,,,12.845564,75.0368722,
440709475,24,Dakshina Kannada,2,Bantwal,2,PANEMANGALURU,25,SAJIPA MUDA,119,2021-2022,2,Rabi,Betel Nuts (Areca nuts),0-33-25.00,2022-01-03,,,12.8455587,75.0368733,
440708318,24,Dakshina Kannada,2,Bantwal,2,PANEMANGALURU,25,SAJIPA MUDA,119,2021-2022,2,Rabi,Fallow,0-40-0.00,2022-01-03,,,12.8371658,75.0190672,
440708440,24,Dakshina Kannada,2,Bantwal,2,PANEMANGALURU,25,SAJIPA MUDA,119,2021-2022,2,Rabi,Fallow,1-76-0.00,2022-01-03,,,12.8371772,75.0190907,
440708491,24,Dakshina Kannada,2,Bantwal,2,PANEMANGALURU,25,SAJIPA MUDA,119,2021-2022,2,Rabi,Fallow,1-84-0.00,2022-01-03,,,12.8371695,75.0190961,
440708585,24,Dakshina Kannada,2,Bantwal,2,PANEMANGALURU,25,SAJIPA MUDA,119,2021-2022,2,Rabi,Fallow,0-57-0.00,2022-01-03,,,12.8375626,75.018845,
440708635,24,Dakshina Kannada,2,Bantwal,2,PANEMANGALURU,25,SAJIPA MUDA,119,2021-2022,2,Rabi,NA Land ,0-5-0.00,2022-01-03,,,12.8375368,75.0188732,
440708736,24,Dakshina Kannada,2,Bantwal,2,PANEMANGALURU,25,SAJIPA MUDA,119,2021-2022,2,Rabi,Fallow,0-40-0.00,2022-01-03,,,12.8437993,75.0062462,
440708779,24,Dakshina Kannada,2,Bantwal,2,PANEMANGALURU,25,SAJIPA MUDA,119,2021-2022,2,Rabi,Fallow,0-34-0.00,2022-01-03,,,12.8437937,75.0062309,
440708750,24,Dakshina Kannada,2,Bantwal,2,PANEMANGALURU,25,SAJIPA MUDA,119,2021-2022,2,Rabi,Fallow,1-40-0.00,2022-01-03,,,12.8437906,75.0062226,
440709025,24,Dakshina Kannada,2,Bantwal,2,PANEMANGALURU,25,SAJIPA MUDA,119,2021-2022,2,Rabi,Fallow,0-6-0.00,2022-01-03,,,12.8409063,75.0082144,
440709030,24,Dakshina Kannada,2,Bantwal,2,PANEMANGALURU,25,SAJIPA MUDA,119,2021-2022,2,Rabi,Fallow,0-85-0.00,2022-01-03,,,12.8408827,75.0082188,
440709049,24,Dakshina Kannada,2,Bantwal,2,PANEMANGALURU,25,SAJIPA MUDA,119,2021-2022,2,Rabi,Fallow,0-72-0.00,2022-01-03,,,12.8424731,75.0083856,
440659683,24,Dakshina Kannada,2,Bantwal,2,PANEMANGALURU,25,SAJIPA MUDA,119,2021-2022,2,Rabi,Fallow,0-9-0.00,2022-01-03,,,12.840332,75.0389324,
440659699,24,Dakshina Kannada,2,Bantwal,2,PANEMANGALURU,25,SAJIPA MUDA,119,2021-2022,2,Rabi,Fallow,0-80-0.00,2022-01-03,,,12.8403745,75.0388921,
440659721,24,Dakshina Kannada,2,Bantwal,2,PANEMANGALURU,25,SAJIPA MUDA,119,2021-2022,2,Rabi,Fallow,0-98-0.00,2022-01-03,,,12.8403927,75.0390017,
440659727,24,Dakshina Kannada,2,Bantwal,2,PANEMANGALURU,25,SAJIPA MUDA,119,2021-2022,2,Rabi,Fallow,0-83-0.00,2022-01-03,,,12.8404052,75.0389975,
440659672,24,Dakshina Kannada,2,Bantwal,2,PANEMANGALURU,25,SAJIPA MUDA,119,2021-2022,2,Rabi,Fallow,0-28-0.00,2022-01-03,,,12.8403059,75.0389617,
440665148,24,Dakshina Kannada,2,Bantwal,2,PANEMANGALURU,25,SAJIPA MUDA,119,2021-2022,2,Rabi,Fallow,1-60-0.00,2022-01-03,,,12.838,75.0379586,
440774433,24,Dakshina Kannada,2,Bantwal,2,PANEMANGALURU,25,SAJIPA MUDA,119,2021-2022,2,Rabi,Fallow,0-13-0.00,2022-01-04,,,12.8599259,75.014566,
440774453,24,Dakshina Kannada,2,Bantwal,2,PANEMANGALURU,25,SAJIPA MUDA,119,2021-2022,2,Rabi,Fallow,1-0-0.00,2022-01-04,,,12.8598825,75.0144876,
440774493,24,Dakshina Kannada,2,Bantwal,2,PANEMANGALURU,25,SAJIPA MUDA,119,2021-2022,2,Rabi,Fallow,0-95-0.00,2022-01-04,,,12.8554667,75.0226083,
440774498,24,Dakshina Kannada,2,Bantwal,2,PANEMANGALURU,25,SAJIPA MUDA,119,2021-2022,2,Rabi,Fallow,0-55-50.00,2022-01-04,,,12.855436,75.0226279,
440774517,24,Dakshina Kannada,2,Bantwal,2,PANEMANGALURU,25,SAJIPA MUDA,119,2021-2022,2,Rabi,Fallow,0-11-0.00,2022-01-04,,,12.8553821,75.0221577,
440774552,24,Dakshina Kannada,2,Bantwal,2,PANEMANGALURU,25,SAJIPA MUDA,119,2021-2022,2,Rabi,NA Land ,0-8-0.00,2022-01-04,,,12.8553614,75.0222885,
440774594,24,Dakshina Kannada,2,Bantwal,2,PANEMANGALURU,25,SAJIPA MUDA,119,2021-2022,2,Rabi,NA Land ,0-5-0.00,2022-01-04,,,12.855023,75.0202698,
440774597,24,Dakshina Kannada,2,Bantwal,2,PANEMANGALURU,25,SAJIPA MUDA,119,2021-2022,2,Rabi,Fallow,0-0-50.00,2022-01-04,,,12.8550597,75.0202871,
440774608,24,Dakshina Kannada,2,Bantwal,2,PANEMANGALURU,25,SAJIPA MUDA,119,2021-2022,2,Rabi,NA Land ,0-8-0.00,2022-01-04,,,12.8560661,75.02136,
440774611,24,Dakshina Kannada,2,Bantwal,2,PANEMANGALURU,25,SAJIPA MUDA,119,2021-2022,2,Rabi,Fallow,0-1-0.00,2022-01-04,,,12.8562528,75.021427,
440774659,24,Dakshina Kannada,2,Bantwal,2,PANEMANGALURU,25,SAJIPA MUDA,119,2021-2022,2,Rabi,NA Land ,0-4-0.00,2022-01-04,,,12.8573493,75.0206953,
440774659,24,Dakshina Kannada,2,Bantwal,2,PANEMANGALURU,25,SAJIPA MUDA,119,2021-2022,2,Rabi,Fallow,0-50-0.00,2022-01-04,,,12.8573449,75.0207882,
440774662,24,Dakshina Kannada,2,Bantwal,2,PANEMANGALURU,25,SAJIPA MUDA,119,2021-2022,2,Rabi,NA Land ,0-16-0.00,2022-01-04,,,12.8570152,75.0210088,
440765145,24,Dakshina Kannada,2,Bantwal,2,PANEMANGALURU,25,SAJIPA MUDA,119,2021-2022,2,Rabi,Fallow,0-29-0.00,2022-01-04,,,12.8305869,75.0332375,
440773707,24,Dakshina Kannada,2,Bantwal,2,PANEMANGALURU,25,SAJIPA MUDA,119,2021-2022,2,Rabi,Fallow,2-50-0.00,2022-01-04,,,12.8303364,75.0326852,
440773707,24,Dakshina Kannada,2,Bantwal,2,PANEMANGALURU,25,SAJIPA MUDA,119,2021-2022,2,Rabi,Betel Nuts (Areca nuts),1-0-0.00,2022-01-04,,,12.8302479,75.0324939,
440773707,24,Dakshina Kannada,2,Bantwal,2,PANEMANGALURU,25,SAJIPA MUDA,119,2021-2022,2,Rabi,Betel Nuts (Areca nuts),1-0-0.00,2022-01-04,,,12.8302477,75.0324975,
440774446,24,Dakshina Kannada,2,Bantwal,2,PANEMANGALURU,25,SAJIPA MUDA,119,2021-2022,2,Rabi,NA Land ,0-11-0.00,2022-01-04,,,12.8598899,75.0144544,
440774455,24,Dakshina Kannada,2,Bantwal,2,PANEMANGALURU,25,SAJIPA MUDA,119,2021-2022,2,Rabi,Fallow,1-75-0.00,2022-01-04,,,12.85611,75.0244017,
440774471,24,Dakshina Kannada,2,Bantwal,2,PANEMANGALURU,25,SAJIPA MUDA,119,2021-2022,2,Rabi,NA Land ,0-10-0.00,2022-01-04,,,12.8562667,75.02378,
440774512,24,Dakshina Kannada,2,Bantwal,2,PANEMANGALURU,25,SAJIPA MUDA,119,2021-2022,2,Rabi,Fallow,0-25-0.00,2022-01-04,,,12.8553714,75.0222788,
440763036,24,Dakshina Kannada,2,Bantwal,2,PANEMANGALURU,25,SAJIPA MUDA,119,2021-2022,2,Rabi,NA Land ,0-36-0.00,2022-01-04,,,12.8543256,75.0318606,
440754517,24,Dakshina Kannada,2,Bantwal,2,PANEMANGALURU,25,SAJIPA MUDA,119,2021-2022,2,Rabi,Fallow,0-10-0.00,2022-01-04,,,12.8361688,75.0305781,
440763128,24,Dakshina Kannada,2,Bantwal,2,PANEMANGALURU,25,SAJIPA MUDA,119,2021-2022,2,Rabi,NA Land ,0-16-0.00,2022-01-04,,,12.8543707,75.0318578,
440763142,24,Dakshina Kannada,2,Bantwal,2,PANEMANGALURU,25,SAJIPA MUDA,119,2021-2022,2,Rabi,Fallow,0-27-0.00,2022-01-04,,,12.8465241,75.0072234,
440763157,24,Dakshina Kannada,2,Bantwal,2,PANEMANGALURU,25,SAJIPA MUDA,119,2021-2022,2,Rabi,NA Land ,0-32-0.00,2022-01-04,,,12.8543908,75.0318496,
440763159,24,Dakshina Kannada,2,Bantwal,2,PANEMANGALURU,25,SAJIPA MUDA,119,2021-2022,2,Rabi,NA Land ,0-14-0.00,2022-01-04,,,12.8566829,75.0357678,
440763160,24,Dakshina Kannada,2,Bantwal,2,PANEMANGALURU,25,SAJIPA MUDA,119,2021-2022,2,Rabi,NA Land ,0-0-25.00,2022-01-04,,,12.8465245,75.0071912,
440763198,24,Dakshina Kannada,2,Bantwal,2,PANEMANGALURU,25,SAJIPA MUDA,119,2021-2022,2,Rabi,Rubber,0-48-0.00,2022-01-04,,,12.8454743,75.0075308,
440763198,24,Dakshina Kannada,2,Bantwal,2,PANEMANGALURU,25,SAJIPA MUDA,119,2021-2022,2,Rabi,Rubber,0-48-0.00,2022-01-04,,,12.8454765,75.0075307,
440763204,24,Dakshina Kannada,2,Bantwal,2,PANEMANGALURU,25,SAJIPA MUDA,119,2021-2022,2,Rabi,NA Land ,0-15-0.00,2022-01-04,,,12.8566898,75.0359021,
440763232,24,Dakshina Kannada,2,Bantwal,2,PANEMANGALURU,25,SAJIPA MUDA,119,2021-2022,2,Rabi,NA Land ,0-2-75.00,2022-01-04,,,12.8491962,75.0352941,
440763248,24,Dakshina Kannada,2,Bantwal,2,PANEMANGALURU,25,SAJIPA MUDA,119,2021-2022,2,Rabi,NA Land ,0-8-0.00,2022-01-04,,,12.8509367,75.01394,
440762825,24,Dakshina Kannada,2,Bantwal,2,PANEMANGALURU,25,SAJIPA MUDA,119,2021-2022,2,Rabi,NA Land ,0-9-0.00,2022-01-04,,,12.8535812,75.0292441,
440762925,24,Dakshina Kannada,2,Bantwal,2,PANEMANGALURU,25,SAJIPA MUDA,119,2021-2022,2,Rabi,NA Land ,0-5-0.00,2022-01-04,,,12.8476832,75.0080907,
440762932,24,Dakshina Kannada,2,Bantwal,2,PANEMANGALURU,25,SAJIPA MUDA,119,2021-2022,2,Rabi,Betel Nuts (Areca nuts),0-15-0.00,2022-01-04,,,12.8476911,75.0080802,
440762932,24,Dakshina Kannada,2,Bantwal,2,PANEMANGALURU,25,SAJIPA MUDA,119,2021-2022,2,Rabi,Betel Nuts (Areca nuts),0-15-0.00,2022-01-04,,,12.8476991,75.0081205,
440762988,24,Dakshina Kannada,2,Bantwal,2,PANEMANGALURU,25,SAJIPA MUDA,119,2021-2022,2,Rabi,NA Land ,0-18-0.00,2022-01-04,,,12.8543394,75.031837,
440762997,24,Dakshina Kannada,2,Bantwal,2,PANEMANGALURU,25,SAJIPA MUDA,119,2021-2022,2,Rabi,Betel Nuts (Areca nuts),0-11-0.00,2022-01-04,,,12.8476502,75.0081001,
440762997,24,Dakshina Kannada,2,Bantwal,2,PANEMANGALURU,25,SAJIPA MUDA,119,2021-2022,2,Rabi,Betel Nuts (Areca nuts),0-11-0.00,2022-01-04,,,12.8476453,75.0080975,
440763003,24,Dakshina Kannada,2,Bantwal,2,PANEMANGALURU,25,SAJIPA MUDA,119,2021-2022,2,Rabi,Fallow,0-66-0.00,2022-01-04,,,12.8476664,75.0081315,
440763039,24,Dakshina Kannada,2,Bantwal,2,PANEMANGALURU,25,SAJIPA MUDA,119,2021-2022,2,Rabi,Fallow,0-24-0.00,2022-01-04,,,12.8475124,75.007069,
440763086,24,Dakshina Kannada,2,Bantwal,2,PANEMANGALURU,25,SAJIPA MUDA,119,2021-2022,2,Rabi,NA Land ,0-21-25.00,2022-01-04,,,12.8543244,75.0318668,
440763137,24,Dakshina Kannada,2,Bantwal,2,PANEMANGALURU,25,SAJIPA MUDA,119,2021-2022,2,Rabi,Betel Nuts (Areca nuts),0-32-0.00,2022-01-04,,,12.8469776,75.0074984,
440763137,24,Dakshina Kannada,2,Bantwal,2,PANEMANGALURU,25,SAJIPA MUDA,119,2021-2022,2,Rabi,Betel Nuts (Areca nuts),0-32-0.00,2022-01-04,,,12.8469798,75.0074976,
440763143,24,Dakshina Kannada,2,Bantwal,2,PANEMANGALURU,25,SAJIPA MUDA,119,2021-2022,2,Rabi,NA Land ,0-25-0.00,2022-01-04,,,12.8543921,75.0318497,
440763147,24,Dakshina Kannada,2,Bantwal,2,PANEMANGALURU,25,SAJIPA MUDA,119,2021-2022,2,Rabi,NA Land ,0-4-0.00,2022-01-04,,,12.8543947,75.0318506,
440709003,24,Dakshina Kannada,2,Bantwal,2,PANEMANGALURU,25,SAJIPA MUDA,119,2021-2022,2,Rabi,Fallow,0-72-0.00,2022-01-03,,,12.8409033,75.0082119,
440709095,24,Dakshina Kannada,2,Bantwal,2,PANEMANGALURU,25,SAJIPA MUDA,119,2021-2022,2,Rabi,Fallow,5-9-0.00,2022-01-03,,,12.8421074,75.0101079,
440709100,24,Dakshina Kannada,2,Bantwal,2,PANEMANGALURU,25,SAJIPA MUDA,119,2021-2022,2,Rabi,Fallow,1-30-0.00,2022-01-03,,,12.8421018,75.0101125,
440709111,24,Dakshina Kannada,2,Bantwal,2,PANEMANGALURU,25,SAJIPA MUDA,119,2021-2022,2,Rabi,Fallow,1-2-0.00,2022-01-03,,,12.8420997,75.0100962,
440709219,24,Dakshina Kannada,2,Bantwal,2,PANEMANGALURU,25,SAJIPA MUDA,119,2021-2022,2,Rabi,Fallow,0-90-0.00,2022-01-03,,,12.8445448,75.0151869,
440709224,24,Dakshina Kannada,2,Bantwal,2,PANEMANGALURU,25,SAJIPA MUDA,119,2021-2022,2,Rabi,Fallow,3-37-0.00,2022-01-03,,,12.8445526,75.0152004,
440709234,24,Dakshina Kannada,2,Bantwal,2,PANEMANGALURU,25,SAJIPA MUDA,119,2021-2022,2,Rabi,Fallow,0-16-50.00,2022-01-03,,,12.8446519,75.0152758,
440709256,24,Dakshina Kannada,2,Bantwal,2,PANEMANGALURU,25,SAJIPA MUDA,119,2021-2022,2,Rabi,Fallow,0-19-0.00,2022-01-03,,,12.8446836,75.0152917,
440709571,24,Dakshina Kannada,2,Bantwal,2,PANEMANGALURU,25,SAJIPA MUDA,119,2021-2022,2,Rabi,NA Land ,0-3-0.00,2022-01-03,,,12.8452594,75.0295764,
440709577,24,Dakshina Kannada,2,Bantwal,2,PANEMANGALURU,25,SAJIPA MUDA,119,2021-2022,2,Rabi,Betel Nuts (Areca nuts),0-13-50.00,2022-01-03,,,12.8452545,75.0296409,
440709577,24,Dakshina Kannada,2,Bantwal,2,PANEMANGALURU,25,SAJIPA MUDA,119,2021-2022,2,Rabi,Betel Nuts (Areca nuts),0-13-50.00,2022-01-03,,,12.8452535,75.0296356,
440709599,24,Dakshina Kannada,2,Bantwal,2,PANEMANGALURU,25,SAJIPA MUDA,119,2021-2022,2,Rabi,NA Land ,0-6-0.00,2022-01-03,,,12.8452808,75.0295484,
440709289,24,Dakshina Kannada,2,Bantwal,2,PANEMANGALURU,25,SAJIPA MUDA,119,2021-2022,2,Rabi,NA Land ,0-1-0.00,2022-01-03,,,12.8458911,75.0352178,
440709325,24,Dakshina Kannada,2,Bantwal,2,PANEMANGALURU,25,SAJIPA MUDA,119,2021-2022,2,Rabi,Fallow,0-63-0.00,2022-01-03,,,12.8447645,75.0161443,
440709349,24,Dakshina Kannada,2,Bantwal,2,PANEMANGALURU,25,SAJIPA MUDA,119,2021-2022,2,Rabi,NA Land ,0-13-0.00,2022-01-03,,,12.8459467,75.0350887,
440709353,24,Dakshina Kannada,2,Bantwal,2,PANEMANGALURU,25,SAJIPA MUDA,119,2021-2022,2,Rabi,NA Land ,0-12-0.00,2022-01-03,,,12.8459561,75.0350893,
440709372,24,Dakshina Kannada,2,Bantwal,2,PANEMANGALURU,25,SAJIPA MUDA,119,2021-2022,2,Rabi,Fallow,0-6-0.00,2022-01-03,,,12.8459551,75.0351119,
440709376,24,Dakshina Kannada,2,Bantwal,2,PANEMANGALURU,25,SAJIPA MUDA,119,2021-2022,2,Rabi,Fallow,2-98-0.00,2022-01-03,,,12.8448184,75.0161109,
440709390,24,Dakshina Kannada,2,Bantwal,2,PANEMANGALURU,25,SAJIPA MUDA,119,2021-2022,2,Rabi,Fallow,1-19-0.00,2022-01-03,,,12.8448164,75.0161128,
440709404,24,Dakshina Kannada,2,Bantwal,2,PANEMANGALURU,25,SAJIPA MUDA,119,2021-2022,2,Rabi,NA Land ,0-5-0.00,2022-01-03,,,12.845553,75.0368449,
440709409,24,Dakshina Kannada,2,Bantwal,2,PANEMANGALURU,25,SAJIPA MUDA,119,2021-2022,2,Rabi,NA Land ,0-23-0.00,2022-01-03,,,12.8455522,75.0368854,
440709431,24,Dakshina Kannada,2,Bantwal,2,PANEMANGALURU,25,SAJIPA MUDA,119,2021-2022,2,Rabi,NA Land ,0-5-0.00,2022-01-03,,,12.8455651,75.0368886,
440710090,24,Dakshina Kannada,2,Bantwal,2,PANEMANGALURU,25,SAJIPA MUDA,119,2021-2022,2,Rabi,NA Land ,0-12-0.00,2022-01-03,,,12.8452807,75.0295915,
440709493,24,Dakshina Kannada,2,Bantwal,2,PANEMANGALURU,25,SAJIPA MUDA,119,2021-2022,2,Rabi,NA Land ,0-5-0.00,2022-01-03,,,12.8455436,75.0368856,
440709538,24,Dakshina Kannada,2,Bantwal,2,PANEMANGALURU,25,SAJIPA MUDA,119,2021-2022,2,Rabi,NA Land ,0-2-0.00,2022-01-03,,,12.8452334,75.0295846,
440709584,24,Dakshina Kannada,2,Bantwal,2,PANEMANGALURU,25,SAJIPA MUDA,119,2021-2022,2,Rabi,NA Land ,0-1-50.00,2022-01-03,,,12.8452552,75.0297595,
440796150,24,Dakshina Kannada,2,Bantwal,2,PANEMANGALURU,25,SAJIPA MUDA,119,2021-2022,2,Rabi,Fallow,0-90-0.00,2022-01-04,,,12.85516,75.0098083,
440774584,24,Dakshina Kannada,2,Bantwal,2,PANEMANGALURU,25,SAJIPA MUDA,119,2021-2022,2,Rabi,NA Land ,0-13-0.00,2022-01-04,,,12.8551023,75.020397,
440774601,24,Dakshina Kannada,2,Bantwal,2,PANEMANGALURU,25,SAJIPA MUDA,119,2021-2022,2,Rabi,NA Land ,0-7-0.00,2022-01-04,,,12.8550822,75.0202952,
440774613,24,Dakshina Kannada,2,Bantwal,2,PANEMANGALURU,25,SAJIPA MUDA,119,2021-2022,2,Rabi,NA Land ,0-10-0.00,2022-01-04,,,12.8563588,75.0214594,
440774625,24,Dakshina Kannada,2,Bantwal,2,PANEMANGALURU,25,SAJIPA MUDA,119,2021-2022,2,Rabi,Fallow,0-3-0.00,2022-01-04,,,12.8565959,75.0214909,
440774640,24,Dakshina Kannada,2,Bantwal,2,PANEMANGALURU,25,SAJIPA MUDA,119,2021-2022,2,Rabi,Fallow,0-50-0.00,2022-01-04,,,12.8561896,75.0214929,
440774648,24,Dakshina Kannada,2,Bantwal,2,PANEMANGALURU,25,SAJIPA MUDA,119,2021-2022,2,Rabi,Fallow,2-46-0.00,2022-01-04,,,12.8572266,75.0206202,
440774430,24,Dakshina Kannada,2,Bantwal,2,PANEMANGALURU,25,SAJIPA MUDA,119,2021-2022,2,Rabi,NA Land ,0-5-0.00,2022-01-04,,,12.8599028,75.0146483,
440774485,24,Dakshina Kannada,2,Bantwal,2,PANEMANGALURU,25,SAJIPA MUDA,119,2021-2022,2,Rabi,Fallow,1-5-25.00,2022-01-04,,,12.855325,75.02256,
440774538,24,Dakshina Kannada,2,Bantwal,2,PANEMANGALURU,25,SAJIPA MUDA,119,2021-2022,2,Rabi,Fallow,0-11-0.00,2022-01-04,,,12.8550832,75.0222761,
440774557,24,Dakshina Kannada,2,Bantwal,2,PANEMANGALURU,25,SAJIPA MUDA,119,2021-2022,2,Rabi,Fallow,0-16-50.00,2022-01-04,,,12.8553694,75.0223041,
440774562,24,Dakshina Kannada,2,Bantwal,2,PANEMANGALURU,25,SAJIPA MUDA,119,2021-2022,2,Rabi,Fallow,0-13-0.00,2022-01-04,,,12.855365,75.0222867,
440774571,24,Dakshina Kannada,2,Bantwal,2,PANEMANGALURU,25,SAJIPA MUDA,119,2021-2022,2,Rabi,Fallow,0-20-0.00,2022-01-04,,,12.8553467,75.0222767,
440774599,24,Dakshina Kannada,2,Bantwal,2,PANEMANGALURU,25,SAJIPA MUDA,119,2021-2022,2,Rabi,Fallow,0-23-0.00,2022-01-04,,,12.8550216,75.0202843,
440774610,24,Dakshina Kannada,2,Bantwal,2,PANEMANGALURU,25,SAJIPA MUDA,119,2021-2022,2,Rabi,NA Land ,0-12-0.00,2022-01-04,,,12.8561862,75.0214459,
440774644,24,Dakshina Kannada,2,Bantwal,2,PANEMANGALURU,25,SAJIPA MUDA,119,2021-2022,2,Rabi,Fallow,1-48-50.00,2022-01-04,,,12.8572526,75.0206992,
440765135,24,Dakshina Kannada,2,Bantwal,2,PANEMANGALURU,25,SAJIPA MUDA,119,2021-2022,2,Rabi,Fallow,0-10-0.00,2022-01-04,,,12.8304429,75.0326657,
440765142,24,Dakshina Kannada,2,Bantwal,2,PANEMANGALURU,25,SAJIPA MUDA,119,2021-2022,2,Rabi,Fallow,0-24-0.00,2022-01-04,,,12.8304793,75.0328878,
440774465,24,Dakshina Kannada,2,Bantwal,2,PANEMANGALURU,25,SAJIPA MUDA,119,2021-2022,2,Rabi,NA Land ,0-10-0.00,2022-01-04,,,12.856145,75.0238233,
440774477,24,Dakshina Kannada,2,Bantwal,2,PANEMANGALURU,25,SAJIPA MUDA,119,2021-2022,2,Rabi,NA Land ,0-5-0.00,2022-01-04,,,12.8560189,75.0228679,
440774487,24,Dakshina Kannada,2,Bantwal,2,PANEMANGALURU,25,SAJIPA MUDA,119,2021-2022,2,Rabi,Fallow,0-50-0.00,2022-01-04,,,12.8554349,75.0226038,
440774487,24,Dakshina Kannada,2,Bantwal,2,PANEMANGALURU,25,SAJIPA MUDA,119,2021-2022,2,Rabi,Betel Nuts (Areca nuts),0-62-0.00,2022-01-04,,,12.855415,75.0226167,
440774548,24,Dakshina Kannada,2,Bantwal,2,PANEMANGALURU,25,SAJIPA MUDA,119,2021-2022,2,Rabi,Fallow,0-21-0.00,2022-01-04,,,12.8553665,75.0223059,
440774575,24,Dakshina Kannada,2,Bantwal,2,PANEMANGALURU,25,SAJIPA MUDA,119,2021-2022,2,Rabi,Fallow,0-15-0.00,2022-01-04,,,12.855263,75.0222764,
440774628,24,Dakshina Kannada,2,Bantwal,2,PANEMANGALURU,25,SAJIPA MUDA,119,2021-2022,2,Rabi,Fallow,0-4-50.00,2022-01-04,,,12.8567129,75.0214321,
440774630,24,Dakshina Kannada,2,Bantwal,2,PANEMANGALURU,25,SAJIPA MUDA,119,2021-2022,2,Rabi,Fallow,0-12-50.00,2022-01-04,,,12.8566946,75.021497,
440774435,24,Dakshina Kannada,2,Bantwal,2,PANEMANGALURU,25,SAJIPA MUDA,119,2021-2022,2,Rabi,NA Land ,0-5-0.00,2022-01-04,,,12.859914,75.0144272,
440774440,24,Dakshina Kannada,2,Bantwal,2,PANEMANGALURU,25,SAJIPA MUDA,119,2021-2022,2,Rabi,NA Land ,0-4-0.00,2022-01-04,,,12.8599206,75.0144724,
440709082,24,Dakshina Kannada,2,Bantwal,2,PANEMANGALURU,25,SAJIPA MUDA,119,2021-2022,2,Rabi,Fallow,0-53-0.00,2022-01-03,,,12.8424753,75.0083461,
440709087,24,Dakshina Kannada,2,Bantwal,2,PANEMANGALURU,25,SAJIPA MUDA,119,2021-2022,2,Rabi,Fallow,2-0-0.00,2022-01-03,,,12.8420892,75.0101081,
440709106,24,Dakshina Kannada,2,Bantwal,2,PANEMANGALURU,25,SAJIPA MUDA,119,2021-2022,2,Rabi,Fallow,1-34-0.00,2022-01-03,,,12.8420955,75.0101112,
440709135,24,Dakshina Kannada,2,Bantwal,2,PANEMANGALURU,25,SAJIPA MUDA,119,2021-2022,2,Rabi,Fallow,3-69-0.00,2022-01-03,,,12.841233,75.0113704,
440709194,24,Dakshina Kannada,2,Bantwal,2,PANEMANGALURU,25,SAJIPA MUDA,119,2021-2022,2,Rabi,Fallow,0-62-0.00,2022-01-03,,,12.844542,75.0151876,
440709301,24,Dakshina Kannada,2,Bantwal,2,PANEMANGALURU,25,SAJIPA MUDA,119,2021-2022,2,Rabi,NA Land ,0-6-0.00,2022-01-03,,,12.8459442,75.0350024,
440709305,24,Dakshina Kannada,2,Bantwal,2,PANEMANGALURU,25,SAJIPA MUDA,119,2021-2022,2,Rabi,NA Land ,0-4-0.00,2022-01-03,,,12.8459307,75.0350122,
440709309,24,Dakshina Kannada,2,Bantwal,2,PANEMANGALURU,25,SAJIPA MUDA,119,2021-2022,2,Rabi,NA Land ,0-6-0.00,2022-01-03,,,12.8459693,75.0350599,
440709348,24,Dakshina Kannada,2,Bantwal,2,PANEMANGALURU,25,SAJIPA MUDA,119,2021-2022,2,Rabi,Fallow,2-28-0.00,2022-01-03,,,12.8447653,75.0161614,
440709427,24,Dakshina Kannada,2,Bantwal,2,PANEMANGALURU,25,SAJIPA MUDA,119,2021-2022,2,Rabi,NA Land ,0-13-50.00,2022-01-03,,,12.8455648,75.036882,
440709437,24,Dakshina Kannada,2,Bantwal,2,PANEMANGALURU,25,SAJIPA MUDA,119,2021-2022,2,Rabi,NA Land ,0-8-0.00,2022-01-03,,,12.8455623,75.0368924,
440709443,24,Dakshina Kannada,2,Bantwal,2,PANEMANGALURU,25,SAJIPA MUDA,119,2021-2022,2,Rabi,Fallow,0-30-0.00,2022-01-03,,,12.8448447,75.0161113,
440709449,24,Dakshina Kannada,2,Bantwal,2,PANEMANGALURU,25,SAJIPA MUDA,119,2021-2022,2,Rabi,Fallow,1-3-0.00,2022-01-03,,,12.8448412,75.0161359,
440709488,24,Dakshina Kannada,2,Bantwal,2,PANEMANGALURU,25,SAJIPA MUDA,119,2021-2022,2,Rabi,NA Land ,0-30-0.00,2022-01-03,,,12.8455433,75.036881,
440709558,24,Dakshina Kannada,2,Bantwal,2,PANEMANGALURU,25,SAJIPA MUDA,119,2021-2022,2,Rabi,NA Land ,0-5-0.00,2022-01-03,,,12.8452526,75.0295731,
440709592,24,Dakshina Kannada,2,Bantwal,2,PANEMANGALURU,25,SAJIPA MUDA,119,2021-2022,2,Rabi,Fallow,0-9-50.00,2022-01-03,,,12.8452792,75.0295507,
440807552,24,Dakshina Kannada,2,Bantwal,2,PANEMANGALURU,25,SAJIPA MUDA,119,2021-2022,2,Rabi,NA Land ,0-14-0.00,2022-01-04,,,12.8388284,75.0213087,
440807710,24,Dakshina Kannada,2,Bantwal,2,PANEMANGALURU,25,SAJIPA MUDA,119,2021-2022,2,Rabi,NA Land ,0-5-0.00,2022-01-04,,,12.838842,75.0213007,
440807767,24,Dakshina Kannada,2,Bantwal,2,PANEMANGALURU,25,SAJIPA MUDA,119,2021-2022,2,Rabi,NA Land ,0-6-0.00,2022-01-04,,,12.8388394,75.0213156,
440808011,24,Dakshina Kannada,2,Bantwal,2,PANEMANGALURU,25,SAJIPA MUDA,119,2021-2022,2,Rabi,Fallow,0-80-0.00,2022-01-04,,,12.8404919,75.0218749,
440796106,24,Dakshina Kannada,2,Bantwal,2,PANEMANGALURU,25,SAJIPA MUDA,119,2021-2022,2,Rabi,Fallow,1-32-0.00,2022-01-04,,,12.8558819,75.0102935,
440796154,24,Dakshina Kannada,2,Bantwal,2,PANEMANGALURU,25,SAJIPA MUDA,119,2021-2022,2,Rabi,Betel Nuts (Areca nuts),0-17-0.00,2022-01-04,,,12.8551533,75.0098233,
440796110,24,Dakshina Kannada,2,Bantwal,2,PANEMANGALURU,25,SAJIPA MUDA,119,2021-2022,2,Rabi,Fallow,0-22-0.00,2022-01-04,,,12.8558702,75.0102794,
440796140,24,Dakshina Kannada,2,Bantwal,2,PANEMANGALURU,25,SAJIPA MUDA,119,2021-2022,2,Rabi,NA Land ,0-4-0.00,2022-01-04,,,12.8552266,75.009587,
440796145,24,Dakshina Kannada,2,Bantwal,2,PANEMANGALURU,25,SAJIPA MUDA,119,2021-2022,2,Rabi,Fallow,0-67-0.00,2022-01-04,,,12.855144,75.0098086,
440796197,24,Dakshina Kannada,2,Bantwal,2,PANEMANGALURU,25,SAJIPA MUDA,119,2021-2022,2,Rabi,NA Land ,0-5-0.00,2022-01-04,,,12.8551454,75.0106734,
440796104,24,Dakshina Kannada,2,Bantwal,2,PANEMANGALURU,25,SAJIPA MUDA,119,2021-2022,2,Rabi,Fallow,0-91-0.00,2022-01-04,,,12.8558455,75.0102941,
440677217,24,Dakshina Kannada,2,Bantwal,2,PANEMANGALURU,25,SAJIPA MUDA,119,2021-2022,2,Rabi,Coconut,0-12-0.00,2022-01-03,,,12.8512918,75.0326982,
440677296,24,Dakshina Kannada,2,Bantwal,2,PANEMANGALURU,25,SAJIPA MUDA,119,2021-2022,2,Rabi,NA Land ,0-5-0.00,2022-01-03,,,12.8512584,75.0326671,
440790263,24,Dakshina Kannada,2,Bantwal,2,PANEMANGALURU,2,AMTURU,119,2021-2022,2,Rabi,Fallow,0-2-0.00,2022-01-04,,,12.8331845,75.0461163,
440790287,24,Dakshina Kannada,2,Bantwal,2,PANEMANGALURU,2,AMTURU,119,2021-2022,2,Rabi,Fallow,0-12-0.00,2022-01-04,,,12.8330708,75.0475948,
440790339,24,Dakshina Kannada,2,Bantwal,2,PANEMANGALURU,2,AMTURU,119,2021-2022,2,Rabi,Fallow,0-25-0.00,2022-01-04,,,12.8273344,75.0476563,
440790346,24,Dakshina Kannada,2,Bantwal,2,PANEMANGALURU,2,AMTURU,119,2021-2022,2,Rabi,NA Land ,0-11-50.00,2022-01-04,,,12.8273557,75.0475294,
440790376,24,Dakshina Kannada,2,Bantwal,2,PANEMANGALURU,2,AMTURU,119,2021-2022,2,Rabi,Fallow,0-15-0.00,2022-01-04,,,12.8273463,75.0475313,
440790385,24,Dakshina Kannada,2,Bantwal,2,PANEMANGALURU,2,AMTURU,119,2021-2022,2,Rabi,Fallow,0-10-50.00,2022-01-04,,,12.8273461,75.047531,
440790392,24,Dakshina Kannada,2,Bantwal,2,PANEMANGALURU,2,AMTURU,119,2021-2022,2,Rabi,Fallow,0-1-0.00,2022-01-04,,,12.8273456,75.0475305,
440790434,24,Dakshina Kannada,2,Bantwal,2,PANEMANGALURU,2,AMTURU,119,2021-2022,2,Rabi,NA Land ,0-14-0.00,2022-01-04,,,12.8362711,75.0454731,
440790460,24,Dakshina Kannada,2,Bantwal,2,PANEMANGALURU,2,AMTURU,119,2021-2022,2,Rabi,NA Land ,0-17-0.00,2022-01-04,,,12.8362775,75.0454522,
440790485,24,Dakshina Kannada,2,Bantwal,2,PANEMANGALURU,2,AMTURU,119,2021-2022,2,Rabi,Fallow,2-40-0.00,2022-01-04,,,12.8356316,75.0472976,
440790525,24,Dakshina Kannada,2,Bantwal,2,PANEMANGALURU,2,AMTURU,119,2021-2022,2,Rabi,Fallow,0-2-0.00,2022-01-04,,,12.8356179,75.0473536,
440790655,24,Dakshina Kannada,2,Bantwal,2,PANEMANGALURU,2,AMTURU,119,2021-2022,2,Rabi,Fallow,0-39-0.00,2022-01-04,,,12.8367239,75.048136,
440798307,24,Dakshina Kannada,2,Bantwal,2,PANEMANGALURU,25,SAJIPA MUDA,119,2021-2022,2,Rabi,NA Land ,0-15-0.00,2022-01-04,,,12.8460443,75.028645,
440790229,24,Dakshina Kannada,2,Bantwal,2,PANEMANGALURU,2,AMTURU,119,2021-2022,2,Rabi,Fallow,0-15-0.00,2022-01-04,,,12.8332481,75.0460723,
440790235,24,Dakshina Kannada,2,Bantwal,2,PANEMANGALURU,2,AMTURU,119,2021-2022,2,Rabi,Fallow,0-6-0.00,2022-01-04,,,12.8331412,75.0460715,
440790273,24,Dakshina Kannada,2,Bantwal,2,PANEMANGALURU,2,AMTURU,119,2021-2022,2,Rabi,Fallow,0-9-0.00,2022-01-04,,,12.8328821,75.0473098,
440790283,24,Dakshina Kannada,2,Bantwal,2,PANEMANGALURU,2,AMTURU,119,2021-2022,2,Rabi,NA Land ,0-13-0.00,2022-01-04,,,12.8330845,75.0476009,
440790278,24,Dakshina Kannada,2,Bantwal,2,PANEMANGALURU,2,AMTURU,119,2021-2022,2,Rabi,NA Land ,0-10-0.00,2022-01-04,,,12.8330117,75.0475754,
440790302,24,Dakshina Kannada,2,Bantwal,2,PANEMANGALURU,2,AMTURU,119,2021-2022,2,Rabi,Fallow,0-6-50.00,2022-01-04,,,12.8304681,75.0470472,
440790306,24,Dakshina Kannada,2,Bantwal,2,PANEMANGALURU,2,AMTURU,119,2021-2022,2,Rabi,Fallow,0-2-0.00,2022-01-04,,,12.8304588,75.0470908,
440790310,24,Dakshina Kannada,2,Bantwal,2,PANEMANGALURU,2,AMTURU,119,2021-2022,2,Rabi,Fallow,0-2-0.00,2022-01-04,,,12.8304485,75.0470903,
440790320,24,Dakshina Kannada,2,Bantwal,2,PANEMANGALURU,2,AMTURU,119,2021-2022,2,Rabi,Fallow,0-1-0.00,2022-01-04,,,12.8304489,75.0470891,
440790324,24,Dakshina Kannada,2,Bantwal,2,PANEMANGALURU,2,AMTURU,119,2021-2022,2,Rabi,Fallow,0-11-0.00,2022-01-04,,,12.8302215,75.0486185,
440790356,24,Dakshina Kannada,2,Bantwal,2,PANEMANGALURU,2,AMTURU,119,2021-2022,2,Rabi,Fallow,0-13-0.00,2022-01-04,,,12.8273493,75.0475298,
440790331,24,Dakshina Kannada,2,Bantwal,2,PANEMANGALURU,2,AMTURU,119,2021-2022,2,Rabi,NA Land ,0-10-0.00,2022-01-04,,,12.8277541,75.0480157,
440796173,24,Dakshina Kannada,2,Bantwal,2,PANEMANGALURU,25,SAJIPA MUDA,119,2021-2022,2,Rabi,Fallow,0-4-25.00,2022-01-04,,,12.8553507,75.0102161,
440802551,24,Dakshina Kannada,2,Bantwal,2,PANEMANGALURU,25,SAJIPA MUDA,119,2021-2022,2,Rabi,Fallow,0-28-0.00,2022-01-04,,,12.8433801,75.0193956,
440802579,24,Dakshina Kannada,2,Bantwal,2,PANEMANGALURU,25,SAJIPA MUDA,119,2021-2022,2,Rabi,Fallow,0-10-0.00,2022-01-04,,,12.8434022,75.0193965,
440802245,24,Dakshina Kannada,2,Bantwal,2,PANEMANGALURU,25,SAJIPA MUDA,119,2021-2022,2,Rabi,NA Land ,0-5-0.00,2022-01-04,,,12.8426038,75.0193278,
440802603,24,Dakshina Kannada,2,Bantwal,2,PANEMANGALURU,25,SAJIPA MUDA,119,2021-2022,2,Rabi,Fallow,0-5-0.00,2022-01-04,,,12.8434084,75.0194074,
440802808,24,Dakshina Kannada,2,Bantwal,2,PANEMANGALURU,25,SAJIPA MUDA,119,2021-2022,2,Rabi,NA Land ,0-3-0.00,2022-01-04,,,12.8433859,75.0193942,
440802925,24,Dakshina Kannada,2,Bantwal,2,PANEMANGALURU,25,SAJIPA MUDA,119,2021-2022,2,Rabi,Fallow,0-23-0.00,2022-01-04,,,12.8433917,75.0194206,
440802765,24,Dakshina Kannada,2,Bantwal,2,PANEMANGALURU,25,SAJIPA MUDA,119,2021-2022,2,Rabi,Fallow,0-23-0.00,2022-01-04,,,12.8433949,75.0193987,
440803476,24,Dakshina Kannada,2,Bantwal,2,PANEMANGALURU,25,SAJIPA MUDA,119,2021-2022,2,Rabi,Fallow,0-40-0.00,2022-01-04,,,12.8434062,75.019394,
440803682,24,Dakshina Kannada,2,Bantwal,2,PANEMANGALURU,25,SAJIPA MUDA,119,2021-2022,2,Rabi,NA Land ,0-10-0.00,2022-01-04,,,12.8413752,75.0185477,
440807851,24,Dakshina Kannada,2,Bantwal,2,PANEMANGALURU,25,SAJIPA MUDA,119,2021-2022,2,Rabi,Fallow,0-14-0.00,2022-01-04,,,12.8388204,75.0213001,
440796176,24,Dakshina Kannada,2,Bantwal,2,PANEMANGALURU,25,SAJIPA MUDA,119,2021-2022,2,Rabi,Fallow,0-5-50.00,2022-01-04,,,12.8553737,75.0105359,
440796192,24,Dakshina Kannada,2,Bantwal,2,PANEMANGALURU,25,SAJIPA MUDA,119,2021-2022,2,Rabi,Fallow,0-54-0.00,2022-01-04,,,12.855121,75.0107211,
440808223,24,Dakshina Kannada,2,Bantwal,2,PANEMANGALURU,25,SAJIPA MUDA,119,2021-2022,2,Rabi,Fallow,0-62-0.00,2022-01-04,,,12.8405093,75.0218088,
440802301,24,Dakshina Kannada,2,Bantwal,2,PANEMANGALURU,25,SAJIPA MUDA,119,2021-2022,2,Rabi,Fallow,0-20-0.00,2022-01-04,,,12.8433983,75.0193984,
440802381,24,Dakshina Kannada,2,Bantwal,2,PANEMANGALURU,25,SAJIPA MUDA,119,2021-2022,2,Rabi,Fallow,0-34-0.00,2022-01-04,,,12.8434071,75.0193901,
440802675,24,Dakshina Kannada,2,Bantwal,2,PANEMANGALURU,25,SAJIPA MUDA,119,2021-2022,2,Rabi,NA Land ,0-3-0.00,2022-01-04,,,12.8433802,75.0194102,
440802708,24,Dakshina Kannada,2,Bantwal,2,PANEMANGALURU,25,SAJIPA MUDA,119,2021-2022,2,Rabi,NA Land ,0-5-0.00,2022-01-04,,,12.8433993,75.0194193,
440803438,24,Dakshina Kannada,2,Bantwal,2,PANEMANGALURU,25,SAJIPA MUDA,119,2021-2022,2,Rabi,NA Land ,0-5-0.00,2022-01-04,,,12.8434062,75.0194028,
440803546,24,Dakshina Kannada,2,Bantwal,2,PANEMANGALURU,25,SAJIPA MUDA,119,2021-2022,2,Rabi,Fallow,0-58-0.00,2022-01-04,,,12.8442539,75.0204852,
440808736,24,Dakshina Kannada,2,Bantwal,2,PANEMANGALURU,25,SAJIPA MUDA,119,2021-2022,2,Rabi,Fallow,0-18-0.00,2022-01-04,,,12.8405121,75.0218524,
440808826,24,Dakshina Kannada,2,Bantwal,2,PANEMANGALURU,25,SAJIPA MUDA,119,2021-2022,2,Rabi,Fallow,1-13-0.00,2022-01-04,,,12.8402949,75.0253883,
440808883,24,Dakshina Kannada,2,Bantwal,2,PANEMANGALURU,25,SAJIPA MUDA,119,2021-2022,2,Rabi,Fallow,3-42-0.00,2022-01-04,,,12.8402974,75.0253486,
440798195,24,Dakshina Kannada,2,Bantwal,2,PANEMANGALURU,25,SAJIPA MUDA,119,2021-2022,2,Rabi,NA Land ,0-50-0.00,2022-01-04,,,12.845772,75.029594,
440798232,24,Dakshina Kannada,2,Bantwal,2,PANEMANGALURU,25,SAJIPA MUDA,119,2021-2022,2,Rabi,NA Land ,0-16-0.00,2022-01-04,,,12.8457539,75.0295931,
440803847,24,Dakshina Kannada,2,Bantwal,2,PANEMANGALURU,25,SAJIPA MUDA,119,2021-2022,2,Rabi,Betel Nuts (Areca nuts),0-3-0.00,2022-01-04,,,12.8414636,75.0184877,
440803847,24,Dakshina Kannada,2,Bantwal,2,PANEMANGALURU,25,SAJIPA MUDA,119,2021-2022,2,Rabi,Betel Nuts (Areca nuts),0-3-0.00,2022-01-04,,,12.8414651,75.018489,
440763171,24,Dakshina Kannada,2,Bantwal,2,PANEMANGALURU,25,SAJIPA MUDA,119,2021-2022,2,Rabi,NA Land ,0-4-0.00,2022-01-04,,,12.8566856,75.0359115,
440763182,24,Dakshina Kannada,2,Bantwal,2,PANEMANGALURU,25,SAJIPA MUDA,119,2021-2022,2,Rabi,NA Land ,0-11-0.00,2022-01-04,,,12.8465275,75.0072324,
440763195,24,Dakshina Kannada,2,Bantwal,2,PANEMANGALURU,25,SAJIPA MUDA,119,2021-2022,2,Rabi,NA Land ,0-16-0.00,2022-01-04,,,12.8566903,75.0359063,
440798590,24,Dakshina Kannada,2,Bantwal,2,PANEMANGALURU,25,SAJIPA MUDA,119,2021-2022,2,Rabi,NA Land ,0-37-0.00,2022-01-04,,,12.8486467,75.0326737,
440798609,24,Dakshina Kannada,2,Bantwal,2,PANEMANGALURU,25,SAJIPA MUDA,119,2021-2022,2,Rabi,NA Land ,0-8-0.00,2022-01-04,,,12.8486709,75.0327211,
440798617,24,Dakshina Kannada,2,Bantwal,2,PANEMANGALURU,25,SAJIPA MUDA,119,2021-2022,2,Rabi,NA Land ,0-10-0.00,2022-01-04,,,12.8486571,75.032708,
440798741,24,Dakshina Kannada,2,Bantwal,2,PANEMANGALURU,25,SAJIPA MUDA,119,2021-2022,2,Rabi,NA Land ,0-4-0.00,2022-01-04,,,12.8476425,75.0322356,
440799301,24,Dakshina Kannada,2,Bantwal,2,PANEMANGALURU,25,SAJIPA MUDA,119,2021-2022,2,Rabi,NA Land ,0-20-0.00,2022-01-04,,,12.8476361,75.0322121,
440799553,24,Dakshina Kannada,2,Bantwal,2,PANEMANGALURU,25,SAJIPA MUDA,119,2021-2022,2,Rabi,NA Land ,0-8-0.00,2022-01-04,,,12.8480571,75.0310605,
440799597,24,Dakshina Kannada,2,Bantwal,2,PANEMANGALURU,25,SAJIPA MUDA,119,2021-2022,2,Rabi,Betel Nuts (Areca nuts),0-16-0.00,2022-01-04,,,12.8480435,75.0310711,
440799597,24,Dakshina Kannada,2,Bantwal,2,PANEMANGALURU,25,SAJIPA MUDA,119,2021-2022,2,Rabi,Betel Nuts (Areca nuts),0-16-0.00,2022-01-04,,,12.8480437,75.0310734,
440799283,24,Dakshina Kannada,2,Bantwal,2,PANEMANGALURU,25,SAJIPA MUDA,119,2021-2022,2,Rabi,NA Land ,0-7-0.00,2022-01-04,,,12.8476387,75.0322125,
440799571,24,Dakshina Kannada,2,Bantwal,2,PANEMANGALURU,25,SAJIPA MUDA,119,2021-2022,2,Rabi,NA Land ,0-60-0.00,2022-01-04,,,12.8480726,75.0310712,
440800314,24,Dakshina Kannada,2,Bantwal,2,PANEMANGALURU,25,SAJIPA MUDA,119,2021-2022,2,Rabi,NA Land ,0-66-0.00,2022-01-04,,,12.8480371,75.0310767,
440800445,24,Dakshina Kannada,2,Bantwal,2,PANEMANGALURU,25,SAJIPA MUDA,119,2021-2022,2,Rabi,NA Land ,0-75-0.00,2022-01-04,,,12.8480349,75.0310554,
440806957,24,Dakshina Kannada,2,Bantwal,2,PANEMANGALURU,25,SAJIPA MUDA,119,2021-2022,2,Rabi,NA Land ,0-3-0.00,2022-01-04,,,12.8387799,75.0212999,
440807641,24,Dakshina Kannada,2,Bantwal,2,PANEMANGALURU,25,SAJIPA MUDA,119,2021-2022,2,Rabi,Betel Nuts (Areca nuts),0-26-50.00,2022-01-04,,,12.8388048,75.0212842,
440807641,24,Dakshina Kannada,2,Bantwal,2,PANEMANGALURU,25,SAJIPA MUDA,119,2021-2022,2,Rabi,Betel Nuts (Areca nuts),0-26-50.00,2022-01-04,,,12.8388277,75.021269,
440798450,24,Dakshina Kannada,2,Bantwal,2,PANEMANGALURU,25,SAJIPA MUDA,119,2021-2022,2,Rabi,NA Land ,0-17-0.00,2022-01-04,,,12.8471954,75.02708,
440754524,24,Dakshina Kannada,2,Bantwal,2,PANEMANGALURU,25,SAJIPA MUDA,119,2021-2022,2,Rabi,Betel Nuts (Areca nuts),2-0-0.00,2022-01-04,,,12.8363637,75.0314318,
440754524,24,Dakshina Kannada,2,Bantwal,2,PANEMANGALURU,25,SAJIPA MUDA,119,2021-2022,2,Rabi,Betel Nuts (Areca nuts),2-0-0.00,2022-01-04,,,12.8363864,75.0314562,
440754524,24,Dakshina Kannada,2,Bantwal,2,PANEMANGALURU,25,SAJIPA MUDA,119,2021-2022,2,Rabi,Coconut,0-24-0.00,2022-01-04,,,12.8363851,75.0314197,
440754524,24,Dakshina Kannada,2,Bantwal,2,PANEMANGALURU,25,SAJIPA MUDA,119,2021-2022,2,Rabi,Coconut,0-24-0.00,2022-01-04,,,12.8363903,75.0314192,
440762939,24,Dakshina Kannada,2,Bantwal,2,PANEMANGALURU,25,SAJIPA MUDA,119,2021-2022,2,Rabi,Fallow,0-12-0.00,2022-01-04,,,12.8476616,75.0081181,
440762981,24,Dakshina Kannada,2,Bantwal,2,PANEMANGALURU,25,SAJIPA MUDA,119,2021-2022,2,Rabi,Betel Nuts (Areca nuts),0-8-0.00,2022-01-04,,,12.847636,75.0080955,
440762981,24,Dakshina Kannada,2,Bantwal,2,PANEMANGALURU,25,SAJIPA MUDA,119,2021-2022,2,Rabi,Betel Nuts (Areca nuts),0-8-0.00,2022-01-04,,,12.8476403,75.0080951,
440673066,24,Dakshina Kannada,2,Bantwal,2,PANEMANGALURU,25,SAJIPA MUDA,119,2021-2022,2,Rabi,NA Land ,0-2-0.00,2022-01-03,,,12.8486764,75.0121778,
440673070,24,Dakshina Kannada,2,Bantwal,2,PANEMANGALURU,25,SAJIPA MUDA,119,2021-2022,2,Rabi,Betel Nuts (Areca nuts),0-26-0.00,2022-01-03,,,12.8486735,75.0121422,
440673622,24,Dakshina Kannada,2,Bantwal,2,PANEMANGALURU,25,SAJIPA MUDA,119,2021-2022,2,Rabi,NA Land ,0-2-0.00,2022-01-03,,,12.8487023,75.0121497,
440673673,24,Dakshina Kannada,2,Bantwal,2,PANEMANGALURU,25,SAJIPA MUDA,119,2021-2022,2,Rabi,Betel Nuts (Areca nuts),0-36-0.00,2022-01-03,,,12.8490961,75.0095002,
440673676,24,Dakshina Kannada,2,Bantwal,2,PANEMANGALURU,25,SAJIPA MUDA,119,2021-2022,2,Rabi,NA Land ,0-1-0.00,2022-01-03,,,12.8490712,75.0094974,
440673711,24,Dakshina Kannada,2,Bantwal,2,PANEMANGALURU,25,SAJIPA MUDA,119,2021-2022,2,Rabi,NA Land ,0-2-0.00,2022-01-03,,,12.8483415,75.009753,
440673715,24,Dakshina Kannada,2,Bantwal,2,PANEMANGALURU,25,SAJIPA MUDA,119,2021-2022,2,Rabi,NA Land ,0-5-0.00,2022-01-03,,,12.8483481,75.0097401,
440673739,24,Dakshina Kannada,2,Bantwal,2,PANEMANGALURU,25,SAJIPA MUDA,119,2021-2022,2,Rabi,NA Land ,0-2-0.00,2022-01-03,,,12.8483607,75.0097442,
440673753,24,Dakshina Kannada,2,Bantwal,2,PANEMANGALURU,25,SAJIPA MUDA,119,2021-2022,2,Rabi,Betel Nuts (Areca nuts),0-24-0.00,2022-01-03,,,12.8464926,75.0104838,
440673811,24,Dakshina Kannada,2,Bantwal,2,PANEMANGALURU,25,SAJIPA MUDA,119,2021-2022,2,Rabi,NA Land ,0-4-0.00,2022-01-03,,,12.8464959,75.0104899,
440800239,24,Dakshina Kannada,2,Bantwal,2,PANEMANGALURU,25,SAJIPA MUDA,119,2021-2022,2,Rabi,NA Land ,0-12-0.00,2022-01-04,,,12.8480357,75.0310612,
440800275,24,Dakshina Kannada,2,Bantwal,2,PANEMANGALURU,25,SAJIPA MUDA,119,2021-2022,2,Rabi,NA Land ,0-8-0.00,2022-01-04,,,12.8480598,75.0310884,
440800351,24,Dakshina Kannada,2,Bantwal,2,PANEMANGALURU,25,SAJIPA MUDA,119,2021-2022,2,Rabi,NA Land ,0-7-0.00,2022-01-04,,,12.8480317,75.0310773,
440800569,24,Dakshina Kannada,2,Bantwal,2,PANEMANGALURU,25,SAJIPA MUDA,119,2021-2022,2,Rabi,NA Land ,1-6-0.00,2022-01-04,,,12.8480419,75.0310645,
440800621,24,Dakshina Kannada,2,Bantwal,2,PANEMANGALURU,25,SAJIPA MUDA,119,2021-2022,2,Rabi,Betel Nuts (Areca nuts),0-38-0.00,2022-01-04,,,12.8480381,75.0310947,
440800621,24,Dakshina Kannada,2,Bantwal,2,PANEMANGALURU,25,SAJIPA MUDA,119,2021-2022,2,Rabi,Betel Nuts (Areca nuts),0-38-0.00,2022-01-04,,,12.848037,75.031095,
440802339,24,Dakshina Kannada,2,Bantwal,2,PANEMANGALURU,25,SAJIPA MUDA,119,2021-2022,2,Rabi,Fallow,0-13-0.00,2022-01-04,,,12.8434022,75.0194047,
440802463,24,Dakshina Kannada,2,Bantwal,2,PANEMANGALURU,25,SAJIPA MUDA,119,2021-2022,2,Rabi,Fallow,0-8-0.00,2022-01-04,,,12.8433857,75.0194049,
440802486,24,Dakshina Kannada,2,Bantwal,2,PANEMANGALURU,25,SAJIPA MUDA,119,2021-2022,2,Rabi,Fallow,0-15-0.00,2022-01-04,,,12.8433848,75.0194053,
440802509,24,Dakshina Kannada,2,Bantwal,2,PANEMANGALURU,25,SAJIPA MUDA,119,2021-2022,2,Rabi,NA Land ,0-2-0.00,2022-01-04,,,12.8433856,75.019408,
440808100,24,Dakshina Kannada,2,Bantwal,2,PANEMANGALURU,25,SAJIPA MUDA,119,2021-2022,2,Rabi,NA Land ,0-5-0.00,2022-01-04,,,12.8405068,75.0218404,
440796101,24,Dakshina Kannada,2,Bantwal,2,PANEMANGALURU,25,SAJIPA MUDA,119,2021-2022,2,Rabi,Fallow,0-91-0.00,2022-01-04,,,12.8559004,75.0103287,
440808182,24,Dakshina Kannada,2,Bantwal,2,PANEMANGALURU,25,SAJIPA MUDA,119,2021-2022,2,Rabi,NA Land ,0-4-0.00,2022-01-04,,,12.8405069,75.0218247,
440796118,24,Dakshina Kannada,2,Bantwal,2,PANEMANGALURU,25,SAJIPA MUDA,119,2021-2022,2,Rabi,Fallow,0-30-0.00,2022-01-04,,,12.8558746,75.0102595,
440796123,24,Dakshina Kannada,2,Bantwal,2,PANEMANGALURU,25,SAJIPA MUDA,119,2021-2022,2,Rabi,Fallow,0-31-0.00,2022-01-04,,,12.8558872,75.0102432,
440802433,24,Dakshina Kannada,2,Bantwal,2,PANEMANGALURU,25,SAJIPA MUDA,119,2021-2022,2,Rabi,Fallow,0-34-0.00,2022-01-04,,,12.843392,75.0193916,
440763857,24,Dakshina Kannada,2,Bantwal,2,PANEMANGALURU,25,SAJIPA MUDA,119,2021-2022,2,Rabi,Fallow,0-11-0.00,2022-01-04,,,12.8465568,75.0216244,
440763689,24,Dakshina Kannada,2,Bantwal,2,PANEMANGALURU,25,SAJIPA MUDA,119,2021-2022,2,Rabi,Fallow,0-19-0.00,2022-01-04,,,12.8502896,75.0194976,
440763711,24,Dakshina Kannada,2,Bantwal,2,PANEMANGALURU,25,SAJIPA MUDA,119,2021-2022,2,Rabi,Betel Nuts (Areca nuts),1-60-0.00,2022-01-04,,,12.8496169,75.0197949,
440763711,24,Dakshina Kannada,2,Bantwal,2,PANEMANGALURU,25,SAJIPA MUDA,119,2021-2022,2,Rabi,Betel Nuts (Areca nuts),1-60-0.00,2022-01-04,,,12.8496191,75.0197937,
440763716,24,Dakshina Kannada,2,Bantwal,2,PANEMANGALURU,25,SAJIPA MUDA,119,2021-2022,2,Rabi,Betel Nuts (Areca nuts),4-56-0.00,2022-01-04,,,12.8496608,75.0197866,
440763716,24,Dakshina Kannada,2,Bantwal,2,PANEMANGALURU,25,SAJIPA MUDA,119,2021-2022,2,Rabi,Betel Nuts (Areca nuts),4-56-0.00,2022-01-04,,,12.8496629,75.0197821,
440763719,24,Dakshina Kannada,2,Bantwal,2,PANEMANGALURU,25,SAJIPA MUDA,119,2021-2022,2,Rabi,Fallow,0-10-0.00,2022-01-04,,,12.8496344,75.0197748,
440763723,24,Dakshina Kannada,2,Bantwal,2,PANEMANGALURU,25,SAJIPA MUDA,119,2021-2022,2,Rabi,Fallow,0-52-0.00,2022-01-04,,,12.8495811,75.0198582,
440763746,24,Dakshina Kannada,2,Bantwal,2,PANEMANGALURU,25,SAJIPA MUDA,119,2021-2022,2,Rabi,Betel Nuts (Areca nuts),0-85-0.00,2022-01-04,,,12.8475969,75.0203582,
440763746,24,Dakshina Kannada,2,Bantwal,2,PANEMANGALURU,25,SAJIPA MUDA,119,2021-2022,2,Rabi,Betel Nuts (Areca nuts),0-85-0.00,2022-01-04,,,12.8475987,75.0203588,
440763755,24,Dakshina Kannada,2,Bantwal,2,PANEMANGALURU,25,SAJIPA MUDA,119,2021-2022,2,Rabi,Fallow,2-10-0.00,2022-01-04,,,12.847744,75.0203999,
440763759,24,Dakshina Kannada,2,Bantwal,2,PANEMANGALURU,25,SAJIPA MUDA,119,2021-2022,2,Rabi,Betel Nuts (Areca nuts),0-41-0.00,2022-01-04,,,12.8478487,75.0204333,
440763759,24,Dakshina Kannada,2,Bantwal,2,PANEMANGALURU,25,SAJIPA MUDA,119,2021-2022,2,Rabi,Betel Nuts (Areca nuts),0-41-0.00,2022-01-04,,,12.8478086,75.020435,
440763838,24,Dakshina Kannada,2,Bantwal,2,PANEMANGALURU,25,SAJIPA MUDA,119,2021-2022,2,Rabi,Fallow,0-16-0.00,2022-01-04,,,12.8464669,75.0216021,
440763686,24,Dakshina Kannada,2,Bantwal,2,PANEMANGALURU,25,SAJIPA MUDA,119,2021-2022,2,Rabi,Fallow,0-29-0.00,2022-01-04,,,12.850254,75.0194786,
440763779,24,Dakshina Kannada,2,Bantwal,2,PANEMANGALURU,25,SAJIPA MUDA,119,2021-2022,2,Rabi,Fallow,0-2-0.00,2022-01-04,,,12.8480849,75.020476,
440763790,24,Dakshina Kannada,2,Bantwal,2,PANEMANGALURU,25,SAJIPA MUDA,119,2021-2022,2,Rabi,Fallow,0-3-0.00,2022-01-04,,,12.8480344,75.0205859,
440763794,24,Dakshina Kannada,2,Bantwal,2,PANEMANGALURU,25,SAJIPA MUDA,119,2021-2022,2,Rabi,Fallow,0-15-0.00,2022-01-04,,,12.8480398,75.0205474,
440763812,24,Dakshina Kannada,2,Bantwal,2,PANEMANGALURU,25,SAJIPA MUDA,119,2021-2022,2,Rabi,NA Land ,0-3-0.00,2022-01-04,,,12.8465549,75.0216302,
440763835,24,Dakshina Kannada,2,Bantwal,2,PANEMANGALURU,25,SAJIPA MUDA,119,2021-2022,2,Rabi,Fallow,0-14-0.00,2022-01-04,,,12.8465074,75.0216141,
440763843,24,Dakshina Kannada,2,Bantwal,2,PANEMANGALURU,25,SAJIPA MUDA,119,2021-2022,2,Rabi,Fallow,0-51-0.00,2022-01-04,,,12.846483,75.0216289,
440763853,24,Dakshina Kannada,2,Bantwal,2,PANEMANGALURU,25,SAJIPA MUDA,119,2021-2022,2,Rabi,NA Land ,0-4-0.00,2022-01-04,,,12.8465178,75.021645,
440763867,24,Dakshina Kannada,2,Bantwal,2,PANEMANGALURU,25,SAJIPA MUDA,119,2021-2022,2,Rabi,Fallow,0-57-0.00,2022-01-04,,,12.8465189,75.0217121,
440804740,24,Dakshina Kannada,2,Bantwal,2,PANEMANGALURU,25,SAJIPA MUDA,119,2021-2022,2,Rabi,NA Land ,0-2-0.00,2022-01-04,,,12.8414739,75.0184641,
440805198,24,Dakshina Kannada,2,Bantwal,2,PANEMANGALURU,25,SAJIPA MUDA,119,2021-2022,2,Rabi,NA Land ,0-10-0.00,2022-01-04,,,12.8387591,75.0230029,
440805250,24,Dakshina Kannada,2,Bantwal,2,PANEMANGALURU,25,SAJIPA MUDA,119,2021-2022,2,Rabi,NA Land ,0-3-0.00,2022-01-04,,,12.838807,75.0229875,
440790360,24,Dakshina Kannada,2,Bantwal,2,PANEMANGALURU,2,AMTURU,119,2021-2022,2,Rabi,Fallow,0-24-0.00,2022-01-04,,,12.8273489,75.04753,
440790364,24,Dakshina Kannada,2,Bantwal,2,PANEMANGALURU,2,AMTURU,119,2021-2022,2,Rabi,Fallow,0-26-0.00,2022-01-04,,,12.8273481,75.0475305,
440790423,24,Dakshina Kannada,2,Bantwal,2,PANEMANGALURU,2,AMTURU,119,2021-2022,2,Rabi,Fallow,0-46-0.00,2022-01-04,,,12.8361618,75.0454445,
440790442,24,Dakshina Kannada,2,Bantwal,2,PANEMANGALURU,2,AMTURU,119,2021-2022,2,Rabi,NA Land ,0-18-0.00,2022-01-04,,,12.8362725,75.0454644,
440790493,24,Dakshina Kannada,2,Bantwal,2,PANEMANGALURU,2,AMTURU,119,2021-2022,2,Rabi,Fallow,0-15-0.00,2022-01-04,,,12.835638,75.047306,
440790516,24,Dakshina Kannada,2,Bantwal,2,PANEMANGALURU,2,AMTURU,119,2021-2022,2,Rabi,Fallow,0-10-0.00,2022-01-04,,,12.835616,75.0473526,
440790531,24,Dakshina Kannada,2,Bantwal,2,PANEMANGALURU,2,AMTURU,119,2021-2022,2,Rabi,Fallow,0-4-0.00,2022-01-04,,,12.8356355,75.0473503,
440790643,24,Dakshina Kannada,2,Bantwal,2,PANEMANGALURU,2,AMTURU,119,2021-2022,2,Rabi,Fallow,0-57-0.00,2022-01-04,,,12.8367244,75.0481366,
440790552,24,Dakshina Kannada,2,Bantwal,2,PANEMANGALURU,2,AMTURU,119,2021-2022,2,Rabi,Fallow,0-14-0.00,2022-01-04,,,12.8377158,75.0486497,
440790668,24,Dakshina Kannada,2,Bantwal,2,PANEMANGALURU,2,AMTURU,119,2021-2022,2,Rabi,NA Land ,0-10-0.00,2022-01-04,,,12.8349203,75.047356,
440790701,24,Dakshina Kannada,2,Bantwal,2,PANEMANGALURU,2,AMTURU,119,2021-2022,2,Rabi,NA Land ,0-5-50.00,2022-01-04,,,12.834989,75.0472166,
440790686,24,Dakshina Kannada,2,Bantwal,2,PANEMANGALURU,2,AMTURU,119,2021-2022,2,Rabi,Fallow,0-26-0.00,2022-01-04,,,12.834965,75.0472363,
440790240,24,Dakshina Kannada,2,Bantwal,2,PANEMANGALURU,2,AMTURU,119,2021-2022,2,Rabi,Betel Nuts (Areca nuts),0-71-0.00,2022-01-04,,,12.8331887,75.0460849,
440790253,24,Dakshina Kannada,2,Bantwal,2,PANEMANGALURU,2,AMTURU,119,2021-2022,2,Rabi,Fallow,0-19-0.00,2022-01-04,,,12.8331839,75.0461155,
440790267,24,Dakshina Kannada,2,Bantwal,2,PANEMANGALURU,2,AMTURU,119,2021-2022,2,Rabi,Fallow,0-15-0.00,2022-01-04,,,12.8329656,75.0473387,
440790351,24,Dakshina Kannada,2,Bantwal,2,PANEMANGALURU,2,AMTURU,119,2021-2022,2,Rabi,Fallow,0-12-0.00,2022-01-04,,,12.8273503,75.0475295,
440790407,24,Dakshina Kannada,2,Bantwal,2,PANEMANGALURU,2,AMTURU,119,2021-2022,2,Rabi,NA Land ,0-6-0.00,2022-01-04,,,12.8362055,75.0454544,
440790418,24,Dakshina Kannada,2,Bantwal,2,PANEMANGALURU,2,AMTURU,119,2021-2022,2,Rabi,Fallow,0-5-0.00,2022-01-04,,,12.8361616,75.0454448,
440790468,24,Dakshina Kannada,2,Bantwal,2,PANEMANGALURU,2,AMTURU,119,2021-2022,2,Rabi,Fallow,2-57-0.00,2022-01-04,,,12.83629,75.0454606,
440790482,24,Dakshina Kannada,2,Bantwal,2,PANEMANGALURU,2,AMTURU,119,2021-2022,2,Rabi,Fallow,0-13-0.00,2022-01-04,,,12.8356108,75.0472801,
440790541,24,Dakshina Kannada,2,Bantwal,2,PANEMANGALURU,2,AMTURU,119,2021-2022,2,Rabi,Fallow,0-3-0.00,2022-01-04,,,12.8356268,75.0473069,
440790543,24,Dakshina Kannada,2,Bantwal,2,PANEMANGALURU,2,AMTURU,119,2021-2022,2,Rabi,Fallow,2-40-0.00,2022-01-04,,,12.8376816,75.0486175,
440790217,24,Dakshina Kannada,2,Bantwal,2,PANEMANGALURU,2,AMTURU,119,2021-2022,2,Rabi,Betel Nuts (Areca nuts),0-70-0.00,2022-01-04,,,12.8332484,75.0460441,
440790628,24,Dakshina Kannada,2,Bantwal,2,PANEMANGALURU,2,AMTURU,119,2021-2022,2,Rabi,Fallow,0-55-0.00,2022-01-04,,,12.8367446,75.0481355,
440790662,24,Dakshina Kannada,2,Bantwal,2,PANEMANGALURU,2,AMTURU,119,2021-2022,2,Rabi,Fallow,0-38-0.00,2022-01-04,,,12.834961,75.0473907,
440790293,24,Dakshina Kannada,2,Bantwal,2,PANEMANGALURU,2,AMTURU,119,2021-2022,2,Rabi,NA Land ,0-7-0.00,2022-01-04,,,12.8330736,75.0475948,
440790413,24,Dakshina Kannada,2,Bantwal,2,PANEMANGALURU,2,AMTURU,119,2021-2022,2,Rabi,Fallow,0-3-0.00,2022-01-04,,,12.8361618,75.0454455,
440774481,24,Dakshina Kannada,2,Bantwal,2,PANEMANGALURU,25,SAJIPA MUDA,119,2021-2022,2,Rabi,Fallow,0-41-50.00,2022-01-04,,,12.85605,75.022865,
440774508,24,Dakshina Kannada,2,Bantwal,2,PANEMANGALURU,25,SAJIPA MUDA,119,2021-2022,2,Rabi,Fallow,0-56-0.00,2022-01-04,,,12.8554248,75.0225864,
440774588,24,Dakshina Kannada,2,Bantwal,2,PANEMANGALURU,25,SAJIPA MUDA,119,2021-2022,2,Rabi,NA Land ,0-7-0.00,2022-01-04,,,12.8550991,75.0203926,
440774604,24,Dakshina Kannada,2,Bantwal,2,PANEMANGALURU,25,SAJIPA MUDA,119,2021-2022,2,Rabi,Fallow,0-16-0.00,2022-01-04,,,12.8550876,75.0202076,
440774606,24,Dakshina Kannada,2,Bantwal,2,PANEMANGALURU,25,SAJIPA MUDA,119,2021-2022,2,Rabi,Fallow,0-10-0.00,2022-01-04,,,12.8550839,75.0202937,
440774615,24,Dakshina Kannada,2,Bantwal,2,PANEMANGALURU,25,SAJIPA MUDA,119,2021-2022,2,Rabi,NA Land ,0-14-0.00,2022-01-04,,,12.856345,75.0214091,
440774618,24,Dakshina Kannada,2,Bantwal,2,PANEMANGALURU,25,SAJIPA MUDA,119,2021-2022,2,Rabi,NA Land ,0-10-0.00,2022-01-04,,,12.8563409,75.0214258,
440774633,24,Dakshina Kannada,2,Bantwal,2,PANEMANGALURU,25,SAJIPA MUDA,119,2021-2022,2,Rabi,NA Land ,0-3-0.00,2022-01-04,,,12.8562097,75.0214502,
440774652,24,Dakshina Kannada,2,Bantwal,2,PANEMANGALURU,25,SAJIPA MUDA,119,2021-2022,2,Rabi,NA Land ,0-15-0.00,2022-01-04,,,12.8572312,75.0206458,
440774449,24,Dakshina Kannada,2,Bantwal,2,PANEMANGALURU,25,SAJIPA MUDA,119,2021-2022,2,Rabi,Fallow,1-10-0.00,2022-01-04,,,12.8598833,75.014513,
440774462,24,Dakshina Kannada,2,Bantwal,2,PANEMANGALURU,25,SAJIPA MUDA,119,2021-2022,2,Rabi,Fallow,1-40-0.00,2022-01-04,,,12.8560874,75.0243197,
440774533,24,Dakshina Kannada,2,Bantwal,2,PANEMANGALURU,25,SAJIPA MUDA,119,2021-2022,2,Rabi,Fallow,0-11-0.00,2022-01-04,,,12.855019,75.022276,
440774579,24,Dakshina Kannada,2,Bantwal,2,PANEMANGALURU,25,SAJIPA MUDA,119,2021-2022,2,Rabi,NA Land ,0-17-50.00,2022-01-04,,,12.8553463,75.0200468,
440774636,24,Dakshina Kannada,2,Bantwal,2,PANEMANGALURU,25,SAJIPA MUDA,119,2021-2022,2,Rabi,NA Land ,0-2-0.00,2022-01-04,,,12.8566882,75.021531,
440773703,24,Dakshina Kannada,2,Bantwal,2,PANEMANGALURU,25,SAJIPA MUDA,119,2021-2022,2,Rabi,Fallow,1-40-0.00,2022-01-04,,,12.8303552,75.0326844,
440774424,24,Dakshina Kannada,2,Bantwal,2,PANEMANGALURU,25,SAJIPA MUDA,119,2021-2022,2,Rabi,Fallow,2-7-0.00,2022-01-04,,,12.8598736,75.0147027,
440774427,24,Dakshina Kannada,2,Bantwal,2,PANEMANGALURU,25,SAJIPA MUDA,119,2021-2022,2,Rabi,Fallow,0-25-0.00,2022-01-04,,,12.859899,75.0146824,
440774443,24,Dakshina Kannada,2,Bantwal,2,PANEMANGALURU,25,SAJIPA MUDA,119,2021-2022,2,Rabi,Fallow,0-89-0.00,2022-01-04,,,12.8598402,75.014442,
440774468,24,Dakshina Kannada,2,Bantwal,2,PANEMANGALURU,25,SAJIPA MUDA,119,2021-2022,2,Rabi,Fallow,0-15-0.00,2022-01-04,,,12.8563369,75.0238203,
440774567,24,Dakshina Kannada,2,Bantwal,2,PANEMANGALURU,25,SAJIPA MUDA,119,2021-2022,2,Rabi,Fallow,2-57-50.00,2022-01-04,,,12.855363,75.0222969,
440774622,24,Dakshina Kannada,2,Bantwal,2,PANEMANGALURU,25,SAJIPA MUDA,119,2021-2022,2,Rabi,Fallow,0-5-0.00,2022-01-04,,,12.8565985,75.0214772,
440790226,24,Dakshina Kannada,2,Bantwal,2,PANEMANGALURU,2,AMTURU,119,2021-2022,2,Rabi,Fallow,0-15-0.00,2022-01-04,,,12.8332496,75.0460679,
440790298,24,Dakshina Kannada,2,Bantwal,2,PANEMANGALURU,2,AMTURU,119,2021-2022,2,Rabi,NA Land ,0-8-0.00,2022-01-04,,,12.8330895,75.047587,
440790316,24,Dakshina Kannada,2,Bantwal,2,PANEMANGALURU,2,AMTURU,119,2021-2022,2,Rabi,Fallow,0-1-0.00,2022-01-04,,,12.8304492,75.0470904,
440759790,24,Dakshina Kannada,2,Bantwal,2,PANEMANGALURU,25,SAJIPA MUDA,119,2021-2022,2,Rabi,Fallow,0-13-0.00,2022-01-04,,,12.8348188,75.0329514,
440790372,24,Dakshina Kannada,2,Bantwal,2,PANEMANGALURU,2,AMTURU,119,2021-2022,2,Rabi,NA Land ,0-15-0.00,2022-01-04,,,12.8273477,75.047531,
440790411,24,Dakshina Kannada,2,Bantwal,2,PANEMANGALURU,2,AMTURU,119,2021-2022,2,Rabi,Fallow,0-2-0.00,2022-01-04,,,12.8361652,75.0454437,
440790429,24,Dakshina Kannada,2,Bantwal,2,PANEMANGALURU,2,AMTURU,119,2021-2022,2,Rabi,NA Land ,0-8-0.00,2022-01-04,,,12.8361692,75.0454296,
440790431,24,Dakshina Kannada,2,Bantwal,2,PANEMANGALURU,2,AMTURU,119,2021-2022,2,Rabi,NA Land ,0-8-0.00,2022-01-04,,,12.8362221,75.045453,
440790454,24,Dakshina Kannada,2,Bantwal,2,PANEMANGALURU,2,AMTURU,119,2021-2022,2,Rabi,Fallow,0-25-0.00,2022-01-04,,,12.8362833,75.0454597,
440790476,24,Dakshina Kannada,2,Bantwal,2,PANEMANGALURU,2,AMTURU,119,2021-2022,2,Rabi,Fallow,0-13-0.00,2022-01-04,,,12.8356102,75.0472682,
440790488,24,Dakshina Kannada,2,Bantwal,2,PANEMANGALURU,2,AMTURU,119,2021-2022,2,Rabi,Fallow,0-47-0.00,2022-01-04,,,12.8356379,75.047306,
440790496,24,Dakshina Kannada,2,Bantwal,2,PANEMANGALURU,2,AMTURU,119,2021-2022,2,Rabi,Fallow,0-13-0.00,2022-01-04,,,12.8356161,75.0473312,
440790510,24,Dakshina Kannada,2,Bantwal,2,PANEMANGALURU,2,AMTURU,119,2021-2022,2,Rabi,Fallow,0-15-0.00,2022-01-04,,,12.8356082,75.0473515,
440790558,24,Dakshina Kannada,2,Bantwal,2,PANEMANGALURU,2,AMTURU,119,2021-2022,2,Rabi,Fallow,0-65-0.00,2022-01-04,,,12.836766,75.0481434,
440798300,24,Dakshina Kannada,2,Bantwal,2,PANEMANGALURU,25,SAJIPA MUDA,119,2021-2022,2,Rabi,NA Land ,0-11-0.00,2022-01-04,,,12.8460367,75.0286396,
440798430,24,Dakshina Kannada,2,Bantwal,2,PANEMANGALURU,25,SAJIPA MUDA,119,2021-2022,2,Rabi,NA Land ,0-19-0.00,2022-01-04,,,12.8471965,75.0270733,
440798531,24,Dakshina Kannada,2,Bantwal,2,PANEMANGALURU,25,SAJIPA MUDA,119,2021-2022,2,Rabi,NA Land ,0-1-0.00,2022-01-04,,,12.8471992,75.027117,
440798331,24,Dakshina Kannada,2,Bantwal,2,PANEMANGALURU,25,SAJIPA MUDA,119,2021-2022,2,Rabi,Betel Nuts (Areca nuts),0-16-0.00,2022-01-04,,,12.846071,75.0286734,
440798331,24,Dakshina Kannada,2,Bantwal,2,PANEMANGALURU,25,SAJIPA MUDA,119,2021-2022,2,Rabi,Betel Nuts (Areca nuts),0-16-0.00,2022-01-04,,,12.8460695,75.0286749,
440798350,24,Dakshina Kannada,2,Bantwal,2,PANEMANGALURU,25,SAJIPA MUDA,119,2021-2022,2,Rabi,NA Land ,0-11-0.00,2022-01-04,,,12.8461311,75.0286268,
440798458,24,Dakshina Kannada,2,Bantwal,2,PANEMANGALURU,25,SAJIPA MUDA,119,2021-2022,2,Rabi,NA Land ,0-4-0.00,2022-01-04,,,12.8471894,75.0270793,
440798702,24,Dakshina Kannada,2,Bantwal,2,PANEMANGALURU,25,SAJIPA MUDA,119,2021-2022,2,Rabi,NA Land ,0-1-0.00,2022-01-04,,,12.8486317,75.0327144,
440798509,24,Dakshina Kannada,2,Bantwal,2,PANEMANGALURU,25,SAJIPA MUDA,119,2021-2022,2,Rabi,NA Land ,0-5-0.00,2022-01-04,,,12.8471773,75.0270939,
440798655,24,Dakshina Kannada,2,Bantwal,2,PANEMANGALURU,25,SAJIPA MUDA,119,2021-2022,2,Rabi,NA Land ,0-23-0.00,2022-01-04,,,12.8486646,75.0327117,
440798683,24,Dakshina Kannada,2,Bantwal,2,PANEMANGALURU,25,SAJIPA MUDA,119,2021-2022,2,Rabi,NA Land ,0-11-0.00,2022-01-04,,,12.8486289,75.0327143,
440798376,24,Dakshina Kannada,2,Bantwal,2,PANEMANGALURU,25,SAJIPA MUDA,119,2021-2022,2,Rabi,NA Land ,0-9-0.00,2022-01-04,,,12.8462755,75.0283494,
440798401,24,Dakshina Kannada,2,Bantwal,2,PANEMANGALURU,25,SAJIPA MUDA,119,2021-2022,2,Rabi,NA Land ,0-2-0.00,2022-01-04,,,12.8462628,75.0283388,
440798582,24,Dakshina Kannada,2,Bantwal,2,PANEMANGALURU,25,SAJIPA MUDA,119,2021-2022,2,Rabi,NA Land ,0-4-0.00,2022-01-04,,,12.8486473,75.0326946,
440798597,24,Dakshina Kannada,2,Bantwal,2,PANEMANGALURU,25,SAJIPA MUDA,119,2021-2022,2,Rabi,NA Land ,0-3-0.00,2022-01-04,,,12.8486469,75.0326803,
440798602,24,Dakshina Kannada,2,Bantwal,2,PANEMANGALURU,25,SAJIPA MUDA,119,2021-2022,2,Rabi,NA Land ,0-19-0.00,2022-01-04,,,12.848658,75.0327163,
440798645,24,Dakshina Kannada,2,Bantwal,2,PANEMANGALURU,25,SAJIPA MUDA,119,2021-2022,2,Rabi,NA Land ,0-36-0.00,2022-01-04,,,12.8486538,75.0327083,
440798729,24,Dakshina Kannada,2,Bantwal,2,PANEMANGALURU,25,SAJIPA MUDA,119,2021-2022,2,Rabi,NA Land ,0-4-0.00,2022-01-04,,,12.8486357,75.032678,
440798324,24,Dakshina Kannada,2,Bantwal,2,PANEMANGALURU,25,SAJIPA MUDA,119,2021-2022,2,Rabi,NA Land ,0-16-0.00,2022-01-04,,,12.8460547,75.0286523,
440802847,24,Dakshina Kannada,2,Bantwal,2,PANEMANGALURU,25,SAJIPA MUDA,119,2021-2022,2,Rabi,Fallow,0-15-0.00,2022-01-04,,,12.8433923,75.0194082,
440808061,24,Dakshina Kannada,2,Bantwal,2,PANEMANGALURU,25,SAJIPA MUDA,119,2021-2022,2,Rabi,NA Land ,0-5-0.00,2022-01-04,,,12.8404828,75.0218742,
440807889,24,Dakshina Kannada,2,Bantwal,2,PANEMANGALURU,25,SAJIPA MUDA,119,2021-2022,2,Rabi,NA Land ,0-1-0.00,2022-01-04,,,12.8404986,75.0218786,
440807940,24,Dakshina Kannada,2,Bantwal,2,PANEMANGALURU,25,SAJIPA MUDA,119,2021-2022,2,Rabi,NA Land ,0-4-0.00,2022-01-04,,,12.8404896,75.0218808,
440808131,24,Dakshina Kannada,2,Bantwal,2,PANEMANGALURU,25,SAJIPA MUDA,119,2021-2022,2,Rabi,NA Land ,0-5-0.00,2022-01-04,,,12.8404969,75.0218713,
440808157,24,Dakshina Kannada,2,Bantwal,2,PANEMANGALURU,25,SAJIPA MUDA,119,2021-2022,2,Rabi,NA Land ,0-3-0.00,2022-01-04,,,12.840481,75.0218531,
440762710,24,Dakshina Kannada,2,Bantwal,2,PANEMANGALURU,25,SAJIPA MUDA,119,2021-2022,2,Rabi,NA Land ,0-11-0.00,2022-01-04,,,12.853585,75.0292163,
440762735,24,Dakshina Kannada,2,Bantwal,2,PANEMANGALURU,25,SAJIPA MUDA,119,2021-2022,2,Rabi,NA Land ,0-1-0.00,2022-01-04,,,12.8536201,75.0292267,
440762765,24,Dakshina Kannada,2,Bantwal,2,PANEMANGALURU,25,SAJIPA MUDA,119,2021-2022,2,Rabi,NA Land ,0-24-0.00,2022-01-04,,,12.8536037,75.0292441,
440762821,24,Dakshina Kannada,2,Bantwal,2,PANEMANGALURU,25,SAJIPA MUDA,119,2021-2022,2,Rabi,NA Land ,0-31-0.00,2022-01-04,,,12.8535829,75.0292458,
440762951,24,Dakshina Kannada,2,Bantwal,2,PANEMANGALURU,25,SAJIPA MUDA,119,2021-2022,2,Rabi,NA Land ,0-15-0.00,2022-01-04,,,12.8553864,75.0287491,
440762971,24,Dakshina Kannada,2,Bantwal,2,PANEMANGALURU,25,SAJIPA MUDA,119,2021-2022,2,Rabi,NA Land ,0-12-0.00,2022-01-04,,,12.8554785,75.0286554,
440763007,24,Dakshina Kannada,2,Bantwal,2,PANEMANGALURU,25,SAJIPA MUDA,119,2021-2022,2,Rabi,NA Land ,0-6-0.00,2022-01-04,,,12.8476559,75.0080911,
440763010,24,Dakshina Kannada,2,Bantwal,2,PANEMANGALURU,25,SAJIPA MUDA,119,2021-2022,2,Rabi,NA Land ,0-7-0.00,2022-01-04,,,12.8543307,75.0318514,
440763031,24,Dakshina Kannada,2,Bantwal,2,PANEMANGALURU,25,SAJIPA MUDA,119,2021-2022,2,Rabi,NA Land ,0-35-0.00,2022-01-04,,,12.8543248,75.0318569,
440763064,24,Dakshina Kannada,2,Bantwal,2,PANEMANGALURU,25,SAJIPA MUDA,119,2021-2022,2,Rabi,NA Land ,0-35-0.00,2022-01-04,,,12.8543207,75.0318697,
440763069,24,Dakshina Kannada,2,Bantwal,2,PANEMANGALURU,25,SAJIPA MUDA,119,2021-2022,2,Rabi,Fallow,0-11-0.00,2022-01-04,,,12.847012,75.0074947,
440763110,24,Dakshina Kannada,2,Bantwal,2,PANEMANGALURU,25,SAJIPA MUDA,119,2021-2022,2,Rabi,NA Land ,0-5-0.00,2022-01-04,,,12.8543503,75.0318803,
440763115,24,Dakshina Kannada,2,Bantwal,2,PANEMANGALURU,25,SAJIPA MUDA,119,2021-2022,2,Rabi,NA Land ,0-5-0.00,2022-01-04,,,12.8543455,75.0318747,
440763124,24,Dakshina Kannada,2,Bantwal,2,PANEMANGALURU,25,SAJIPA MUDA,119,2021-2022,2,Rabi,Rubber,0-30-0.00,2022-01-04,,,12.8469639,75.0074948,
440763124,24,Dakshina Kannada,2,Bantwal,2,PANEMANGALURU,25,SAJIPA MUDA,119,2021-2022,2,Rabi,Rubber,0-30-0.00,2022-01-04,,,12.8469468,75.0074691,
440763174,24,Dakshina Kannada,2,Bantwal,2,PANEMANGALURU,25,SAJIPA MUDA,119,2021-2022,2,Rabi,NA Land ,0-22-0.00,2022-01-04,,,12.8566718,75.0359262,
440763183,24,Dakshina Kannada,2,Bantwal,2,PANEMANGALURU,25,SAJIPA MUDA,119,2021-2022,2,Rabi,NA Land ,0-5-0.00,2022-01-04,,,12.856691,75.0359119,
440763190,24,Dakshina Kannada,2,Bantwal,2,PANEMANGALURU,25,SAJIPA MUDA,119,2021-2022,2,Rabi,NA Land ,0-11-0.00,2022-01-04,,,12.85669,75.0359066,
440763202,24,Dakshina Kannada,2,Bantwal,2,PANEMANGALURU,25,SAJIPA MUDA,119,2021-2022,2,Rabi,Betel Nuts (Areca nuts),1-30-0.00,2022-01-04,,,12.8454467,75.0075482,
440763202,24,Dakshina Kannada,2,Bantwal,2,PANEMANGALURU,25,SAJIPA MUDA,119,2021-2022,2,Rabi,Betel Nuts (Areca nuts),1-30-0.00,2022-01-04,,,12.8454122,75.0075428,
440763211,24,Dakshina Kannada,2,Bantwal,2,PANEMANGALURU,25,SAJIPA MUDA,119,2021-2022,2,Rabi,Betel Nuts (Areca nuts),0-22-0.00,2022-01-04,,,12.8566756,75.0359114,
440803869,24,Dakshina Kannada,2,Bantwal,2,PANEMANGALURU,25,SAJIPA MUDA,119,2021-2022,2,Rabi,NA Land ,0-5-50.00,2022-01-04,,,12.841466,75.0184903,
440803924,24,Dakshina Kannada,2,Bantwal,2,PANEMANGALURU,25,SAJIPA MUDA,119,2021-2022,2,Rabi,Betel Nuts (Areca nuts),0-10-0.00,2022-01-04,,,12.8414657,75.0184984,
440803924,24,Dakshina Kannada,2,Bantwal,2,PANEMANGALURU,25,SAJIPA MUDA,119,2021-2022,2,Rabi,Betel Nuts (Areca nuts),0-10-0.00,2022-01-04,,,12.8414695,75.0184929,
440803950,24,Dakshina Kannada,2,Bantwal,2,PANEMANGALURU,25,SAJIPA MUDA,119,2021-2022,2,Rabi,Fallow,0-10-0.00,2022-01-04,,,12.8414654,75.0184884,
440804464,24,Dakshina Kannada,2,Bantwal,2,PANEMANGALURU,25,SAJIPA MUDA,119,2021-2022,2,Rabi,Fallow,0-9-0.00,2022-01-04,,,12.8414623,75.0184717,
440804375,24,Dakshina Kannada,2,Bantwal,2,PANEMANGALURU,25,SAJIPA MUDA,119,2021-2022,2,Rabi,Betel Nuts (Areca nuts),0-12-0.00,2022-01-04,,,12.8414876,75.0185022,
440804375,24,Dakshina Kannada,2,Bantwal,2,PANEMANGALURU,25,SAJIPA MUDA,119,2021-2022,2,Rabi,Betel Nuts (Areca nuts),0-12-0.00,2022-01-04,,,12.8414937,75.0184955,
440804705,24,Dakshina Kannada,2,Bantwal,2,PANEMANGALURU,25,SAJIPA MUDA,119,2021-2022,2,Rabi,Fallow,0-23-0.00,2022-01-04,,,12.8414806,75.0184947,
440798119,24,Dakshina Kannada,2,Bantwal,2,PANEMANGALURU,25,SAJIPA MUDA,119,2021-2022,2,Rabi,NA Land ,0-9-0.00,2022-01-04,,,12.8555021,75.0287716,
440798163,24,Dakshina Kannada,2,Bantwal,2,PANEMANGALURU,25,SAJIPA MUDA,119,2021-2022,2,Rabi,Betel Nuts (Areca nuts),0-45-0.00,2022-01-04,,,12.8457552,75.0295881,
440798163,24,Dakshina Kannada,2,Bantwal,2,PANEMANGALURU,25,SAJIPA MUDA,119,2021-2022,2,Rabi,Betel Nuts (Areca nuts),0-45-0.00,2022-01-04,,,12.8457551,75.0295887,
440804759,24,Dakshina Kannada,2,Bantwal,2,PANEMANGALURU,25,SAJIPA MUDA,119,2021-2022,2,Rabi,NA Land ,0-4-50.00,2022-01-04,,,12.8415076,75.0184419,
440804767,24,Dakshina Kannada,2,Bantwal,2,PANEMANGALURU,25,SAJIPA MUDA,119,2021-2022,2,Rabi,Fallow,1-14-0.00,2022-01-04,,,12.8376628,75.0242799,
440804788,24,Dakshina Kannada,2,Bantwal,2,PANEMANGALURU,25,SAJIPA MUDA,119,2021-2022,2,Rabi,Fallow,0-10-0.00,2022-01-04,,,12.8375953,75.0242522,
440804677,24,Dakshina Kannada,2,Bantwal,2,PANEMANGALURU,25,SAJIPA MUDA,119,2021-2022,2,Rabi,NA Land ,0-1-0.00,2022-01-04,,,12.841479,75.0184159,
440804800,24,Dakshina Kannada,2,Bantwal,2,PANEMANGALURU,25,SAJIPA MUDA,119,2021-2022,2,Rabi,Fallow,0-10-0.00,2022-01-04,,,12.8376039,75.0242763,
440804840,24,Dakshina Kannada,2,Bantwal,2,PANEMANGALURU,25,SAJIPA MUDA,119,2021-2022,2,Rabi,NA Land ,0-9-0.00,2022-01-04,,,12.8376174,75.0242625,
440804879,24,Dakshina Kannada,2,Bantwal,2,PANEMANGALURU,25,SAJIPA MUDA,119,2021-2022,2,Rabi,Fallow,9-0-0.00,2022-01-04,,,12.8376015,75.0242447,
440804896,24,Dakshina Kannada,2,Bantwal,2,PANEMANGALURU,25,SAJIPA MUDA,119,2021-2022,2,Rabi,Fallow,0-29-0.00,2022-01-04,,,12.8376133,75.0242258,
440804909,24,Dakshina Kannada,2,Bantwal,2,PANEMANGALURU,25,SAJIPA MUDA,119,2021-2022,2,Rabi,Fallow,0-8-0.00,2022-01-04,,,12.8375926,75.0242441,
440805747,24,Dakshina Kannada,2,Bantwal,2,PANEMANGALURU,25,SAJIPA MUDA,119,2021-2022,2,Rabi,Fallow,0-22-0.00,2022-01-04,,,12.8387737,75.0229881,
440805880,24,Dakshina Kannada,2,Bantwal,2,PANEMANGALURU,25,SAJIPA MUDA,119,2021-2022,2,Rabi,NA Land ,0-16-0.00,2022-01-04,,,12.838809,75.0229665,
440805915,24,Dakshina Kannada,2,Bantwal,2,PANEMANGALURU,25,SAJIPA MUDA,119,2021-2022,2,Rabi,NA Land ,0-10-0.00,2022-01-04,,,12.8387698,75.0229659,
440806206,24,Dakshina Kannada,2,Bantwal,2,PANEMANGALURU,25,SAJIPA MUDA,119,2021-2022,2,Rabi,NA Land ,0-11-0.00,2022-01-04,,,12.8387677,75.0229766,
440806329,24,Dakshina Kannada,2,Bantwal,2,PANEMANGALURU,25,SAJIPA MUDA,119,2021-2022,2,Rabi,Fallow,0-30-0.00,2022-01-04,,,12.8388154,75.0229732,
440806537,24,Dakshina Kannada,2,Bantwal,2,PANEMANGALURU,25,SAJIPA MUDA,119,2021-2022,2,Rabi,NA Land ,0-3-0.00,2022-01-04,,,12.8476096,75.0321295,
440762986,24,Dakshina Kannada,2,Bantwal,2,PANEMANGALURU,25,SAJIPA MUDA,119,2021-2022,2,Rabi,Betel Nuts (Areca nuts),0-6-0.00,2022-01-04,,,12.8476597,75.0081545,
440762986,24,Dakshina Kannada,2,Bantwal,2,PANEMANGALURU,25,SAJIPA MUDA,119,2021-2022,2,Rabi,Betel Nuts (Areca nuts),0-6-0.00,2022-01-04,,,12.847655,75.0081467,
440763000,24,Dakshina Kannada,2,Bantwal,2,PANEMANGALURU,25,SAJIPA MUDA,119,2021-2022,2,Rabi,NA Land ,0-38-0.00,2022-01-04,,,12.8543419,75.0318321,
440763014,24,Dakshina Kannada,2,Bantwal,2,PANEMANGALURU,25,SAJIPA MUDA,119,2021-2022,2,Rabi,Fallow,3-77-0.00,2022-01-04,,,12.847497,75.0070484,
440763051,24,Dakshina Kannada,2,Bantwal,2,PANEMANGALURU,25,SAJIPA MUDA,119,2021-2022,2,Rabi,NA Land ,0-4-0.00,2022-01-04,,,12.8543227,75.0318677,
440763062,24,Dakshina Kannada,2,Bantwal,2,PANEMANGALURU,25,SAJIPA MUDA,119,2021-2022,2,Rabi,Fallow,0-8-0.00,2022-01-04,,,12.8470503,75.0074967,
440763094,24,Dakshina Kannada,2,Bantwal,2,PANEMANGALURU,25,SAJIPA MUDA,119,2021-2022,2,Rabi,Betel Nuts (Areca nuts),0-14-0.00,2022-01-04,,,12.8469545,75.0074289,
440763094,24,Dakshina Kannada,2,Bantwal,2,PANEMANGALURU,25,SAJIPA MUDA,119,2021-2022,2,Rabi,Betel Nuts (Areca nuts),0-14-0.00,2022-01-04,,,12.8469652,75.0074358,
440763102,24,Dakshina Kannada,2,Bantwal,2,PANEMANGALURU,25,SAJIPA MUDA,119,2021-2022,2,Rabi,NA Land ,0-18-0.00,2022-01-04,,,12.8543529,75.0318684,
440763146,24,Dakshina Kannada,2,Bantwal,2,PANEMANGALURU,25,SAJIPA MUDA,119,2021-2022,2,Rabi,NA Land ,0-11-0.00,2022-01-04,,,12.846535,75.0072139,
440763150,24,Dakshina Kannada,2,Bantwal,2,PANEMANGALURU,25,SAJIPA MUDA,119,2021-2022,2,Rabi,NA Land ,0-25-0.00,2022-01-04,,,12.8543932,75.031847,
440763155,24,Dakshina Kannada,2,Bantwal,2,PANEMANGALURU,25,SAJIPA MUDA,119,2021-2022,2,Rabi,Betel Nuts (Areca nuts),0-46-0.00,2022-01-04,,,12.8465352,75.0071465,
440763155,24,Dakshina Kannada,2,Bantwal,2,PANEMANGALURU,25,SAJIPA MUDA,119,2021-2022,2,Rabi,Betel Nuts (Areca nuts),0-46-0.00,2022-01-04,,,12.846519,75.0072463,
440763162,24,Dakshina Kannada,2,Bantwal,2,PANEMANGALURU,25,SAJIPA MUDA,119,2021-2022,2,Rabi,NA Land ,0-5-0.00,2022-01-04,,,12.8565678,75.0358873,
440763176,24,Dakshina Kannada,2,Bantwal,2,PANEMANGALURU,25,SAJIPA MUDA,119,2021-2022,2,Rabi,Betel Nuts (Areca nuts),0-22-0.00,2022-01-04,,,12.8465552,75.0071847,
440763176,24,Dakshina Kannada,2,Bantwal,2,PANEMANGALURU,25,SAJIPA MUDA,119,2021-2022,2,Rabi,Betel Nuts (Areca nuts),0-22-0.00,2022-01-04,,,12.8465474,75.0071733,
440763177,24,Dakshina Kannada,2,Bantwal,2,PANEMANGALURU,25,SAJIPA MUDA,119,2021-2022,2,Rabi,NA Land ,0-17-0.00,2022-01-04,,,12.8566663,75.035925,
440761224,24,Dakshina Kannada,2,Bantwal,2,PANEMANGALURU,25,SAJIPA MUDA,119,2021-2022,2,Rabi,NA Land ,0-14-0.00,2022-01-04,,,12.8329323,75.0332184,
440763186,24,Dakshina Kannada,2,Bantwal,2,PANEMANGALURU,25,SAJIPA MUDA,119,2021-2022,2,Rabi,NA Land ,0-17-0.00,2022-01-04,,,12.8566916,75.0359044,
440763189,24,Dakshina Kannada,2,Bantwal,2,PANEMANGALURU,25,SAJIPA MUDA,119,2021-2022,2,Rabi,Betel Nuts (Areca nuts),0-50-0.00,2022-01-04,,,12.8454513,75.0075234,
440763189,24,Dakshina Kannada,2,Bantwal,2,PANEMANGALURU,25,SAJIPA MUDA,119,2021-2022,2,Rabi,Betel Nuts (Areca nuts),0-50-0.00,2022-01-04,,,12.8454278,75.0075168,
440763197,24,Dakshina Kannada,2,Bantwal,2,PANEMANGALURU,25,SAJIPA MUDA,119,2021-2022,2,Rabi,Betel Nuts (Areca nuts),0-56-0.00,2022-01-04,,,12.8566892,75.0359038,
440763197,24,Dakshina Kannada,2,Bantwal,2,PANEMANGALURU,25,SAJIPA MUDA,119,2021-2022,2,Rabi,Betel Nuts (Areca nuts),0-56-0.00,2022-01-04,,,12.8566893,75.0359032,
440763214,24,Dakshina Kannada,2,Bantwal,2,PANEMANGALURU,25,SAJIPA MUDA,119,2021-2022,2,Rabi,Rubber,1-80-0.00,2022-01-04,,,12.8454615,75.0075236,
440763214,24,Dakshina Kannada,2,Bantwal,2,PANEMANGALURU,25,SAJIPA MUDA,119,2021-2022,2,Rabi,Rubber,1-80-0.00,2022-01-04,,,12.845454,75.0075265,
440763241,24,Dakshina Kannada,2,Bantwal,2,PANEMANGALURU,25,SAJIPA MUDA,119,2021-2022,2,Rabi,NA Land ,0-27-0.00,2022-01-04,,,12.8491903,75.0353186,
440763242,24,Dakshina Kannada,2,Bantwal,2,PANEMANGALURU,25,SAJIPA MUDA,119,2021-2022,2,Rabi,Betel Nuts (Areca nuts),0-23-0.00,2022-01-04,,,12.849191,75.0353037,
440763242,24,Dakshina Kannada,2,Bantwal,2,PANEMANGALURU,25,SAJIPA MUDA,119,2021-2022,2,Rabi,Betel Nuts (Areca nuts),0-23-0.00,2022-01-04,,,12.8491917,75.0353055,
440763258,24,Dakshina Kannada,2,Bantwal,2,PANEMANGALURU,25,SAJIPA MUDA,119,2021-2022,2,Rabi,Betel Nuts (Areca nuts),0-74-0.00,2022-01-04,,,12.8491885,75.035317,
440763258,24,Dakshina Kannada,2,Bantwal,2,PANEMANGALURU,25,SAJIPA MUDA,119,2021-2022,2,Rabi,Betel Nuts (Areca nuts),0-74-0.00,2022-01-04,,,12.8491877,75.0353171,
440763259,24,Dakshina Kannada,2,Bantwal,2,PANEMANGALURU,25,SAJIPA MUDA,119,2021-2022,2,Rabi,NA Land ,0-5-0.00,2022-01-04,,,12.8509865,75.0139785,
440763264,24,Dakshina Kannada,2,Bantwal,2,PANEMANGALURU,25,SAJIPA MUDA,119,2021-2022,2,Rabi,NA Land ,0-5-0.00,2022-01-04,,,12.8509703,75.0139777,
440762749,24,Dakshina Kannada,2,Bantwal,2,PANEMANGALURU,25,SAJIPA MUDA,119,2021-2022,2,Rabi,NA Land ,0-3-0.00,2022-01-04,,,12.8535754,75.0292054,
440762972,24,Dakshina Kannada,2,Bantwal,2,PANEMANGALURU,25,SAJIPA MUDA,119,2021-2022,2,Rabi,NA Land ,0-7-0.00,2022-01-04,,,12.8476279,75.0081167,
440762993,24,Dakshina Kannada,2,Bantwal,2,PANEMANGALURU,25,SAJIPA MUDA,119,2021-2022,2,Rabi,NA Land ,0-11-0.00,2022-01-04,,,12.8543387,75.0318288,
440763080,24,Dakshina Kannada,2,Bantwal,2,PANEMANGALURU,25,SAJIPA MUDA,119,2021-2022,2,Rabi,NA Land ,0-2-0.00,2022-01-04,,,12.8543242,75.0318676,
440763085,24,Dakshina Kannada,2,Bantwal,2,PANEMANGALURU,25,SAJIPA MUDA,119,2021-2022,2,Rabi,Rubber,0-6-0.00,2022-01-04,,,12.84705,75.007485,
440763085,24,Dakshina Kannada,2,Bantwal,2,PANEMANGALURU,25,SAJIPA MUDA,119,2021-2022,2,Rabi,Rubber,0-6-0.00,2022-01-04,,,12.8470466,75.0074794,
440763092,24,Dakshina Kannada,2,Bantwal,2,PANEMANGALURU,25,SAJIPA MUDA,119,2021-2022,2,Rabi,NA Land ,0-28-75.00,2022-01-04,,,12.854336,75.0318378,
440763112,24,Dakshina Kannada,2,Bantwal,2,PANEMANGALURU,25,SAJIPA MUDA,119,2021-2022,2,Rabi,NA Land ,0-8-0.00,2022-01-04,,,12.8469005,75.0074588,
440763123,24,Dakshina Kannada,2,Bantwal,2,PANEMANGALURU,25,SAJIPA MUDA,119,2021-2022,2,Rabi,Betel Nuts (Areca nuts),0-43-0.00,2022-01-04,,,12.8543531,75.0318594,
440763123,24,Dakshina Kannada,2,Bantwal,2,PANEMANGALURU,25,SAJIPA MUDA,119,2021-2022,2,Rabi,Betel Nuts (Areca nuts),0-43-0.00,2022-01-04,,,12.8543573,75.0318576,
440763127,24,Dakshina Kannada,2,Bantwal,2,PANEMANGALURU,25,SAJIPA MUDA,119,2021-2022,2,Rabi,Rubber,0-20-0.00,2022-01-04,,,12.8469452,75.0074587,
440763127,24,Dakshina Kannada,2,Bantwal,2,PANEMANGALURU,25,SAJIPA MUDA,119,2021-2022,2,Rabi,Rubber,0-20-0.00,2022-01-04,,,12.8469379,75.0074564,
440763136,24,Dakshina Kannada,2,Bantwal,2,PANEMANGALURU,25,SAJIPA MUDA,119,2021-2022,2,Rabi,Betel Nuts (Areca nuts),0-27-0.00,2022-01-04,,,12.8543821,75.0318477,
440763136,24,Dakshina Kannada,2,Bantwal,2,PANEMANGALURU,25,SAJIPA MUDA,119,2021-2022,2,Rabi,Betel Nuts (Areca nuts),0-27-0.00,2022-01-04,,,12.8543823,75.0318479,
440763140,24,Dakshina Kannada,2,Bantwal,2,PANEMANGALURU,25,SAJIPA MUDA,119,2021-2022,2,Rabi,Fallow,1-2-0.00,2022-01-04,,,12.8465301,75.007132,
440763154,24,Dakshina Kannada,2,Bantwal,2,PANEMANGALURU,25,SAJIPA MUDA,119,2021-2022,2,Rabi,NA Land ,0-50-0.00,2022-01-04,,,12.8543917,75.031847,
440763210,24,Dakshina Kannada,2,Bantwal,2,PANEMANGALURU,25,SAJIPA MUDA,119,2021-2022,2,Rabi,Betel Nuts (Areca nuts),1-50-0.00,2022-01-04,,,12.8454639,75.0075289,
440763210,24,Dakshina Kannada,2,Bantwal,2,PANEMANGALURU,25,SAJIPA MUDA,119,2021-2022,2,Rabi,Betel Nuts (Areca nuts),1-50-0.00,2022-01-04,,,12.8454604,75.0075299,
440763217,24,Dakshina Kannada,2,Bantwal,2,PANEMANGALURU,25,SAJIPA MUDA,119,2021-2022,2,Rabi,NA Land ,0-75-0.00,2022-01-04,,,12.8566771,75.0359161,
440763226,24,Dakshina Kannada,2,Bantwal,2,PANEMANGALURU,25,SAJIPA MUDA,119,2021-2022,2,Rabi,Fallow,0-53-0.00,2022-01-04,,,12.8454647,75.0075428,
440790472,24,Dakshina Kannada,2,Bantwal,2,PANEMANGALURU,2,AMTURU,119,2021-2022,2,Rabi,Fallow,0-19-0.00,2022-01-04,,,12.8356333,75.0474077,
440790503,24,Dakshina Kannada,2,Bantwal,2,PANEMANGALURU,2,AMTURU,119,2021-2022,2,Rabi,Fallow,0-25-0.00,2022-01-04,,,12.8356125,75.0473458,
440790551,24,Dakshina Kannada,2,Bantwal,2,PANEMANGALURU,2,AMTURU,119,2021-2022,2,Rabi,Fallow,0-50-0.00,2022-01-04,,,12.8377247,75.0486456,
440790555,24,Dakshina Kannada,2,Bantwal,2,PANEMANGALURU,2,AMTURU,119,2021-2022,2,Rabi,Fallow,0-5-0.00,2022-01-04,,,12.8367996,75.0483084,
440790573,24,Dakshina Kannada,2,Bantwal,2,PANEMANGALURU,2,AMTURU,119,2021-2022,2,Rabi,Fallow,0-85-0.00,2022-01-04,,,12.8367428,75.0481394,
440790564,24,Dakshina Kannada,2,Bantwal,2,PANEMANGALURU,2,AMTURU,119,2021-2022,2,Rabi,Fallow,0-5-0.00,2022-01-04,,,12.8367475,75.0481426,
440790623,24,Dakshina Kannada,2,Bantwal,2,PANEMANGALURU,2,AMTURU,119,2021-2022,2,Rabi,Fallow,0-5-0.00,2022-01-04,,,12.8367428,75.0481394,
440774437,24,Dakshina Kannada,2,Bantwal,2,PANEMANGALURU,25,SAJIPA MUDA,119,2021-2022,2,Rabi,Fallow,0-81-0.00,2022-01-04,,,12.8598553,75.0144804,
440774459,24,Dakshina Kannada,2,Bantwal,2,PANEMANGALURU,25,SAJIPA MUDA,119,2021-2022,2,Rabi,NA Land ,0-4-50.00,2022-01-04,,,12.856065,75.0243217,
440774474,24,Dakshina Kannada,2,Bantwal,2,PANEMANGALURU,25,SAJIPA MUDA,119,2021-2022,2,Rabi,NA Land ,0-14-0.00,2022-01-04,,,12.856016,75.0228485,
440774483,24,Dakshina Kannada,2,Bantwal,2,PANEMANGALURU,25,SAJIPA MUDA,119,2021-2022,2,Rabi,Fallow,2-3-75.00,2022-01-04,,,12.8559723,75.0228634,
440774503,24,Dakshina Kannada,2,Bantwal,2,PANEMANGALURU,25,SAJIPA MUDA,119,2021-2022,2,Rabi,Fallow,0-14-0.00,2022-01-04,,,12.8554293,75.0225834,
440774521,24,Dakshina Kannada,2,Bantwal,2,PANEMANGALURU,25,SAJIPA MUDA,119,2021-2022,2,Rabi,Fallow,0-13-0.00,2022-01-04,,,12.8553812,75.0223199,
440774526,24,Dakshina Kannada,2,Bantwal,2,PANEMANGALURU,25,SAJIPA MUDA,119,2021-2022,2,Rabi,NA Land ,0-7-50.00,2022-01-04,,,12.8550916,75.0223142,
440774543,24,Dakshina Kannada,2,Bantwal,2,PANEMANGALURU,25,SAJIPA MUDA,119,2021-2022,2,Rabi,NA Land ,0-10-50.00,2022-01-04,,,12.8551813,75.0223551,
440774591,24,Dakshina Kannada,2,Bantwal,2,PANEMANGALURU,25,SAJIPA MUDA,119,2021-2022,2,Rabi,NA Land ,0-5-0.00,2022-01-04,,,12.8550974,75.0203752,
440774655,24,Dakshina Kannada,2,Bantwal,2,PANEMANGALURU,25,SAJIPA MUDA,119,2021-2022,2,Rabi,NA Land ,0-22-0.00,2022-01-04,,,12.8571488,75.0205706,
440790221,24,Dakshina Kannada,2,Bantwal,2,PANEMANGALURU,2,AMTURU,119,2021-2022,2,Rabi,Fallow,0-12-0.00,2022-01-04,,,12.8332495,75.0460593,
440790243,24,Dakshina Kannada,2,Bantwal,2,PANEMANGALURU,2,AMTURU,119,2021-2022,2,Rabi,Fallow,0-12-0.00,2022-01-04,,,12.8331801,75.0461048,
440790258,24,Dakshina Kannada,2,Bantwal,2,PANEMANGALURU,2,AMTURU,119,2021-2022,2,Rabi,Fallow,0-7-0.00,2022-01-04,,,12.8331842,75.0461161,
440790402,24,Dakshina Kannada,2,Bantwal,2,PANEMANGALURU,2,AMTURU,119,2021-2022,2,Rabi,NA Land ,0-17-0.00,2022-01-04,,,12.8273452,75.0475303,
440790446,24,Dakshina Kannada,2,Bantwal,2,PANEMANGALURU,2,AMTURU,119,2021-2022,2,Rabi,Fallow,0-11-0.00,2022-01-04,,,12.8362871,75.0454775,
440790633,24,Dakshina Kannada,2,Bantwal,2,PANEMANGALURU,2,AMTURU,119,2021-2022,2,Rabi,Fallow,0-16-0.00,2022-01-04,,,12.8367265,75.0481358,
440790636,24,Dakshina Kannada,2,Bantwal,2,PANEMANGALURU,2,AMTURU,119,2021-2022,2,Rabi,Fallow,0-25-0.00,2022-01-04,,,12.8367244,75.0481366,
440790646,24,Dakshina Kannada,2,Bantwal,2,PANEMANGALURU,2,AMTURU,119,2021-2022,2,Rabi,Fallow,0-80-0.00,2022-01-04,,,12.8367242,75.0481361,
440798319,24,Dakshina Kannada,2,Bantwal,2,PANEMANGALURU,25,SAJIPA MUDA,119,2021-2022,2,Rabi,NA Land ,0-3-0.00,2022-01-04,,,12.8460527,75.0286543,
440798390,24,Dakshina Kannada,2,Bantwal,2,PANEMANGALURU,25,SAJIPA MUDA,119,2021-2022,2,Rabi,NA Land ,0-5-0.00,2022-01-04,,,12.846262,75.0283455,
440763228,24,Dakshina Kannada,2,Bantwal,2,PANEMANGALURU,25,SAJIPA MUDA,119,2021-2022,2,Rabi,Betel Nuts (Areca nuts),0-43-0.00,2022-01-04,,,12.8492073,75.035303,
440763228,24,Dakshina Kannada,2,Bantwal,2,PANEMANGALURU,25,SAJIPA MUDA,119,2021-2022,2,Rabi,Betel Nuts (Areca nuts),0-43-0.00,2022-01-04,,,12.8492068,75.0353025,
440763233,24,Dakshina Kannada,2,Bantwal,2,PANEMANGALURU,25,SAJIPA MUDA,119,2021-2022,2,Rabi,Fallow,0-47-0.00,2022-01-04,,,12.8454578,75.0075431,
440763235,24,Dakshina Kannada,2,Bantwal,2,PANEMANGALURU,25,SAJIPA MUDA,119,2021-2022,2,Rabi,NA Land ,0-11-0.00,2022-01-04,,,12.8492082,75.0353438,
440763238,24,Dakshina Kannada,2,Bantwal,2,PANEMANGALURU,25,SAJIPA MUDA,119,2021-2022,2,Rabi,NA Land ,0-16-0.00,2022-01-04,,,12.849198,75.0353203,
440763268,24,Dakshina Kannada,2,Bantwal,2,PANEMANGALURU,25,SAJIPA MUDA,119,2021-2022,2,Rabi,Fallow,0-5-0.00,2022-01-04,,,12.8509876,75.013973,
440763271,24,Dakshina Kannada,2,Bantwal,2,PANEMANGALURU,25,SAJIPA MUDA,119,2021-2022,2,Rabi,Fallow,0-5-0.00,2022-01-04,,,12.8509867,75.0139882,
440763281,24,Dakshina Kannada,2,Bantwal,2,PANEMANGALURU,25,SAJIPA MUDA,119,2021-2022,2,Rabi,Betel Nuts (Areca nuts),0-8-0.00,2022-01-04,,,12.8509833,75.014,
440763281,24,Dakshina Kannada,2,Bantwal,2,PANEMANGALURU,25,SAJIPA MUDA,119,2021-2022,2,Rabi,Betel Nuts (Areca nuts),0-8-0.00,2022-01-04,,,12.8509823,75.0139748,
440763287,24,Dakshina Kannada,2,Bantwal,2,PANEMANGALURU,25,SAJIPA MUDA,119,2021-2022,2,Rabi,Betel Nuts (Areca nuts),0-5-0.00,2022-01-04,,,12.8509762,75.0139698,
440763287,24,Dakshina Kannada,2,Bantwal,2,PANEMANGALURU,25,SAJIPA MUDA,119,2021-2022,2,Rabi,Betel Nuts (Areca nuts),0-5-0.00,2022-01-04,,,12.8509776,75.0139693,
440763302,24,Dakshina Kannada,2,Bantwal,2,PANEMANGALURU,25,SAJIPA MUDA,119,2021-2022,2,Rabi,Betel Nuts (Areca nuts),0-31-0.00,2022-01-04,,,12.8509565,75.0139647,
440763302,24,Dakshina Kannada,2,Bantwal,2,PANEMANGALURU,25,SAJIPA MUDA,119,2021-2022,2,Rabi,Betel Nuts (Areca nuts),0-31-0.00,2022-01-04,,,12.8509544,75.0139574,
440763360,24,Dakshina Kannada,2,Bantwal,2,PANEMANGALURU,25,SAJIPA MUDA,119,2021-2022,2,Rabi,NA Land ,0-3-50.00,2022-01-04,,,12.8499181,75.0149548,
440763380,24,Dakshina Kannada,2,Bantwal,2,PANEMANGALURU,25,SAJIPA MUDA,119,2021-2022,2,Rabi,Fallow,0-20-0.00,2022-01-04,,,12.8499351,75.014979,
440763320,24,Dakshina Kannada,2,Bantwal,2,PANEMANGALURU,25,SAJIPA MUDA,119,2021-2022,2,Rabi,Betel Nuts (Areca nuts),0-22-50.00,2022-01-04,,,12.8508818,75.0139789,
440763320,24,Dakshina Kannada,2,Bantwal,2,PANEMANGALURU,25,SAJIPA MUDA,119,2021-2022,2,Rabi,Betel Nuts (Areca nuts),0-22-50.00,2022-01-04,,,12.8508834,75.0139766,
440763345,24,Dakshina Kannada,2,Bantwal,2,PANEMANGALURU,25,SAJIPA MUDA,119,2021-2022,2,Rabi,Fallow,0-22-50.00,2022-01-04,,,12.850884,75.0139655,
440763352,24,Dakshina Kannada,2,Bantwal,2,PANEMANGALURU,25,SAJIPA MUDA,119,2021-2022,2,Rabi,Fallow,0-5-50.00,2022-01-04,,,12.8509431,75.0139075,
440763363,24,Dakshina Kannada,2,Bantwal,2,PANEMANGALURU,25,SAJIPA MUDA,119,2021-2022,2,Rabi,Fallow,3-66-0.00,2022-01-04,,,12.8499322,75.0149687,
440763369,24,Dakshina Kannada,2,Bantwal,2,PANEMANGALURU,25,SAJIPA MUDA,119,2021-2022,2,Rabi,Fallow,0-30-0.00,2022-01-04,,,12.8498784,75.0149405,
440763373,24,Dakshina Kannada,2,Bantwal,2,PANEMANGALURU,25,SAJIPA MUDA,119,2021-2022,2,Rabi,Fallow,1-26-0.00,2022-01-04,,,12.8499438,75.0149785,
440763391,24,Dakshina Kannada,2,Bantwal,2,PANEMANGALURU,25,SAJIPA MUDA,119,2021-2022,2,Rabi,Fallow,0-35-0.00,2022-01-04,,,12.8499394,75.0149597,
440763413,24,Dakshina Kannada,2,Bantwal,2,PANEMANGALURU,25,SAJIPA MUDA,119,2021-2022,2,Rabi,Fallow,0-90-0.00,2022-01-04,,,12.8499348,75.0149776,
440763311,24,Dakshina Kannada,2,Bantwal,2,PANEMANGALURU,25,SAJIPA MUDA,119,2021-2022,2,Rabi,Fallow,0-34-0.00,2022-01-04,,,12.8508849,75.0139534,
440763315,24,Dakshina Kannada,2,Bantwal,2,PANEMANGALURU,25,SAJIPA MUDA,119,2021-2022,2,Rabi,Fallow,0-24-0.00,2022-01-04,,,12.8508716,75.0139425,
440763211,24,Dakshina Kannada,2,Bantwal,2,PANEMANGALURU,25,SAJIPA MUDA,119,2021-2022,2,Rabi,Betel Nuts (Areca nuts),0-22-0.00,2022-01-04,,,12.8566759,75.0359115,
440763252,24,Dakshina Kannada,2,Bantwal,2,PANEMANGALURU,25,SAJIPA MUDA,119,2021-2022,2,Rabi,NA Land ,0-5-0.00,2022-01-04,,,12.8509155,75.0139355,
440763324,24,Dakshina Kannada,2,Bantwal,2,PANEMANGALURU,25,SAJIPA MUDA,119,2021-2022,2,Rabi,Fallow,0-85-0.00,2022-01-04,,,12.850879,75.0139634,
440763394,24,Dakshina Kannada,2,Bantwal,2,PANEMANGALURU,25,SAJIPA MUDA,119,2021-2022,2,Rabi,Fallow,0-38-0.00,2022-01-04,,,12.8499403,75.0149639,
440763398,24,Dakshina Kannada,2,Bantwal,2,PANEMANGALURU,25,SAJIPA MUDA,119,2021-2022,2,Rabi,Fallow,0-81-0.00,2022-01-04,,,12.8498969,75.0149689,
440763434,24,Dakshina Kannada,2,Bantwal,2,PANEMANGALURU,25,SAJIPA MUDA,119,2021-2022,2,Rabi,NA Land ,0-9-0.00,2022-01-04,,,12.8499163,75.0149532,
440763468,24,Dakshina Kannada,2,Bantwal,2,PANEMANGALURU,25,SAJIPA MUDA,119,2021-2022,2,Rabi,Fallow,0-37-50.00,2022-01-04,,,12.8500633,75.0167514,
440763494,24,Dakshina Kannada,2,Bantwal,2,PANEMANGALURU,25,SAJIPA MUDA,119,2021-2022,2,Rabi,Fallow,0-15-0.00,2022-01-04,,,12.8500805,75.0174254,
440763527,24,Dakshina Kannada,2,Bantwal,2,PANEMANGALURU,25,SAJIPA MUDA,119,2021-2022,2,Rabi,Fallow,1-34-0.00,2022-01-04,,,12.8480651,75.0168461,
440763547,24,Dakshina Kannada,2,Bantwal,2,PANEMANGALURU,25,SAJIPA MUDA,119,2021-2022,2,Rabi,NA Land ,0-13-0.00,2022-01-04,,,12.8525553,75.0160733,
440763574,24,Dakshina Kannada,2,Bantwal,2,PANEMANGALURU,25,SAJIPA MUDA,119,2021-2022,2,Rabi,Betel Nuts (Areca nuts),0-23-0.00,2022-01-04,,,12.8525291,75.0161205,
440763574,24,Dakshina Kannada,2,Bantwal,2,PANEMANGALURU,25,SAJIPA MUDA,119,2021-2022,2,Rabi,Betel Nuts (Areca nuts),0-23-0.00,2022-01-04,,,12.8525333,75.0161218,
440763588,24,Dakshina Kannada,2,Bantwal,2,PANEMANGALURU,25,SAJIPA MUDA,119,2021-2022,2,Rabi,Fallow,0-23-0.00,2022-01-04,,,12.8525491,75.0161187,
440763601,24,Dakshina Kannada,2,Bantwal,2,PANEMANGALURU,25,SAJIPA MUDA,119,2021-2022,2,Rabi,Fallow,0-28-0.00,2022-01-04,,,12.8527243,75.016033,
440763619,24,Dakshina Kannada,2,Bantwal,2,PANEMANGALURU,25,SAJIPA MUDA,119,2021-2022,2,Rabi,Fallow,0-35-0.00,2022-01-04,,,12.8527629,75.0160336,
440763631,24,Dakshina Kannada,2,Bantwal,2,PANEMANGALURU,25,SAJIPA MUDA,119,2021-2022,2,Rabi,Betel Nuts (Areca nuts),1-18-0.00,2022-01-04,,,12.8527434,75.016072,
440763631,24,Dakshina Kannada,2,Bantwal,2,PANEMANGALURU,25,SAJIPA MUDA,119,2021-2022,2,Rabi,Betel Nuts (Areca nuts),1-18-0.00,2022-01-04,,,12.8527432,75.0160668,
440799286,24,Dakshina Kannada,2,Bantwal,2,PANEMANGALURU,25,SAJIPA MUDA,119,2021-2022,2,Rabi,NA Land ,0-5-0.00,2022-01-04,,,12.8476338,75.0322111,
440799437,24,Dakshina Kannada,2,Bantwal,2,PANEMANGALURU,25,SAJIPA MUDA,119,2021-2022,2,Rabi,NA Land ,0-7-0.00,2022-01-04,,,12.8480701,75.0310629,
440799486,24,Dakshina Kannada,2,Bantwal,2,PANEMANGALURU,25,SAJIPA MUDA,119,2021-2022,2,Rabi,NA Land ,0-10-0.00,2022-01-04,,,12.8480692,75.0310743,
440762935,24,Dakshina Kannada,2,Bantwal,2,PANEMANGALURU,25,SAJIPA MUDA,119,2021-2022,2,Rabi,NA Land ,0-5-0.00,2022-01-04,,,12.8476795,75.0081386,
440762984,24,Dakshina Kannada,2,Bantwal,2,PANEMANGALURU,25,SAJIPA MUDA,119,2021-2022,2,Rabi,NA Land ,0-5-0.00,2022-01-04,,,12.8554743,75.02864,
440763025,24,Dakshina Kannada,2,Bantwal,2,PANEMANGALURU,25,SAJIPA MUDA,119,2021-2022,2,Rabi,Betel Nuts (Areca nuts),0-36-0.00,2022-01-04,,,12.8475135,75.0070713,
440763025,24,Dakshina Kannada,2,Bantwal,2,PANEMANGALURU,25,SAJIPA MUDA,119,2021-2022,2,Rabi,Betel Nuts (Areca nuts),0-36-0.00,2022-01-04,,,12.8475161,75.0070727,
440763043,24,Dakshina Kannada,2,Bantwal,2,PANEMANGALURU,25,SAJIPA MUDA,119,2021-2022,2,Rabi,Betel Nuts (Areca nuts),0-28-0.00,2022-01-04,,,12.8470592,75.0074749,
440763043,24,Dakshina Kannada,2,Bantwal,2,PANEMANGALURU,25,SAJIPA MUDA,119,2021-2022,2,Rabi,Betel Nuts (Areca nuts),0-28-0.00,2022-01-04,,,12.8470527,75.0074511,
440763047,24,Dakshina Kannada,2,Bantwal,2,PANEMANGALURU,25,SAJIPA MUDA,119,2021-2022,2,Rabi,Betel Nuts (Areca nuts),0-36-0.00,2022-01-04,,,12.8470569,75.0075038,
440763047,24,Dakshina Kannada,2,Bantwal,2,PANEMANGALURU,25,SAJIPA MUDA,119,2021-2022,2,Rabi,Betel Nuts (Areca nuts),0-36-0.00,2022-01-04,,,12.8470567,75.007505,
440763090,24,Dakshina Kannada,2,Bantwal,2,PANEMANGALURU,25,SAJIPA MUDA,119,2021-2022,2,Rabi,Rubber,0-11-0.00,2022-01-04,,,12.8469124,75.0074386,
440763090,24,Dakshina Kannada,2,Bantwal,2,PANEMANGALURU,25,SAJIPA MUDA,119,2021-2022,2,Rabi,Rubber,0-11-0.00,2022-01-04,,,12.8469078,75.0074396,
440763097,24,Dakshina Kannada,2,Bantwal,2,PANEMANGALURU,25,SAJIPA MUDA,119,2021-2022,2,Rabi,NA Land ,0-11-0.00,2022-01-04,,,12.8543324,75.031847,
440763117,24,Dakshina Kannada,2,Bantwal,2,PANEMANGALURU,25,SAJIPA MUDA,119,2021-2022,2,Rabi,NA Land ,0-3-0.00,2022-01-04,,,12.8469247,75.0074368,
440763121,24,Dakshina Kannada,2,Bantwal,2,PANEMANGALURU,25,SAJIPA MUDA,119,2021-2022,2,Rabi,Rubber,0-31-0.00,2022-01-04,,,12.8469588,75.0074744,
440763121,24,Dakshina Kannada,2,Bantwal,2,PANEMANGALURU,25,SAJIPA MUDA,119,2021-2022,2,Rabi,Rubber,0-31-0.00,2022-01-04,,,12.8469147,75.0074272,
440763131,24,Dakshina Kannada,2,Bantwal,2,PANEMANGALURU,25,SAJIPA MUDA,119,2021-2022,2,Rabi,Betel Nuts (Areca nuts),0-20-0.00,2022-01-04,,,12.84697,75.0074843,
440763131,24,Dakshina Kannada,2,Bantwal,2,PANEMANGALURU,25,SAJIPA MUDA,119,2021-2022,2,Rabi,Betel Nuts (Areca nuts),0-20-0.00,2022-01-04,,,12.8469717,75.0074829,
440763133,24,Dakshina Kannada,2,Bantwal,2,PANEMANGALURU,25,SAJIPA MUDA,119,2021-2022,2,Rabi,NA Land ,0-38-0.00,2022-01-04,,,12.8543754,75.0318519,
440763156,24,Dakshina Kannada,2,Bantwal,2,PANEMANGALURU,25,SAJIPA MUDA,119,2021-2022,2,Rabi,NA Land ,0-10-0.00,2022-01-04,,,12.8465287,75.0071798,
440763165,24,Dakshina Kannada,2,Bantwal,2,PANEMANGALURU,25,SAJIPA MUDA,119,2021-2022,2,Rabi,NA Land ,0-23-0.00,2022-01-04,,,12.8566169,75.0358915,
440763173,24,Dakshina Kannada,2,Bantwal,2,PANEMANGALURU,25,SAJIPA MUDA,119,2021-2022,2,Rabi,Fallow,1-36-0.00,2022-01-04,,,12.8465466,75.0072664,
440763194,24,Dakshina Kannada,2,Bantwal,2,PANEMANGALURU,25,SAJIPA MUDA,119,2021-2022,2,Rabi,Betel Nuts (Areca nuts),0-54-0.00,2022-01-04,,,12.8454513,75.0075284,
440763194,24,Dakshina Kannada,2,Bantwal,2,PANEMANGALURU,25,SAJIPA MUDA,119,2021-2022,2,Rabi,Betel Nuts (Areca nuts),0-54-0.00,2022-01-04,,,12.8454375,75.007528,
440763218,24,Dakshina Kannada,2,Bantwal,2,PANEMANGALURU,25,SAJIPA MUDA,119,2021-2022,2,Rabi,Fallow,0-59-0.00,2022-01-04,,,12.8454687,75.0075131,
440763219,24,Dakshina Kannada,2,Bantwal,2,PANEMANGALURU,25,SAJIPA MUDA,119,2021-2022,2,Rabi,Fallow,0-70-0.00,2022-01-04,,,12.845456,75.0075352,
440763240,24,Dakshina Kannada,2,Bantwal,2,PANEMANGALURU,25,SAJIPA MUDA,119,2021-2022,2,Rabi,Betel Nuts (Areca nuts),0-80-0.00,2022-01-04,,,12.8454707,75.0074963,
440763240,24,Dakshina Kannada,2,Bantwal,2,PANEMANGALURU,25,SAJIPA MUDA,119,2021-2022,2,Rabi,Betel Nuts (Areca nuts),0-80-0.00,2022-01-04,,,12.8454704,75.0074941,
440763273,24,Dakshina Kannada,2,Bantwal,2,PANEMANGALURU,25,SAJIPA MUDA,119,2021-2022,2,Rabi,Fallow,0-5-0.00,2022-01-04,,,12.8509731,75.0139736,
440763290,24,Dakshina Kannada,2,Bantwal,2,PANEMANGALURU,25,SAJIPA MUDA,119,2021-2022,2,Rabi,Betel Nuts (Areca nuts),0-5-50.00,2022-01-04,,,12.8509736,75.0139981,
440763290,24,Dakshina Kannada,2,Bantwal,2,PANEMANGALURU,25,SAJIPA MUDA,119,2021-2022,2,Rabi,Betel Nuts (Areca nuts),0-5-50.00,2022-01-04,,,12.8509787,75.0139862,
440763299,24,Dakshina Kannada,2,Bantwal,2,PANEMANGALURU,25,SAJIPA MUDA,119,2021-2022,2,Rabi,Betel Nuts (Areca nuts),0-55-0.00,2022-01-04,,,12.85097,75.013985,
440763299,24,Dakshina Kannada,2,Bantwal,2,PANEMANGALURU,25,SAJIPA MUDA,119,2021-2022,2,Rabi,Betel Nuts (Areca nuts),0-55-0.00,2022-01-04,,,12.8509682,75.013981,
440763304,24,Dakshina Kannada,2,Bantwal,2,PANEMANGALURU,25,SAJIPA MUDA,119,2021-2022,2,Rabi,Betel Nuts (Areca nuts),0-44-0.00,2022-01-04,,,12.8509828,75.0139898,
440763335,24,Dakshina Kannada,2,Bantwal,2,PANEMANGALURU,25,SAJIPA MUDA,119,2021-2022,2,Rabi,Fallow,0-10-0.00,2022-01-04,,,12.8508862,75.0139848,
440763356,24,Dakshina Kannada,2,Bantwal,2,PANEMANGALURU,25,SAJIPA MUDA,119,2021-2022,2,Rabi,Fallow,0-20-0.00,2022-01-04,,,12.8499179,75.0149728,
440763366,24,Dakshina Kannada,2,Bantwal,2,PANEMANGALURU,25,SAJIPA MUDA,119,2021-2022,2,Rabi,Fallow,0-95-0.00,2022-01-04,,,12.8499482,75.0149648,
440763384,24,Dakshina Kannada,2,Bantwal,2,PANEMANGALURU,25,SAJIPA MUDA,119,2021-2022,2,Rabi,NA Land ,0-10-0.00,2022-01-04,,,12.8499086,75.0149783,
440763450,24,Dakshina Kannada,2,Bantwal,2,PANEMANGALURU,25,SAJIPA MUDA,119,2021-2022,2,Rabi,Fallow,0-50-0.00,2022-01-04,,,12.8500218,75.0167919,
440763462,24,Dakshina Kannada,2,Bantwal,2,PANEMANGALURU,25,SAJIPA MUDA,119,2021-2022,2,Rabi,Fallow,0-45-0.00,2022-01-04,,,12.8500622,75.0167599,
440763472,24,Dakshina Kannada,2,Bantwal,2,PANEMANGALURU,25,SAJIPA MUDA,119,2021-2022,2,Rabi,Fallow,0-30-50.00,2022-01-04,,,12.8500353,75.0167791,
440763502,24,Dakshina Kannada,2,Bantwal,2,PANEMANGALURU,25,SAJIPA MUDA,119,2021-2022,2,Rabi,Fallow,2-48-0.00,2022-01-04,,,12.8501,75.0174968,
440763510,24,Dakshina Kannada,2,Bantwal,2,PANEMANGALURU,25,SAJIPA MUDA,119,2021-2022,2,Rabi,Fallow,3-40-0.00,2022-01-04,,,12.8500921,75.0174742,
440763543,24,Dakshina Kannada,2,Bantwal,2,PANEMANGALURU,25,SAJIPA MUDA,119,2021-2022,2,Rabi,NA Land ,0-5-0.00,2022-01-04,,,12.8525247,75.0160841,
440799257,24,Dakshina Kannada,2,Bantwal,2,PANEMANGALURU,25,SAJIPA MUDA,119,2021-2022,2,Rabi,NA Land ,0-15-0.00,2022-01-04,,,12.8476635,75.0322397,
440799264,24,Dakshina Kannada,2,Bantwal,2,PANEMANGALURU,25,SAJIPA MUDA,119,2021-2022,2,Rabi,NA Land ,0-10-0.00,2022-01-04,,,12.8476397,75.0321981,
440799294,24,Dakshina Kannada,2,Bantwal,2,PANEMANGALURU,25,SAJIPA MUDA,119,2021-2022,2,Rabi,NA Land ,0-3-0.00,2022-01-04,,,12.8476305,75.032218,
440799326,24,Dakshina Kannada,2,Bantwal,2,PANEMANGALURU,25,SAJIPA MUDA,119,2021-2022,2,Rabi,NA Land ,0-13-0.00,2022-01-04,,,12.8476415,75.0322164,
440798517,24,Dakshina Kannada,2,Bantwal,2,PANEMANGALURU,25,SAJIPA MUDA,119,2021-2022,2,Rabi,NA Land ,0-5-0.00,2022-01-04,,,12.8471782,75.0270945,
440798636,24,Dakshina Kannada,2,Bantwal,2,PANEMANGALURU,25,SAJIPA MUDA,119,2021-2022,2,Rabi,NA Land ,1-70-0.00,2022-01-04,,,12.8486649,75.0327097,
440807424,24,Dakshina Kannada,2,Bantwal,2,PANEMANGALURU,25,SAJIPA MUDA,119,2021-2022,2,Rabi,NA Land ,0-5-0.00,2022-01-04,,,12.8388004,75.0213073,
440799268,24,Dakshina Kannada,2,Bantwal,2,PANEMANGALURU,25,SAJIPA MUDA,119,2021-2022,2,Rabi,NA Land ,0-6-0.00,2022-01-04,,,12.8476461,75.0322123,
440763526,24,Dakshina Kannada,2,Bantwal,2,PANEMANGALURU,25,SAJIPA MUDA,119,2021-2022,2,Rabi,Fallow,1-81-0.00,2022-01-04,,,12.8485626,75.0175322,
440763580,24,Dakshina Kannada,2,Bantwal,2,PANEMANGALURU,25,SAJIPA MUDA,119,2021-2022,2,Rabi,Betel Nuts (Areca nuts),0-35-0.00,2022-01-04,,,12.8525395,75.0160999,
440763580,24,Dakshina Kannada,2,Bantwal,2,PANEMANGALURU,25,SAJIPA MUDA,119,2021-2022,2,Rabi,Betel Nuts (Areca nuts),0-35-0.00,2022-01-04,,,12.8525425,75.0161033,
440763646,24,Dakshina Kannada,2,Bantwal,2,PANEMANGALURU,25,SAJIPA MUDA,119,2021-2022,2,Rabi,Fallow,2-2-0.00,2022-01-04,,,12.8515854,75.0199672,
440763571,24,Dakshina Kannada,2,Bantwal,2,PANEMANGALURU,25,SAJIPA MUDA,119,2021-2022,2,Rabi,Fallow,0-9-0.00,2022-01-04,,,12.8525408,75.0161025,
440763584,24,Dakshina Kannada,2,Bantwal,2,PANEMANGALURU,25,SAJIPA MUDA,119,2021-2022,2,Rabi,Betel Nuts (Areca nuts),0-39-0.00,2022-01-04,,,12.852548,75.0161295,
440763584,24,Dakshina Kannada,2,Bantwal,2,PANEMANGALURU,25,SAJIPA MUDA,119,2021-2022,2,Rabi,Betel Nuts (Areca nuts),0-39-0.00,2022-01-04,,,12.8525467,75.0161332,
440763616,24,Dakshina Kannada,2,Bantwal,2,PANEMANGALURU,25,SAJIPA MUDA,119,2021-2022,2,Rabi,Fallow,0-13-50.00,2022-01-04,,,12.8527371,75.0160034,
440763304,24,Dakshina Kannada,2,Bantwal,2,PANEMANGALURU,25,SAJIPA MUDA,119,2021-2022,2,Rabi,Betel Nuts (Areca nuts),0-44-0.00,2022-01-04,,,12.8509837,75.0139918,
440763331,24,Dakshina Kannada,2,Bantwal,2,PANEMANGALURU,25,SAJIPA MUDA,119,2021-2022,2,Rabi,Betel Nuts (Areca nuts),0-18-0.00,2022-01-04,,,12.8508821,75.0139609,
440763331,24,Dakshina Kannada,2,Bantwal,2,PANEMANGALURU,25,SAJIPA MUDA,119,2021-2022,2,Rabi,Betel Nuts (Areca nuts),0-18-0.00,2022-01-04,,,12.8508601,75.0139644,
440763341,24,Dakshina Kannada,2,Bantwal,2,PANEMANGALURU,25,SAJIPA MUDA,119,2021-2022,2,Rabi,Betel Nuts (Areca nuts),0-81-0.00,2022-01-04,,,12.8508821,75.0139599,
440763341,24,Dakshina Kannada,2,Bantwal,2,PANEMANGALURU,25,SAJIPA MUDA,119,2021-2022,2,Rabi,Betel Nuts (Areca nuts),0-81-0.00,2022-01-04,,,12.8508829,75.0139601,
440763388,24,Dakshina Kannada,2,Bantwal,2,PANEMANGALURU,25,SAJIPA MUDA,119,2021-2022,2,Rabi,Fallow,1-9-0.00,2022-01-04,,,12.8499525,75.0149781,
440763429,24,Dakshina Kannada,2,Bantwal,2,PANEMANGALURU,25,SAJIPA MUDA,119,2021-2022,2,Rabi,NA Land ,0-13-0.00,2022-01-04,,,12.8498982,75.0149294,
440763446,24,Dakshina Kannada,2,Bantwal,2,PANEMANGALURU,25,SAJIPA MUDA,119,2021-2022,2,Rabi,Fallow,2-53-0.00,2022-01-04,,,12.8500406,75.0167642,
440806907,24,Dakshina Kannada,2,Bantwal,2,PANEMANGALURU,25,SAJIPA MUDA,119,2021-2022,2,Rabi,Fallow,0-57-0.00,2022-01-04,,,12.8387687,75.0229699,
440763489,24,Dakshina Kannada,2,Bantwal,2,PANEMANGALURU,25,SAJIPA MUDA,119,2021-2022,2,Rabi,Fallow,0-20-0.00,2022-01-04,,,12.8499822,75.0167408,
440763505,24,Dakshina Kannada,2,Bantwal,2,PANEMANGALURU,25,SAJIPA MUDA,119,2021-2022,2,Rabi,Fallow,0-39-0.00,2022-01-04,,,12.8500904,75.0175118,
440763521,24,Dakshina Kannada,2,Bantwal,2,PANEMANGALURU,25,SAJIPA MUDA,119,2021-2022,2,Rabi,Fallow,0-15-0.00,2022-01-04,,,12.84858,75.017518,
440763533,24,Dakshina Kannada,2,Bantwal,2,PANEMANGALURU,25,SAJIPA MUDA,119,2021-2022,2,Rabi,Fallow,2-7-0.00,2022-01-04,,,12.8480483,75.0168465,
440763577,24,Dakshina Kannada,2,Bantwal,2,PANEMANGALURU,25,SAJIPA MUDA,119,2021-2022,2,Rabi,Betel Nuts (Areca nuts),0-12-0.00,2022-01-04,,,12.8525453,75.0160845,
440763577,24,Dakshina Kannada,2,Bantwal,2,PANEMANGALURU,25,SAJIPA MUDA,119,2021-2022,2,Rabi,Betel Nuts (Areca nuts),0-12-0.00,2022-01-04,,,12.8525467,75.0160886,
440763590,24,Dakshina Kannada,2,Bantwal,2,PANEMANGALURU,25,SAJIPA MUDA,119,2021-2022,2,Rabi,Fallow,0-18-0.00,2022-01-04,,,12.8525493,75.0161434,
440763594,24,Dakshina Kannada,2,Bantwal,2,PANEMANGALURU,25,SAJIPA MUDA,119,2021-2022,2,Rabi,Fallow,2-98-0.00,2022-01-04,,,12.8527267,75.01602,
440763622,24,Dakshina Kannada,2,Bantwal,2,PANEMANGALURU,25,SAJIPA MUDA,119,2021-2022,2,Rabi,Fallow,0-7-0.00,2022-01-04,,,12.8527264,75.0160417,
440763640,24,Dakshina Kannada,2,Bantwal,2,PANEMANGALURU,25,SAJIPA MUDA,119,2021-2022,2,Rabi,Fallow,0-3-0.00,2022-01-04,,,12.8527361,75.0160552,
440763643,24,Dakshina Kannada,2,Bantwal,2,PANEMANGALURU,25,SAJIPA MUDA,119,2021-2022,2,Rabi,NA Land ,0-5-0.00,2022-01-04,,,12.8515724,75.0199777,
440763648,24,Dakshina Kannada,2,Bantwal,2,PANEMANGALURU,25,SAJIPA MUDA,119,2021-2022,2,Rabi,Fallow,2-55-0.00,2022-01-04,,,12.8515817,75.0199646,
440778138,24,Dakshina Kannada,2,Bantwal,2,PANEMANGALURU,25,SAJIPA MUDA,119,2021-2022,2,Rabi,Betel Nuts (Areca nuts),4-47-0.00,2022-01-04,,,12.829401,75.0328057,
440778138,24,Dakshina Kannada,2,Bantwal,2,PANEMANGALURU,25,SAJIPA MUDA,119,2021-2022,2,Rabi,Betel Nuts (Areca nuts),4-47-0.00,2022-01-04,,,12.8294158,75.0328092,
440778138,24,Dakshina Kannada,2,Bantwal,2,PANEMANGALURU,25,SAJIPA MUDA,119,2021-2022,2,Rabi,Paddy-L,4-0-0.00,2022-01-04,December,5th week,12.8294206,75.0328793,
440799507,24,Dakshina Kannada,2,Bantwal,2,PANEMANGALURU,25,SAJIPA MUDA,119,2021-2022,2,Rabi,NA Land ,0-12-0.00,2022-01-04,,,12.8480699,75.0310608,
440763438,24,Dakshina Kannada,2,Bantwal,2,PANEMANGALURU,25,SAJIPA MUDA,119,2021-2022,2,Rabi,Fallow,1-10-0.00,2022-01-04,,,12.8500363,75.016767,
440763220,24,Dakshina Kannada,2,Bantwal,2,PANEMANGALURU,25,SAJIPA MUDA,119,2021-2022,2,Rabi,NA Land ,0-8-0.00,2022-01-04,,,12.8491968,75.0351925,
440763225,24,Dakshina Kannada,2,Bantwal,2,PANEMANGALURU,25,SAJIPA MUDA,119,2021-2022,2,Rabi,NA Land ,0-10-50.00,2022-01-04,,,12.8492009,75.0352959,
440763230,24,Dakshina Kannada,2,Bantwal,2,PANEMANGALURU,25,SAJIPA MUDA,119,2021-2022,2,Rabi,Fallow,0-34-0.00,2022-01-04,,,12.8454723,75.0075373,
440763246,24,Dakshina Kannada,2,Bantwal,2,PANEMANGALURU,25,SAJIPA MUDA,119,2021-2022,2,Rabi,NA Land ,0-14-0.00,2022-01-04,,,12.8491901,75.0352837,
440763262,24,Dakshina Kannada,2,Bantwal,2,PANEMANGALURU,25,SAJIPA MUDA,119,2021-2022,2,Rabi,NA Land ,0-26-0.00,2022-01-04,,,12.8491916,75.0353253,
440763293,24,Dakshina Kannada,2,Bantwal,2,PANEMANGALURU,25,SAJIPA MUDA,119,2021-2022,2,Rabi,Betel Nuts (Areca nuts),0-5-50.00,2022-01-04,,,12.8510087,75.0139976,
440763293,24,Dakshina Kannada,2,Bantwal,2,PANEMANGALURU,25,SAJIPA MUDA,119,2021-2022,2,Rabi,Betel Nuts (Areca nuts),0-5-50.00,2022-01-04,,,12.8510019,75.0140003,
440763296,24,Dakshina Kannada,2,Bantwal,2,PANEMANGALURU,25,SAJIPA MUDA,119,2021-2022,2,Rabi,Betel Nuts (Areca nuts),0-42-0.00,2022-01-04,,,12.8509904,75.0139867,
440763296,24,Dakshina Kannada,2,Bantwal,2,PANEMANGALURU,25,SAJIPA MUDA,119,2021-2022,2,Rabi,Betel Nuts (Areca nuts),0-42-0.00,2022-01-04,,,12.8509882,75.0139853,
440763328,24,Dakshina Kannada,2,Bantwal,2,PANEMANGALURU,25,SAJIPA MUDA,119,2021-2022,2,Rabi,NA Land ,0-7-0.00,2022-01-04,,,12.8508698,75.0139919,
440763402,24,Dakshina Kannada,2,Bantwal,2,PANEMANGALURU,25,SAJIPA MUDA,119,2021-2022,2,Rabi,Fallow,0-34-0.00,2022-01-04,,,12.8499122,75.0149622,
440763420,24,Dakshina Kannada,2,Bantwal,2,PANEMANGALURU,25,SAJIPA MUDA,119,2021-2022,2,Rabi,Fallow,0-16-0.00,2022-01-04,,,12.8499516,75.0149511,
440763424,24,Dakshina Kannada,2,Bantwal,2,PANEMANGALURU,25,SAJIPA MUDA,119,2021-2022,2,Rabi,NA Land ,0-9-0.00,2022-01-04,,,12.8499319,75.0149193,
440763661,24,Dakshina Kannada,2,Bantwal,2,PANEMANGALURU,25,SAJIPA MUDA,119,2021-2022,2,Rabi,NA Land ,0-14-0.00,2022-01-04,,,12.8516334,75.0199363,
440763458,24,Dakshina Kannada,2,Bantwal,2,PANEMANGALURU,25,SAJIPA MUDA,119,2021-2022,2,Rabi,Fallow,0-50-0.00,2022-01-04,,,12.8500592,75.0167967,
440763478,24,Dakshina Kannada,2,Bantwal,2,PANEMANGALURU,25,SAJIPA MUDA,119,2021-2022,2,Rabi,Fallow,0-38-0.00,2022-01-04,,,12.8500388,75.0167783,
440763507,24,Dakshina Kannada,2,Bantwal,2,PANEMANGALURU,25,SAJIPA MUDA,119,2021-2022,2,Rabi,Fallow,1-23-0.00,2022-01-04,,,12.8500757,75.017463,
440763512,24,Dakshina Kannada,2,Bantwal,2,PANEMANGALURU,25,SAJIPA MUDA,119,2021-2022,2,Rabi,Fallow,0-3-0.00,2022-01-04,,,12.8485533,75.0175257,
440762702,24,Dakshina Kannada,2,Bantwal,2,PANEMANGALURU,25,SAJIPA MUDA,119,2021-2022,2,Rabi,NA Land ,0-7-0.00,2022-01-04,,,12.8535736,75.0292439,
440762712,24,Dakshina Kannada,2,Bantwal,2,PANEMANGALURU,25,SAJIPA MUDA,119,2021-2022,2,Rabi,NA Land ,0-5-75.00,2022-01-04,,,12.8536044,75.0292063,
440762753,24,Dakshina Kannada,2,Bantwal,2,PANEMANGALURU,25,SAJIPA MUDA,119,2021-2022,2,Rabi,NA Land ,0-2-0.00,2022-01-04,,,12.8536103,75.0292141,
440762757,24,Dakshina Kannada,2,Bantwal,2,PANEMANGALURU,25,SAJIPA MUDA,119,2021-2022,2,Rabi,NA Land ,0-8-0.00,2022-01-04,,,12.8536027,75.0292257,
440762779,24,Dakshina Kannada,2,Bantwal,2,PANEMANGALURU,25,SAJIPA MUDA,119,2021-2022,2,Rabi,NA Land ,0-30-0.00,2022-01-04,,,12.853584,75.0292967,
440762792,24,Dakshina Kannada,2,Bantwal,2,PANEMANGALURU,25,SAJIPA MUDA,119,2021-2022,2,Rabi,NA Land ,0-14-0.00,2022-01-04,,,12.8535573,75.0292715,
440763534,24,Dakshina Kannada,2,Bantwal,2,PANEMANGALURU,25,SAJIPA MUDA,119,2021-2022,2,Rabi,Fallow,1-23-0.00,2022-01-04,,,12.8480523,75.0168498,
440763537,24,Dakshina Kannada,2,Bantwal,2,PANEMANGALURU,25,SAJIPA MUDA,119,2021-2022,2,Rabi,Fallow,1-30-0.00,2022-01-04,,,12.84807,75.01687333333332,
440798207,24,Dakshina Kannada,2,Bantwal,2,PANEMANGALURU,25,SAJIPA MUDA,119,2021-2022,2,Rabi,NA Land ,0-31-0.00,2022-01-04,,,12.8457333,75.029558,
440798285,24,Dakshina Kannada,2,Bantwal,2,PANEMANGALURU,25,SAJIPA MUDA,119,2021-2022,2,Rabi,NA Land ,0-13-0.00,2022-01-04,,,12.8457653,75.0296031,
440804276,24,Dakshina Kannada,2,Bantwal,2,PANEMANGALURU,25,SAJIPA MUDA,119,2021-2022,2,Rabi,NA Land ,0-2-0.00,2022-01-04,,,12.8415068,75.0184907,
440798131,24,Dakshina Kannada,2,Bantwal,2,PANEMANGALURU,25,SAJIPA MUDA,119,2021-2022,2,Rabi,NA Land ,0-15-0.00,2022-01-04,,,12.8457603,75.0297338,
440798186,24,Dakshina Kannada,2,Bantwal,2,PANEMANGALURU,25,SAJIPA MUDA,119,2021-2022,2,Rabi,NA Land ,0-15-0.00,2022-01-04,,,12.8457639,75.0295905,
440798257,24,Dakshina Kannada,2,Bantwal,2,PANEMANGALURU,25,SAJIPA MUDA,119,2021-2022,2,Rabi,NA Land ,0-2-0.00,2022-01-04,,,12.845756,75.0296019,
440798271,24,Dakshina Kannada,2,Bantwal,2,PANEMANGALURU,25,SAJIPA MUDA,119,2021-2022,2,Rabi,NA Land ,0-24-0.00,2022-01-04,,,12.8457528,75.0296024,
440804749,24,Dakshina Kannada,2,Bantwal,2,PANEMANGALURU,25,SAJIPA MUDA,119,2021-2022,2,Rabi,NA Land ,0-1-0.00,2022-01-04,,,12.8415009,75.0184657,
440798172,24,Dakshina Kannada,2,Bantwal,2,PANEMANGALURU,25,SAJIPA MUDA,119,2021-2022,2,Rabi,NA Land ,0-73-0.00,2022-01-04,,,12.8457612,75.0295907,
440804958,24,Dakshina Kannada,2,Bantwal,2,PANEMANGALURU,25,SAJIPA MUDA,119,2021-2022,2,Rabi,NA Land ,0-7-0.00,2022-01-04,,,12.8387788,75.022972,
440805392,24,Dakshina Kannada,2,Bantwal,2,PANEMANGALURU,25,SAJIPA MUDA,119,2021-2022,2,Rabi,NA Land ,0-5-0.00,2022-01-04,,,12.8388111,75.0230028,
440804779,24,Dakshina Kannada,2,Bantwal,2,PANEMANGALURU,25,SAJIPA MUDA,119,2021-2022,2,Rabi,NA Land ,0-14-0.00,2022-01-04,,,12.8376019,75.0242384,
440804935,24,Dakshina Kannada,2,Bantwal,2,PANEMANGALURU,25,SAJIPA MUDA,119,2021-2022,2,Rabi,Fallow,0-12-0.00,2022-01-04,,,12.8375974,75.024231,
440805678,24,Dakshina Kannada,2,Bantwal,2,PANEMANGALURU,25,SAJIPA MUDA,119,2021-2022,2,Rabi,Fallow,0-17-50.00,2022-01-04,,,12.8387825,75.0229975,
440804637,24,Dakshina Kannada,2,Bantwal,2,PANEMANGALURU,25,SAJIPA MUDA,119,2021-2022,2,Rabi,NA Land ,0-4-0.00,2022-01-04,,,12.8414798,75.0184377,
440804691,24,Dakshina Kannada,2,Bantwal,2,PANEMANGALURU,25,SAJIPA MUDA,119,2021-2022,2,Rabi,Betel Nuts (Areca nuts),0-6-0.00,2022-01-04,,,12.8414456,75.0184432,
440804691,24,Dakshina Kannada,2,Bantwal,2,PANEMANGALURU,25,SAJIPA MUDA,119,2021-2022,2,Rabi,Betel Nuts (Areca nuts),0-6-0.00,2022-01-04,,,12.8414473,75.018447,
440804727,24,Dakshina Kannada,2,Bantwal,2,PANEMANGALURU,25,SAJIPA MUDA,119,2021-2022,2,Rabi,Betel Nuts (Areca nuts),0-7-0.00,2022-01-04,,,12.8414722,75.0184906,
440804727,24,Dakshina Kannada,2,Bantwal,2,PANEMANGALURU,25,SAJIPA MUDA,119,2021-2022,2,Rabi,Betel Nuts (Areca nuts),0-7-0.00,2022-01-04,,,12.8414801,75.0184863,
440804828,24,Dakshina Kannada,2,Bantwal,2,PANEMANGALURU,25,SAJIPA MUDA,119,2021-2022,2,Rabi,Fallow,0-10-0.00,2022-01-04,,,12.8375855,75.0242465,
440806390,24,Dakshina Kannada,2,Bantwal,2,PANEMANGALURU,25,SAJIPA MUDA,119,2021-2022,2,Rabi,NA Land ,0-4-0.00,2022-01-04,,,12.8387801,75.0230047,
440806654,24,Dakshina Kannada,2,Bantwal,2,PANEMANGALURU,25,SAJIPA MUDA,119,2021-2022,2,Rabi,Betel Nuts (Areca nuts),0-12-0.00,2022-01-04,,,12.8480501,75.0310472,
440806654,24,Dakshina Kannada,2,Bantwal,2,PANEMANGALURU,25,SAJIPA MUDA,119,2021-2022,2,Rabi,Betel Nuts (Areca nuts),0-12-0.00,2022-01-04,,,12.8480464,75.0310505,
440805471,24,Dakshina Kannada,2,Bantwal,2,PANEMANGALURU,25,SAJIPA MUDA,119,2021-2022,2,Rabi,Fallow,0-15-0.00,2022-01-04,,,12.838768,75.0229828,
440805559,24,Dakshina Kannada,2,Bantwal,2,PANEMANGALURU,25,SAJIPA MUDA,119,2021-2022,2,Rabi,NA Land ,0-5-0.00,2022-01-04,,,12.8386801,75.0229821,
440805842,24,Dakshina Kannada,2,Bantwal,2,PANEMANGALURU,25,SAJIPA MUDA,119,2021-2022,2,Rabi,NA Land ,0-12-0.00,2022-01-04,,,12.8387675,75.0229915,
440798495,24,Dakshina Kannada,2,Bantwal,2,PANEMANGALURU,25,SAJIPA MUDA,119,2021-2022,2,Rabi,NA Land ,0-3-0.00,2022-01-04,,,12.8471669,75.0271003,
440798501,24,Dakshina Kannada,2,Bantwal,2,PANEMANGALURU,25,SAJIPA MUDA,119,2021-2022,2,Rabi,Coconut,0-12-0.00,2022-01-04,,,12.8471766,75.0270925,
440798501,24,Dakshina Kannada,2,Bantwal,2,PANEMANGALURU,25,SAJIPA MUDA,119,2021-2022,2,Rabi,Coconut,0-12-0.00,2022-01-04,,,12.8471767,75.0270909,
440798553,24,Dakshina Kannada,2,Bantwal,2,PANEMANGALURU,25,SAJIPA MUDA,119,2021-2022,2,Rabi,NA Land ,0-69-0.00,2022-01-04,,,12.8486209,75.0326464,
440798630,24,Dakshina Kannada,2,Bantwal,2,PANEMANGALURU,25,SAJIPA MUDA,119,2021-2022,2,Rabi,NA Land ,0-10-0.00,2022-01-04,,,12.8486361,75.0327165,
440798664,24,Dakshina Kannada,2,Bantwal,2,PANEMANGALURU,25,SAJIPA MUDA,119,2021-2022,2,Rabi,NA Land ,1-81-0.00,2022-01-04,,,12.8486608,75.0326977,
440799275,24,Dakshina Kannada,2,Bantwal,2,PANEMANGALURU,25,SAJIPA MUDA,119,2021-2022,2,Rabi,NA Land ,0-7-0.00,2022-01-04,,,12.8476386,75.0322006,
440754519,24,Dakshina Kannada,2,Bantwal,2,PANEMANGALURU,25,SAJIPA MUDA,119,2021-2022,2,Rabi,NA Land ,0-15-0.00,2022-01-04,,,12.8359442,75.0308816,
440761222,24,Dakshina Kannada,2,Bantwal,2,PANEMANGALURU,25,SAJIPA MUDA,119,2021-2022,2,Rabi,NA Land ,0-6-0.00,2022-01-04,,,12.8328833,75.0331755,
440761219,24,Dakshina Kannada,2,Bantwal,2,PANEMANGALURU,25,SAJIPA MUDA,119,2021-2022,2,Rabi,Fallow,0-3-0.00,2022-01-04,,,12.8331143,75.0333708,
440790652,24,Dakshina Kannada,2,Bantwal,2,PANEMANGALURU,2,AMTURU,119,2021-2022,2,Rabi,Fallow,7-55-0.00,2022-01-04,,,12.8367241,75.0481361,
440790678,24,Dakshina Kannada,2,Bantwal,2,PANEMANGALURU,2,AMTURU,119,2021-2022,2,Rabi,Fallow,0-19-0.00,2022-01-04,,,12.8349619,75.0472469,
440790695,24,Dakshina Kannada,2,Bantwal,2,PANEMANGALURU,2,AMTURU,119,2021-2022,2,Rabi,NA Land ,0-22-0.00,2022-01-04,,,12.8349808,75.0472139,
440762698,24,Dakshina Kannada,2,Bantwal,2,PANEMANGALURU,25,SAJIPA MUDA,119,2021-2022,2,Rabi,NA Land ,7-68-0.00,2022-01-04,,,12.854065,75.0312871,
440762708,24,Dakshina Kannada,2,Bantwal,2,PANEMANGALURU,25,SAJIPA MUDA,119,2021-2022,2,Rabi,NA Land ,0-10-0.00,2022-01-04,,,12.8535894,75.0292322,
440762700,24,Dakshina Kannada,2,Bantwal,2,PANEMANGALURU,25,SAJIPA MUDA,119,2021-2022,2,Rabi,NA Land ,0-11-50.00,2022-01-04,,,12.8540802,75.0313074,
440762704,24,Dakshina Kannada,2,Bantwal,2,PANEMANGALURU,25,SAJIPA MUDA,119,2021-2022,2,Rabi,NA Land ,0-11-0.00,2022-01-04,,,12.8535725,75.0292447,
440762706,24,Dakshina Kannada,2,Bantwal,2,PANEMANGALURU,25,SAJIPA MUDA,119,2021-2022,2,Rabi,NA Land ,0-12-0.00,2022-01-04,,,12.8535804,75.0292398,
440762733,24,Dakshina Kannada,2,Bantwal,2,PANEMANGALURU,25,SAJIPA MUDA,119,2021-2022,2,Rabi,NA Land ,0-9-0.00,2022-01-04,,,12.8536174,75.0292261,
440762738,24,Dakshina Kannada,2,Bantwal,2,PANEMANGALURU,25,SAJIPA MUDA,119,2021-2022,2,Rabi,NA Land ,0-6-0.00,2022-01-04,,,12.8536186,75.0292261,
440762740,24,Dakshina Kannada,2,Bantwal,2,PANEMANGALURU,25,SAJIPA MUDA,119,2021-2022,2,Rabi,NA Land ,0-1-0.00,2022-01-04,,,12.8536149,75.0292284,
440762761,24,Dakshina Kannada,2,Bantwal,2,PANEMANGALURU,25,SAJIPA MUDA,119,2021-2022,2,Rabi,NA Land ,0-9-0.00,2022-01-04,,,12.853608,75.0292354,
440762776,24,Dakshina Kannada,2,Bantwal,2,PANEMANGALURU,25,SAJIPA MUDA,119,2021-2022,2,Rabi,Betel Nuts (Areca nuts),0-90-0.00,2022-01-04,,,12.8535946,75.0292442,
440762776,24,Dakshina Kannada,2,Bantwal,2,PANEMANGALURU,25,SAJIPA MUDA,119,2021-2022,2,Rabi,Betel Nuts (Areca nuts),0-90-0.00,2022-01-04,,,12.8535789,75.0292644,
440762721,24,Dakshina Kannada,2,Bantwal,2,PANEMANGALURU,25,SAJIPA MUDA,119,2021-2022,2,Rabi,NA Land ,0-2-0.00,2022-01-04,,,12.8536263,75.0291936,
440762727,24,Dakshina Kannada,2,Bantwal,2,PANEMANGALURU,25,SAJIPA MUDA,119,2021-2022,2,Rabi,NA Land ,0-10-50.00,2022-01-04,,,12.8536139,75.0292328,
440762807,24,Dakshina Kannada,2,Bantwal,2,PANEMANGALURU,25,SAJIPA MUDA,119,2021-2022,2,Rabi,NA Land ,2-12-0.00,2022-01-04,,,12.853583,75.0292599,
440763539,24,Dakshina Kannada,2,Bantwal,2,PANEMANGALURU,25,SAJIPA MUDA,119,2021-2022,2,Rabi,Fallow,0-24-0.00,2022-01-04,,,12.8480891,75.0168642,
440763542,24,Dakshina Kannada,2,Bantwal,2,PANEMANGALURU,25,SAJIPA MUDA,119,2021-2022,2,Rabi,Fallow,1-21-0.00,2022-01-04,,,12.848074,75.0168688,
440763551,24,Dakshina Kannada,2,Bantwal,2,PANEMANGALURU,25,SAJIPA MUDA,119,2021-2022,2,Rabi,Fallow,0-64-0.00,2022-01-04,,,12.8525357,75.0160919,
440763611,24,Dakshina Kannada,2,Bantwal,2,PANEMANGALURU,25,SAJIPA MUDA,119,2021-2022,2,Rabi,Fallow,0-41-0.00,2022-01-04,,,12.8527446,75.0160315,
440762958,24,Dakshina Kannada,2,Bantwal,2,PANEMANGALURU,25,SAJIPA MUDA,119,2021-2022,2,Rabi,NA Land ,0-12-50.00,2022-01-04,,,12.8553847,75.0287432,
440762975,24,Dakshina Kannada,2,Bantwal,2,PANEMANGALURU,25,SAJIPA MUDA,119,2021-2022,2,Rabi,NA Land ,0-1-0.00,2022-01-04,,,12.8554796,75.0286414,
440762978,24,Dakshina Kannada,2,Bantwal,2,PANEMANGALURU,25,SAJIPA MUDA,119,2021-2022,2,Rabi,NA Land ,0-4-0.00,2022-01-04,,,12.8476746,75.0081062,
440762992,24,Dakshina Kannada,2,Bantwal,2,PANEMANGALURU,25,SAJIPA MUDA,119,2021-2022,2,Rabi,Betel Nuts (Areca nuts),0-8-0.00,2022-01-04,,,12.8476629,75.008117,
440762992,24,Dakshina Kannada,2,Bantwal,2,PANEMANGALURU,25,SAJIPA MUDA,119,2021-2022,2,Rabi,Betel Nuts (Areca nuts),0-8-0.00,2022-01-04,,,12.847653,75.0081181,
440763655,24,Dakshina Kannada,2,Bantwal,2,PANEMANGALURU,25,SAJIPA MUDA,119,2021-2022,2,Rabi,Fallow,0-27-0.00,2022-01-04,,,12.8515953,75.019964,
440763023,24,Dakshina Kannada,2,Bantwal,2,PANEMANGALURU,25,SAJIPA MUDA,119,2021-2022,2,Rabi,NA Land ,0-20-0.00,2022-01-04,,,12.8543295,75.0318509,
440763026,24,Dakshina Kannada,2,Bantwal,2,PANEMANGALURU,25,SAJIPA MUDA,119,2021-2022,2,Rabi,NA Land ,0-20-0.00,2022-01-04,,,12.8543255,75.0318564,
440763040,24,Dakshina Kannada,2,Bantwal,2,PANEMANGALURU,25,SAJIPA MUDA,119,2021-2022,2,Rabi,NA Land ,0-12-0.00,2022-01-04,,,12.8543263,75.0318626,
440763053,24,Dakshina Kannada,2,Bantwal,2,PANEMANGALURU,25,SAJIPA MUDA,119,2021-2022,2,Rabi,Betel Nuts (Areca nuts),0-31-0.00,2022-01-04,,,12.8470749,75.007492,
440763053,24,Dakshina Kannada,2,Bantwal,2,PANEMANGALURU,25,SAJIPA MUDA,119,2021-2022,2,Rabi,Betel Nuts (Areca nuts),0-31-0.00,2022-01-04,,,12.8470784,75.0074918,
440763107,24,Dakshina Kannada,2,Bantwal,2,PANEMANGALURU,25,SAJIPA MUDA,119,2021-2022,2,Rabi,NA Land ,0-19-0.00,2022-01-04,,,12.8543618,75.0318653,
440763139,24,Dakshina Kannada,2,Bantwal,2,PANEMANGALURU,25,SAJIPA MUDA,119,2021-2022,2,Rabi,NA Land ,0-7-0.00,2022-01-04,,,12.8543915,75.0318462,
440763149,24,Dakshina Kannada,2,Bantwal,2,PANEMANGALURU,25,SAJIPA MUDA,119,2021-2022,2,Rabi,Fallow,0-16-75.00,2022-01-04,,,12.8465259,75.0071559,
440763166,24,Dakshina Kannada,2,Bantwal,2,PANEMANGALURU,25,SAJIPA MUDA,119,2021-2022,2,Rabi,Fallow,1-50-0.00,2022-01-04,,,12.8465707,75.0072129,
440763169,24,Dakshina Kannada,2,Bantwal,2,PANEMANGALURU,25,SAJIPA MUDA,119,2021-2022,2,Rabi,Fallow,1-92-0.00,2022-01-04,,,12.8465711,75.0072377,
440763179,24,Dakshina Kannada,2,Bantwal,2,PANEMANGALURU,25,SAJIPA MUDA,119,2021-2022,2,Rabi,NA Land ,0-10-0.00,2022-01-04,,,12.8465167,75.0072213,
440763180,24,Dakshina Kannada,2,Bantwal,2,PANEMANGALURU,25,SAJIPA MUDA,119,2021-2022,2,Rabi,NA Land ,0-26-0.00,2022-01-04,,,12.8566728,75.0359167,
440763193,24,Dakshina Kannada,2,Bantwal,2,PANEMANGALURU,25,SAJIPA MUDA,119,2021-2022,2,Rabi,Fallow,0-43-0.00,2022-01-04,,,12.8454382,75.0075175,
440763207,24,Dakshina Kannada,2,Bantwal,2,PANEMANGALURU,25,SAJIPA MUDA,119,2021-2022,2,Rabi,NA Land ,0-4-0.00,2022-01-04,,,12.8566899,75.0359063,
440763208,24,Dakshina Kannada,2,Bantwal,2,PANEMANGALURU,25,SAJIPA MUDA,119,2021-2022,2,Rabi,Betel Nuts (Areca nuts),1-31-0.00,2022-01-04,,,12.8454433,75.0075353,
440754521,24,Dakshina Kannada,2,Bantwal,2,PANEMANGALURU,25,SAJIPA MUDA,119,2021-2022,2,Rabi,Betel Nuts (Areca nuts),2-0-0.00,2022-01-04,,,12.834521,75.0309871,
440754521,24,Dakshina Kannada,2,Bantwal,2,PANEMANGALURU,25,SAJIPA MUDA,119,2021-2022,2,Rabi,Betel Nuts (Areca nuts),2-0-0.00,2022-01-04,,,12.8344108,75.0309723,
440754521,24,Dakshina Kannada,2,Bantwal,2,PANEMANGALURU,25,SAJIPA MUDA,119,2021-2022,2,Rabi,Coconut,0-92-0.00,2022-01-04,,,12.8344313,75.0309611,
440754521,24,Dakshina Kannada,2,Bantwal,2,PANEMANGALURU,25,SAJIPA MUDA,119,2021-2022,2,Rabi,Coconut,0-92-0.00,2022-01-04,,,12.8343969,75.0309402,
440763208,24,Dakshina Kannada,2,Bantwal,2,PANEMANGALURU,25,SAJIPA MUDA,119,2021-2022,2,Rabi,Betel Nuts (Areca nuts),1-31-0.00,2022-01-04,,,12.8454434,75.0075327,
440763223,24,Dakshina Kannada,2,Bantwal,2,PANEMANGALURU,25,SAJIPA MUDA,119,2021-2022,2,Rabi,NA Land ,0-8-50.00,2022-01-04,,,12.849182,75.0352445,
440763245,24,Dakshina Kannada,2,Bantwal,2,PANEMANGALURU,25,SAJIPA MUDA,119,2021-2022,2,Rabi,Rubber,1-81-0.00,2022-01-04,,,12.8454522,75.0075205,
440763245,24,Dakshina Kannada,2,Bantwal,2,PANEMANGALURU,25,SAJIPA MUDA,119,2021-2022,2,Rabi,Rubber,1-81-0.00,2022-01-04,,,12.8454521,75.0075226,
440763265,24,Dakshina Kannada,2,Bantwal,2,PANEMANGALURU,25,SAJIPA MUDA,119,2021-2022,2,Rabi,NA Land ,0-11-0.00,2022-01-04,,,12.84919,75.035323,
440763278,24,Dakshina Kannada,2,Bantwal,2,PANEMANGALURU,25,SAJIPA MUDA,119,2021-2022,2,Rabi,NA Land ,0-5-50.00,2022-01-04,,,12.8509856,75.0139908,
440763317,24,Dakshina Kannada,2,Bantwal,2,PANEMANGALURU,25,SAJIPA MUDA,119,2021-2022,2,Rabi,Betel Nuts (Areca nuts),0-96-0.00,2022-01-04,,,12.8508803,75.0139539,
440763317,24,Dakshina Kannada,2,Bantwal,2,PANEMANGALURU,25,SAJIPA MUDA,119,2021-2022,2,Rabi,Betel Nuts (Areca nuts),0-96-0.00,2022-01-04,,,12.8508822,75.013956,
440763337,24,Dakshina Kannada,2,Bantwal,2,PANEMANGALURU,25,SAJIPA MUDA,119,2021-2022,2,Rabi,Betel Nuts (Areca nuts),0-40-0.00,2022-01-04,,,12.8508868,75.013967,
440763337,24,Dakshina Kannada,2,Bantwal,2,PANEMANGALURU,25,SAJIPA MUDA,119,2021-2022,2,Rabi,Betel Nuts (Areca nuts),0-40-0.00,2022-01-04,,,12.8508863,75.0139707,
440763349,24,Dakshina Kannada,2,Bantwal,2,PANEMANGALURU,25,SAJIPA MUDA,119,2021-2022,2,Rabi,Fallow,0-5-50.00,2022-01-04,,,12.850947,75.0139156,
440763377,24,Dakshina Kannada,2,Bantwal,2,PANEMANGALURU,25,SAJIPA MUDA,119,2021-2022,2,Rabi,Fallow,0-45-0.00,2022-01-04,,,12.8499702,75.0149767,
440763416,24,Dakshina Kannada,2,Bantwal,2,PANEMANGALURU,25,SAJIPA MUDA,119,2021-2022,2,Rabi,Fallow,0-52-0.00,2022-01-04,,,12.849929,75.0149783,
440763445,24,Dakshina Kannada,2,Bantwal,2,PANEMANGALURU,25,SAJIPA MUDA,119,2021-2022,2,Rabi,Fallow,0-30-0.00,2022-01-04,,,12.8500316,75.0167703,
440763466,24,Dakshina Kannada,2,Bantwal,2,PANEMANGALURU,25,SAJIPA MUDA,119,2021-2022,2,Rabi,Fallow,0-38-50.00,2022-01-04,,,12.8500638,75.0167841,
440763485,24,Dakshina Kannada,2,Bantwal,2,PANEMANGALURU,25,SAJIPA MUDA,119,2021-2022,2,Rabi,Fallow,0-49-0.00,2022-01-04,,,12.8500522,75.0167554,
440763515,24,Dakshina Kannada,2,Bantwal,2,PANEMANGALURU,25,SAJIPA MUDA,119,2021-2022,2,Rabi,Fallow,2-44-0.00,2022-01-04,,,12.8485436,75.0175666,
440763518,24,Dakshina Kannada,2,Bantwal,2,PANEMANGALURU,25,SAJIPA MUDA,119,2021-2022,2,Rabi,Fallow,1-82-0.00,2022-01-04,,,12.8485258,75.017552,
440762696,24,Dakshina Kannada,2,Bantwal,2,PANEMANGALURU,25,SAJIPA MUDA,119,2021-2022,2,Rabi,NA Land ,0-10-0.00,2022-01-04,,,12.8537235,75.0330687,
440762723,24,Dakshina Kannada,2,Bantwal,2,PANEMANGALURU,25,SAJIPA MUDA,119,2021-2022,2,Rabi,NA Land ,0-6-0.00,2022-01-04,,,12.8536178,75.0292403,
440762729,24,Dakshina Kannada,2,Bantwal,2,PANEMANGALURU,25,SAJIPA MUDA,119,2021-2022,2,Rabi,NA Land ,0-3-0.00,2022-01-04,,,12.8536203,75.029225,
440762731,24,Dakshina Kannada,2,Bantwal,2,PANEMANGALURU,25,SAJIPA MUDA,119,2021-2022,2,Rabi,NA Land ,0-12-50.00,2022-01-04,,,12.8536182,75.0292241,
440762745,24,Dakshina Kannada,2,Bantwal,2,PANEMANGALURU,25,SAJIPA MUDA,119,2021-2022,2,Rabi,Fallow,0-11-0.00,2022-01-04,,,12.8536625,75.0291867,
440762838,24,Dakshina Kannada,2,Bantwal,2,PANEMANGALURU,25,SAJIPA MUDA,119,2021-2022,2,Rabi,Betel Nuts (Areca nuts),0-51-0.00,2022-01-04,,,12.8535761,75.0292478,
440762838,24,Dakshina Kannada,2,Bantwal,2,PANEMANGALURU,25,SAJIPA MUDA,119,2021-2022,2,Rabi,Betel Nuts (Areca nuts),0-51-0.00,2022-01-04,,,12.8535762,75.0292443,
440762941,24,Dakshina Kannada,2,Bantwal,2,PANEMANGALURU,25,SAJIPA MUDA,119,2021-2022,2,Rabi,NA Land ,6-32-0.00,2022-01-04,,,12.8553432,75.0287654,
440762945,24,Dakshina Kannada,2,Bantwal,2,PANEMANGALURU,25,SAJIPA MUDA,119,2021-2022,2,Rabi,NA Land ,0-12-25.00,2022-01-04,,,12.8553307,75.0287316,
440762965,24,Dakshina Kannada,2,Bantwal,2,PANEMANGALURU,25,SAJIPA MUDA,119,2021-2022,2,Rabi,NA Land ,3-95-0.00,2022-01-04,,,12.8553741,75.0287324,
440763006,24,Dakshina Kannada,2,Bantwal,2,PANEMANGALURU,25,SAJIPA MUDA,119,2021-2022,2,Rabi,NA Land ,0-39-0.00,2022-01-04,,,12.8543386,75.031837,
440763019,24,Dakshina Kannada,2,Bantwal,2,PANEMANGALURU,25,SAJIPA MUDA,119,2021-2022,2,Rabi,Fallow,0-27-0.00,2022-01-04,,,12.8475068,75.007078,
440763044,24,Dakshina Kannada,2,Bantwal,2,PANEMANGALURU,25,SAJIPA MUDA,119,2021-2022,2,Rabi,NA Land ,0-8-0.00,2022-01-04,,,12.8543261,75.031865,
440763055,24,Dakshina Kannada,2,Bantwal,2,PANEMANGALURU,25,SAJIPA MUDA,119,2021-2022,2,Rabi,NA Land ,0-11-0.00,2022-01-04,,,12.8543221,75.0318681,
440763059,24,Dakshina Kannada,2,Bantwal,2,PANEMANGALURU,25,SAJIPA MUDA,119,2021-2022,2,Rabi,Betel Nuts (Areca nuts),0-30-0.00,2022-01-04,,,12.8470441,75.0074854,
440763059,24,Dakshina Kannada,2,Bantwal,2,PANEMANGALURU,25,SAJIPA MUDA,119,2021-2022,2,Rabi,Betel Nuts (Areca nuts),0-30-0.00,2022-01-04,,,12.8470435,75.007481,
440763068,24,Dakshina Kannada,2,Bantwal,2,PANEMANGALURU,25,SAJIPA MUDA,119,2021-2022,2,Rabi,NA Land ,0-21-0.00,2022-01-04,,,12.8543223,75.0318693,
440763075,24,Dakshina Kannada,2,Bantwal,2,PANEMANGALURU,25,SAJIPA MUDA,119,2021-2022,2,Rabi,NA Land ,0-10-0.00,2022-01-04,,,12.8543233,75.0318667,
440763076,24,Dakshina Kannada,2,Bantwal,2,PANEMANGALURU,25,SAJIPA MUDA,119,2021-2022,2,Rabi,Fallow,0-4-0.00,2022-01-04,,,12.8470353,75.0074934,
440763100,24,Dakshina Kannada,2,Bantwal,2,PANEMANGALURU,25,SAJIPA MUDA,119,2021-2022,2,Rabi,Rubber,0-20-0.00,2022-01-04,,,12.8469429,75.0074457,
440763100,24,Dakshina Kannada,2,Bantwal,2,PANEMANGALURU,25,SAJIPA MUDA,119,2021-2022,2,Rabi,Rubber,0-20-0.00,2022-01-04,,,12.8469431,75.0074482,
440763106,24,Dakshina Kannada,2,Bantwal,2,PANEMANGALURU,25,SAJIPA MUDA,119,2021-2022,2,Rabi,Rubber,0-13-0.00,2022-01-04,,,12.8469721,75.0075037,
440763106,24,Dakshina Kannada,2,Bantwal,2,PANEMANGALURU,25,SAJIPA MUDA,119,2021-2022,2,Rabi,Rubber,0-13-0.00,2022-01-04,,,12.8469783,75.0075,
440763119,24,Dakshina Kannada,2,Bantwal,2,PANEMANGALURU,25,SAJIPA MUDA,119,2021-2022,2,Rabi,NA Land ,0-5-0.00,2022-01-04,,,12.8542669,75.0318649,
440763134,24,Dakshina Kannada,2,Bantwal,2,PANEMANGALURU,25,SAJIPA MUDA,119,2021-2022,2,Rabi,Betel Nuts (Areca nuts),0-24-0.00,2022-01-04,,,12.8469548,75.0074771,
440763134,24,Dakshina Kannada,2,Bantwal,2,PANEMANGALURU,25,SAJIPA MUDA,119,2021-2022,2,Rabi,Betel Nuts (Areca nuts),0-24-0.00,2022-01-04,,,12.846956,75.0074759,
440763163,24,Dakshina Kannada,2,Bantwal,2,PANEMANGALURU,25,SAJIPA MUDA,119,2021-2022,2,Rabi,Fallow,0-58-0.00,2022-01-04,,,12.8465592,75.0071846,
440763167,24,Dakshina Kannada,2,Bantwal,2,PANEMANGALURU,25,SAJIPA MUDA,119,2021-2022,2,Rabi,NA Land ,0-2-0.00,2022-01-04,,,12.8566353,75.0359247,
440763185,24,Dakshina Kannada,2,Bantwal,2,PANEMANGALURU,25,SAJIPA MUDA,119,2021-2022,2,Rabi,Fallow,0-30-0.00,2022-01-04,,,12.846535,75.007204,
440763200,24,Dakshina Kannada,2,Bantwal,2,PANEMANGALURU,25,SAJIPA MUDA,119,2021-2022,2,Rabi,NA Land ,0-15-0.00,2022-01-04,,,12.8566907,75.0359015,
440763213,24,Dakshina Kannada,2,Bantwal,2,PANEMANGALURU,25,SAJIPA MUDA,119,2021-2022,2,Rabi,NA Land ,0-16-0.00,2022-01-04,,,12.8566779,75.0359121,
440763441,24,Dakshina Kannada,2,Bantwal,2,PANEMANGALURU,25,SAJIPA MUDA,119,2021-2022,2,Rabi,Fallow,0-19-0.00,2022-01-04,,,12.8500442,75.0167674,
440763498,24,Dakshina Kannada,2,Bantwal,2,PANEMANGALURU,25,SAJIPA MUDA,119,2021-2022,2,Rabi,Fallow,0-48-0.00,2022-01-04,,,12.8500982,75.0174579,
440763613,24,Dakshina Kannada,2,Bantwal,2,PANEMANGALURU,25,SAJIPA MUDA,119,2021-2022,2,Rabi,Fallow,0-29-0.00,2022-01-04,,,12.8527446,75.016013,
440800473,24,Dakshina Kannada,2,Bantwal,2,PANEMANGALURU,25,SAJIPA MUDA,119,2021-2022,2,Rabi,NA Land ,1-62-0.00,2022-01-04,,,12.8480368,75.0310605,
440800588,24,Dakshina Kannada,2,Bantwal,2,PANEMANGALURU,25,SAJIPA MUDA,119,2021-2022,2,Rabi,NA Land ,0-38-0.00,2022-01-04,,,12.8480535,75.0310882,
440800606,24,Dakshina Kannada,2,Bantwal,2,PANEMANGALURU,25,SAJIPA MUDA,119,2021-2022,2,Rabi,NA Land ,0-1-0.00,2022-01-04,,,12.848031,75.0310888,
440763568,24,Dakshina Kannada,2,Bantwal,2,PANEMANGALURU,25,SAJIPA MUDA,119,2021-2022,2,Rabi,NA Land ,0-11-0.00,2022-01-04,,,12.8525367,75.0161315,
440763599,24,Dakshina Kannada,2,Bantwal,2,PANEMANGALURU,25,SAJIPA MUDA,119,2021-2022,2,Rabi,Fallow,0-41-0.00,2022-01-04,,,12.8526944,75.0160137,
440763625,24,Dakshina Kannada,2,Bantwal,2,PANEMANGALURU,25,SAJIPA MUDA,119,2021-2022,2,Rabi,Fallow,0-41-0.00,2022-01-04,,,12.8527252,75.0160053,
440763627,24,Dakshina Kannada,2,Bantwal,2,PANEMANGALURU,25,SAJIPA MUDA,119,2021-2022,2,Rabi,Betel Nuts (Areca nuts),2-87-0.00,2022-01-04,,,12.8527417,75.0160367,
440763627,24,Dakshina Kannada,2,Bantwal,2,PANEMANGALURU,25,SAJIPA MUDA,119,2021-2022,2,Rabi,Betel Nuts (Areca nuts),2-87-0.00,2022-01-04,,,12.8527342,75.0160409,
440763659,24,Dakshina Kannada,2,Bantwal,2,PANEMANGALURU,25,SAJIPA MUDA,119,2021-2022,2,Rabi,NA Land ,0-15-0.00,2022-01-04,,,12.8515961,75.0199766,
440807808,24,Dakshina Kannada,2,Bantwal,2,PANEMANGALURU,25,SAJIPA MUDA,119,2021-2022,2,Rabi,Fallow,1-35-0.00,2022-01-04,,,12.8388525,75.0213455,
440807928,24,Dakshina Kannada,2,Bantwal,2,PANEMANGALURU,25,SAJIPA MUDA,119,2021-2022,2,Rabi,NA Land ,0-7-0.00,2022-01-04,,,12.8404893,75.0218815,
440778151,24,Dakshina Kannada,2,Bantwal,2,PANEMANGALURU,25,SAJIPA MUDA,119,2021-2022,2,Rabi,Fallow,0-13-0.00,2022-01-04,,,12.8321171,75.0330298,
440855146,24,Dakshina Kannada,2,Bantwal,2,PANEMANGALURU,2,AMTURU,119,2021-2022,2,Rabi,Fallow,0-5-0.00,2022-01-05,,,12.8455958,75.0480764,
440855148,24,Dakshina Kannada,2,Bantwal,2,PANEMANGALURU,2,AMTURU,119,2021-2022,2,Rabi,Fallow,0-42-0.00,2022-01-05,,,12.845565,75.0480795,
440855170,24,Dakshina Kannada,2,Bantwal,2,PANEMANGALURU,2,AMTURU,119,2021-2022,2,Rabi,Fallow,0-78-0.00,2022-01-05,,,12.8463356,75.0485159,
440855181,24,Dakshina Kannada,2,Bantwal,2,PANEMANGALURU,2,AMTURU,119,2021-2022,2,Rabi,Fallow,0-9-0.00,2022-01-05,,,12.8463643,75.0482842,
440855186,24,Dakshina Kannada,2,Bantwal,2,PANEMANGALURU,2,AMTURU,119,2021-2022,2,Rabi,Fallow,0-1-0.00,2022-01-05,,,12.8463793,75.0482637,
440855214,24,Dakshina Kannada,2,Bantwal,2,PANEMANGALURU,2,AMTURU,119,2021-2022,2,Rabi,Fallow,0-9-0.00,2022-01-05,,,12.846479,75.0474803,
440856182,24,Dakshina Kannada,2,Bantwal,2,PANEMANGALURU,2,AMTURU,119,2021-2022,2,Rabi,Fallow,0-40-0.00,2022-01-05,,,12.8456315,75.0494862,
440856188,24,Dakshina Kannada,2,Bantwal,2,PANEMANGALURU,2,AMTURU,119,2021-2022,2,Rabi,Fallow,0-44-0.00,2022-01-05,,,12.8456318,75.0494841,
440856199,24,Dakshina Kannada,2,Bantwal,2,PANEMANGALURU,2,AMTURU,119,2021-2022,2,Rabi,Fallow,0-32-0.00,2022-01-05,,,12.8456293,75.0494879,
440856208,24,Dakshina Kannada,2,Bantwal,2,PANEMANGALURU,2,AMTURU,119,2021-2022,2,Rabi,Fallow,0-22-0.00,2022-01-05,,,12.8454179,75.0503437,
440855130,24,Dakshina Kannada,2,Bantwal,2,PANEMANGALURU,2,AMTURU,119,2021-2022,2,Rabi,NA Land ,0-5-0.00,2022-01-05,,,12.8455091,75.0480718,
440855138,24,Dakshina Kannada,2,Bantwal,2,PANEMANGALURU,2,AMTURU,119,2021-2022,2,Rabi,NA Land ,0-5-0.00,2022-01-05,,,12.8455297,75.0480619,
440855156,24,Dakshina Kannada,2,Bantwal,2,PANEMANGALURU,2,AMTURU,119,2021-2022,2,Rabi,Fallow,0-10-0.00,2022-01-05,,,12.8463325,75.0484847,
440856221,24,Dakshina Kannada,2,Bantwal,2,PANEMANGALURU,2,AMTURU,119,2021-2022,2,Rabi,Fallow,0-48-0.00,2022-01-05,,,12.8444497,75.0508022,
440856225,24,Dakshina Kannada,2,Bantwal,2,PANEMANGALURU,2,AMTURU,119,2021-2022,2,Rabi,Fallow,0-49-0.00,2022-01-05,,,12.84445,75.050802,
440856234,24,Dakshina Kannada,2,Bantwal,2,PANEMANGALURU,2,AMTURU,119,2021-2022,2,Rabi,Fallow,0-51-0.00,2022-01-05,,,12.8444476,75.0507727,
440856250,24,Dakshina Kannada,2,Bantwal,2,PANEMANGALURU,2,AMTURU,119,2021-2022,2,Rabi,Fallow,0-6-0.00,2022-01-05,,,12.8444603,75.0507746,
440856275,24,Dakshina Kannada,2,Bantwal,2,PANEMANGALURU,2,AMTURU,119,2021-2022,2,Rabi,Fallow,2-23-0.00,2022-01-05,,,12.8468598,75.0528805,
440856291,24,Dakshina Kannada,2,Bantwal,2,PANEMANGALURU,2,AMTURU,119,2021-2022,2,Rabi,Fallow,0-25-0.00,2022-01-05,,,12.8481397,75.0506111,
440856300,24,Dakshina Kannada,2,Bantwal,2,PANEMANGALURU,2,AMTURU,119,2021-2022,2,Rabi,Fallow,1-23-0.00,2022-01-05,,,12.8485112,75.0491576,
440855164,24,Dakshina Kannada,2,Bantwal,2,PANEMANGALURU,2,AMTURU,119,2021-2022,2,Rabi,Fallow,0-6-0.00,2022-01-05,,,12.8463359,75.0485156,
440855196,24,Dakshina Kannada,2,Bantwal,2,PANEMANGALURU,2,AMTURU,119,2021-2022,2,Rabi,Fallow,0-87-0.00,2022-01-05,,,12.8463716,75.0482622,
440855201,24,Dakshina Kannada,2,Bantwal,2,PANEMANGALURU,2,AMTURU,119,2021-2022,2,Rabi,Fallow,0-20-0.00,2022-01-05,,,12.8464603,75.0474648,
440856311,24,Dakshina Kannada,2,Bantwal,2,PANEMANGALURU,2,AMTURU,119,2021-2022,2,Rabi,Fallow,0-63-0.00,2022-01-05,,,12.8485736,75.0519275,
440856322,24,Dakshina Kannada,2,Bantwal,2,PANEMANGALURU,2,AMTURU,119,2021-2022,2,Rabi,Fallow,1-46-0.00,2022-01-05,,,12.8494248,75.0527714,
440856328,24,Dakshina Kannada,2,Bantwal,2,PANEMANGALURU,2,AMTURU,119,2021-2022,2,Rabi,Fallow,0-3-0.00,2022-01-05,,,12.8479721,75.0543248,
440856334,24,Dakshina Kannada,2,Bantwal,2,PANEMANGALURU,2,AMTURU,119,2021-2022,2,Rabi,Fallow,0-7-0.00,2022-01-05,,,12.8479636,75.0549775,
440856338,24,Dakshina Kannada,2,Bantwal,2,PANEMANGALURU,2,AMTURU,119,2021-2022,2,Rabi,Fallow,0-16-0.00,2022-01-05,,,12.8479644,75.054986,
440856363,24,Dakshina Kannada,2,Bantwal,2,PANEMANGALURU,2,AMTURU,119,2021-2022,2,Rabi,Fallow,2-30-0.00,2022-01-05,,,12.8477212,75.0568737,
440856376,24,Dakshina Kannada,2,Bantwal,2,PANEMANGALURU,2,AMTURU,119,2021-2022,2,Rabi,NA Land ,0-7-0.00,2022-01-05,,,12.8469058,75.0583122,
440855224,24,Dakshina Kannada,2,Bantwal,2,PANEMANGALURU,2,AMTURU,119,2021-2022,2,Rabi,Fallow,0-20-0.00,2022-01-05,,,12.8464871,75.0474843,
440856397,24,Dakshina Kannada,2,Bantwal,2,PANEMANGALURU,2,AMTURU,119,2021-2022,2,Rabi,Fallow,2-15-0.00,2022-01-05,,,12.8469204,75.0583325,
440856446,24,Dakshina Kannada,2,Bantwal,2,PANEMANGALURU,2,AMTURU,119,2021-2022,2,Rabi,Fallow,0-61-50.00,2022-01-05,,,12.8437527,75.0605044,
440856458,24,Dakshina Kannada,2,Bantwal,2,PANEMANGALURU,2,AMTURU,119,2021-2022,2,Rabi,Fallow,0-10-0.00,2022-01-05,,,12.843955,75.0582017,
440856461,24,Dakshina Kannada,2,Bantwal,2,PANEMANGALURU,2,AMTURU,119,2021-2022,2,Rabi,Fallow,1-21-0.00,2022-01-05,,,12.8431732,75.0589041,
440856466,24,Dakshina Kannada,2,Bantwal,2,PANEMANGALURU,2,AMTURU,119,2021-2022,2,Rabi,Fallow,1-50-0.00,2022-01-05,,,12.8431834,75.0589092,
440856482,24,Dakshina Kannada,2,Bantwal,2,PANEMANGALURU,2,AMTURU,119,2021-2022,2,Rabi,Fallow,0-8-0.00,2022-01-05,,,12.8404796,75.0498328,
440856483,24,Dakshina Kannada,2,Bantwal,2,PANEMANGALURU,2,AMTURU,119,2021-2022,2,Rabi,Fallow,2-86-0.00,2022-01-05,,,12.8404802,75.0498326,
440856484,24,Dakshina Kannada,2,Bantwal,2,PANEMANGALURU,2,AMTURU,119,2021-2022,2,Rabi,Fallow,0-23-0.00,2022-01-05,,,12.8418601,75.0492999,
440798366,24,Dakshina Kannada,2,Bantwal,2,PANEMANGALURU,25,SAJIPA MUDA,119,2021-2022,2,Rabi,NA Land ,0-9-0.00,2022-01-04,,,12.8462769,75.0283358,
440798420,24,Dakshina Kannada,2,Bantwal,2,PANEMANGALURU,25,SAJIPA MUDA,119,2021-2022,2,Rabi,NA Land ,0-13-50.00,2022-01-04,,,12.8471928,75.0270667,
440798442,24,Dakshina Kannada,2,Bantwal,2,PANEMANGALURU,25,SAJIPA MUDA,119,2021-2022,2,Rabi,NA Land ,0-10-0.00,2022-01-04,,,12.8471981,75.0270791,
440798479,24,Dakshina Kannada,2,Bantwal,2,PANEMANGALURU,25,SAJIPA MUDA,119,2021-2022,2,Rabi,NA Land ,0-12-50.00,2022-01-04,,,12.8471637,75.0270952,
440798492,24,Dakshina Kannada,2,Bantwal,2,PANEMANGALURU,25,SAJIPA MUDA,119,2021-2022,2,Rabi,NA Land ,0-2-0.00,2022-01-04,,,12.8471659,75.0270985,
440798565,24,Dakshina Kannada,2,Bantwal,2,PANEMANGALURU,25,SAJIPA MUDA,119,2021-2022,2,Rabi,NA Land ,0-10-0.00,2022-01-04,,,12.8486265,75.0326527,
440798576,24,Dakshina Kannada,2,Bantwal,2,PANEMANGALURU,25,SAJIPA MUDA,119,2021-2022,2,Rabi,NA Land ,0-15-0.00,2022-01-04,,,12.8486438,75.0326726,
440798675,24,Dakshina Kannada,2,Bantwal,2,PANEMANGALURU,25,SAJIPA MUDA,119,2021-2022,2,Rabi,NA Land ,0-74-0.00,2022-01-04,,,12.8486562,75.0327021,
440798750,24,Dakshina Kannada,2,Bantwal,2,PANEMANGALURU,25,SAJIPA MUDA,119,2021-2022,2,Rabi,Betel Nuts (Areca nuts),1-65-0.00,2022-01-04,,,12.8476217,75.0322429,
440798750,24,Dakshina Kannada,2,Bantwal,2,PANEMANGALURU,25,SAJIPA MUDA,119,2021-2022,2,Rabi,Betel Nuts (Areca nuts),1-65-0.00,2022-01-04,,,12.8476217,75.032242,
440799354,24,Dakshina Kannada,2,Bantwal,2,PANEMANGALURU,25,SAJIPA MUDA,119,2021-2022,2,Rabi,NA Land ,0-3-0.00,2022-01-04,,,12.8480816,75.0310497,
440798293,24,Dakshina Kannada,2,Bantwal,2,PANEMANGALURU,25,SAJIPA MUDA,119,2021-2022,2,Rabi,NA Land ,0-18-0.00,2022-01-04,,,12.8460324,75.028639,
440762849,24,Dakshina Kannada,2,Bantwal,2,PANEMANGALURU,25,SAJIPA MUDA,119,2021-2022,2,Rabi,Betel Nuts (Areca nuts),1-76-0.00,2022-01-04,,,12.8535952,75.0292411,
440762849,24,Dakshina Kannada,2,Bantwal,2,PANEMANGALURU,25,SAJIPA MUDA,119,2021-2022,2,Rabi,Betel Nuts (Areca nuts),1-76-0.00,2022-01-04,,,12.8535907,75.0292317,
440798340,24,Dakshina Kannada,2,Bantwal,2,PANEMANGALURU,25,SAJIPA MUDA,119,2021-2022,2,Rabi,Fallow,0-9-0.00,2022-01-04,,,12.8460682,75.0285527,
440798359,24,Dakshina Kannada,2,Bantwal,2,PANEMANGALURU,25,SAJIPA MUDA,119,2021-2022,2,Rabi,Betel Nuts (Areca nuts),0-16-0.00,2022-01-04,,,12.8460898,75.028637,
440798359,24,Dakshina Kannada,2,Bantwal,2,PANEMANGALURU,25,SAJIPA MUDA,119,2021-2022,2,Rabi,Betel Nuts (Areca nuts),0-16-0.00,2022-01-04,,,12.8460899,75.0286373,
440798466,24,Dakshina Kannada,2,Bantwal,2,PANEMANGALURU,25,SAJIPA MUDA,119,2021-2022,2,Rabi,NA Land ,0-15-75.00,2022-01-04,,,12.8471344,75.027061,
440798526,24,Dakshina Kannada,2,Bantwal,2,PANEMANGALURU,25,SAJIPA MUDA,119,2021-2022,2,Rabi,NA Land ,0-5-0.00,2022-01-04,,,12.8472053,75.0271203,
440798538,24,Dakshina Kannada,2,Bantwal,2,PANEMANGALURU,25,SAJIPA MUDA,119,2021-2022,2,Rabi,NA Land ,2-50-0.00,2022-01-04,,,12.8486082,75.0327333,
440798718,24,Dakshina Kannada,2,Bantwal,2,PANEMANGALURU,25,SAJIPA MUDA,119,2021-2022,2,Rabi,NA Land ,0-14-0.00,2022-01-04,,,12.8486291,75.0327095,
440875672,24,Dakshina Kannada,2,Bantwal,2,PANEMANGALURU,25,SAJIPA MUDA,119,2021-2022,2,Rabi,NA Land ,0-5-0.00,2022-01-05,,,12.8542487,75.0197165,
440875715,24,Dakshina Kannada,2,Bantwal,2,PANEMANGALURU,25,SAJIPA MUDA,119,2021-2022,2,Rabi,Fallow,0-7-0.00,2022-01-05,,,12.8539316,75.019186,
440875775,24,Dakshina Kannada,2,Bantwal,2,PANEMANGALURU,25,SAJIPA MUDA,119,2021-2022,2,Rabi,NA Land ,0-5-0.00,2022-01-05,,,12.8549543,75.0175533,
440875728,24,Dakshina Kannada,2,Bantwal,2,PANEMANGALURU,25,SAJIPA MUDA,119,2021-2022,2,Rabi,Fallow,0-41-0.00,2022-01-05,,,12.8539384,75.0191275,
440875756,24,Dakshina Kannada,2,Bantwal,2,PANEMANGALURU,25,SAJIPA MUDA,119,2021-2022,2,Rabi,Fallow,0-7-0.00,2022-01-05,,,12.8541247,75.0197361,
440796114,24,Dakshina Kannada,2,Bantwal,2,PANEMANGALURU,25,SAJIPA MUDA,119,2021-2022,2,Rabi,Fallow,0-3-50.00,2022-01-04,,,12.8558591,75.0102811,
440796137,24,Dakshina Kannada,2,Bantwal,2,PANEMANGALURU,25,SAJIPA MUDA,119,2021-2022,2,Rabi,NA Land ,0-7-0.00,2022-01-04,,,12.8552828,75.0095189,
440796162,24,Dakshina Kannada,2,Bantwal,2,PANEMANGALURU,25,SAJIPA MUDA,119,2021-2022,2,Rabi,Fallow,0-68-0.00,2022-01-04,,,12.8551683,75.0098367,
440796169,24,Dakshina Kannada,2,Bantwal,2,PANEMANGALURU,25,SAJIPA MUDA,119,2021-2022,2,Rabi,Fallow,1-36-0.00,2022-01-04,,,12.8551617,75.00979,
440796181,24,Dakshina Kannada,2,Bantwal,2,PANEMANGALURU,25,SAJIPA MUDA,119,2021-2022,2,Rabi,NA Land ,0-4-25.00,2022-01-04,,,12.8553454,75.0105865,
440796129,24,Dakshina Kannada,2,Bantwal,2,PANEMANGALURU,25,SAJIPA MUDA,119,2021-2022,2,Rabi,NA Land ,0-7-0.00,2022-01-04,,,12.8552873,75.009501,
440802634,24,Dakshina Kannada,2,Bantwal,2,PANEMANGALURU,25,SAJIPA MUDA,119,2021-2022,2,Rabi,NA Land ,0-5-0.00,2022-01-04,,,12.8433924,75.0193883,
440803237,24,Dakshina Kannada,2,Bantwal,2,PANEMANGALURU,25,SAJIPA MUDA,119,2021-2022,2,Rabi,Fallow,0-12-0.00,2022-01-04,,,12.8434033,75.0193817,
440803301,24,Dakshina Kannada,2,Bantwal,2,PANEMANGALURU,25,SAJIPA MUDA,119,2021-2022,2,Rabi,Fallow,0-40-0.00,2022-01-04,,,12.8433886,75.0194086,
440803391,24,Dakshina Kannada,2,Bantwal,2,PANEMANGALURU,25,SAJIPA MUDA,119,2021-2022,2,Rabi,NA Land ,0-2-0.00,2022-01-04,,,12.843386,75.0194126,
440803344,24,Dakshina Kannada,2,Bantwal,2,PANEMANGALURU,25,SAJIPA MUDA,119,2021-2022,2,Rabi,Fallow,0-29-0.00,2022-01-04,,,12.8433924,75.01941,
440803504,24,Dakshina Kannada,2,Bantwal,2,PANEMANGALURU,25,SAJIPA MUDA,119,2021-2022,2,Rabi,NA Land ,0-3-0.00,2022-01-04,,,12.8434225,75.0194125,
440803587,24,Dakshina Kannada,2,Bantwal,2,PANEMANGALURU,25,SAJIPA MUDA,119,2021-2022,2,Rabi,Fallow,0-14-0.00,2022-01-04,,,12.8442158,75.0204173,
440803647,24,Dakshina Kannada,2,Bantwal,2,PANEMANGALURU,25,SAJIPA MUDA,119,2021-2022,2,Rabi,Fallow,0-15-0.00,2022-01-04,,,12.8414009,75.0185291,
440803793,24,Dakshina Kannada,2,Bantwal,2,PANEMANGALURU,25,SAJIPA MUDA,119,2021-2022,2,Rabi,Betel Nuts (Areca nuts),0-12-0.00,2022-01-04,,,12.8414719,75.0184968,
440803793,24,Dakshina Kannada,2,Bantwal,2,PANEMANGALURU,25,SAJIPA MUDA,119,2021-2022,2,Rabi,Betel Nuts (Areca nuts),0-12-0.00,2022-01-04,,,12.8414709,75.0185018,
440803725,24,Dakshina Kannada,2,Bantwal,2,PANEMANGALURU,25,SAJIPA MUDA,119,2021-2022,2,Rabi,NA Land ,0-0-50.00,2022-01-04,,,12.8414808,75.0184803,
440808938,24,Dakshina Kannada,2,Bantwal,2,PANEMANGALURU,25,SAJIPA MUDA,119,2021-2022,2,Rabi,Fallow,0-37-0.00,2022-01-04,,,12.8402818,75.0253941,
440798248,24,Dakshina Kannada,2,Bantwal,2,PANEMANGALURU,25,SAJIPA MUDA,119,2021-2022,2,Rabi,NA Land ,0-1-0.00,2022-01-04,,,12.8457547,75.029598,
440798278,24,Dakshina Kannada,2,Bantwal,2,PANEMANGALURU,25,SAJIPA MUDA,119,2021-2022,2,Rabi,NA Land ,0-6-50.00,2022-01-04,,,12.8457584,75.0295998,
440803619,24,Dakshina Kannada,2,Bantwal,2,PANEMANGALURU,25,SAJIPA MUDA,119,2021-2022,2,Rabi,NA Land ,0-1-0.00,2022-01-04,,,12.8442575,75.0204395,
440803824,24,Dakshina Kannada,2,Bantwal,2,PANEMANGALURU,25,SAJIPA MUDA,119,2021-2022,2,Rabi,Fallow,0-4-0.00,2022-01-04,,,12.841451,75.018477,
440808735,24,Dakshina Kannada,2,Bantwal,2,PANEMANGALURU,25,SAJIPA MUDA,119,2021-2022,2,Rabi,NA Land ,0-3-0.00,2022-01-04,,,12.8405175,75.0218328,
440796186,24,Dakshina Kannada,2,Bantwal,2,PANEMANGALURU,25,SAJIPA MUDA,119,2021-2022,2,Rabi,Fallow,0-11-0.00,2022-01-04,,,12.8551648,75.0106421,
440855229,24,Dakshina Kannada,2,Bantwal,2,PANEMANGALURU,2,AMTURU,119,2021-2022,2,Rabi,Fallow,0-32-0.00,2022-01-05,,,12.8464984,75.0474788,
440855232,24,Dakshina Kannada,2,Bantwal,2,PANEMANGALURU,2,AMTURU,119,2021-2022,2,Rabi,Fallow,0-13-0.00,2022-01-05,,,12.8464988,75.047482,
440855150,24,Dakshina Kannada,2,Bantwal,2,PANEMANGALURU,2,AMTURU,119,2021-2022,2,Rabi,Fallow,0-30-0.00,2022-01-05,,,12.8455646,75.0480845,
440856490,24,Dakshina Kannada,2,Bantwal,2,PANEMANGALURU,2,AMTURU,119,2021-2022,2,Rabi,Fallow,0-5-0.00,2022-01-05,,,12.8424373,75.0493729,
440856493,24,Dakshina Kannada,2,Bantwal,2,PANEMANGALURU,2,AMTURU,119,2021-2022,2,Rabi,Fallow,2-26-0.00,2022-01-05,,,12.8424371,75.0493724,
440856508,24,Dakshina Kannada,2,Bantwal,2,PANEMANGALURU,2,AMTURU,119,2021-2022,2,Rabi,NA Land ,0-6-0.00,2022-01-05,,,12.8424366,75.0493729,
440856204,24,Dakshina Kannada,2,Bantwal,2,PANEMANGALURU,2,AMTURU,119,2021-2022,2,Rabi,Fallow,0-75-0.00,2022-01-05,,,12.8454771,75.0503018,
440856210,24,Dakshina Kannada,2,Bantwal,2,PANEMANGALURU,2,AMTURU,119,2021-2022,2,Rabi,Fallow,0-8-0.00,2022-01-05,,,12.8444579,75.0507493,
440856214,24,Dakshina Kannada,2,Bantwal,2,PANEMANGALURU,2,AMTURU,119,2021-2022,2,Rabi,Fallow,0-20-0.00,2022-01-05,,,12.8444504,75.0508038,
440856240,24,Dakshina Kannada,2,Bantwal,2,PANEMANGALURU,2,AMTURU,119,2021-2022,2,Rabi,Fallow,0-1-0.00,2022-01-05,,,12.8444542,75.0507728,
440856253,24,Dakshina Kannada,2,Bantwal,2,PANEMANGALURU,2,AMTURU,119,2021-2022,2,Rabi,Fallow,0-8-0.00,2022-01-05,,,12.8444614,75.0507742,
440856264,24,Dakshina Kannada,2,Bantwal,2,PANEMANGALURU,2,AMTURU,119,2021-2022,2,Rabi,Fallow,0-2-0.00,2022-01-05,,,12.8468327,75.0526965,
440856273,24,Dakshina Kannada,2,Bantwal,2,PANEMANGALURU,2,AMTURU,119,2021-2022,2,Rabi,Fallow,0-15-0.00,2022-01-05,,,12.8468169,75.0527431,
440856312,24,Dakshina Kannada,2,Bantwal,2,PANEMANGALURU,2,AMTURU,119,2021-2022,2,Rabi,Fallow,0-76-0.00,2022-01-05,,,12.8485735,75.0519277,
440856317,24,Dakshina Kannada,2,Bantwal,2,PANEMANGALURU,2,AMTURU,119,2021-2022,2,Rabi,Fallow,1-5-0.00,2022-01-05,,,12.8485754,75.0519177,
440856330,24,Dakshina Kannada,2,Bantwal,2,PANEMANGALURU,2,AMTURU,119,2021-2022,2,Rabi,Fallow,0-13-0.00,2022-01-05,,,12.8479524,75.0549864,
440856361,24,Dakshina Kannada,2,Bantwal,2,PANEMANGALURU,2,AMTURU,119,2021-2022,2,Rabi,Fallow,0-1-0.00,2022-01-05,,,12.8477469,75.0568577,
440856174,24,Dakshina Kannada,2,Bantwal,2,PANEMANGALURU,2,AMTURU,119,2021-2022,2,Rabi,Fallow,0-21-0.00,2022-01-05,,,12.8465,75.0474823,
440856176,24,Dakshina Kannada,2,Bantwal,2,PANEMANGALURU,2,AMTURU,119,2021-2022,2,Rabi,Fallow,0-40-0.00,2022-01-05,,,12.8464997,75.0474817,
440856185,24,Dakshina Kannada,2,Bantwal,2,PANEMANGALURU,2,AMTURU,119,2021-2022,2,Rabi,Fallow,0-6-0.00,2022-01-05,,,12.8456317,75.0494843,
440856426,24,Dakshina Kannada,2,Bantwal,2,PANEMANGALURU,2,AMTURU,119,2021-2022,2,Rabi,Betel Nuts (Areca nuts),1-27-0.00,2022-01-05,,,12.8469176,75.0583269,
440856452,24,Dakshina Kannada,2,Bantwal,2,PANEMANGALURU,2,AMTURU,119,2021-2022,2,Rabi,Fallow,0-32-0.00,2022-01-05,,,12.8437522,75.0605041,
440856453,24,Dakshina Kannada,2,Bantwal,2,PANEMANGALURU,2,AMTURU,119,2021-2022,2,Rabi,Fallow,0-26-0.00,2022-01-05,,,12.8437522,75.0605042,
440856457,24,Dakshina Kannada,2,Bantwal,2,PANEMANGALURU,2,AMTURU,119,2021-2022,2,Rabi,Fallow,0-76-0.00,2022-01-05,,,12.8439545,75.0582024,
440856459,24,Dakshina Kannada,2,Bantwal,2,PANEMANGALURU,2,AMTURU,119,2021-2022,2,Rabi,Fallow,0-44-0.00,2022-01-05,,,12.8439553,75.0582013,
440856460,24,Dakshina Kannada,2,Bantwal,2,PANEMANGALURU,2,AMTURU,119,2021-2022,2,Rabi,Fallow,0-11-0.00,2022-01-05,,,12.8439551,75.0582009,
440856486,24,Dakshina Kannada,2,Bantwal,2,PANEMANGALURU,2,AMTURU,119,2021-2022,2,Rabi,Fallow,0-25-0.00,2022-01-05,,,12.8424246,75.0493669,
440856498,24,Dakshina Kannada,2,Bantwal,2,PANEMANGALURU,2,AMTURU,119,2021-2022,2,Rabi,NA Land ,0-5-0.00,2022-01-05,,,12.842437,75.0493723,
440856246,24,Dakshina Kannada,2,Bantwal,2,PANEMANGALURU,2,AMTURU,119,2021-2022,2,Rabi,Fallow,0-13-0.00,2022-01-05,,,12.84446,75.0507748,
440856255,24,Dakshina Kannada,2,Bantwal,2,PANEMANGALURU,2,AMTURU,119,2021-2022,2,Rabi,Fallow,0-15-0.00,2022-01-05,,,12.8444604,75.0507703,
440856257,24,Dakshina Kannada,2,Bantwal,2,PANEMANGALURU,2,AMTURU,119,2021-2022,2,Rabi,NA Land ,0-9-0.00,2022-01-05,,,12.8444647,75.0507678,
440856261,24,Dakshina Kannada,2,Bantwal,2,PANEMANGALURU,2,AMTURU,119,2021-2022,2,Rabi,Fallow,0-3-0.00,2022-01-05,,,12.8457571,75.0516566,
440856266,24,Dakshina Kannada,2,Bantwal,2,PANEMANGALURU,2,AMTURU,119,2021-2022,2,Rabi,NA Land ,0-5-0.00,2022-01-05,,,12.8468291,75.0527214,
440856304,24,Dakshina Kannada,2,Bantwal,2,PANEMANGALURU,2,AMTURU,119,2021-2022,2,Rabi,Fallow,0-16-0.00,2022-01-05,,,12.8485243,75.0491265,
440856347,24,Dakshina Kannada,2,Bantwal,2,PANEMANGALURU,2,AMTURU,119,2021-2022,2,Rabi,NA Land ,0-5-0.00,2022-01-05,,,12.8478855,75.0560596,
440856351,24,Dakshina Kannada,2,Bantwal,2,PANEMANGALURU,2,AMTURU,119,2021-2022,2,Rabi,Fallow,0-5-0.00,2022-01-05,,,12.8476906,75.0568788,
440856353,24,Dakshina Kannada,2,Bantwal,2,PANEMANGALURU,2,AMTURU,119,2021-2022,2,Rabi,Fallow,0-26-0.00,2022-01-05,,,12.8476898,75.0568714,
440856368,24,Dakshina Kannada,2,Bantwal,2,PANEMANGALURU,2,AMTURU,119,2021-2022,2,Rabi,Fallow,0-7-0.00,2022-01-05,,,12.8469035,75.0583075,
440856393,24,Dakshina Kannada,2,Bantwal,2,PANEMANGALURU,2,AMTURU,119,2021-2022,2,Rabi,Fallow,0-33-0.00,2022-01-05,,,12.8469203,75.0583326,
440856419,24,Dakshina Kannada,2,Bantwal,2,PANEMANGALURU,2,AMTURU,119,2021-2022,2,Rabi,Fallow,0-56-0.00,2022-01-05,,,12.846918,75.0583275,
440856438,24,Dakshina Kannada,2,Bantwal,2,PANEMANGALURU,2,AMTURU,119,2021-2022,2,Rabi,Fallow,0-25-0.00,2022-01-05,,,12.846597,75.0577354,
440856443,24,Dakshina Kannada,2,Bantwal,2,PANEMANGALURU,2,AMTURU,119,2021-2022,2,Rabi,Fallow,0-17-0.00,2022-01-05,,,12.8437451,75.060508,
440856448,24,Dakshina Kannada,2,Bantwal,2,PANEMANGALURU,2,AMTURU,119,2021-2022,2,Rabi,Fallow,0-55-0.00,2022-01-05,,,12.8437526,75.0605044,
440856450,24,Dakshina Kannada,2,Bantwal,2,PANEMANGALURU,2,AMTURU,119,2021-2022,2,Rabi,Fallow,0-24-0.00,2022-01-05,,,12.8437524,75.0605042,
440856463,24,Dakshina Kannada,2,Bantwal,2,PANEMANGALURU,2,AMTURU,119,2021-2022,2,Rabi,Fallow,0-49-0.00,2022-01-05,,,12.8431837,75.0589093,
440856467,24,Dakshina Kannada,2,Bantwal,2,PANEMANGALURU,2,AMTURU,119,2021-2022,2,Rabi,Fallow,1-23-0.00,2022-01-05,,,12.8431832,75.0589094,
440856468,24,Dakshina Kannada,2,Bantwal,2,PANEMANGALURU,2,AMTURU,119,2021-2022,2,Rabi,Fallow,1-43-0.00,2022-01-05,,,12.8431831,75.0589095,
440856472,24,Dakshina Kannada,2,Bantwal,2,PANEMANGALURU,2,AMTURU,119,2021-2022,2,Rabi,Fallow,0-12-0.00,2022-01-05,,,12.8421332,75.0550602,
440856479,24,Dakshina Kannada,2,Bantwal,2,PANEMANGALURU,2,AMTURU,119,2021-2022,2,Rabi,Fallow,0-14-0.00,2022-01-05,,,12.8406343,75.0498203,
440856489,24,Dakshina Kannada,2,Bantwal,2,PANEMANGALURU,2,AMTURU,119,2021-2022,2,Rabi,Fallow,0-1-0.00,2022-01-05,,,12.8424374,75.0493733,
440856500,24,Dakshina Kannada,2,Bantwal,2,PANEMANGALURU,2,AMTURU,119,2021-2022,2,Rabi,Fallow,0-36-0.00,2022-01-05,,,12.8424371,75.0493723,
440856197,24,Dakshina Kannada,2,Bantwal,2,PANEMANGALURU,2,AMTURU,119,2021-2022,2,Rabi,Fallow,0-32-0.00,2022-01-05,,,12.8456288,75.0494899,
440856243,24,Dakshina Kannada,2,Bantwal,2,PANEMANGALURU,2,AMTURU,119,2021-2022,2,Rabi,Fallow,0-3-0.00,2022-01-05,,,12.8444594,75.0507735,
440856259,24,Dakshina Kannada,2,Bantwal,2,PANEMANGALURU,2,AMTURU,119,2021-2022,2,Rabi,Fallow,0-82-0.00,2022-01-05,,,12.8457422,75.0515326,
440856262,24,Dakshina Kannada,2,Bantwal,2,PANEMANGALURU,2,AMTURU,119,2021-2022,2,Rabi,NA Land ,0-7-0.00,2022-01-05,,,12.8466731,75.052521,
440856286,24,Dakshina Kannada,2,Bantwal,2,PANEMANGALURU,2,AMTURU,119,2021-2022,2,Rabi,Fallow,0-67-0.00,2022-01-05,,,12.848077,75.0506316,
440856288,24,Dakshina Kannada,2,Bantwal,2,PANEMANGALURU,2,AMTURU,119,2021-2022,2,Rabi,Fallow,0-77-0.00,2022-01-05,,,12.8481364,75.0506227,
440806060,24,Dakshina Kannada,2,Bantwal,2,PANEMANGALURU,25,SAJIPA MUDA,119,2021-2022,2,Rabi,NA Land ,0-4-0.00,2022-01-04,,,12.8387792,75.0229915,
440806269,24,Dakshina Kannada,2,Bantwal,2,PANEMANGALURU,25,SAJIPA MUDA,119,2021-2022,2,Rabi,NA Land ,0-10-0.00,2022-01-04,,,12.8387611,75.0229688,
440806631,24,Dakshina Kannada,2,Bantwal,2,PANEMANGALURU,25,SAJIPA MUDA,119,2021-2022,2,Rabi,NA Land ,0-8-0.00,2022-01-04,,,12.838735,75.0229505,
440806583,24,Dakshina Kannada,2,Bantwal,2,PANEMANGALURU,25,SAJIPA MUDA,119,2021-2022,2,Rabi,Fallow,0-17-0.00,2022-01-04,,,12.8387678,75.0229897,
440806816,24,Dakshina Kannada,2,Bantwal,2,PANEMANGALURU,25,SAJIPA MUDA,119,2021-2022,2,Rabi,Fallow,0-20-0.00,2022-01-04,,,12.8387892,75.0229415,
440894006,24,Dakshina Kannada,2,Bantwal,2,PANEMANGALURU,25,SAJIPA MUDA,119,2021-2022,2,Rabi,Fallow,0-25-0.00,2022-01-05,,,12.8542033,75.0179533,
440894043,24,Dakshina Kannada,2,Bantwal,2,PANEMANGALURU,25,SAJIPA MUDA,119,2021-2022,2,Rabi,Fallow,0-19-0.00,2022-01-05,,,12.85417,75.0179467,
440894092,24,Dakshina Kannada,2,Bantwal,2,PANEMANGALURU,25,SAJIPA MUDA,119,2021-2022,2,Rabi,Fallow,0-49-0.00,2022-01-05,,,12.8537686,75.0177888,
440894107,24,Dakshina Kannada,2,Bantwal,2,PANEMANGALURU,25,SAJIPA MUDA,119,2021-2022,2,Rabi,Fallow,5-89-0.00,2022-01-05,,,12.85379,75.0178983,
440894035,24,Dakshina Kannada,2,Bantwal,2,PANEMANGALURU,25,SAJIPA MUDA,119,2021-2022,2,Rabi,Fallow,0-50-0.00,2022-01-05,,,12.8542438,75.0179606,
440894279,24,Dakshina Kannada,2,Bantwal,2,PANEMANGALURU,25,SAJIPA MUDA,119,2021-2022,2,Rabi,Fallow,0-10-0.00,2022-01-05,,,12.8526912,75.0194494,
440894118,24,Dakshina Kannada,2,Bantwal,2,PANEMANGALURU,25,SAJIPA MUDA,119,2021-2022,2,Rabi,Fallow,0-60-0.00,2022-01-05,,,12.8536397,75.0177973,
440894395,24,Dakshina Kannada,2,Bantwal,2,PANEMANGALURU,25,SAJIPA MUDA,119,2021-2022,2,Rabi,Fallow,0-56-0.00,2022-01-05,,,12.8544069,75.0159193,
440894439,24,Dakshina Kannada,2,Bantwal,2,PANEMANGALURU,25,SAJIPA MUDA,119,2021-2022,2,Rabi,Fallow,0-60-0.00,2022-01-05,,,12.8543735,75.0160023,
440894210,24,Dakshina Kannada,2,Bantwal,2,PANEMANGALURU,25,SAJIPA MUDA,119,2021-2022,2,Rabi,Fallow,0-80-0.00,2022-01-05,,,12.8533299,75.0177476,
440894267,24,Dakshina Kannada,2,Bantwal,2,PANEMANGALURU,25,SAJIPA MUDA,119,2021-2022,2,Rabi,Fallow,1-25-50.00,2022-01-05,,,12.8526925,75.0195437,
440894326,24,Dakshina Kannada,2,Bantwal,2,PANEMANGALURU,25,SAJIPA MUDA,119,2021-2022,2,Rabi,Fallow,1-4-0.00,2022-01-05,,,12.8527676,75.0192519,
440894337,24,Dakshina Kannada,2,Bantwal,2,PANEMANGALURU,25,SAJIPA MUDA,119,2021-2022,2,Rabi,Fallow,0-5-0.00,2022-01-05,,,12.8527771,75.0193046,
440894533,24,Dakshina Kannada,2,Bantwal,2,PANEMANGALURU,25,SAJIPA MUDA,119,2021-2022,2,Rabi,Fallow,0-11-0.00,2022-01-05,,,12.8546625,75.0156162,
440894379,24,Dakshina Kannada,2,Bantwal,2,PANEMANGALURU,25,SAJIPA MUDA,119,2021-2022,2,Rabi,Fallow,0-11-0.00,2022-01-05,,,12.8544943,75.0170502,
440894639,24,Dakshina Kannada,2,Bantwal,2,PANEMANGALURU,25,SAJIPA MUDA,119,2021-2022,2,Rabi,NA Land ,0-7-0.00,2022-01-05,,,12.8557545,75.0158724,
440894639,24,Dakshina Kannada,2,Bantwal,2,PANEMANGALURU,25,SAJIPA MUDA,119,2021-2022,2,Rabi,Fallow,0-20-0.00,2022-01-05,,,12.855807,75.0158272,
440894653,24,Dakshina Kannada,2,Bantwal,2,PANEMANGALURU,25,SAJIPA MUDA,119,2021-2022,2,Rabi,NA Land ,0-6-0.00,2022-01-05,,,12.8557333,75.015925,
440894672,24,Dakshina Kannada,2,Bantwal,2,PANEMANGALURU,25,SAJIPA MUDA,119,2021-2022,2,Rabi,NA Land ,0-3-0.00,2022-01-05,,,12.8556687,75.0158064,
440894781,24,Dakshina Kannada,2,Bantwal,2,PANEMANGALURU,25,SAJIPA MUDA,119,2021-2022,2,Rabi,NA Land ,0-5-0.00,2022-01-05,,,12.8556528,75.0151916,
440894831,24,Dakshina Kannada,2,Bantwal,2,PANEMANGALURU,25,SAJIPA MUDA,119,2021-2022,2,Rabi,Fallow,0-4-0.00,2022-01-05,,,12.8550125,75.0144101,
440894870,24,Dakshina Kannada,2,Bantwal,2,PANEMANGALURU,25,SAJIPA MUDA,119,2021-2022,2,Rabi,Fallow,0-74-0.00,2022-01-05,,,12.8546447,75.0143485,
440763222,24,Dakshina Kannada,2,Bantwal,2,PANEMANGALURU,25,SAJIPA MUDA,119,2021-2022,2,Rabi,Fallow,0-87-0.00,2022-01-04,,,12.8454598,75.0075389,
440763231,24,Dakshina Kannada,2,Bantwal,2,PANEMANGALURU,25,SAJIPA MUDA,119,2021-2022,2,Rabi,NA Land ,0-17-0.00,2022-01-04,,,12.8492027,75.0353045,
440763237,24,Dakshina Kannada,2,Bantwal,2,PANEMANGALURU,25,SAJIPA MUDA,119,2021-2022,2,Rabi,Fallow,0-59-0.00,2022-01-04,,,12.845461,75.0075275,
440763251,24,Dakshina Kannada,2,Bantwal,2,PANEMANGALURU,25,SAJIPA MUDA,119,2021-2022,2,Rabi,NA Land ,0-14-0.00,2022-01-04,,,12.8491901,75.0353131,
440763254,24,Dakshina Kannada,2,Bantwal,2,PANEMANGALURU,25,SAJIPA MUDA,119,2021-2022,2,Rabi,NA Land ,0-3-0.00,2022-01-04,,,12.8491749,75.0353204,
440763256,24,Dakshina Kannada,2,Bantwal,2,PANEMANGALURU,25,SAJIPA MUDA,119,2021-2022,2,Rabi,NA Land ,0-5-0.00,2022-01-04,,,12.8509921,75.0139902,
440763275,24,Dakshina Kannada,2,Bantwal,2,PANEMANGALURU,25,SAJIPA MUDA,119,2021-2022,2,Rabi,Fallow,0-5-0.00,2022-01-04,,,12.850962,75.0139847,
440763284,24,Dakshina Kannada,2,Bantwal,2,PANEMANGALURU,25,SAJIPA MUDA,119,2021-2022,2,Rabi,Betel Nuts (Areca nuts),0-6-0.00,2022-01-04,,,12.8509863,75.0139819,
440763284,24,Dakshina Kannada,2,Bantwal,2,PANEMANGALURU,25,SAJIPA MUDA,119,2021-2022,2,Rabi,Betel Nuts (Areca nuts),0-6-0.00,2022-01-04,,,12.8509873,75.0139792,
440763307,24,Dakshina Kannada,2,Bantwal,2,PANEMANGALURU,25,SAJIPA MUDA,119,2021-2022,2,Rabi,NA Land ,0-7-0.00,2022-01-04,,,12.8509773,75.013979,
440763404,24,Dakshina Kannada,2,Bantwal,2,PANEMANGALURU,25,SAJIPA MUDA,119,2021-2022,2,Rabi,Fallow,0-23-0.00,2022-01-04,,,12.8499302,75.0149716,
440763409,24,Dakshina Kannada,2,Bantwal,2,PANEMANGALURU,25,SAJIPA MUDA,119,2021-2022,2,Rabi,Fallow,0-23-0.00,2022-01-04,,,12.8499191,75.0149744,
440763455,24,Dakshina Kannada,2,Bantwal,2,PANEMANGALURU,25,SAJIPA MUDA,119,2021-2022,2,Rabi,Fallow,0-50-0.00,2022-01-04,,,12.850055,75.0168052,
440799532,24,Dakshina Kannada,2,Bantwal,2,PANEMANGALURU,25,SAJIPA MUDA,119,2021-2022,2,Rabi,NA Land ,0-8-0.00,2022-01-04,,,12.8480621,75.03106,
440800387,24,Dakshina Kannada,2,Bantwal,2,PANEMANGALURU,25,SAJIPA MUDA,119,2021-2022,2,Rabi,NA Land ,0-52-0.00,2022-01-04,,,12.8480442,75.0310293,
440800416,24,Dakshina Kannada,2,Bantwal,2,PANEMANGALURU,25,SAJIPA MUDA,119,2021-2022,2,Rabi,NA Land ,0-16-0.00,2022-01-04,,,12.848042,75.0310526,
440800638,24,Dakshina Kannada,2,Bantwal,2,PANEMANGALURU,25,SAJIPA MUDA,119,2021-2022,2,Rabi,NA Land ,0-7-0.00,2022-01-04,,,12.8480288,75.0310921,
440778145,24,Dakshina Kannada,2,Bantwal,2,PANEMANGALURU,25,SAJIPA MUDA,119,2021-2022,2,Rabi,Betel Nuts (Areca nuts),0-35-0.00,2022-01-04,,,12.832101,75.0330337,
440778145,24,Dakshina Kannada,2,Bantwal,2,PANEMANGALURU,25,SAJIPA MUDA,119,2021-2022,2,Rabi,Betel Nuts (Areca nuts),0-35-0.00,2022-01-04,,,12.8321096,75.0330393,
440763475,24,Dakshina Kannada,2,Bantwal,2,PANEMANGALURU,25,SAJIPA MUDA,119,2021-2022,2,Rabi,Fallow,0-33-50.00,2022-01-04,,,12.8500351,75.016777,
440763481,24,Dakshina Kannada,2,Bantwal,2,PANEMANGALURU,25,SAJIPA MUDA,119,2021-2022,2,Rabi,Fallow,0-23-0.00,2022-01-04,,,12.8500263,75.0167641,
440763492,24,Dakshina Kannada,2,Bantwal,2,PANEMANGALURU,25,SAJIPA MUDA,119,2021-2022,2,Rabi,Fallow,1-14-0.00,2022-01-04,,,12.8500572,75.0174454,
440763524,24,Dakshina Kannada,2,Bantwal,2,PANEMANGALURU,25,SAJIPA MUDA,119,2021-2022,2,Rabi,Fallow,0-8-0.00,2022-01-04,,,12.8485878,75.0175203,
440763530,24,Dakshina Kannada,2,Bantwal,2,PANEMANGALURU,25,SAJIPA MUDA,119,2021-2022,2,Rabi,Fallow,1-34-0.00,2022-01-04,,,12.8480693,75.0168148,
440763556,24,Dakshina Kannada,2,Bantwal,2,PANEMANGALURU,25,SAJIPA MUDA,119,2021-2022,2,Rabi,Fallow,0-69-0.00,2022-01-04,,,12.8525281,75.0160897,
440763559,24,Dakshina Kannada,2,Bantwal,2,PANEMANGALURU,25,SAJIPA MUDA,119,2021-2022,2,Rabi,Fallow,0-52-0.00,2022-01-04,,,12.8525483,75.0160998,
440856295,24,Dakshina Kannada,2,Bantwal,2,PANEMANGALURU,2,AMTURU,119,2021-2022,2,Rabi,Fallow,0-15-0.00,2022-01-05,,,12.8481321,75.0505512,
440856319,24,Dakshina Kannada,2,Bantwal,2,PANEMANGALURU,2,AMTURU,119,2021-2022,2,Rabi,Fallow,0-2-0.00,2022-01-05,,,12.8494075,75.0527787,
440856320,24,Dakshina Kannada,2,Bantwal,2,PANEMANGALURU,2,AMTURU,119,2021-2022,2,Rabi,Fallow,0-70-0.00,2022-01-05,,,12.849419,75.0527781,
440856323,24,Dakshina Kannada,2,Bantwal,2,PANEMANGALURU,2,AMTURU,119,2021-2022,2,Rabi,Fallow,0-75-0.00,2022-01-05,,,12.8494248,75.0527717,
440856324,24,Dakshina Kannada,2,Bantwal,2,PANEMANGALURU,2,AMTURU,119,2021-2022,2,Rabi,Fallow,1-96-0.00,2022-01-05,,,12.8494244,75.0527718,
440856343,24,Dakshina Kannada,2,Bantwal,2,PANEMANGALURU,2,AMTURU,119,2021-2022,2,Rabi,Fallow,0-5-0.00,2022-01-05,,,12.8479659,75.0549846,
440856370,24,Dakshina Kannada,2,Bantwal,2,PANEMANGALURU,2,AMTURU,119,2021-2022,2,Rabi,NA Land ,0-3-0.00,2022-01-05,,,12.8469036,75.0583073,
440856400,24,Dakshina Kannada,2,Bantwal,2,PANEMANGALURU,2,AMTURU,119,2021-2022,2,Rabi,Fallow,0-20-0.00,2022-01-05,,,12.8469205,75.0583307,
440856412,24,Dakshina Kannada,2,Bantwal,2,PANEMANGALURU,2,AMTURU,119,2021-2022,2,Rabi,NA Land ,0-7-0.00,2022-01-05,,,12.8469189,75.0583285,
440856441,24,Dakshina Kannada,2,Bantwal,2,PANEMANGALURU,2,AMTURU,119,2021-2022,2,Rabi,Fallow,0-13-0.00,2022-01-05,,,12.8464023,75.0586327,
440856442,24,Dakshina Kannada,2,Bantwal,2,PANEMANGALURU,2,AMTURU,119,2021-2022,2,Rabi,NA Land ,0-8-0.00,2022-01-05,,,12.845264,75.0594271,
440856445,24,Dakshina Kannada,2,Bantwal,2,PANEMANGALURU,2,AMTURU,119,2021-2022,2,Rabi,Fallow,0-7-0.00,2022-01-05,,,12.8437529,75.0605043,
440856454,24,Dakshina Kannada,2,Bantwal,2,PANEMANGALURU,2,AMTURU,119,2021-2022,2,Rabi,Fallow,0-71-0.00,2022-01-05,,,12.8437521,75.0605042,
440856465,24,Dakshina Kannada,2,Bantwal,2,PANEMANGALURU,2,AMTURU,119,2021-2022,2,Rabi,Fallow,0-12-0.00,2022-01-05,,,12.8431834,75.0589092,
440856504,24,Dakshina Kannada,2,Bantwal,2,PANEMANGALURU,2,AMTURU,119,2021-2022,2,Rabi,Fallow,0-7-25.00,2022-01-05,,,12.8424366,75.0493727,
440875694,24,Dakshina Kannada,2,Bantwal,2,PANEMANGALURU,25,SAJIPA MUDA,119,2021-2022,2,Rabi,Fallow,0-25-0.00,2022-01-05,,,12.8540793,75.0192142,
440875722,24,Dakshina Kannada,2,Bantwal,2,PANEMANGALURU,25,SAJIPA MUDA,119,2021-2022,2,Rabi,Fallow,0-13-0.00,2022-01-05,,,12.8539333,75.0191625,
440875669,24,Dakshina Kannada,2,Bantwal,2,PANEMANGALURU,25,SAJIPA MUDA,119,2021-2022,2,Rabi,Fallow,0-20-0.00,2022-01-05,,,12.8541508,75.0197009,
440875702,24,Dakshina Kannada,2,Bantwal,2,PANEMANGALURU,25,SAJIPA MUDA,119,2021-2022,2,Rabi,NA Land ,0-5-0.00,2022-01-05,,,12.8542419,75.0198797,
440875702,24,Dakshina Kannada,2,Bantwal,2,PANEMANGALURU,25,SAJIPA MUDA,119,2021-2022,2,Rabi,Fallow,0-66-0.00,2022-01-05,,,12.8542359,75.0201103,
440875708,24,Dakshina Kannada,2,Bantwal,2,PANEMANGALURU,25,SAJIPA MUDA,119,2021-2022,2,Rabi,Fallow,0-12-0.00,2022-01-05,,,12.8539875,75.0191281,
440875688,24,Dakshina Kannada,2,Bantwal,2,PANEMANGALURU,25,SAJIPA MUDA,119,2021-2022,2,Rabi,Fallow,0-2-0.00,2022-01-05,,,12.8540097,75.0195331,
440875733,24,Dakshina Kannada,2,Bantwal,2,PANEMANGALURU,25,SAJIPA MUDA,119,2021-2022,2,Rabi,NA Land ,0-10-0.00,2022-01-05,,,12.8539867,75.0192217,
440875733,24,Dakshina Kannada,2,Bantwal,2,PANEMANGALURU,25,SAJIPA MUDA,119,2021-2022,2,Rabi,Betel Nuts (Areca nuts),0-85-0.00,2022-01-05,,,12.8539983,75.0192117,
440875739,24,Dakshina Kannada,2,Bantwal,2,PANEMANGALURU,25,SAJIPA MUDA,119,2021-2022,2,Rabi,Fallow,0-6-50.00,2022-01-05,,,12.8539317,75.019247,
440875751,24,Dakshina Kannada,2,Bantwal,2,PANEMANGALURU,25,SAJIPA MUDA,119,2021-2022,2,Rabi,NA Land ,0-12-0.00,2022-01-05,,,12.8541764,75.0197341,
440875803,24,Dakshina Kannada,2,Bantwal,2,PANEMANGALURU,25,SAJIPA MUDA,119,2021-2022,2,Rabi,Fallow,0-2-0.00,2022-01-05,,,12.8547892,75.0172354,
440845985,24,Dakshina Kannada,2,Bantwal,2,PANEMANGALURU,25,SAJIPA MUDA,119,2021-2022,2,Rabi,NA Land ,0-62-0.00,2022-01-05,,,12.8501474,75.0312704,
440845928,24,Dakshina Kannada,2,Bantwal,2,PANEMANGALURU,25,SAJIPA MUDA,119,2021-2022,2,Rabi,NA Land ,0-13-0.00,2022-01-05,,,12.852918,75.0314587,
440845946,24,Dakshina Kannada,2,Bantwal,2,PANEMANGALURU,25,SAJIPA MUDA,119,2021-2022,2,Rabi,NA Land ,0-1-0.00,2022-01-05,,,12.8503171,75.03084,
440845974,24,Dakshina Kannada,2,Bantwal,2,PANEMANGALURU,25,SAJIPA MUDA,119,2021-2022,2,Rabi,NA Land ,0-6-0.00,2022-01-05,,,12.8501492,75.0312702,
440846015,24,Dakshina Kannada,2,Bantwal,2,PANEMANGALURU,25,SAJIPA MUDA,119,2021-2022,2,Rabi,NA Land ,0-12-0.00,2022-01-05,,,12.8501103,75.0313201,
440846082,24,Dakshina Kannada,2,Bantwal,2,PANEMANGALURU,25,SAJIPA MUDA,119,2021-2022,2,Rabi,NA Land ,0-34-0.00,2022-01-05,,,12.8528483,75.0314927,
440846121,24,Dakshina Kannada,2,Bantwal,2,PANEMANGALURU,25,SAJIPA MUDA,119,2021-2022,2,Rabi,NA Land ,0-2-0.00,2022-01-05,,,12.8529355,75.0314942,
440846183,24,Dakshina Kannada,2,Bantwal,2,PANEMANGALURU,25,SAJIPA MUDA,119,2021-2022,2,Rabi,NA Land ,0-17-0.00,2022-01-05,,,12.8541133,75.0356741,
440855142,24,Dakshina Kannada,2,Bantwal,2,PANEMANGALURU,2,AMTURU,119,2021-2022,2,Rabi,NA Land ,0-10-0.00,2022-01-05,,,12.8455339,75.0480653,
440855154,24,Dakshina Kannada,2,Bantwal,2,PANEMANGALURU,2,AMTURU,119,2021-2022,2,Rabi,Fallow,0-8-0.00,2022-01-05,,,12.8463943,75.0484119,
440846310,24,Dakshina Kannada,2,Bantwal,2,PANEMANGALURU,25,SAJIPA MUDA,119,2021-2022,2,Rabi,NA Land ,0-1-0.00,2022-01-05,,,12.8540516,75.0356437,
440846315,24,Dakshina Kannada,2,Bantwal,2,PANEMANGALURU,25,SAJIPA MUDA,119,2021-2022,2,Rabi,NA Land ,0-25-0.00,2022-01-05,,,12.8557687,75.0352979,
440846387,24,Dakshina Kannada,2,Bantwal,2,PANEMANGALURU,25,SAJIPA MUDA,119,2021-2022,2,Rabi,NA Land ,0-10-0.00,2022-01-05,,,12.8556477,75.0333913,
440856178,24,Dakshina Kannada,2,Bantwal,2,PANEMANGALURU,2,AMTURU,119,2021-2022,2,Rabi,Fallow,0-30-0.00,2022-01-05,,,12.8456335,75.0494747,
440856191,24,Dakshina Kannada,2,Bantwal,2,PANEMANGALURU,2,AMTURU,119,2021-2022,2,Rabi,Fallow,0-25-0.00,2022-01-05,,,12.8456317,75.0494851,
440856218,24,Dakshina Kannada,2,Bantwal,2,PANEMANGALURU,2,AMTURU,119,2021-2022,2,Rabi,Fallow,0-11-0.00,2022-01-05,,,12.8444497,75.0508026,
440855159,24,Dakshina Kannada,2,Bantwal,2,PANEMANGALURU,2,AMTURU,119,2021-2022,2,Rabi,Fallow,0-1-0.00,2022-01-05,,,12.8463329,75.0485114,
440856231,24,Dakshina Kannada,2,Bantwal,2,PANEMANGALURU,2,AMTURU,119,2021-2022,2,Rabi,Fallow,0-11-0.00,2022-01-05,,,12.8444502,75.0508021,
440856260,24,Dakshina Kannada,2,Bantwal,2,PANEMANGALURU,2,AMTURU,119,2021-2022,2,Rabi,Fallow,0-60-0.00,2022-01-05,,,12.8456845,75.0515611,
440856282,24,Dakshina Kannada,2,Bantwal,2,PANEMANGALURU,2,AMTURU,119,2021-2022,2,Rabi,Fallow,0-22-0.00,2022-01-05,,,12.8478649,75.0517324,
440856302,24,Dakshina Kannada,2,Bantwal,2,PANEMANGALURU,2,AMTURU,119,2021-2022,2,Rabi,Fallow,0-32-0.00,2022-01-05,,,12.8485199,75.0491807,
440856327,24,Dakshina Kannada,2,Bantwal,2,PANEMANGALURU,2,AMTURU,119,2021-2022,2,Rabi,NA Land ,0-2-0.00,2022-01-05,,,12.8479782,75.0543472,
440845907,24,Dakshina Kannada,2,Bantwal,2,PANEMANGALURU,25,SAJIPA MUDA,119,2021-2022,2,Rabi,NA Land ,0-32-0.00,2022-01-05,,,12.852913,75.0314528,
440845911,24,Dakshina Kannada,2,Bantwal,2,PANEMANGALURU,25,SAJIPA MUDA,119,2021-2022,2,Rabi,NA Land ,0-23-0.00,2022-01-05,,,12.8529175,75.0314555,
440845962,24,Dakshina Kannada,2,Bantwal,2,PANEMANGALURU,25,SAJIPA MUDA,119,2021-2022,2,Rabi,NA Land ,0-10-0.00,2022-01-05,,,12.8501382,75.0312704,
440845992,24,Dakshina Kannada,2,Bantwal,2,PANEMANGALURU,25,SAJIPA MUDA,119,2021-2022,2,Rabi,NA Land ,0-1-0.00,2022-01-05,,,12.8501448,75.0312701,
440846020,24,Dakshina Kannada,2,Bantwal,2,PANEMANGALURU,25,SAJIPA MUDA,119,2021-2022,2,Rabi,NA Land ,0-13-0.00,2022-01-05,,,12.8521964,75.0305618,
440894984,24,Dakshina Kannada,2,Bantwal,2,PANEMANGALURU,25,SAJIPA MUDA,119,2021-2022,2,Rabi,Fallow,0-20-0.00,2022-01-05,,,12.8556561,75.0126937,
440894759,24,Dakshina Kannada,2,Bantwal,2,PANEMANGALURU,25,SAJIPA MUDA,119,2021-2022,2,Rabi,Fallow,0-8-0.00,2022-01-05,,,12.8557005,75.0152561,
440894984,24,Dakshina Kannada,2,Bantwal,2,PANEMANGALURU,25,SAJIPA MUDA,119,2021-2022,2,Rabi,Betel Nuts (Areca nuts),0-37-0.00,2022-01-05,,,12.8556705,75.0126992,
440894844,24,Dakshina Kannada,2,Bantwal,2,PANEMANGALURU,25,SAJIPA MUDA,119,2021-2022,2,Rabi,Fallow,0-1-0.00,2022-01-05,,,12.8548392,75.0143329,
440894860,24,Dakshina Kannada,2,Bantwal,2,PANEMANGALURU,25,SAJIPA MUDA,119,2021-2022,2,Rabi,Fallow,0-14-0.00,2022-01-05,,,12.8546829,75.0143616,
440894887,24,Dakshina Kannada,2,Bantwal,2,PANEMANGALURU,25,SAJIPA MUDA,119,2021-2022,2,Rabi,Fallow,0-30-0.00,2022-01-05,,,12.8545681,75.0143906,
440894955,24,Dakshina Kannada,2,Bantwal,2,PANEMANGALURU,25,SAJIPA MUDA,119,2021-2022,2,Rabi,Fallow,0-13-0.00,2022-01-05,,,12.8555794,75.0126508,
440894022,24,Dakshina Kannada,2,Bantwal,2,PANEMANGALURU,25,SAJIPA MUDA,119,2021-2022,2,Rabi,NA Land ,0-7-0.00,2022-01-05,,,12.8542449,75.0179518,
440894022,24,Dakshina Kannada,2,Bantwal,2,PANEMANGALURU,25,SAJIPA MUDA,119,2021-2022,2,Rabi,Fallow,0-90-0.00,2022-01-05,,,12.8543117,75.0180371,
440894173,24,Dakshina Kannada,2,Bantwal,2,PANEMANGALURU,25,SAJIPA MUDA,119,2021-2022,2,Rabi,Fallow,1-25-0.00,2022-01-05,,,12.8532016,75.0177153,
440894257,24,Dakshina Kannada,2,Bantwal,2,PANEMANGALURU,25,SAJIPA MUDA,119,2021-2022,2,Rabi,Fallow,0-1-50.00,2022-01-05,,,12.8526687,75.019472,
440894352,24,Dakshina Kannada,2,Bantwal,2,PANEMANGALURU,25,SAJIPA MUDA,119,2021-2022,2,Rabi,Fallow,0-5-0.00,2022-01-05,,,12.8548336,75.0159919,
440894384,24,Dakshina Kannada,2,Bantwal,2,PANEMANGALURU,25,SAJIPA MUDA,119,2021-2022,2,Rabi,Fallow,1-2-0.00,2022-01-05,,,12.8545241,75.0159798,
440894709,24,Dakshina Kannada,2,Bantwal,2,PANEMANGALURU,25,SAJIPA MUDA,119,2021-2022,2,Rabi,Fallow,0-1-0.00,2022-01-05,,,12.8556817,75.0151011,
440894746,24,Dakshina Kannada,2,Bantwal,2,PANEMANGALURU,25,SAJIPA MUDA,119,2021-2022,2,Rabi,Fallow,0-6-50.00,2022-01-05,,,12.8556811,75.0151637,
440894989,24,Dakshina Kannada,2,Bantwal,2,PANEMANGALURU,25,SAJIPA MUDA,119,2021-2022,2,Rabi,Fallow,0-20-0.00,2022-01-05,,,12.8556844,75.0126532,
440894989,24,Dakshina Kannada,2,Bantwal,2,PANEMANGALURU,25,SAJIPA MUDA,119,2021-2022,2,Rabi,Coconut,0-36-0.00,2022-01-05,,,12.8556593,75.0127105,
440895011,24,Dakshina Kannada,2,Bantwal,2,PANEMANGALURU,25,SAJIPA MUDA,119,2021-2022,2,Rabi,NA Land ,0-8-0.00,2022-01-05,,,12.8556519,75.0126711,
440895011,24,Dakshina Kannada,2,Bantwal,2,PANEMANGALURU,25,SAJIPA MUDA,119,2021-2022,2,Rabi,Fallow,0-50-0.00,2022-01-05,,,12.8556486,75.0127229,
440895020,24,Dakshina Kannada,2,Bantwal,2,PANEMANGALURU,25,SAJIPA MUDA,119,2021-2022,2,Rabi,Fallow,0-10-0.00,2022-01-05,,,12.8555937,75.0127019,
440893988,24,Dakshina Kannada,2,Bantwal,2,PANEMANGALURU,25,SAJIPA MUDA,119,2021-2022,2,Rabi,Fallow,0-25-0.00,2022-01-05,,,12.8541911,75.0179612,
440894154,24,Dakshina Kannada,2,Bantwal,2,PANEMANGALURU,25,SAJIPA MUDA,119,2021-2022,2,Rabi,Fallow,0-60-0.00,2022-01-05,,,12.853374,75.0177213,
440894190,24,Dakshina Kannada,2,Bantwal,2,PANEMANGALURU,25,SAJIPA MUDA,119,2021-2022,2,Rabi,Fallow,0-34-0.00,2022-01-05,,,12.8530853,75.0177367,
440894242,24,Dakshina Kannada,2,Bantwal,2,PANEMANGALURU,25,SAJIPA MUDA,119,2021-2022,2,Rabi,Fallow,0-98-0.00,2022-01-05,,,12.8527017,75.01948,
440894291,24,Dakshina Kannada,2,Bantwal,2,PANEMANGALURU,25,SAJIPA MUDA,119,2021-2022,2,Rabi,Fallow,0-20-0.00,2022-01-05,,,12.8527131,75.0193548,
440894343,24,Dakshina Kannada,2,Bantwal,2,PANEMANGALURU,25,SAJIPA MUDA,119,2021-2022,2,Rabi,Fallow,0-68-0.00,2022-01-05,,,12.8527886,75.0192615,
440894404,24,Dakshina Kannada,2,Bantwal,2,PANEMANGALURU,25,SAJIPA MUDA,119,2021-2022,2,Rabi,Fallow,0-62-0.00,2022-01-05,,,12.8544213,75.0159414,
440846022,24,Dakshina Kannada,2,Bantwal,2,PANEMANGALURU,25,SAJIPA MUDA,119,2021-2022,2,Rabi,NA Land ,0-27-0.00,2022-01-05,,,12.852188,75.0305587,
440846071,24,Dakshina Kannada,2,Bantwal,2,PANEMANGALURU,25,SAJIPA MUDA,119,2021-2022,2,Rabi,NA Land ,0-10-0.00,2022-01-05,,,12.8521715,75.0305915,
440846088,24,Dakshina Kannada,2,Bantwal,2,PANEMANGALURU,25,SAJIPA MUDA,119,2021-2022,2,Rabi,NA Land ,0-2-0.00,2022-01-05,,,12.8528748,75.0314867,
440846139,24,Dakshina Kannada,2,Bantwal,2,PANEMANGALURU,25,SAJIPA MUDA,119,2021-2022,2,Rabi,NA Land ,0-1-0.00,2022-01-05,,,12.8541142,75.0356869,
440846151,24,Dakshina Kannada,2,Bantwal,2,PANEMANGALURU,25,SAJIPA MUDA,119,2021-2022,2,Rabi,NA Land ,0-11-0.00,2022-01-05,,,12.8541051,75.0356801,
440855175,24,Dakshina Kannada,2,Bantwal,2,PANEMANGALURU,2,AMTURU,119,2021-2022,2,Rabi,Fallow,1-36-0.00,2022-01-05,,,12.8463352,75.0485156,
440846321,24,Dakshina Kannada,2,Bantwal,2,PANEMANGALURU,25,SAJIPA MUDA,119,2021-2022,2,Rabi,NA Land ,0-25-0.00,2022-01-05,,,12.8557737,75.0352884,
440845919,24,Dakshina Kannada,2,Bantwal,2,PANEMANGALURU,25,SAJIPA MUDA,119,2021-2022,2,Rabi,Betel Nuts (Areca nuts),0-50-0.00,2022-01-05,,,12.8529078,75.0314462,
440845919,24,Dakshina Kannada,2,Bantwal,2,PANEMANGALURU,25,SAJIPA MUDA,119,2021-2022,2,Rabi,Betel Nuts (Areca nuts),0-50-0.00,2022-01-05,,,12.8529129,75.0314562,
440845943,24,Dakshina Kannada,2,Bantwal,2,PANEMANGALURU,25,SAJIPA MUDA,119,2021-2022,2,Rabi,NA Land ,0-14-0.00,2022-01-05,,,12.850315,75.0308381,
440845950,24,Dakshina Kannada,2,Bantwal,2,PANEMANGALURU,25,SAJIPA MUDA,119,2021-2022,2,Rabi,NA Land ,0-4-0.00,2022-01-05,,,12.8503423,75.0308232,
440846355,24,Dakshina Kannada,2,Bantwal,2,PANEMANGALURU,25,SAJIPA MUDA,119,2021-2022,2,Rabi,NA Land ,0-15-0.00,2022-01-05,,,12.8557877,75.0353112,
440846381,24,Dakshina Kannada,2,Bantwal,2,PANEMANGALURU,25,SAJIPA MUDA,119,2021-2022,2,Rabi,NA Land ,0-5-0.00,2022-01-05,,,12.8556439,75.0333605,
440846406,24,Dakshina Kannada,2,Bantwal,2,PANEMANGALURU,25,SAJIPA MUDA,119,2021-2022,2,Rabi,NA Land ,0-3-25.00,2022-01-05,,,12.855678,75.0334486,
440845966,24,Dakshina Kannada,2,Bantwal,2,PANEMANGALURU,25,SAJIPA MUDA,119,2021-2022,2,Rabi,NA Land ,0-7-0.00,2022-01-05,,,12.8501454,75.0312753,
440845981,24,Dakshina Kannada,2,Bantwal,2,PANEMANGALURU,25,SAJIPA MUDA,119,2021-2022,2,Rabi,NA Land ,0-14-0.00,2022-01-05,,,12.850148,75.031267,
440845998,24,Dakshina Kannada,2,Bantwal,2,PANEMANGALURU,25,SAJIPA MUDA,119,2021-2022,2,Rabi,NA Land ,0-9-0.00,2022-01-05,,,12.8501438,75.0312704,
440846004,24,Dakshina Kannada,2,Bantwal,2,PANEMANGALURU,25,SAJIPA MUDA,119,2021-2022,2,Rabi,Betel Nuts (Areca nuts),0-35-0.00,2022-01-05,,,12.850101,75.0313344,
440846004,24,Dakshina Kannada,2,Bantwal,2,PANEMANGALURU,25,SAJIPA MUDA,119,2021-2022,2,Rabi,Betel Nuts (Areca nuts),0-35-0.00,2022-01-05,,,12.8501011,75.0313315,
440846027,24,Dakshina Kannada,2,Bantwal,2,PANEMANGALURU,25,SAJIPA MUDA,119,2021-2022,2,Rabi,NA Land ,0-13-0.00,2022-01-05,,,12.8521866,75.0305651,
440846062,24,Dakshina Kannada,2,Bantwal,2,PANEMANGALURU,25,SAJIPA MUDA,119,2021-2022,2,Rabi,NA Land ,0-42-0.00,2022-01-05,,,12.8521703,75.030589,
440846103,24,Dakshina Kannada,2,Bantwal,2,PANEMANGALURU,25,SAJIPA MUDA,119,2021-2022,2,Rabi,NA Land ,1-40-0.00,2022-01-05,,,12.8528831,75.0314911,
440856359,24,Dakshina Kannada,2,Bantwal,2,PANEMANGALURU,2,AMTURU,119,2021-2022,2,Rabi,Fallow,0-1-0.00,2022-01-05,,,12.8477419,75.0568612,
440856386,24,Dakshina Kannada,2,Bantwal,2,PANEMANGALURU,2,AMTURU,119,2021-2022,2,Rabi,Fallow,0-8-0.00,2022-01-05,,,12.8469156,75.0583215,
440856390,24,Dakshina Kannada,2,Bantwal,2,PANEMANGALURU,2,AMTURU,119,2021-2022,2,Rabi,Fallow,0-35-0.00,2022-01-05,,,12.8469205,75.0583329,
440856447,24,Dakshina Kannada,2,Bantwal,2,PANEMANGALURU,2,AMTURU,119,2021-2022,2,Rabi,Fallow,0-70-0.00,2022-01-05,,,12.8437527,75.0605044,
440856471,24,Dakshina Kannada,2,Bantwal,2,PANEMANGALURU,2,AMTURU,119,2021-2022,2,Rabi,NA Land ,0-10-0.00,2022-01-05,,,12.842133,75.0550596,
440846158,24,Dakshina Kannada,2,Bantwal,2,PANEMANGALURU,25,SAJIPA MUDA,119,2021-2022,2,Rabi,NA Land ,0-40-0.00,2022-01-05,,,12.8541035,75.0356729,
440856481,24,Dakshina Kannada,2,Bantwal,2,PANEMANGALURU,2,AMTURU,119,2021-2022,2,Rabi,NA Land ,0-16-0.00,2022-01-05,,,12.8405174,75.0498395,
440856488,24,Dakshina Kannada,2,Bantwal,2,PANEMANGALURU,2,AMTURU,119,2021-2022,2,Rabi,Fallow,0-10-0.00,2022-01-05,,,12.8424376,75.0493737,
440856506,24,Dakshina Kannada,2,Bantwal,2,PANEMANGALURU,2,AMTURU,119,2021-2022,2,Rabi,Fallow,0-94-0.00,2022-01-05,,,12.8424367,75.0493727,
440856510,24,Dakshina Kannada,2,Bantwal,2,PANEMANGALURU,2,AMTURU,119,2021-2022,2,Rabi,Fallow,0-28-0.00,2022-01-05,,,12.8424364,75.0493728,
440846375,24,Dakshina Kannada,2,Bantwal,2,PANEMANGALURU,25,SAJIPA MUDA,119,2021-2022,2,Rabi,NA Land ,2-0-0.00,2022-01-05,,,12.8556395,75.0333248,
440846378,24,Dakshina Kannada,2,Bantwal,2,PANEMANGALURU,25,SAJIPA MUDA,119,2021-2022,2,Rabi,NA Land ,3-86-0.00,2022-01-05,,,12.8556316,75.0333511,
440846392,24,Dakshina Kannada,2,Bantwal,2,PANEMANGALURU,25,SAJIPA MUDA,119,2021-2022,2,Rabi,NA Land ,0-5-0.00,2022-01-05,,,12.8556475,75.0334282,
440846409,24,Dakshina Kannada,2,Bantwal,2,PANEMANGALURU,25,SAJIPA MUDA,119,2021-2022,2,Rabi,NA Land ,0-15-0.00,2022-01-05,,,12.8556699,75.0334576,
440856237,24,Dakshina Kannada,2,Bantwal,2,PANEMANGALURU,2,AMTURU,119,2021-2022,2,Rabi,Fallow,0-3-0.00,2022-01-05,,,12.8444487,75.0507729,
440855206,24,Dakshina Kannada,2,Bantwal,2,PANEMANGALURU,2,AMTURU,119,2021-2022,2,Rabi,Fallow,0-40-0.00,2022-01-05,,,12.8464842,75.0474896,
440855211,24,Dakshina Kannada,2,Bantwal,2,PANEMANGALURU,2,AMTURU,119,2021-2022,2,Rabi,Fallow,0-22-0.00,2022-01-05,,,12.8464793,75.0474803,
440856271,24,Dakshina Kannada,2,Bantwal,2,PANEMANGALURU,2,AMTURU,119,2021-2022,2,Rabi,Fallow,0-5-0.00,2022-01-05,,,12.846816,75.0527436,
440856284,24,Dakshina Kannada,2,Bantwal,2,PANEMANGALURU,2,AMTURU,119,2021-2022,2,Rabi,Fallow,1-6-0.00,2022-01-05,,,12.8478706,75.0517329,
440856297,24,Dakshina Kannada,2,Bantwal,2,PANEMANGALURU,2,AMTURU,119,2021-2022,2,Rabi,Fallow,0-3-0.00,2022-01-05,,,12.8481321,75.0505514,
440856298,24,Dakshina Kannada,2,Bantwal,2,PANEMANGALURU,2,AMTURU,119,2021-2022,2,Rabi,Fallow,0-7-0.00,2022-01-05,,,12.8481341,75.0505574,
440856299,24,Dakshina Kannada,2,Bantwal,2,PANEMANGALURU,2,AMTURU,119,2021-2022,2,Rabi,Fallow,0-67-0.00,2022-01-05,,,12.8481336,75.0505569,
440856313,24,Dakshina Kannada,2,Bantwal,2,PANEMANGALURU,2,AMTURU,119,2021-2022,2,Rabi,Fallow,1-77-0.00,2022-01-05,,,12.8485743,75.0519175,
440856315,24,Dakshina Kannada,2,Bantwal,2,PANEMANGALURU,2,AMTURU,119,2021-2022,2,Rabi,Fallow,0-90-0.00,2022-01-05,,,12.8485768,75.0519168,
440856349,24,Dakshina Kannada,2,Bantwal,2,PANEMANGALURU,2,AMTURU,119,2021-2022,2,Rabi,Fallow,0-95-0.00,2022-01-05,,,12.8478909,75.056078,
440856355,24,Dakshina Kannada,2,Bantwal,2,PANEMANGALURU,2,AMTURU,119,2021-2022,2,Rabi,Fallow,0-19-0.00,2022-01-05,,,12.8476983,75.0568741,
440856365,24,Dakshina Kannada,2,Bantwal,2,PANEMANGALURU,2,AMTURU,119,2021-2022,2,Rabi,Fallow,0-64-0.00,2022-01-05,,,12.8468915,75.0583274,
440856402,24,Dakshina Kannada,2,Bantwal,2,PANEMANGALURU,2,AMTURU,119,2021-2022,2,Rabi,Fallow,2-9-0.00,2022-01-05,,,12.8469189,75.0583309,
440856422,24,Dakshina Kannada,2,Bantwal,2,PANEMANGALURU,2,AMTURU,119,2021-2022,2,Rabi,Fallow,0-25-0.00,2022-01-05,,,12.8469178,75.058327,
440856430,24,Dakshina Kannada,2,Bantwal,2,PANEMANGALURU,2,AMTURU,119,2021-2022,2,Rabi,Fallow,0-23-0.00,2022-01-05,,,12.8469177,75.0583269,
440856436,24,Dakshina Kannada,2,Bantwal,2,PANEMANGALURU,2,AMTURU,119,2021-2022,2,Rabi,NA Land ,0-2-50.00,2022-01-05,,,12.846635,75.0577092,
440856439,24,Dakshina Kannada,2,Bantwal,2,PANEMANGALURU,2,AMTURU,119,2021-2022,2,Rabi,Fallow,0-50-0.00,2022-01-05,,,12.8465794,75.0577347,
440856451,24,Dakshina Kannada,2,Bantwal,2,PANEMANGALURU,2,AMTURU,119,2021-2022,2,Rabi,Fallow,0-20-0.00,2022-01-05,,,12.8437523,75.060504,
440856455,24,Dakshina Kannada,2,Bantwal,2,PANEMANGALURU,2,AMTURU,119,2021-2022,2,Rabi,Fallow,0-7-0.00,2022-01-05,,,12.8439498,75.0582012,
440856456,24,Dakshina Kannada,2,Bantwal,2,PANEMANGALURU,2,AMTURU,119,2021-2022,2,Rabi,Fallow,1-65-0.00,2022-01-05,,,12.8439507,75.0581951,
440856464,24,Dakshina Kannada,2,Bantwal,2,PANEMANGALURU,2,AMTURU,119,2021-2022,2,Rabi,Fallow,0-34-0.00,2022-01-05,,,12.8431835,75.0589092,
440856470,24,Dakshina Kannada,2,Bantwal,2,PANEMANGALURU,2,AMTURU,119,2021-2022,2,Rabi,Fallow,0-34-0.00,2022-01-05,,,12.8421326,75.0550591,
440856475,24,Dakshina Kannada,2,Bantwal,2,PANEMANGALURU,2,AMTURU,119,2021-2022,2,Rabi,Fallow,0-50-0.00,2022-01-05,,,12.8421333,75.0550606,
440855134,24,Dakshina Kannada,2,Bantwal,2,PANEMANGALURU,2,AMTURU,119,2021-2022,2,Rabi,NA Land ,0-8-0.00,2022-01-05,,,12.8455271,75.0480515,
440855190,24,Dakshina Kannada,2,Bantwal,2,PANEMANGALURU,2,AMTURU,119,2021-2022,2,Rabi,Betel Nuts (Areca nuts),1-15-0.00,2022-01-05,,,12.8463797,75.0482634,
440855219,24,Dakshina Kannada,2,Bantwal,2,PANEMANGALURU,2,AMTURU,119,2021-2022,2,Rabi,Fallow,0-50-0.00,2022-01-05,,,12.8464788,75.0474819,
440856180,24,Dakshina Kannada,2,Bantwal,2,PANEMANGALURU,2,AMTURU,119,2021-2022,2,Rabi,Fallow,0-30-0.00,2022-01-05,,,12.8456322,75.0494741,
440856202,24,Dakshina Kannada,2,Bantwal,2,PANEMANGALURU,2,AMTURU,119,2021-2022,2,Rabi,Fallow,0-80-0.00,2022-01-05,,,12.8456295,75.0494858,
440856248,24,Dakshina Kannada,2,Bantwal,2,PANEMANGALURU,2,AMTURU,119,2021-2022,2,Rabi,Fallow,0-31-0.00,2022-01-05,,,12.8444601,75.0507747,
440856289,24,Dakshina Kannada,2,Bantwal,2,PANEMANGALURU,2,AMTURU,119,2021-2022,2,Rabi,Fallow,0-94-0.00,2022-01-05,,,12.8481369,75.0506184,
440856307,24,Dakshina Kannada,2,Bantwal,2,PANEMANGALURU,2,AMTURU,119,2021-2022,2,Rabi,Fallow,0-52-0.00,2022-01-05,,,12.8485725,75.0519274,
440856309,24,Dakshina Kannada,2,Bantwal,2,PANEMANGALURU,2,AMTURU,119,2021-2022,2,Rabi,Fallow,0-64-0.00,2022-01-05,,,12.8485737,75.0519276,
440856325,24,Dakshina Kannada,2,Bantwal,2,PANEMANGALURU,2,AMTURU,119,2021-2022,2,Rabi,Fallow,1-72-0.00,2022-01-05,,,12.8494241,75.0527721,
440856332,24,Dakshina Kannada,2,Bantwal,2,PANEMANGALURU,2,AMTURU,119,2021-2022,2,Rabi,Fallow,0-9-0.00,2022-01-05,,,12.8479623,75.0549789,
440856336,24,Dakshina Kannada,2,Bantwal,2,PANEMANGALURU,2,AMTURU,119,2021-2022,2,Rabi,Betel Nuts (Areca nuts),0-61-0.00,2022-01-05,,,12.8479618,75.0549917,
440856341,24,Dakshina Kannada,2,Bantwal,2,PANEMANGALURU,2,AMTURU,119,2021-2022,2,Rabi,Betel Nuts (Areca nuts),0-74-0.00,2022-01-05,,,12.8479661,75.0549847,
440856373,24,Dakshina Kannada,2,Bantwal,2,PANEMANGALURU,2,AMTURU,119,2021-2022,2,Rabi,Fallow,0-23-0.00,2022-01-05,,,12.8468929,75.0583066,
440856383,24,Dakshina Kannada,2,Bantwal,2,PANEMANGALURU,2,AMTURU,119,2021-2022,2,Rabi,Fallow,0-2-0.00,2022-01-05,,,12.8469056,75.0583123,
440856406,24,Dakshina Kannada,2,Bantwal,2,PANEMANGALURU,2,AMTURU,119,2021-2022,2,Rabi,Fallow,0-3-0.00,2022-01-05,,,12.846919,75.0583307,
440856415,24,Dakshina Kannada,2,Bantwal,2,PANEMANGALURU,2,AMTURU,119,2021-2022,2,Rabi,Fallow,0-56-0.00,2022-01-05,,,12.8469186,75.0583282,
440856444,24,Dakshina Kannada,2,Bantwal,2,PANEMANGALURU,2,AMTURU,119,2021-2022,2,Rabi,Fallow,0-22-0.00,2022-01-05,,,12.8437492,75.0605089,
440856469,24,Dakshina Kannada,2,Bantwal,2,PANEMANGALURU,2,AMTURU,119,2021-2022,2,Rabi,Fallow,0-1-0.00,2022-01-05,,,12.8421156,75.0550608,
440856473,24,Dakshina Kannada,2,Bantwal,2,PANEMANGALURU,2,AMTURU,119,2021-2022,2,Rabi,Fallow,0-14-0.00,2022-01-05,,,12.8421332,75.0550605,
440856474,24,Dakshina Kannada,2,Bantwal,2,PANEMANGALURU,2,AMTURU,119,2021-2022,2,Rabi,Fallow,0-64-0.00,2022-01-05,,,12.8421334,75.0550606,
440856478,24,Dakshina Kannada,2,Bantwal,2,PANEMANGALURU,2,AMTURU,119,2021-2022,2,Rabi,Fallow,4-53-0.00,2022-01-05,,,12.8406229,75.0498153,
440856480,24,Dakshina Kannada,2,Bantwal,2,PANEMANGALURU,2,AMTURU,119,2021-2022,2,Rabi,NA Land ,0-19-0.00,2022-01-05,,,12.8406351,75.0498203,
440856512,24,Dakshina Kannada,2,Bantwal,2,PANEMANGALURU,2,AMTURU,119,2021-2022,2,Rabi,Fallow,0-28-0.00,2022-01-05,,,12.8424248,75.049354,
440856228,24,Dakshina Kannada,2,Bantwal,2,PANEMANGALURU,2,AMTURU,119,2021-2022,2,Rabi,Fallow,0-27-0.00,2022-01-05,,,12.8444502,75.050802,
440856268,24,Dakshina Kannada,2,Bantwal,2,PANEMANGALURU,2,AMTURU,119,2021-2022,2,Rabi,Fallow,0-3-0.00,2022-01-05,,,12.8468373,75.0527414,
440856269,24,Dakshina Kannada,2,Bantwal,2,PANEMANGALURU,2,AMTURU,119,2021-2022,2,Rabi,Fallow,0-16-0.00,2022-01-05,,,12.8468295,75.0527441,
440856277,24,Dakshina Kannada,2,Bantwal,2,PANEMANGALURU,2,AMTURU,119,2021-2022,2,Rabi,Fallow,1-3-0.00,2022-01-05,,,12.8468703,75.0529568,
440856279,24,Dakshina Kannada,2,Bantwal,2,PANEMANGALURU,2,AMTURU,119,2021-2022,2,Rabi,Fallow,0-1-0.00,2022-01-05,,,12.846866,75.0529611,
440856280,24,Dakshina Kannada,2,Bantwal,2,PANEMANGALURU,2,AMTURU,119,2021-2022,2,Rabi,Fallow,0-16-0.00,2022-01-05,,,12.8478882,75.0516847,
440856293,24,Dakshina Kannada,2,Bantwal,2,PANEMANGALURU,2,AMTURU,119,2021-2022,2,Rabi,Fallow,0-13-0.00,2022-01-05,,,12.8481366,75.0505471,
440856296,24,Dakshina Kannada,2,Bantwal,2,PANEMANGALURU,2,AMTURU,119,2021-2022,2,Rabi,Fallow,1-22-0.00,2022-01-05,,,12.8481321,75.0505514,
440856301,24,Dakshina Kannada,2,Bantwal,2,PANEMANGALURU,2,AMTURU,119,2021-2022,2,Rabi,Fallow,0-40-0.00,2022-01-05,,,12.8485193,75.0491755,
440856303,24,Dakshina Kannada,2,Bantwal,2,PANEMANGALURU,2,AMTURU,119,2021-2022,2,Rabi,Fallow,0-16-0.00,2022-01-05,,,12.8485333,75.049159,
440856305,24,Dakshina Kannada,2,Bantwal,2,PANEMANGALURU,2,AMTURU,119,2021-2022,2,Rabi,Fallow,1-20-0.00,2022-01-05,,,12.8485195,75.0491336,
440856306,24,Dakshina Kannada,2,Bantwal,2,PANEMANGALURU,2,AMTURU,119,2021-2022,2,Rabi,Fallow,0-62-0.00,2022-01-05,,,12.8485721,75.0519408,
440856321,24,Dakshina Kannada,2,Bantwal,2,PANEMANGALURU,2,AMTURU,119,2021-2022,2,Rabi,Fallow,1-48-0.00,2022-01-05,,,12.8494248,75.0527709,
440856339,24,Dakshina Kannada,2,Bantwal,2,PANEMANGALURU,2,AMTURU,119,2021-2022,2,Rabi,Fallow,0-20-0.00,2022-01-05,,,12.8479646,75.0549861,
440856345,24,Dakshina Kannada,2,Bantwal,2,PANEMANGALURU,2,AMTURU,119,2021-2022,2,Rabi,Coconut,0-30-0.00,2022-01-05,,,12.8479655,75.0549847,
440856357,24,Dakshina Kannada,2,Bantwal,2,PANEMANGALURU,2,AMTURU,119,2021-2022,2,Rabi,Fallow,0-75-0.00,2022-01-05,,,12.8476954,75.0568759,
440856366,24,Dakshina Kannada,2,Bantwal,2,PANEMANGALURU,2,AMTURU,119,2021-2022,2,Rabi,Fallow,0-74-50.00,2022-01-05,,,12.8469024,75.0583102,
440856380,24,Dakshina Kannada,2,Bantwal,2,PANEMANGALURU,2,AMTURU,119,2021-2022,2,Rabi,Fallow,0-26-0.00,2022-01-05,,,12.8469056,75.0583123,
440856433,24,Dakshina Kannada,2,Bantwal,2,PANEMANGALURU,2,AMTURU,119,2021-2022,2,Rabi,Fallow,0-68-0.00,2022-01-05,,,12.8466328,75.0576842,
440856449,24,Dakshina Kannada,2,Bantwal,2,PANEMANGALURU,2,AMTURU,119,2021-2022,2,Rabi,Fallow,0-50-0.00,2022-01-05,,,12.8437524,75.0605043,
440856462,24,Dakshina Kannada,2,Bantwal,2,PANEMANGALURU,2,AMTURU,119,2021-2022,2,Rabi,Fallow,0-47-0.00,2022-01-05,,,12.8431777,75.0589049,
440856476,24,Dakshina Kannada,2,Bantwal,2,PANEMANGALURU,2,AMTURU,119,2021-2022,2,Rabi,Fallow,0-44-0.00,2022-01-05,,,12.8421336,75.0550607,
440856477,24,Dakshina Kannada,2,Bantwal,2,PANEMANGALURU,2,AMTURU,119,2021-2022,2,Rabi,Fallow,0-11-0.00,2022-01-05,,,12.8421336,75.0550606,
440856485,24,Dakshina Kannada,2,Bantwal,2,PANEMANGALURU,2,AMTURU,119,2021-2022,2,Rabi,Fallow,0-26-0.00,2022-01-05,,,12.8422321,75.0493443,
440856496,24,Dakshina Kannada,2,Bantwal,2,PANEMANGALURU,2,AMTURU,119,2021-2022,2,Rabi,Fallow,0-23-0.00,2022-01-05,,,12.8424371,75.0493724,
440845916,24,Dakshina Kannada,2,Bantwal,2,PANEMANGALURU,25,SAJIPA MUDA,119,2021-2022,2,Rabi,NA Land ,0-5-0.00,2022-01-05,,,12.8529258,75.0314436,
440845954,24,Dakshina Kannada,2,Bantwal,2,PANEMANGALURU,25,SAJIPA MUDA,119,2021-2022,2,Rabi,NA Land ,0-12-0.00,2022-01-05,,,12.8503352,75.0308265,
440845930,24,Dakshina Kannada,2,Bantwal,2,PANEMANGALURU,25,SAJIPA MUDA,119,2021-2022,2,Rabi,NA Land ,0-3-0.00,2022-01-05,,,12.8503411,75.0308304,
440845939,24,Dakshina Kannada,2,Bantwal,2,PANEMANGALURU,25,SAJIPA MUDA,119,2021-2022,2,Rabi,NA Land ,0-11-0.00,2022-01-05,,,12.8503226,75.0308478,
440845958,24,Dakshina Kannada,2,Bantwal,2,PANEMANGALURU,25,SAJIPA MUDA,119,2021-2022,2,Rabi,Fallow,0-12-50.00,2022-01-05,,,12.850132,75.0312692,
440845970,24,Dakshina Kannada,2,Bantwal,2,PANEMANGALURU,25,SAJIPA MUDA,119,2021-2022,2,Rabi,Fallow,0-15-50.00,2022-01-05,,,12.850221,75.0312563,
440845996,24,Dakshina Kannada,2,Bantwal,2,PANEMANGALURU,25,SAJIPA MUDA,119,2021-2022,2,Rabi,NA Land ,0-1-0.00,2022-01-05,,,12.8501438,75.0312718,
440846035,24,Dakshina Kannada,2,Bantwal,2,PANEMANGALURU,25,SAJIPA MUDA,119,2021-2022,2,Rabi,NA Land ,0-22-0.00,2022-01-05,,,12.8521762,75.0305794,
440846048,24,Dakshina Kannada,2,Bantwal,2,PANEMANGALURU,25,SAJIPA MUDA,119,2021-2022,2,Rabi,NA Land ,0-9-0.00,2022-01-05,,,12.8521714,75.0305904,
440846099,24,Dakshina Kannada,2,Bantwal,2,PANEMANGALURU,25,SAJIPA MUDA,119,2021-2022,2,Rabi,NA Land ,0-9-0.00,2022-01-05,,,12.8528771,75.0314855,
440846176,24,Dakshina Kannada,2,Bantwal,2,PANEMANGALURU,25,SAJIPA MUDA,119,2021-2022,2,Rabi,NA Land ,0-15-0.00,2022-01-05,,,12.8541171,75.0356799,
440846324,24,Dakshina Kannada,2,Bantwal,2,PANEMANGALURU,25,SAJIPA MUDA,119,2021-2022,2,Rabi,Betel Nuts (Areca nuts),0-67-0.00,2022-01-05,,,12.8557684,75.0353024,
440846324,24,Dakshina Kannada,2,Bantwal,2,PANEMANGALURU,25,SAJIPA MUDA,119,2021-2022,2,Rabi,Betel Nuts (Areca nuts),0-67-0.00,2022-01-05,,,12.8557683,75.035303,
440846331,24,Dakshina Kannada,2,Bantwal,2,PANEMANGALURU,25,SAJIPA MUDA,119,2021-2022,2,Rabi,Betel Nuts (Areca nuts),0-36-0.00,2022-01-05,,,12.8557982,75.0352927,
440846331,24,Dakshina Kannada,2,Bantwal,2,PANEMANGALURU,25,SAJIPA MUDA,119,2021-2022,2,Rabi,Betel Nuts (Areca nuts),0-36-0.00,2022-01-05,,,12.8557842,75.0353081,
440846365,24,Dakshina Kannada,2,Bantwal,2,PANEMANGALURU,25,SAJIPA MUDA,119,2021-2022,2,Rabi,NA Land ,0-5-0.00,2022-01-05,,,12.8556411,75.0335369,
440846366,24,Dakshina Kannada,2,Bantwal,2,PANEMANGALURU,25,SAJIPA MUDA,119,2021-2022,2,Rabi,NA Land ,0-7-0.00,2022-01-05,,,12.8556458,75.0335255,
440846423,24,Dakshina Kannada,2,Bantwal,2,PANEMANGALURU,25,SAJIPA MUDA,119,2021-2022,2,Rabi,NA Land ,0-3-0.00,2022-01-05,,,12.8556781,75.0334591,
440846344,24,Dakshina Kannada,2,Bantwal,2,PANEMANGALURU,25,SAJIPA MUDA,119,2021-2022,2,Rabi,NA Land ,0-10-0.00,2022-01-05,,,12.8557844,75.035295,
440846348,24,Dakshina Kannada,2,Bantwal,2,PANEMANGALURU,25,SAJIPA MUDA,119,2021-2022,2,Rabi,NA Land ,0-9-0.00,2022-01-05,,,12.8557828,75.0352973,
440846352,24,Dakshina Kannada,2,Bantwal,2,PANEMANGALURU,25,SAJIPA MUDA,119,2021-2022,2,Rabi,NA Land ,0-35-0.00,2022-01-05,,,12.8557884,75.0353077,
440846369,24,Dakshina Kannada,2,Bantwal,2,PANEMANGALURU,25,SAJIPA MUDA,119,2021-2022,2,Rabi,NA Land ,1-20-0.00,2022-01-05,,,12.8556471,75.0335052,
440846389,24,Dakshina Kannada,2,Bantwal,2,PANEMANGALURU,25,SAJIPA MUDA,119,2021-2022,2,Rabi,NA Land ,0-5-0.00,2022-01-05,,,12.8556473,75.033402,
440846412,24,Dakshina Kannada,2,Bantwal,2,PANEMANGALURU,25,SAJIPA MUDA,119,2021-2022,2,Rabi,NA Land ,1-3-0.00,2022-01-05,,,12.8556714,75.0334548,
440846427,24,Dakshina Kannada,2,Bantwal,2,PANEMANGALURU,25,SAJIPA MUDA,119,2021-2022,2,Rabi,NA Land ,0-76-0.00,2022-01-05,,,12.8556827,75.0334663,
440875794,24,Dakshina Kannada,2,Bantwal,2,PANEMANGALURU,25,SAJIPA MUDA,119,2021-2022,2,Rabi,NA Land ,0-6-50.00,2022-01-05,,,12.8548056,75.0170552,
440875794,24,Dakshina Kannada,2,Bantwal,2,PANEMANGALURU,25,SAJIPA MUDA,119,2021-2022,2,Rabi,Fallow,0-60-0.00,2022-01-05,,,12.8547712,75.0170762,
440875814,24,Dakshina Kannada,2,Bantwal,2,PANEMANGALURU,25,SAJIPA MUDA,119,2021-2022,2,Rabi,Fallow,0-30-0.00,2022-01-05,,,12.8547866,75.0175158,
440875762,24,Dakshina Kannada,2,Bantwal,2,PANEMANGALURU,25,SAJIPA MUDA,119,2021-2022,2,Rabi,NA Land ,0-6-0.00,2022-01-05,,,12.8541603,75.0196293,
440894078,24,Dakshina Kannada,2,Bantwal,2,PANEMANGALURU,25,SAJIPA MUDA,119,2021-2022,2,Rabi,Fallow,0-45-0.00,2022-01-05,,,12.8537881,75.0177022,
440894062,24,Dakshina Kannada,2,Bantwal,2,PANEMANGALURU,25,SAJIPA MUDA,119,2021-2022,2,Rabi,Fallow,0-19-0.00,2022-01-05,,,12.8537717,75.0177283,
440894134,24,Dakshina Kannada,2,Bantwal,2,PANEMANGALURU,25,SAJIPA MUDA,119,2021-2022,2,Rabi,Fallow,0-22-0.00,2022-01-05,,,12.8534708,75.0177643,
440894309,24,Dakshina Kannada,2,Bantwal,2,PANEMANGALURU,25,SAJIPA MUDA,119,2021-2022,2,Rabi,Fallow,1-4-0.00,2022-01-05,,,12.8527866,75.0193131,
440894299,24,Dakshina Kannada,2,Bantwal,2,PANEMANGALURU,25,SAJIPA MUDA,119,2021-2022,2,Rabi,Fallow,0-78-0.00,2022-01-05,,,12.8527245,75.0193222,
440894359,24,Dakshina Kannada,2,Bantwal,2,PANEMANGALURU,25,SAJIPA MUDA,119,2021-2022,2,Rabi,Fallow,0-51-0.00,2022-01-05,,,12.8544281,75.016728,
440894415,24,Dakshina Kannada,2,Bantwal,2,PANEMANGALURU,25,SAJIPA MUDA,119,2021-2022,2,Rabi,Fallow,0-46-0.00,2022-01-05,,,12.8544165,75.0159948,
440894447,24,Dakshina Kannada,2,Bantwal,2,PANEMANGALURU,25,SAJIPA MUDA,119,2021-2022,2,Rabi,Fallow,0-72-0.00,2022-01-05,,,12.854425,75.0159782,
440894485,24,Dakshina Kannada,2,Bantwal,2,PANEMANGALURU,25,SAJIPA MUDA,119,2021-2022,2,Rabi,NA Land ,0-4-0.00,2022-01-05,,,12.8546957,75.0156462,
440894520,24,Dakshina Kannada,2,Bantwal,2,PANEMANGALURU,25,SAJIPA MUDA,119,2021-2022,2,Rabi,Fallow,1-37-0.00,2022-01-05,,,12.8546935,75.0156304,
440894583,24,Dakshina Kannada,2,Bantwal,2,PANEMANGALURU,25,SAJIPA MUDA,119,2021-2022,2,Rabi,Fallow,0-2-0.00,2022-01-05,,,12.8557668,75.0157648,
440894606,24,Dakshina Kannada,2,Bantwal,2,PANEMANGALURU,25,SAJIPA MUDA,119,2021-2022,2,Rabi,NA Land ,0-5-0.00,2022-01-05,,,12.8558208,75.0159074,
440894616,24,Dakshina Kannada,2,Bantwal,2,PANEMANGALURU,25,SAJIPA MUDA,119,2021-2022,2,Rabi,Fallow,0-10-0.00,2022-01-05,,,12.855905,75.015835,
440894628,24,Dakshina Kannada,2,Bantwal,2,PANEMANGALURU,25,SAJIPA MUDA,119,2021-2022,2,Rabi,Fallow,0-39-0.00,2022-01-05,,,12.8557829,75.0158696,
440894661,24,Dakshina Kannada,2,Bantwal,2,PANEMANGALURU,25,SAJIPA MUDA,119,2021-2022,2,Rabi,Fallow,0-18-0.00,2022-01-05,,,12.8557431,75.0157685,
440894696,24,Dakshina Kannada,2,Bantwal,2,PANEMANGALURU,25,SAJIPA MUDA,119,2021-2022,2,Rabi,Fallow,0-5-0.00,2022-01-05,,,12.8556251,75.0150146,
440894721,24,Dakshina Kannada,2,Bantwal,2,PANEMANGALURU,25,SAJIPA MUDA,119,2021-2022,2,Rabi,Fallow,0-4-0.00,2022-01-05,,,12.8556683,75.0151332,
440894769,24,Dakshina Kannada,2,Bantwal,2,PANEMANGALURU,25,SAJIPA MUDA,119,2021-2022,2,Rabi,Fallow,0-33-0.00,2022-01-05,,,12.855685,75.0151167,
440894796,24,Dakshina Kannada,2,Bantwal,2,PANEMANGALURU,25,SAJIPA MUDA,119,2021-2022,2,Rabi,Fallow,0-12-0.00,2022-01-05,,,12.855666,75.0151474,
440894875,24,Dakshina Kannada,2,Bantwal,2,PANEMANGALURU,25,SAJIPA MUDA,119,2021-2022,2,Rabi,Fallow,0-61-0.00,2022-01-05,,,12.8546398,75.0143872,
440894945,24,Dakshina Kannada,2,Bantwal,2,PANEMANGALURU,25,SAJIPA MUDA,119,2021-2022,2,Rabi,Fallow,0-2-0.00,2022-01-05,,,12.8555448,75.0126595,
440894968,24,Dakshina Kannada,2,Bantwal,2,PANEMANGALURU,25,SAJIPA MUDA,119,2021-2022,2,Rabi,Fallow,1-22-0.00,2022-01-05,,,12.8556054,75.0127001,
440894974,24,Dakshina Kannada,2,Bantwal,2,PANEMANGALURU,25,SAJIPA MUDA,119,2021-2022,2,Rabi,Fallow,0-5-0.00,2022-01-05,,,12.855655,75.0126933,
440845901,24,Dakshina Kannada,2,Bantwal,2,PANEMANGALURU,25,SAJIPA MUDA,119,2021-2022,2,Rabi,NA Land ,0-10-0.00,2022-01-05,,,12.8528677,75.0314611,
440845922,24,Dakshina Kannada,2,Bantwal,2,PANEMANGALURU,25,SAJIPA MUDA,119,2021-2022,2,Rabi,NA Land ,0-19-0.00,2022-01-05,,,12.8529219,75.031461,
440845936,24,Dakshina Kannada,2,Bantwal,2,PANEMANGALURU,25,SAJIPA MUDA,119,2021-2022,2,Rabi,NA Land ,0-3-0.00,2022-01-05,,,12.8503151,75.0308511,
440845978,24,Dakshina Kannada,2,Bantwal,2,PANEMANGALURU,25,SAJIPA MUDA,119,2021-2022,2,Rabi,Fallow,0-4-50.00,2022-01-05,,,12.8501446,75.0312651,
440846001,24,Dakshina Kannada,2,Bantwal,2,PANEMANGALURU,25,SAJIPA MUDA,119,2021-2022,2,Rabi,Betel Nuts (Areca nuts),0-62-0.00,2022-01-05,,,12.8500531,75.0313836,
440846001,24,Dakshina Kannada,2,Bantwal,2,PANEMANGALURU,25,SAJIPA MUDA,119,2021-2022,2,Rabi,Betel Nuts (Areca nuts),0-62-0.00,2022-01-05,,,12.8500623,75.0313482,
440846076,24,Dakshina Kannada,2,Bantwal,2,PANEMANGALURU,25,SAJIPA MUDA,119,2021-2022,2,Rabi,NA Land ,0-61-0.00,2022-01-05,,,12.8521712,75.0305893,
440846132,24,Dakshina Kannada,2,Bantwal,2,PANEMANGALURU,25,SAJIPA MUDA,119,2021-2022,2,Rabi,NA Land ,0-1-50.00,2022-01-05,,,12.8541102,75.0356761,
440846166,24,Dakshina Kannada,2,Bantwal,2,PANEMANGALURU,25,SAJIPA MUDA,119,2021-2022,2,Rabi,NA Land ,0-3-0.00,2022-01-05,,,12.8540925,75.0356677,
440846359,24,Dakshina Kannada,2,Bantwal,2,PANEMANGALURU,25,SAJIPA MUDA,119,2021-2022,2,Rabi,NA Land ,0-8-0.00,2022-01-05,,,12.8556381,75.033553,
440846395,24,Dakshina Kannada,2,Bantwal,2,PANEMANGALURU,25,SAJIPA MUDA,119,2021-2022,2,Rabi,NA Land ,0-99-75.00,2022-01-05,,,12.8556802,75.0334623,
440846415,24,Dakshina Kannada,2,Bantwal,2,PANEMANGALURU,25,SAJIPA MUDA,119,2021-2022,2,Rabi,NA Land ,1-43-0.00,2022-01-05,,,12.8556798,75.0334622,
440846007,24,Dakshina Kannada,2,Bantwal,2,PANEMANGALURU,25,SAJIPA MUDA,119,2021-2022,2,Rabi,Betel Nuts (Areca nuts),0-43-0.00,2022-01-05,,,12.8501155,75.0313181,
440846007,24,Dakshina Kannada,2,Bantwal,2,PANEMANGALURU,25,SAJIPA MUDA,119,2021-2022,2,Rabi,Betel Nuts (Areca nuts),0-43-0.00,2022-01-05,,,12.8501217,75.031309,
440846011,24,Dakshina Kannada,2,Bantwal,2,PANEMANGALURU,25,SAJIPA MUDA,119,2021-2022,2,Rabi,NA Land ,0-3-0.00,2022-01-05,,,12.8501077,75.0313178,
440846043,24,Dakshina Kannada,2,Bantwal,2,PANEMANGALURU,25,SAJIPA MUDA,119,2021-2022,2,Rabi,NA Land ,0-11-0.00,2022-01-05,,,12.852173,75.0305839,
440846055,24,Dakshina Kannada,2,Bantwal,2,PANEMANGALURU,25,SAJIPA MUDA,119,2021-2022,2,Rabi,NA Land ,0-20-0.00,2022-01-05,,,12.852173,75.0305897,
440846093,24,Dakshina Kannada,2,Bantwal,2,PANEMANGALURU,25,SAJIPA MUDA,119,2021-2022,2,Rabi,NA Land ,0-16-0.00,2022-01-05,,,12.8528793,75.0314935,
440846109,24,Dakshina Kannada,2,Bantwal,2,PANEMANGALURU,25,SAJIPA MUDA,119,2021-2022,2,Rabi,NA Land ,0-36-0.00,2022-01-05,,,12.8529236,75.0314917,
440846116,24,Dakshina Kannada,2,Bantwal,2,PANEMANGALURU,25,SAJIPA MUDA,119,2021-2022,2,Rabi,NA Land ,0-11-0.00,2022-01-05,,,12.8529191,75.0315004,
440846170,24,Dakshina Kannada,2,Bantwal,2,PANEMANGALURU,25,SAJIPA MUDA,119,2021-2022,2,Rabi,NA Land ,0-15-0.00,2022-01-05,,,12.8540997,75.0356665,
440845925,24,Dakshina Kannada,2,Bantwal,2,PANEMANGALURU,25,SAJIPA MUDA,119,2021-2022,2,Rabi,NA Land ,0-4-0.00,2022-01-05,,,12.8529171,75.031462,
440845933,24,Dakshina Kannada,2,Bantwal,2,PANEMANGALURU,25,SAJIPA MUDA,119,2021-2022,2,Rabi,Betel Nuts (Areca nuts),0-15-0.00,2022-01-05,,,12.8503205,75.0308577,
440845933,24,Dakshina Kannada,2,Bantwal,2,PANEMANGALURU,25,SAJIPA MUDA,119,2021-2022,2,Rabi,Betel Nuts (Areca nuts),0-15-0.00,2022-01-05,,,12.8503221,75.0308539,
440845989,24,Dakshina Kannada,2,Bantwal,2,PANEMANGALURU,25,SAJIPA MUDA,119,2021-2022,2,Rabi,NA Land ,0-15-50.00,2022-01-05,,,12.8501461,75.0312719,
440846065,24,Dakshina Kannada,2,Bantwal,2,PANEMANGALURU,25,SAJIPA MUDA,119,2021-2022,2,Rabi,Fallow,0-80-0.00,2022-01-05,,,12.8521681,75.0305929,
440875824,24,Dakshina Kannada,2,Bantwal,2,PANEMANGALURU,25,SAJIPA MUDA,119,2021-2022,2,Rabi,Betel Nuts (Areca nuts),0-30-0.00,2022-01-05,,,12.85422,75.01795,
440875664,24,Dakshina Kannada,2,Bantwal,2,PANEMANGALURU,25,SAJIPA MUDA,119,2021-2022,2,Rabi,Betel Nuts (Areca nuts),0-3-0.00,2022-01-05,,,12.8541579,75.019751,
440875682,24,Dakshina Kannada,2,Bantwal,2,PANEMANGALURU,25,SAJIPA MUDA,119,2021-2022,2,Rabi,Fallow,0-21-0.00,2022-01-05,,,12.8540086,75.0196636,
440875744,24,Dakshina Kannada,2,Bantwal,2,PANEMANGALURU,25,SAJIPA MUDA,119,2021-2022,2,Rabi,Fallow,0-16-0.00,2022-01-05,,,12.8539365,75.0192104,
440875748,24,Dakshina Kannada,2,Bantwal,2,PANEMANGALURU,25,SAJIPA MUDA,119,2021-2022,2,Rabi,Fallow,0-23-0.00,2022-01-05,,,12.8541245,75.0191892,
440875769,24,Dakshina Kannada,2,Bantwal,2,PANEMANGALURU,25,SAJIPA MUDA,119,2021-2022,2,Rabi,Fallow,0-9-0.00,2022-01-05,,,12.8540428,75.0194645,
440875783,24,Dakshina Kannada,2,Bantwal,2,PANEMANGALURU,25,SAJIPA MUDA,119,2021-2022,2,Rabi,NA Land ,0-23-0.00,2022-01-05,,,12.854825,75.01707,
440856487,24,Dakshina Kannada,2,Bantwal,2,PANEMANGALURU,2,AMTURU,119,2021-2022,2,Rabi,Fallow,0-40-0.00,2022-01-05,,,12.8424368,75.0493748,
440856491,24,Dakshina Kannada,2,Bantwal,2,PANEMANGALURU,2,AMTURU,119,2021-2022,2,Rabi,Fallow,0-8-0.00,2022-01-05,,,12.8424371,75.0493727,
440856502,24,Dakshina Kannada,2,Bantwal,2,PANEMANGALURU,2,AMTURU,119,2021-2022,2,Rabi,Fallow,0-25-0.00,2022-01-05,,,12.8424364,75.049373,
440875678,24,Dakshina Kannada,2,Bantwal,2,PANEMANGALURU,25,SAJIPA MUDA,119,2021-2022,2,Rabi,Fallow,0-6-50.00,2022-01-05,,,12.8541897,75.0197562,
440931292,24,Dakshina Kannada,2,Bantwal,2,PANEMANGALURU,25,SAJIPA MUDA,119,2021-2022,2,Rabi,NA Land ,0-10-0.00,2022-01-05,,,12.8434882,75.0281938,
440931317,24,Dakshina Kannada,2,Bantwal,2,PANEMANGALURU,25,SAJIPA MUDA,119,2021-2022,2,Rabi,NA Land ,0-10-0.00,2022-01-05,,,12.8434937,75.0281917,
440931325,24,Dakshina Kannada,2,Bantwal,2,PANEMANGALURU,25,SAJIPA MUDA,119,2021-2022,2,Rabi,NA Land ,0-22-0.00,2022-01-05,,,12.8435068,75.0282142,
440931333,24,Dakshina Kannada,2,Bantwal,2,PANEMANGALURU,25,SAJIPA MUDA,119,2021-2022,2,Rabi,NA Land ,0-20-0.00,2022-01-05,,,12.8434999,75.0282099,
440947399,24,Dakshina Kannada,2,Bantwal,2,PANEMANGALURU,25,SAJIPA MUDA,119,2021-2022,2,Rabi,Fallow,0-9-0.00,2022-01-06,,,12.8539295,75.0110885,
440931305,24,Dakshina Kannada,2,Bantwal,2,PANEMANGALURU,25,SAJIPA MUDA,119,2021-2022,2,Rabi,Fallow,0-86-50.00,2022-01-05,,,12.843492,75.028184,
440931353,24,Dakshina Kannada,2,Bantwal,2,PANEMANGALURU,25,SAJIPA MUDA,119,2021-2022,2,Rabi,NA Land ,0-41-0.00,2022-01-05,,,12.843458,75.0281595,
440947694,24,Dakshina Kannada,2,Bantwal,2,PANEMANGALURU,25,SAJIPA MUDA,119,2021-2022,2,Rabi,NA Land ,0-19-0.00,2022-01-06,,,12.8537521,75.0114454,
440947707,24,Dakshina Kannada,2,Bantwal,2,PANEMANGALURU,25,SAJIPA MUDA,119,2021-2022,2,Rabi,Fallow,0-25-0.00,2022-01-06,,,12.8526369,75.012529,
440947663,24,Dakshina Kannada,2,Bantwal,2,PANEMANGALURU,25,SAJIPA MUDA,119,2021-2022,2,Rabi,Fallow,0-24-50.00,2022-01-06,,,12.8538355,75.0111582,
440947666,24,Dakshina Kannada,2,Bantwal,2,PANEMANGALURU,25,SAJIPA MUDA,119,2021-2022,2,Rabi,Fallow,0-2-50.00,2022-01-06,,,12.8538318,75.0111797,
440947723,24,Dakshina Kannada,2,Bantwal,2,PANEMANGALURU,25,SAJIPA MUDA,119,2021-2022,2,Rabi,Fallow,0-19-0.00,2022-01-06,,,12.8526387,75.0126285,
440947729,24,Dakshina Kannada,2,Bantwal,2,PANEMANGALURU,25,SAJIPA MUDA,119,2021-2022,2,Rabi,Fallow,0-19-0.00,2022-01-06,,,12.8526165,75.0126568,
440947753,24,Dakshina Kannada,2,Bantwal,2,PANEMANGALURU,25,SAJIPA MUDA,119,2021-2022,2,Rabi,Fallow,3-60-0.00,2022-01-06,,,12.8521602,75.012336,
440947766,24,Dakshina Kannada,2,Bantwal,2,PANEMANGALURU,25,SAJIPA MUDA,119,2021-2022,2,Rabi,NA Land ,0-8-0.00,2022-01-06,,,12.8516131,75.0123965,
440931287,24,Dakshina Kannada,2,Bantwal,2,PANEMANGALURU,25,SAJIPA MUDA,119,2021-2022,2,Rabi,NA Land ,0-10-0.00,2022-01-05,,,12.8434855,75.0282148,
440846125,24,Dakshina Kannada,2,Bantwal,2,PANEMANGALURU,25,SAJIPA MUDA,119,2021-2022,2,Rabi,NA Land ,0-10-0.00,2022-01-05,,,12.852933,75.0314999,
440846144,24,Dakshina Kannada,2,Bantwal,2,PANEMANGALURU,25,SAJIPA MUDA,119,2021-2022,2,Rabi,NA Land ,0-3-0.00,2022-01-05,,,12.8541173,75.0356927,
440846339,24,Dakshina Kannada,2,Bantwal,2,PANEMANGALURU,25,SAJIPA MUDA,119,2021-2022,2,Rabi,Betel Nuts (Areca nuts),0-49-0.00,2022-01-05,,,12.8557803,75.0353014,
440846339,24,Dakshina Kannada,2,Bantwal,2,PANEMANGALURU,25,SAJIPA MUDA,119,2021-2022,2,Rabi,Betel Nuts (Areca nuts),0-49-0.00,2022-01-05,,,12.8557805,75.0353027,
440846362,24,Dakshina Kannada,2,Bantwal,2,PANEMANGALURU,25,SAJIPA MUDA,119,2021-2022,2,Rabi,NA Land ,0-7-0.00,2022-01-05,,,12.8556529,75.0334185,
440846372,24,Dakshina Kannada,2,Bantwal,2,PANEMANGALURU,25,SAJIPA MUDA,119,2021-2022,2,Rabi,NA Land ,0-6-0.00,2022-01-05,,,12.8556457,75.033502,
440846384,24,Dakshina Kannada,2,Bantwal,2,PANEMANGALURU,25,SAJIPA MUDA,119,2021-2022,2,Rabi,NA Land ,0-10-0.00,2022-01-05,,,12.8556416,75.0333771,
440846418,24,Dakshina Kannada,2,Bantwal,2,PANEMANGALURU,25,SAJIPA MUDA,119,2021-2022,2,Rabi,NA Land ,0-20-0.00,2022-01-05,,,12.85568,75.0334633,
440932929,24,Dakshina Kannada,2,Bantwal,2,PANEMANGALURU,25,SAJIPA MUDA,119,2021-2022,2,Rabi,Fallow,0-35-0.00,2022-01-06,,,12.8349612,75.0346774,
440932934,24,Dakshina Kannada,2,Bantwal,2,PANEMANGALURU,25,SAJIPA MUDA,119,2021-2022,2,Rabi,Fallow,0-41-0.00,2022-01-06,,,12.8349551,75.0346305,
440932920,24,Dakshina Kannada,2,Bantwal,2,PANEMANGALURU,25,SAJIPA MUDA,119,2021-2022,2,Rabi,Fallow,0-40-0.00,2022-01-06,,,12.8349675,75.034642,
440932925,24,Dakshina Kannada,2,Bantwal,2,PANEMANGALURU,25,SAJIPA MUDA,119,2021-2022,2,Rabi,Fallow,0-35-0.00,2022-01-06,,,12.8349763,75.03466,
440942678,24,Dakshina Kannada,2,Bantwal,2,PANEMANGALURU,25,SAJIPA MUDA,119,2021-2022,2,Rabi,NA Land ,0-18-0.00,2022-01-06,,,12.856118,75.0365644,
440942703,24,Dakshina Kannada,2,Bantwal,2,PANEMANGALURU,25,SAJIPA MUDA,119,2021-2022,2,Rabi,NA Land ,0-16-0.00,2022-01-06,,,12.8532579,75.0353031,
440942723,24,Dakshina Kannada,2,Bantwal,2,PANEMANGALURU,25,SAJIPA MUDA,119,2021-2022,2,Rabi,NA Land ,0-50-0.00,2022-01-06,,,12.8533331,75.0352958,
440942809,24,Dakshina Kannada,2,Bantwal,2,PANEMANGALURU,25,SAJIPA MUDA,119,2021-2022,2,Rabi,Fallow,1-62-0.00,2022-01-06,,,12.8337813,75.0343619,
440942733,24,Dakshina Kannada,2,Bantwal,2,PANEMANGALURU,25,SAJIPA MUDA,119,2021-2022,2,Rabi,NA Land ,0-8-0.00,2022-01-06,,,12.8533351,75.0352978,
440942824,24,Dakshina Kannada,2,Bantwal,2,PANEMANGALURU,25,SAJIPA MUDA,119,2021-2022,2,Rabi,NA Land ,0-5-0.00,2022-01-06,,,12.8481559,75.0341428,
440942839,24,Dakshina Kannada,2,Bantwal,2,PANEMANGALURU,25,SAJIPA MUDA,119,2021-2022,2,Rabi,Betel Nuts (Areca nuts),0-13-0.00,2022-01-06,,,12.8481644,75.0341396,
440942839,24,Dakshina Kannada,2,Bantwal,2,PANEMANGALURU,25,SAJIPA MUDA,119,2021-2022,2,Rabi,Betel Nuts (Areca nuts),0-13-0.00,2022-01-06,,,12.8481595,75.03414,
440942910,24,Dakshina Kannada,2,Bantwal,2,PANEMANGALURU,25,SAJIPA MUDA,119,2021-2022,2,Rabi,NA Land ,0-35-0.00,2022-01-06,,,12.8481258,75.0343696,
440942785,24,Dakshina Kannada,2,Bantwal,2,PANEMANGALURU,25,SAJIPA MUDA,119,2021-2022,2,Rabi,Fallow,0-2-0.00,2022-01-06,,,12.83375,75.0342514,
440943013,24,Dakshina Kannada,2,Bantwal,2,PANEMANGALURU,25,SAJIPA MUDA,119,2021-2022,2,Rabi,NA Land ,0-7-0.00,2022-01-06,,,12.8469978,75.0345855,
440942932,24,Dakshina Kannada,2,Bantwal,2,PANEMANGALURU,25,SAJIPA MUDA,119,2021-2022,2,Rabi,NA Land ,0-1-0.00,2022-01-06,,,12.8481239,75.0343207,
440942941,24,Dakshina Kannada,2,Bantwal,2,PANEMANGALURU,25,SAJIPA MUDA,119,2021-2022,2,Rabi,NA Land ,0-6-0.00,2022-01-06,,,12.8481316,75.034283,
440942954,24,Dakshina Kannada,2,Bantwal,2,PANEMANGALURU,25,SAJIPA MUDA,119,2021-2022,2,Rabi,NA Land ,0-0-50.00,2022-01-06,,,12.8481328,75.0342731,
440894424,24,Dakshina Kannada,2,Bantwal,2,PANEMANGALURU,25,SAJIPA MUDA,119,2021-2022,2,Rabi,Fallow,1-37-0.00,2022-01-05,,,12.8544082,75.0159744,
440894476,24,Dakshina Kannada,2,Bantwal,2,PANEMANGALURU,25,SAJIPA MUDA,119,2021-2022,2,Rabi,Fallow,0-5-0.00,2022-01-05,,,12.8547213,75.0156698,
440894546,24,Dakshina Kannada,2,Bantwal,2,PANEMANGALURU,25,SAJIPA MUDA,119,2021-2022,2,Rabi,Fallow,0-10-0.00,2022-01-05,,,12.8547417,75.01578,
440894572,24,Dakshina Kannada,2,Bantwal,2,PANEMANGALURU,25,SAJIPA MUDA,119,2021-2022,2,Rabi,NA Land ,0-5-0.00,2022-01-05,,,12.855715,75.015925,
440894572,24,Dakshina Kannada,2,Bantwal,2,PANEMANGALURU,25,SAJIPA MUDA,119,2021-2022,2,Rabi,Fallow,0-30-0.00,2022-01-05,,,12.8557406,75.0158328,
440894572,24,Dakshina Kannada,2,Bantwal,2,PANEMANGALURU,25,SAJIPA MUDA,119,2021-2022,2,Rabi,Betel Nuts (Areca nuts),0-38-0.00,2022-01-05,,,12.8557512,75.0158114,
440894316,24,Dakshina Kannada,2,Bantwal,2,PANEMANGALURU,25,SAJIPA MUDA,119,2021-2022,2,Rabi,Fallow,0-10-0.00,2022-01-05,,,12.8527813,75.0192904,
440894368,24,Dakshina Kannada,2,Bantwal,2,PANEMANGALURU,25,SAJIPA MUDA,119,2021-2022,2,Rabi,Fallow,0-47-0.00,2022-01-05,,,12.8542844,75.0167657,
440894456,24,Dakshina Kannada,2,Bantwal,2,PANEMANGALURU,25,SAJIPA MUDA,119,2021-2022,2,Rabi,Fallow,0-6-0.00,2022-01-05,,,12.8546837,75.0156639,
440894738,24,Dakshina Kannada,2,Bantwal,2,PANEMANGALURU,25,SAJIPA MUDA,119,2021-2022,2,Rabi,Fallow,0-4-0.00,2022-01-05,,,12.8557025,75.0151674,
440894807,24,Dakshina Kannada,2,Bantwal,2,PANEMANGALURU,25,SAJIPA MUDA,119,2021-2022,2,Rabi,NA Land ,0-8-0.00,2022-01-05,,,12.8556649,75.0151169,
440894899,24,Dakshina Kannada,2,Bantwal,2,PANEMANGALURU,25,SAJIPA MUDA,119,2021-2022,2,Rabi,Fallow,0-74-0.00,2022-01-05,,,12.8544846,75.0143717,
440894226,24,Dakshina Kannada,2,Bantwal,2,PANEMANGALURU,25,SAJIPA MUDA,119,2021-2022,2,Rabi,Fallow,0-40-0.00,2022-01-05,,,12.8535008,75.0177783,
440894465,24,Dakshina Kannada,2,Bantwal,2,PANEMANGALURU,25,SAJIPA MUDA,119,2021-2022,2,Rabi,Fallow,0-14-0.00,2022-01-05,,,12.8546877,75.0156714,
440894558,24,Dakshina Kannada,2,Bantwal,2,PANEMANGALURU,25,SAJIPA MUDA,119,2021-2022,2,Rabi,Fallow,0-5-0.00,2022-01-05,,,12.854705,75.0157273,
440894687,24,Dakshina Kannada,2,Bantwal,2,PANEMANGALURU,25,SAJIPA MUDA,119,2021-2022,2,Rabi,Fallow,0-45-0.00,2022-01-05,,,12.8557242,75.0158069,
440894911,24,Dakshina Kannada,2,Bantwal,2,PANEMANGALURU,25,SAJIPA MUDA,119,2021-2022,2,Rabi,Fallow,0-5-0.00,2022-01-05,,,12.8544217,75.0143475,
440894922,24,Dakshina Kannada,2,Bantwal,2,PANEMANGALURU,25,SAJIPA MUDA,119,2021-2022,2,Rabi,Fallow,1-36-0.00,2022-01-05,,,12.8544383,75.01433,
440894935,24,Dakshina Kannada,2,Bantwal,2,PANEMANGALURU,25,SAJIPA MUDA,119,2021-2022,2,Rabi,Fallow,0-5-0.00,2022-01-05,,,12.8554578,75.0127556,
440895000,24,Dakshina Kannada,2,Bantwal,2,PANEMANGALURU,25,SAJIPA MUDA,119,2021-2022,2,Rabi,Fallow,0-8-0.00,2022-01-05,,,12.8556516,75.0127285,
440894495,24,Dakshina Kannada,2,Bantwal,2,PANEMANGALURU,25,SAJIPA MUDA,119,2021-2022,2,Rabi,Fallow,0-30-0.00,2022-01-05,,,12.8546884,75.0156352,
440894505,24,Dakshina Kannada,2,Bantwal,2,PANEMANGALURU,25,SAJIPA MUDA,119,2021-2022,2,Rabi,NA Land ,0-22-0.00,2022-01-05,,,12.854703,75.0156377,
440894594,24,Dakshina Kannada,2,Bantwal,2,PANEMANGALURU,25,SAJIPA MUDA,119,2021-2022,2,Rabi,NA Land ,0-9-0.00,2022-01-05,,,12.8558081,75.0158091,
440894818,24,Dakshina Kannada,2,Bantwal,2,PANEMANGALURU,25,SAJIPA MUDA,119,2021-2022,2,Rabi,Fallow,0-20-0.00,2022-01-05,,,12.8556793,75.0150534,
440982890,24,Dakshina Kannada,2,Bantwal,2,PANEMANGALURU,25,SAJIPA MUDA,119,2021-2022,2,Rabi,NA Land ,0-10-0.00,2022-01-06,,,12.845537,75.0328874,
440983099,24,Dakshina Kannada,2,Bantwal,2,PANEMANGALURU,25,SAJIPA MUDA,119,2021-2022,2,Rabi,NA Land ,0-1-0.00,2022-01-06,,,12.8456074,75.0328705,
440983163,24,Dakshina Kannada,2,Bantwal,2,PANEMANGALURU,25,SAJIPA MUDA,119,2021-2022,2,Rabi,NA Land ,0-5-0.00,2022-01-06,,,12.8454875,75.032766,
440805336,24,Dakshina Kannada,2,Bantwal,2,PANEMANGALURU,25,SAJIPA MUDA,119,2021-2022,2,Rabi,NA Land ,0-1-0.00,2022-01-04,,,12.8387243,75.0229646,
440805510,24,Dakshina Kannada,2,Bantwal,2,PANEMANGALURU,25,SAJIPA MUDA,119,2021-2022,2,Rabi,NA Land ,0-14-0.00,2022-01-04,,,12.8388127,75.0230193,
440805630,24,Dakshina Kannada,2,Bantwal,2,PANEMANGALURU,25,SAJIPA MUDA,119,2021-2022,2,Rabi,NA Land ,0-13-50.00,2022-01-04,,,12.8387925,75.0230061,
440798142,24,Dakshina Kannada,2,Bantwal,2,PANEMANGALURU,25,SAJIPA MUDA,119,2021-2022,2,Rabi,NA Land ,0-11-0.00,2022-01-04,,,12.845759,75.0295944,
440798154,24,Dakshina Kannada,2,Bantwal,2,PANEMANGALURU,25,SAJIPA MUDA,119,2021-2022,2,Rabi,NA Land ,0-5-0.00,2022-01-04,,,12.8457532,75.0295811,
440798220,24,Dakshina Kannada,2,Bantwal,2,PANEMANGALURU,25,SAJIPA MUDA,119,2021-2022,2,Rabi,NA Land ,0-2-0.00,2022-01-04,,,12.8457554,75.0295801,
440803766,24,Dakshina Kannada,2,Bantwal,2,PANEMANGALURU,25,SAJIPA MUDA,119,2021-2022,2,Rabi,NA Land ,0-3-0.00,2022-01-04,,,12.8414399,75.018484,
440803897,24,Dakshina Kannada,2,Bantwal,2,PANEMANGALURU,25,SAJIPA MUDA,119,2021-2022,2,Rabi,Fallow,0-6-0.00,2022-01-04,,,12.8414617,75.0184959,
440804524,24,Dakshina Kannada,2,Bantwal,2,PANEMANGALURU,25,SAJIPA MUDA,119,2021-2022,2,Rabi,Betel Nuts (Areca nuts),0-6-0.00,2022-01-04,,,12.8414764,75.0184919,
440804524,24,Dakshina Kannada,2,Bantwal,2,PANEMANGALURU,25,SAJIPA MUDA,119,2021-2022,2,Rabi,Betel Nuts (Areca nuts),0-6-0.00,2022-01-04,,,12.8414373,75.0184856,
440804580,24,Dakshina Kannada,2,Bantwal,2,PANEMANGALURU,25,SAJIPA MUDA,119,2021-2022,2,Rabi,NA Land ,0-4-0.00,2022-01-04,,,12.8415048,75.0184909,
440804580,24,Dakshina Kannada,2,Bantwal,2,PANEMANGALURU,25,SAJIPA MUDA,119,2021-2022,2,Rabi,NA Land ,0-4-0.00,2022-01-04,,,12.8415017,75.0184917,
440804714,24,Dakshina Kannada,2,Bantwal,2,PANEMANGALURU,25,SAJIPA MUDA,119,2021-2022,2,Rabi,NA Land ,0-1-0.00,2022-01-04,,,12.84147,75.0184523,
440806694,24,Dakshina Kannada,2,Bantwal,2,PANEMANGALURU,25,SAJIPA MUDA,119,2021-2022,2,Rabi,NA Land ,0-5-0.00,2022-01-04,,,12.8387563,75.0229516,
440806767,24,Dakshina Kannada,2,Bantwal,2,PANEMANGALURU,25,SAJIPA MUDA,119,2021-2022,2,Rabi,Fallow,0-50-0.00,2022-01-04,,,12.8388066,75.0230035,
440804813,24,Dakshina Kannada,2,Bantwal,2,PANEMANGALURU,25,SAJIPA MUDA,119,2021-2022,2,Rabi,Fallow,0-10-0.00,2022-01-04,,,12.8375993,75.0242605,
440804853,24,Dakshina Kannada,2,Bantwal,2,PANEMANGALURU,25,SAJIPA MUDA,119,2021-2022,2,Rabi,Fallow,0-29-0.00,2022-01-04,,,12.8376127,75.0242585,
440804866,24,Dakshina Kannada,2,Bantwal,2,PANEMANGALURU,25,SAJIPA MUDA,119,2021-2022,2,Rabi,Fallow,0-11-0.00,2022-01-04,,,12.8376103,75.0242504,
440805715,24,Dakshina Kannada,2,Bantwal,2,PANEMANGALURU,25,SAJIPA MUDA,119,2021-2022,2,Rabi,NA Land ,0-11-0.00,2022-01-04,,,12.8387714,75.0229875,
440805798,24,Dakshina Kannada,2,Bantwal,2,PANEMANGALURU,25,SAJIPA MUDA,119,2021-2022,2,Rabi,Fallow,0-20-0.00,2022-01-04,,,12.8388082,75.0230355,
440806439,24,Dakshina Kannada,2,Bantwal,2,PANEMANGALURU,25,SAJIPA MUDA,119,2021-2022,2,Rabi,NA Land ,0-8-0.00,2022-01-04,,,12.8387686,75.02298,
440806510,24,Dakshina Kannada,2,Bantwal,2,PANEMANGALURU,25,SAJIPA MUDA,119,2021-2022,2,Rabi,Fallow,0-15-0.00,2022-01-04,,,12.8387633,75.0229513,
440806863,24,Dakshina Kannada,2,Bantwal,2,PANEMANGALURU,25,SAJIPA MUDA,119,2021-2022,2,Rabi,NA Land ,0-5-0.00,2022-01-04,,,12.838748,75.0229667,
440983277,24,Dakshina Kannada,2,Bantwal,2,PANEMANGALURU,25,SAJIPA MUDA,119,2021-2022,2,Rabi,NA Land ,0-10-0.00,2022-01-06,,,12.8454811,75.0327846,
440983281,24,Dakshina Kannada,2,Bantwal,2,PANEMANGALURU,25,SAJIPA MUDA,119,2021-2022,2,Rabi,NA Land ,0-20-0.00,2022-01-06,,,12.84547908,75.03278983,
440982963,24,Dakshina Kannada,2,Bantwal,2,PANEMANGALURU,25,SAJIPA MUDA,119,2021-2022,2,Rabi,NA Land ,0-6-0.00,2022-01-06,,,12.8455256,75.0327137,
440982970,24,Dakshina Kannada,2,Bantwal,2,PANEMANGALURU,25,SAJIPA MUDA,119,2021-2022,2,Rabi,NA Land ,0-31-50.00,2022-01-06,,,12.8455157,75.0327233,
440763776,24,Dakshina Kannada,2,Bantwal,2,PANEMANGALURU,25,SAJIPA MUDA,119,2021-2022,2,Rabi,Betel Nuts (Areca nuts),0-15-0.00,2022-01-04,,,12.8480982,75.020484,
440763830,24,Dakshina Kannada,2,Bantwal,2,PANEMANGALURU,25,SAJIPA MUDA,119,2021-2022,2,Rabi,NA Land ,0-2-0.00,2022-01-04,,,12.8465347,75.0216243,
440763768,24,Dakshina Kannada,2,Bantwal,2,PANEMANGALURU,25,SAJIPA MUDA,119,2021-2022,2,Rabi,Betel Nuts (Areca nuts),0-17-0.00,2022-01-04,,,12.8480249,75.0204914,
440763768,24,Dakshina Kannada,2,Bantwal,2,PANEMANGALURU,25,SAJIPA MUDA,119,2021-2022,2,Rabi,Betel Nuts (Areca nuts),0-17-0.00,2022-01-04,,,12.84803,75.0204874,
440763801,24,Dakshina Kannada,2,Bantwal,2,PANEMANGALURU,25,SAJIPA MUDA,119,2021-2022,2,Rabi,Fallow,0-11-0.00,2022-01-04,,,12.8480527,75.0205001,
440763826,24,Dakshina Kannada,2,Bantwal,2,PANEMANGALURU,25,SAJIPA MUDA,119,2021-2022,2,Rabi,Fallow,0-83-0.00,2022-01-04,,,12.8465496,75.0216381,
440763848,24,Dakshina Kannada,2,Bantwal,2,PANEMANGALURU,25,SAJIPA MUDA,119,2021-2022,2,Rabi,NA Land ,0-1-0.00,2022-01-04,,,12.8465278,75.0216267,
440742464,24,Dakshina Kannada,2,Bantwal,2,PANEMANGALURU,25,SAJIPA MUDA,119,2021-2022,2,Rabi,Fallow,0-42-0.00,2022-01-03,,,12.8362445,75.0334225,
440742466,24,Dakshina Kannada,2,Bantwal,2,PANEMANGALURU,25,SAJIPA MUDA,119,2021-2022,2,Rabi,Fallow,2-39-0.00,2022-01-03,,,12.836051,75.0333454,
440763862,24,Dakshina Kannada,2,Bantwal,2,PANEMANGALURU,25,SAJIPA MUDA,119,2021-2022,2,Rabi,Fallow,0-29-0.00,2022-01-04,,,12.8464593,75.02165,
440763864,24,Dakshina Kannada,2,Bantwal,2,PANEMANGALURU,25,SAJIPA MUDA,119,2021-2022,2,Rabi,Fallow,0-5-0.00,2022-01-04,,,12.8464834,75.0216438,
440742468,24,Dakshina Kannada,2,Bantwal,2,PANEMANGALURU,25,SAJIPA MUDA,119,2021-2022,2,Rabi,NA Land ,0-37-0.00,2022-01-04,,,12.8379975,75.032278,
440742470,24,Dakshina Kannada,2,Bantwal,2,PANEMANGALURU,25,SAJIPA MUDA,119,2021-2022,2,Rabi,Fallow,0-73-0.00,2022-01-04,,,12.8375796,75.032219,
440742462,24,Dakshina Kannada,2,Bantwal,2,PANEMANGALURU,25,SAJIPA MUDA,119,2021-2022,2,Rabi,Fallow,3-86-0.00,2022-01-03,,,12.8363265,75.0334329,
440937888,24,Dakshina Kannada,2,Bantwal,2,PANEMANGALURU,25,SAJIPA MUDA,119,2021-2022,2,Rabi,NA Land ,0-10-0.00,2022-01-06,,,12.8333666,75.0313153,
440937901,24,Dakshina Kannada,2,Bantwal,2,PANEMANGALURU,25,SAJIPA MUDA,119,2021-2022,2,Rabi,NA Land ,0-5-0.00,2022-01-06,,,12.833336,75.0313088,
440937894,24,Dakshina Kannada,2,Bantwal,2,PANEMANGALURU,25,SAJIPA MUDA,119,2021-2022,2,Rabi,Betel Nuts (Areca nuts),0-18-0.00,2022-01-06,,,12.833401,75.0313173,
440937894,24,Dakshina Kannada,2,Bantwal,2,PANEMANGALURU,25,SAJIPA MUDA,119,2021-2022,2,Rabi,Betel Nuts (Areca nuts),0-18-0.00,2022-01-06,,,12.8333823,75.031335,
440976520,24,Dakshina Kannada,2,Bantwal,2,PANEMANGALURU,25,SAJIPA MUDA,119,2021-2022,2,Rabi,Fallow,0-73-0.00,2022-01-06,,,12.8548888,75.0223948,
440976566,24,Dakshina Kannada,2,Bantwal,2,PANEMANGALURU,25,SAJIPA MUDA,119,2021-2022,2,Rabi,Fallow,0-6-0.00,2022-01-06,,,12.855493,75.0077543,
440976581,24,Dakshina Kannada,2,Bantwal,2,PANEMANGALURU,25,SAJIPA MUDA,119,2021-2022,2,Rabi,Fallow,0-0-50.00,2022-01-06,,,12.8554756,75.0077461,
440976600,24,Dakshina Kannada,2,Bantwal,2,PANEMANGALURU,25,SAJIPA MUDA,119,2021-2022,2,Rabi,Fallow,0-17-50.00,2022-01-06,,,12.8554821,75.0076561,
440976590,24,Dakshina Kannada,2,Bantwal,2,PANEMANGALURU,25,SAJIPA MUDA,119,2021-2022,2,Rabi,NA Land ,0-5-0.00,2022-01-06,,,12.8554635,75.0076692,
440976543,24,Dakshina Kannada,2,Bantwal,2,PANEMANGALURU,25,SAJIPA MUDA,119,2021-2022,2,Rabi,Fallow,1-15-50.00,2022-01-06,,,12.8549197,75.0224352,
440976822,24,Dakshina Kannada,2,Bantwal,2,PANEMANGALURU,25,SAJIPA MUDA,119,2021-2022,2,Rabi,Fallow,0-16-0.00,2022-01-06,,,12.855634,75.0074707,
440976872,24,Dakshina Kannada,2,Bantwal,2,PANEMANGALURU,25,SAJIPA MUDA,119,2021-2022,2,Rabi,Fallow,0-81-0.00,2022-01-06,,,12.855653,75.0075193,
440931313,24,Dakshina Kannada,2,Bantwal,2,PANEMANGALURU,25,SAJIPA MUDA,119,2021-2022,2,Rabi,NA Land ,0-9-0.00,2022-01-05,,,12.8435048,75.0282052,
440931337,24,Dakshina Kannada,2,Bantwal,2,PANEMANGALURU,25,SAJIPA MUDA,119,2021-2022,2,Rabi,NA Land ,0-30-75.00,2022-01-05,,,12.8434939,75.028174,
440931341,24,Dakshina Kannada,2,Bantwal,2,PANEMANGALURU,25,SAJIPA MUDA,119,2021-2022,2,Rabi,NA Land ,0-8-0.00,2022-01-05,,,12.8435064,75.0281678,
440931356,24,Dakshina Kannada,2,Bantwal,2,PANEMANGALURU,25,SAJIPA MUDA,119,2021-2022,2,Rabi,NA Land ,0-11-0.00,2022-01-05,,,12.8434681,75.0281718,
440947933,24,Dakshina Kannada,2,Bantwal,2,PANEMANGALURU,25,SAJIPA MUDA,119,2021-2022,2,Rabi,Fallow,0-24-0.00,2022-01-06,,,12.8519539,75.0109205,
440947965,24,Dakshina Kannada,2,Bantwal,2,PANEMANGALURU,25,SAJIPA MUDA,119,2021-2022,2,Rabi,Fallow,0-7-0.00,2022-01-06,,,12.851265,75.0102881,
440948019,24,Dakshina Kannada,2,Bantwal,2,PANEMANGALURU,25,SAJIPA MUDA,119,2021-2022,2,Rabi,NA Land ,0-13-0.00,2022-01-06,,,12.8528835,75.0101838,
440948024,24,Dakshina Kannada,2,Bantwal,2,PANEMANGALURU,25,SAJIPA MUDA,119,2021-2022,2,Rabi,Fallow,0-29-0.00,2022-01-06,,,12.8528749,75.0103746,
440948056,24,Dakshina Kannada,2,Bantwal,2,PANEMANGALURU,25,SAJIPA MUDA,119,2021-2022,2,Rabi,Fallow,0-14-50.00,2022-01-06,,,12.8550904,75.0110962,
440948081,24,Dakshina Kannada,2,Bantwal,2,PANEMANGALURU,25,SAJIPA MUDA,119,2021-2022,2,Rabi,Fallow,0-30-0.00,2022-01-06,,,12.8552686,75.01216,
440948136,24,Dakshina Kannada,2,Bantwal,2,PANEMANGALURU,25,SAJIPA MUDA,119,2021-2022,2,Rabi,Fallow,1-15-0.00,2022-01-06,,,12.8554322,75.0117113,
440942668,24,Dakshina Kannada,2,Bantwal,2,PANEMANGALURU,25,SAJIPA MUDA,119,2021-2022,2,Rabi,NA Land ,0-32-0.00,2022-01-06,,,12.8561198,75.0365003,
440942674,24,Dakshina Kannada,2,Bantwal,2,PANEMANGALURU,25,SAJIPA MUDA,119,2021-2022,2,Rabi,NA Land ,0-16-0.00,2022-01-06,,,12.856139,75.0364799,
440947652,24,Dakshina Kannada,2,Bantwal,2,PANEMANGALURU,25,SAJIPA MUDA,119,2021-2022,2,Rabi,Fallow,0-14-0.00,2022-01-06,,,12.853843,75.0111165,
440947673,24,Dakshina Kannada,2,Bantwal,2,PANEMANGALURU,25,SAJIPA MUDA,119,2021-2022,2,Rabi,Fallow,0-2-0.00,2022-01-06,,,12.8538281,75.0114445,
440947734,24,Dakshina Kannada,2,Bantwal,2,PANEMANGALURU,25,SAJIPA MUDA,119,2021-2022,2,Rabi,Fallow,0-19-0.00,2022-01-06,,,12.8526812,75.0127202,
440947776,24,Dakshina Kannada,2,Bantwal,2,PANEMANGALURU,25,SAJIPA MUDA,119,2021-2022,2,Rabi,NA Land ,0-4-50.00,2022-01-06,,,12.8515683,75.01252,
440947856,24,Dakshina Kannada,2,Bantwal,2,PANEMANGALURU,25,SAJIPA MUDA,119,2021-2022,2,Rabi,Fallow,0-1-0.00,2022-01-06,,,12.8500615,75.0116927,
440948045,24,Dakshina Kannada,2,Bantwal,2,PANEMANGALURU,25,SAJIPA MUDA,119,2021-2022,2,Rabi,Fallow,0-12-0.00,2022-01-06,,,12.8549327,75.0111265,
440948060,24,Dakshina Kannada,2,Bantwal,2,PANEMANGALURU,25,SAJIPA MUDA,119,2021-2022,2,Rabi,Fallow,0-26-0.00,2022-01-06,,,12.8550148,75.0111246,
440932915,24,Dakshina Kannada,2,Bantwal,2,PANEMANGALURU,25,SAJIPA MUDA,119,2021-2022,2,Rabi,Fallow,0-45-0.00,2022-01-06,,,12.8349273,75.0346331,
440947336,24,Dakshina Kannada,2,Bantwal,2,PANEMANGALURU,25,SAJIPA MUDA,119,2021-2022,2,Rabi,Fallow,0-1-0.00,2022-01-06,,,12.8544803,75.0112899,
440947358,24,Dakshina Kannada,2,Bantwal,2,PANEMANGALURU,25,SAJIPA MUDA,119,2021-2022,2,Rabi,Fallow,0-1-0.00,2022-01-06,,,12.8538013,75.0111984,
440947392,24,Dakshina Kannada,2,Bantwal,2,PANEMANGALURU,25,SAJIPA MUDA,119,2021-2022,2,Rabi,NA Land ,0-12-0.00,2022-01-06,,,12.8538527,75.0110782,
440947577,24,Dakshina Kannada,2,Bantwal,2,PANEMANGALURU,25,SAJIPA MUDA,119,2021-2022,2,Rabi,Fallow,0-5-0.00,2022-01-06,,,12.8538455,75.011064,
440947608,24,Dakshina Kannada,2,Bantwal,2,PANEMANGALURU,25,SAJIPA MUDA,119,2021-2022,2,Rabi,NA Land ,0-10-0.00,2022-01-06,,,12.8538117,75.0111033,
440947627,24,Dakshina Kannada,2,Bantwal,2,PANEMANGALURU,25,SAJIPA MUDA,119,2021-2022,2,Rabi,Fallow,0-2-0.00,2022-01-06,,,12.8538182,75.0111146,
440947717,24,Dakshina Kannada,2,Bantwal,2,PANEMANGALURU,25,SAJIPA MUDA,119,2021-2022,2,Rabi,Fallow,0-20-0.00,2022-01-06,,,12.8526351,75.0126476,
440947770,24,Dakshina Kannada,2,Bantwal,2,PANEMANGALURU,25,SAJIPA MUDA,119,2021-2022,2,Rabi,Fallow,0-41-0.00,2022-01-06,,,12.8514861,75.0125558,
440947790,24,Dakshina Kannada,2,Bantwal,2,PANEMANGALURU,25,SAJIPA MUDA,119,2021-2022,2,Rabi,NA Land ,0-10-0.00,2022-01-06,,,12.8515568,75.0124965,
440947880,24,Dakshina Kannada,2,Bantwal,2,PANEMANGALURU,25,SAJIPA MUDA,119,2021-2022,2,Rabi,NA Land ,0-5-0.00,2022-01-06,,,12.850125,75.0116533,
440947908,24,Dakshina Kannada,2,Bantwal,2,PANEMANGALURU,25,SAJIPA MUDA,119,2021-2022,2,Rabi,NA Land ,0-13-0.00,2022-01-06,,,12.8513129,75.0110484,
440947950,24,Dakshina Kannada,2,Bantwal,2,PANEMANGALURU,25,SAJIPA MUDA,119,2021-2022,2,Rabi,Fallow,1-6-0.00,2022-01-06,,,12.8521423,75.0109573,
440948936,24,Dakshina Kannada,2,Bantwal,2,PANEMANGALURU,2,AMTURU,119,2021-2022,2,Rabi,NA Land ,0-5-0.00,2022-01-06,,,12.8438985,75.0459655,
440948942,24,Dakshina Kannada,2,Bantwal,2,PANEMANGALURU,2,AMTURU,119,2021-2022,2,Rabi,NA Land ,0-5-0.00,2022-01-06,,,12.8439302,75.0460026,
440948976,24,Dakshina Kannada,2,Bantwal,2,PANEMANGALURU,2,AMTURU,119,2021-2022,2,Rabi,NA Land ,0-5-0.00,2022-01-06,,,12.8439255,75.0459912,
440949006,24,Dakshina Kannada,2,Bantwal,2,PANEMANGALURU,2,AMTURU,119,2021-2022,2,Rabi,Fallow,0-16-0.00,2022-01-06,,,12.843914,75.0459936,
440949020,24,Dakshina Kannada,2,Bantwal,2,PANEMANGALURU,2,AMTURU,119,2021-2022,2,Rabi,NA Land ,0-8-0.00,2022-01-06,,,12.843914,75.0459981,
440942693,24,Dakshina Kannada,2,Bantwal,2,PANEMANGALURU,25,SAJIPA MUDA,119,2021-2022,2,Rabi,NA Land ,0-56-0.00,2022-01-06,,,12.8561318,75.0365742,
440942737,24,Dakshina Kannada,2,Bantwal,2,PANEMANGALURU,25,SAJIPA MUDA,119,2021-2022,2,Rabi,NA Land ,0-2-0.00,2022-01-06,,,12.8533321,75.0352968,
440942747,24,Dakshina Kannada,2,Bantwal,2,PANEMANGALURU,25,SAJIPA MUDA,119,2021-2022,2,Rabi,NA Land ,0-10-0.00,2022-01-06,,,12.8533329,75.0352905,
440942761,24,Dakshina Kannada,2,Bantwal,2,PANEMANGALURU,25,SAJIPA MUDA,119,2021-2022,2,Rabi,NA Land ,0-36-0.00,2022-01-06,,,12.8533444,75.035283,
440949011,24,Dakshina Kannada,2,Bantwal,2,PANEMANGALURU,25,SAJIPA MUDA,119,2021-2022,2,Rabi,Fallow,3-89-0.00,2022-01-06,,,12.8282631,75.0349298,
440949015,24,Dakshina Kannada,2,Bantwal,2,PANEMANGALURU,25,SAJIPA MUDA,119,2021-2022,2,Rabi,Fallow,1-0-0.00,2022-01-06,,,12.8282527,75.0349765,
440949034,24,Dakshina Kannada,2,Bantwal,2,PANEMANGALURU,2,AMTURU,119,2021-2022,2,Rabi,NA Land ,0-5-0.00,2022-01-06,,,12.843908,75.0459827,
440942767,24,Dakshina Kannada,2,Bantwal,2,PANEMANGALURU,25,SAJIPA MUDA,119,2021-2022,2,Rabi,NA Land ,0-2-0.00,2022-01-06,,,12.8533435,75.0352844,
440942793,24,Dakshina Kannada,2,Bantwal,2,PANEMANGALURU,25,SAJIPA MUDA,119,2021-2022,2,Rabi,Fallow,0-20-0.00,2022-01-06,,,12.8337741,75.0343407,
440947331,24,Dakshina Kannada,2,Bantwal,2,PANEMANGALURU,25,SAJIPA MUDA,119,2021-2022,2,Rabi,NA Land ,0-20-0.00,2022-01-06,,,12.8545041,75.0113258,
440947344,24,Dakshina Kannada,2,Bantwal,2,PANEMANGALURU,25,SAJIPA MUDA,119,2021-2022,2,Rabi,Fallow,0-5-0.00,2022-01-06,,,12.8542649,75.0113858,
440947650,24,Dakshina Kannada,2,Bantwal,2,PANEMANGALURU,25,SAJIPA MUDA,119,2021-2022,2,Rabi,NA Land ,0-12-0.00,2022-01-06,,,12.8538228,75.0111053,
440947779,24,Dakshina Kannada,2,Bantwal,2,PANEMANGALURU,25,SAJIPA MUDA,119,2021-2022,2,Rabi,Fallow,0-4-0.00,2022-01-06,,,12.8515634,75.0124966,
440947808,24,Dakshina Kannada,2,Bantwal,2,PANEMANGALURU,25,SAJIPA MUDA,119,2021-2022,2,Rabi,Fallow,0-2-0.00,2022-01-06,,,12.8515233,75.0125269,
440947838,24,Dakshina Kannada,2,Bantwal,2,PANEMANGALURU,25,SAJIPA MUDA,119,2021-2022,2,Rabi,Fallow,0-4-0.00,2022-01-06,,,12.8514888,75.0126059,
440947899,24,Dakshina Kannada,2,Bantwal,2,PANEMANGALURU,25,SAJIPA MUDA,119,2021-2022,2,Rabi,NA Land ,0-14-0.00,2022-01-06,,,12.8512933,75.011185,
440983173,24,Dakshina Kannada,2,Bantwal,2,PANEMANGALURU,25,SAJIPA MUDA,119,2021-2022,2,Rabi,NA Land ,0-26-0.00,2022-01-06,,,12.84555,75.0328448,
440983180,24,Dakshina Kannada,2,Bantwal,2,PANEMANGALURU,25,SAJIPA MUDA,119,2021-2022,2,Rabi,Betel Nuts (Areca nuts),0-26-50.00,2022-01-06,,,12.8454997,75.0328238,
440983180,24,Dakshina Kannada,2,Bantwal,2,PANEMANGALURU,25,SAJIPA MUDA,119,2021-2022,2,Rabi,Betel Nuts (Areca nuts),0-26-50.00,2022-01-06,,,12.8454987,75.0328235,
440983187,24,Dakshina Kannada,2,Bantwal,2,PANEMANGALURU,25,SAJIPA MUDA,119,2021-2022,2,Rabi,NA Land ,0-6-0.00,2022-01-06,,,12.8454982,75.0328111,
440983240,24,Dakshina Kannada,2,Bantwal,2,PANEMANGALURU,25,SAJIPA MUDA,119,2021-2022,2,Rabi,NA Land ,0-2-0.00,2022-01-06,,,12.8454713,75.0327534,
440982932,24,Dakshina Kannada,2,Bantwal,2,PANEMANGALURU,25,SAJIPA MUDA,119,2021-2022,2,Rabi,NA Land ,0-6-0.00,2022-01-06,,,12.8455354,75.032833,
440983061,24,Dakshina Kannada,2,Bantwal,2,PANEMANGALURU,25,SAJIPA MUDA,119,2021-2022,2,Rabi,NA Land ,0-2-50.00,2022-01-06,,,12.8455147,75.0327515,
440983008,24,Dakshina Kannada,2,Bantwal,2,PANEMANGALURU,25,SAJIPA MUDA,119,2021-2022,2,Rabi,NA Land ,0-31-50.00,2022-01-06,,,12.8455198,75.0327928,
440983137,24,Dakshina Kannada,2,Bantwal,2,PANEMANGALURU,25,SAJIPA MUDA,119,2021-2022,2,Rabi,NA Land ,0-18-0.00,2022-01-06,,,12.8455122,75.0328142,
440982924,24,Dakshina Kannada,2,Bantwal,2,PANEMANGALURU,25,SAJIPA MUDA,119,2021-2022,2,Rabi,NA Land ,0-21-0.00,2022-01-06,,,12.8455387,75.0328534,
440982991,24,Dakshina Kannada,2,Bantwal,2,PANEMANGALURU,25,SAJIPA MUDA,119,2021-2022,2,Rabi,NA Land ,0-10-0.00,2022-01-06,,,12.8457449,75.0328041,
440983333,24,Dakshina Kannada,2,Bantwal,2,PANEMANGALURU,25,SAJIPA MUDA,119,2021-2022,2,Rabi,Betel Nuts (Areca nuts),0-61-0.00,2022-01-06,,,12.8511914,75.0277006,
440983333,24,Dakshina Kannada,2,Bantwal,2,PANEMANGALURU,25,SAJIPA MUDA,119,2021-2022,2,Rabi,Betel Nuts (Areca nuts),0-61-0.00,2022-01-06,,,12.8511954,75.0277083,
440983293,24,Dakshina Kannada,2,Bantwal,2,PANEMANGALURU,25,SAJIPA MUDA,119,2021-2022,2,Rabi,NA Land ,0-12-0.00,2022-01-06,,,12.8514485,75.0283004,
440983331,24,Dakshina Kannada,2,Bantwal,2,PANEMANGALURU,25,SAJIPA MUDA,119,2021-2022,2,Rabi,NA Land ,0-30-0.00,2022-01-06,,,12.8514438,75.0283068,
440983394,24,Dakshina Kannada,2,Bantwal,2,PANEMANGALURU,25,SAJIPA MUDA,119,2021-2022,2,Rabi,NA Land ,0-5-50.00,2022-01-06,,,12.8507027,75.0277202,
440983269,24,Dakshina Kannada,2,Bantwal,2,PANEMANGALURU,25,SAJIPA MUDA,119,2021-2022,2,Rabi,NA Land ,0-29-0.00,2022-01-06,,,12.8454823,75.0327823,
440982941,24,Dakshina Kannada,2,Bantwal,2,PANEMANGALURU,25,SAJIPA MUDA,119,2021-2022,2,Rabi,NA Land ,0-6-0.00,2022-01-06,,,12.8455206,75.0327829,
440982957,24,Dakshina Kannada,2,Bantwal,2,PANEMANGALURU,25,SAJIPA MUDA,119,2021-2022,2,Rabi,NA Land ,0-2-0.00,2022-01-06,,,12.8455325,75.0327846,
440983014,24,Dakshina Kannada,2,Bantwal,2,PANEMANGALURU,25,SAJIPA MUDA,119,2021-2022,2,Rabi,NA Land ,0-9-0.00,2022-01-06,,,12.8455252,75.0327814,
440983034,24,Dakshina Kannada,2,Bantwal,2,PANEMANGALURU,25,SAJIPA MUDA,119,2021-2022,2,Rabi,NA Land ,0-30-0.00,2022-01-06,,,12.8454812,75.0327369,
440983304,24,Dakshina Kannada,2,Bantwal,2,PANEMANGALURU,25,SAJIPA MUDA,119,2021-2022,2,Rabi,NA Land ,1-11-25.00,2022-01-06,,,12.8514456,75.0282974,
440983323,24,Dakshina Kannada,2,Bantwal,2,PANEMANGALURU,25,SAJIPA MUDA,119,2021-2022,2,Rabi,NA Land ,2-3-0.00,2022-01-06,,,12.8514421,75.0282992,
440982976,24,Dakshina Kannada,2,Bantwal,2,PANEMANGALURU,25,SAJIPA MUDA,119,2021-2022,2,Rabi,NA Land ,0-4-50.00,2022-01-06,,,12.8456813,75.0330876,
440983081,24,Dakshina Kannada,2,Bantwal,2,PANEMANGALURU,25,SAJIPA MUDA,119,2021-2022,2,Rabi,NA Land ,0-3-0.00,2022-01-06,,,12.8455221,75.0327578,
440983115,24,Dakshina Kannada,2,Bantwal,2,PANEMANGALURU,25,SAJIPA MUDA,119,2021-2022,2,Rabi,NA Land ,0-10-0.00,2022-01-06,,,12.8455349,75.0327927,
440983044,24,Dakshina Kannada,2,Bantwal,2,PANEMANGALURU,25,SAJIPA MUDA,119,2021-2022,2,Rabi,NA Land ,0-13-0.00,2022-01-06,,,12.8455055,75.03273298,
440983075,24,Dakshina Kannada,2,Bantwal,2,PANEMANGALURU,25,SAJIPA MUDA,119,2021-2022,2,Rabi,NA Land ,0-44-0.00,2022-01-06,,,12.8455138,75.0327638,
440983486,24,Dakshina Kannada,2,Bantwal,2,PANEMANGALURU,25,SAJIPA MUDA,119,2021-2022,2,Rabi,NA Land ,0-5-0.00,2022-01-06,,,12.847951,75.0261906,
440983197,24,Dakshina Kannada,2,Bantwal,2,PANEMANGALURU,25,SAJIPA MUDA,119,2021-2022,2,Rabi,Betel Nuts (Areca nuts),0-38-0.00,2022-01-06,,,12.8454958,75.0328003,
440983197,24,Dakshina Kannada,2,Bantwal,2,PANEMANGALURU,25,SAJIPA MUDA,119,2021-2022,2,Rabi,Betel Nuts (Areca nuts),0-38-0.00,2022-01-06,,,12.8454942,75.0327987,
440983197,24,Dakshina Kannada,2,Bantwal,2,PANEMANGALURU,25,SAJIPA MUDA,119,2021-2022,2,Rabi,Coconut,0-1-0.00,2022-01-06,,,12.8455115,75.0327602,
440983197,24,Dakshina Kannada,2,Bantwal,2,PANEMANGALURU,25,SAJIPA MUDA,119,2021-2022,2,Rabi,Coconut,0-1-0.00,2022-01-06,,,12.8455151,75.032792,
440983216,24,Dakshina Kannada,2,Bantwal,2,PANEMANGALURU,25,SAJIPA MUDA,119,2021-2022,2,Rabi,Betel Nuts (Areca nuts),0-54-50.00,2022-01-06,,,12.8454612,75.0327509,
440983216,24,Dakshina Kannada,2,Bantwal,2,PANEMANGALURU,25,SAJIPA MUDA,119,2021-2022,2,Rabi,Betel Nuts (Areca nuts),0-54-50.00,2022-01-06,,,12.8454622,75.0327514,
440983254,24,Dakshina Kannada,2,Bantwal,2,PANEMANGALURU,25,SAJIPA MUDA,119,2021-2022,2,Rabi,NA Land ,0-13-0.00,2022-01-06,,,12.8454718,75.0327713,
440983264,24,Dakshina Kannada,2,Bantwal,2,PANEMANGALURU,25,SAJIPA MUDA,119,2021-2022,2,Rabi,Betel Nuts (Areca nuts),0-12-0.00,2022-01-06,,,12.84549,75.0328089,
440983264,24,Dakshina Kannada,2,Bantwal,2,PANEMANGALURU,25,SAJIPA MUDA,119,2021-2022,2,Rabi,Betel Nuts (Areca nuts),0-12-0.00,2022-01-06,,,12.8454904,75.032807,
440983286,24,Dakshina Kannada,2,Bantwal,2,PANEMANGALURU,25,SAJIPA MUDA,119,2021-2022,2,Rabi,NA Land ,0-5-75.00,2022-01-06,,,12.8514537,75.0282964,
440983311,24,Dakshina Kannada,2,Bantwal,2,PANEMANGALURU,25,SAJIPA MUDA,119,2021-2022,2,Rabi,NA Land ,0-45-0.00,2022-01-06,,,12.8514458,75.0282984,
440983379,24,Dakshina Kannada,2,Bantwal,2,PANEMANGALURU,25,SAJIPA MUDA,119,2021-2022,2,Rabi,NA Land ,0-28-0.00,2022-01-06,,,12.8506996,75.0277285,
440983495,24,Dakshina Kannada,2,Bantwal,2,PANEMANGALURU,25,SAJIPA MUDA,119,2021-2022,2,Rabi,NA Land ,1-78-0.00,2022-01-06,,,12.8479507,75.0262252,
440983519,24,Dakshina Kannada,2,Bantwal,2,PANEMANGALURU,25,SAJIPA MUDA,119,2021-2022,2,Rabi,NA Land ,0-6-0.00,2022-01-06,,,12.8479525,75.026229,
440983421,24,Dakshina Kannada,2,Bantwal,2,PANEMANGALURU,25,SAJIPA MUDA,119,2021-2022,2,Rabi,NA Land ,0-10-0.00,2022-01-06,,,12.8507029,75.0277169,
440983463,24,Dakshina Kannada,2,Bantwal,2,PANEMANGALURU,25,SAJIPA MUDA,119,2021-2022,2,Rabi,NA Land ,0-5-0.00,2022-01-06,,,12.8507152,75.0277172,
440983509,24,Dakshina Kannada,2,Bantwal,2,PANEMANGALURU,25,SAJIPA MUDA,119,2021-2022,2,Rabi,NA Land ,0-12-0.00,2022-01-06,,,12.8479514,75.0262238,
440983386,24,Dakshina Kannada,2,Bantwal,2,PANEMANGALURU,25,SAJIPA MUDA,119,2021-2022,2,Rabi,NA Land ,0-55-0.00,2022-01-06,,,12.8507025,75.0277218,
440983403,24,Dakshina Kannada,2,Bantwal,2,PANEMANGALURU,25,SAJIPA MUDA,119,2021-2022,2,Rabi,NA Land ,0-29-0.00,2022-01-06,,,12.850705,75.0277189,
440983408,24,Dakshina Kannada,2,Bantwal,2,PANEMANGALURU,25,SAJIPA MUDA,119,2021-2022,2,Rabi,NA Land ,0-12-50.00,2022-01-06,,,12.8507035,75.0277167,
440983469,24,Dakshina Kannada,2,Bantwal,2,PANEMANGALURU,25,SAJIPA MUDA,119,2021-2022,2,Rabi,NA Land ,2-45-0.00,2022-01-06,,,12.8507154,75.0277179,
440983475,24,Dakshina Kannada,2,Bantwal,2,PANEMANGALURU,25,SAJIPA MUDA,119,2021-2022,2,Rabi,NA Land ,0-13-0.00,2022-01-06,,,12.8479532,75.0262334,
440983481,24,Dakshina Kannada,2,Bantwal,2,PANEMANGALURU,25,SAJIPA MUDA,119,2021-2022,2,Rabi,NA Land ,0-16-0.00,2022-01-06,,,12.8479524,75.0262016,
440942968,24,Dakshina Kannada,2,Bantwal,2,PANEMANGALURU,25,SAJIPA MUDA,119,2021-2022,2,Rabi,NA Land ,0-7-0.00,2022-01-06,,,12.8481285,75.0342591,
440943031,24,Dakshina Kannada,2,Bantwal,2,PANEMANGALURU,25,SAJIPA MUDA,119,2021-2022,2,Rabi,NA Land ,0-2-0.00,2022-01-06,,,12.8469569,75.0346363,
440947851,24,Dakshina Kannada,2,Bantwal,2,PANEMANGALURU,25,SAJIPA MUDA,119,2021-2022,2,Rabi,Fallow,0-1-0.00,2022-01-06,,,12.8500387,75.011773,
440948084,24,Dakshina Kannada,2,Bantwal,2,PANEMANGALURU,25,SAJIPA MUDA,119,2021-2022,2,Rabi,Fallow,0-55-0.00,2022-01-06,,,12.855427,75.0123035,
440948088,24,Dakshina Kannada,2,Bantwal,2,PANEMANGALURU,25,SAJIPA MUDA,119,2021-2022,2,Rabi,Fallow,0-6-50.00,2022-01-06,,,12.8553212,75.0121828,
440948932,24,Dakshina Kannada,2,Bantwal,2,PANEMANGALURU,2,AMTURU,119,2021-2022,2,Rabi,Fallow,0-7-0.00,2022-01-06,,,12.8438881,75.0459562,
440948983,24,Dakshina Kannada,2,Bantwal,2,PANEMANGALURU,2,AMTURU,119,2021-2022,2,Rabi,NA Land ,0-10-0.00,2022-01-06,,,12.8439252,75.04599102,
440949013,24,Dakshina Kannada,2,Bantwal,2,PANEMANGALURU,2,AMTURU,119,2021-2022,2,Rabi,Fallow,0-20-0.00,2022-01-06,,,12.8439135,75.0460007,
440953922,24,Dakshina Kannada,2,Bantwal,2,PANEMANGALURU,25,SAJIPA MUDA,119,2021-2022,2,Rabi,Fallow,0-6-0.00,2022-01-06,,,12.8318819,75.0323601,
440942976,24,Dakshina Kannada,2,Bantwal,2,PANEMANGALURU,25,SAJIPA MUDA,119,2021-2022,2,Rabi,NA Land ,0-17-0.00,2022-01-06,,,12.8481289,75.0342462,
440942983,24,Dakshina Kannada,2,Bantwal,2,PANEMANGALURU,25,SAJIPA MUDA,119,2021-2022,2,Rabi,NA Land ,0-9-0.00,2022-01-06,,,12.8470079,75.0345678,
440943004,24,Dakshina Kannada,2,Bantwal,2,PANEMANGALURU,25,SAJIPA MUDA,119,2021-2022,2,Rabi,NA Land ,0-2-0.00,2022-01-06,,,12.84699737,75.03458643,
440943043,24,Dakshina Kannada,2,Bantwal,2,PANEMANGALURU,25,SAJIPA MUDA,119,2021-2022,2,Rabi,NA Land ,0-7-0.00,2022-01-06,,,12.8469639,75.0345462,
440942823,24,Dakshina Kannada,2,Bantwal,2,PANEMANGALURU,25,SAJIPA MUDA,119,2021-2022,2,Rabi,NA Land ,0-1-50.00,2022-01-06,,,12.8336655,75.034346,
440942843,24,Dakshina Kannada,2,Bantwal,2,PANEMANGALURU,25,SAJIPA MUDA,119,2021-2022,2,Rabi,NA Land ,0-15-0.00,2022-01-06,,,12.833733,75.0343481,
440942856,24,Dakshina Kannada,2,Bantwal,2,PANEMANGALURU,25,SAJIPA MUDA,119,2021-2022,2,Rabi,NA Land ,0-6-50.00,2022-01-06,,,12.848142,75.0342911,
440943050,24,Dakshina Kannada,2,Bantwal,2,PANEMANGALURU,25,SAJIPA MUDA,119,2021-2022,2,Rabi,NA Land ,0-16-0.00,2022-01-06,,,12.8469627,75.0345511,
440948945,24,Dakshina Kannada,2,Bantwal,2,PANEMANGALURU,2,AMTURU,119,2021-2022,2,Rabi,NA Land ,0-5-0.00,2022-01-06,,,12.8439259,75.0459912,
440948992,24,Dakshina Kannada,2,Bantwal,2,PANEMANGALURU,2,AMTURU,119,2021-2022,2,Rabi,NA Land ,0-12-0.00,2022-01-06,,,12.8439112,75.0459919,
440949009,24,Dakshina Kannada,2,Bantwal,2,PANEMANGALURU,2,AMTURU,119,2021-2022,2,Rabi,Fallow,0-20-0.00,2022-01-06,,,12.8439137,75.0459938,
440949017,24,Dakshina Kannada,2,Bantwal,2,PANEMANGALURU,2,AMTURU,119,2021-2022,2,Rabi,Fallow,0-56-0.00,2022-01-06,,,12.8439143,75.0459984,
440942846,24,Dakshina Kannada,2,Bantwal,2,PANEMANGALURU,25,SAJIPA MUDA,119,2021-2022,2,Rabi,NA Land ,0-0-50.00,2022-01-06,,,12.8481467,75.0342604,
440942920,24,Dakshina Kannada,2,Bantwal,2,PANEMANGALURU,25,SAJIPA MUDA,119,2021-2022,2,Rabi,NA Land ,0-36-0.00,2022-01-06,,,12.8481218,75.0343332,
440949027,24,Dakshina Kannada,2,Bantwal,2,PANEMANGALURU,2,AMTURU,119,2021-2022,2,Rabi,NA Land ,0-5-0.00,2022-01-06,,,12.843914,75.0459978,
440949031,24,Dakshina Kannada,2,Bantwal,2,PANEMANGALURU,2,AMTURU,119,2021-2022,2,Rabi,Fallow,0-15-0.00,2022-01-06,,,12.843914,75.0459978,
440949036,24,Dakshina Kannada,2,Bantwal,2,PANEMANGALURU,2,AMTURU,119,2021-2022,2,Rabi,NA Land ,0-15-0.00,2022-01-06,,,12.8439081,75.0459822,
440942993,24,Dakshina Kannada,2,Bantwal,2,PANEMANGALURU,25,SAJIPA MUDA,119,2021-2022,2,Rabi,NA Land ,0-10-0.00,2022-01-06,,,12.8470123,75.0345651,
440983501,24,Dakshina Kannada,2,Bantwal,2,PANEMANGALURU,25,SAJIPA MUDA,119,2021-2022,2,Rabi,NA Land ,0-12-0.00,2022-01-06,,,12.8479588,75.0262297,
440983505,24,Dakshina Kannada,2,Bantwal,2,PANEMANGALURU,25,SAJIPA MUDA,119,2021-2022,2,Rabi,NA Land ,0-14-0.00,2022-01-06,,,12.8479564,75.0262274,
440983544,24,Dakshina Kannada,2,Bantwal,2,PANEMANGALURU,25,SAJIPA MUDA,119,2021-2022,2,Rabi,NA Land ,0-4-0.00,2022-01-06,,,12.844776,75.0280901,
440983563,24,Dakshina Kannada,2,Bantwal,2,PANEMANGALURU,25,SAJIPA MUDA,119,2021-2022,2,Rabi,NA Land ,0-1-0.00,2022-01-06,,,12.8448052,75.0280992,
440983569,24,Dakshina Kannada,2,Bantwal,2,PANEMANGALURU,25,SAJIPA MUDA,119,2021-2022,2,Rabi,NA Land ,0-2-0.00,2022-01-06,,,12.8448061,75.0280968,
440983579,24,Dakshina Kannada,2,Bantwal,2,PANEMANGALURU,25,SAJIPA MUDA,119,2021-2022,2,Rabi,NA Land ,0-1-0.00,2022-01-06,,,12.8448236,75.0280708,
440983550,24,Dakshina Kannada,2,Bantwal,2,PANEMANGALURU,25,SAJIPA MUDA,119,2021-2022,2,Rabi,NA Land ,0-25-0.00,2022-01-06,,,12.8447856,75.0280801,
440983589,24,Dakshina Kannada,2,Bantwal,2,PANEMANGALURU,25,SAJIPA MUDA,119,2021-2022,2,Rabi,NA Land ,0-5-0.00,2022-01-06,,,12.8448057,75.0281176,
440983526,24,Dakshina Kannada,2,Bantwal,2,PANEMANGALURU,25,SAJIPA MUDA,119,2021-2022,2,Rabi,NA Land ,0-6-0.00,2022-01-06,,,12.8479576,75.0262259,
440983532,24,Dakshina Kannada,2,Bantwal,2,PANEMANGALURU,25,SAJIPA MUDA,119,2021-2022,2,Rabi,NA Land ,0-10-0.00,2022-01-06,,,12.8479601,75.0262278,
440983555,24,Dakshina Kannada,2,Bantwal,2,PANEMANGALURU,25,SAJIPA MUDA,119,2021-2022,2,Rabi,NA Land ,0-1-0.00,2022-01-06,,,12.8447895,75.0280733,
440983574,24,Dakshina Kannada,2,Bantwal,2,PANEMANGALURU,25,SAJIPA MUDA,119,2021-2022,2,Rabi,NA Land ,0-2-0.00,2022-01-06,,,12.8448378,75.0280696,
440983583,24,Dakshina Kannada,2,Bantwal,2,PANEMANGALURU,25,SAJIPA MUDA,119,2021-2022,2,Rabi,NA Land ,0-12-0.00,2022-01-06,,,12.8447997,75.0281221,
440982916,24,Dakshina Kannada,2,Bantwal,2,PANEMANGALURU,25,SAJIPA MUDA,119,2021-2022,2,Rabi,Betel Nuts (Areca nuts),0-30-0.00,2022-01-06,,,12.8455444,75.0328689,
440982916,24,Dakshina Kannada,2,Bantwal,2,PANEMANGALURU,25,SAJIPA MUDA,119,2021-2022,2,Rabi,Betel Nuts (Areca nuts),0-30-0.00,2022-01-06,,,12.8455432,75.0328685,
440983003,24,Dakshina Kannada,2,Bantwal,2,PANEMANGALURU,25,SAJIPA MUDA,119,2021-2022,2,Rabi,NA Land ,0-15-0.00,2022-01-06,,,12.8455358,75.0327806,
440983021,24,Dakshina Kannada,2,Bantwal,2,PANEMANGALURU,25,SAJIPA MUDA,119,2021-2022,2,Rabi,NA Land ,0-30-0.00,2022-01-06,,,12.8455186,75.0327778,
440983027,24,Dakshina Kannada,2,Bantwal,2,PANEMANGALURU,25,SAJIPA MUDA,119,2021-2022,2,Rabi,NA Land ,0-2-0.00,2022-01-06,,,12.8455183,75.0327823,
440983053,24,Dakshina Kannada,2,Bantwal,2,PANEMANGALURU,25,SAJIPA MUDA,119,2021-2022,2,Rabi,NA Land ,0-38-0.00,2022-01-06,,,12.8455164,75.0327421,
440983089,24,Dakshina Kannada,2,Bantwal,2,PANEMANGALURU,25,SAJIPA MUDA,119,2021-2022,2,Rabi,NA Land ,0-6-0.00,2022-01-06,,,12.8455231,75.0327547,
440983152,24,Dakshina Kannada,2,Bantwal,2,PANEMANGALURU,25,SAJIPA MUDA,119,2021-2022,2,Rabi,NA Land ,0-3-0.00,2022-01-06,,,12.8455609,75.0328363,
440983203,24,Dakshina Kannada,2,Bantwal,2,PANEMANGALURU,25,SAJIPA MUDA,119,2021-2022,2,Rabi,NA Land ,0-24-50.00,2022-01-06,,,12.8455194,75.032785,
440983301,24,Dakshina Kannada,2,Bantwal,2,PANEMANGALURU,25,SAJIPA MUDA,119,2021-2022,2,Rabi,NA Land ,0-10-0.00,2022-01-06,,,12.8514447,75.0282935,
440983351,24,Dakshina Kannada,2,Bantwal,2,PANEMANGALURU,25,SAJIPA MUDA,119,2021-2022,2,Rabi,Betel Nuts (Areca nuts),0-42-0.00,2022-01-06,,,12.8512027,75.0276934,
440983351,24,Dakshina Kannada,2,Bantwal,2,PANEMANGALURU,25,SAJIPA MUDA,119,2021-2022,2,Rabi,Betel Nuts (Areca nuts),0-42-0.00,2022-01-06,,,12.8512025,75.0276921,
440983363,24,Dakshina Kannada,2,Bantwal,2,PANEMANGALURU,25,SAJIPA MUDA,119,2021-2022,2,Rabi,NA Land ,0-11-0.00,2022-01-06,,,12.8507278,75.0277041,
440947941,24,Dakshina Kannada,2,Bantwal,2,PANEMANGALURU,25,SAJIPA MUDA,119,2021-2022,2,Rabi,Fallow,0-16-0.00,2022-01-06,,,12.8521115,75.0109041,
440947959,24,Dakshina Kannada,2,Bantwal,2,PANEMANGALURU,25,SAJIPA MUDA,119,2021-2022,2,Rabi,NA Land ,0-10-0.00,2022-01-06,,,12.8521439,75.0109176,
440948037,24,Dakshina Kannada,2,Bantwal,2,PANEMANGALURU,25,SAJIPA MUDA,119,2021-2022,2,Rabi,Fallow,0-30-0.00,2022-01-06,,,12.8527863,75.010345,
440948048,24,Dakshina Kannada,2,Bantwal,2,PANEMANGALURU,25,SAJIPA MUDA,119,2021-2022,2,Rabi,Fallow,0-34-0.00,2022-01-06,,,12.8549802,75.011187,
440948140,24,Dakshina Kannada,2,Bantwal,2,PANEMANGALURU,25,SAJIPA MUDA,119,2021-2022,2,Rabi,NA Land ,0-15-0.00,2022-01-06,,,12.8555035,75.0115381,
440942719,24,Dakshina Kannada,2,Bantwal,2,PANEMANGALURU,25,SAJIPA MUDA,119,2021-2022,2,Rabi,NA Land ,0-5-0.00,2022-01-06,,,12.8533253,75.0352951,
440942755,24,Dakshina Kannada,2,Bantwal,2,PANEMANGALURU,25,SAJIPA MUDA,119,2021-2022,2,Rabi,Betel Nuts (Areca nuts),0-41-0.00,2022-01-06,,,12.8533416,75.035279,
440942755,24,Dakshina Kannada,2,Bantwal,2,PANEMANGALURU,25,SAJIPA MUDA,119,2021-2022,2,Rabi,Betel Nuts (Areca nuts),0-41-0.00,2022-01-06,,,12.8533438,75.0352808,
440942810,24,Dakshina Kannada,2,Bantwal,2,PANEMANGALURU,25,SAJIPA MUDA,119,2021-2022,2,Rabi,NA Land ,0-6-50.00,2022-01-06,,,12.8481819,75.0341403,
440942818,24,Dakshina Kannada,2,Bantwal,2,PANEMANGALURU,25,SAJIPA MUDA,119,2021-2022,2,Rabi,NA Land ,0-7-0.00,2022-01-06,,,12.8481748,75.0341473,
440942862,24,Dakshina Kannada,2,Bantwal,2,PANEMANGALURU,25,SAJIPA MUDA,119,2021-2022,2,Rabi,NA Land ,0-8-0.00,2022-01-06,,,12.8481152,75.0343869,
440947596,24,Dakshina Kannada,2,Bantwal,2,PANEMANGALURU,25,SAJIPA MUDA,119,2021-2022,2,Rabi,Fallow,0-36-0.00,2022-01-06,,,12.8537695,75.0110668,
440947759,24,Dakshina Kannada,2,Bantwal,2,PANEMANGALURU,25,SAJIPA MUDA,119,2021-2022,2,Rabi,NA Land ,0-7-0.00,2022-01-06,,,12.8516267,75.0123683,
440947825,24,Dakshina Kannada,2,Bantwal,2,PANEMANGALURU,25,SAJIPA MUDA,119,2021-2022,2,Rabi,Fallow,0-10-0.00,2022-01-06,,,12.8515308,75.0125141,
440947832,24,Dakshina Kannada,2,Bantwal,2,PANEMANGALURU,25,SAJIPA MUDA,119,2021-2022,2,Rabi,NA Land ,0-10-0.00,2022-01-06,,,12.851535,75.0125711,
440947889,24,Dakshina Kannada,2,Bantwal,2,PANEMANGALURU,25,SAJIPA MUDA,119,2021-2022,2,Rabi,NA Land ,0-12-0.00,2022-01-06,,,12.8512278,75.0116461,
440947917,24,Dakshina Kannada,2,Bantwal,2,PANEMANGALURU,25,SAJIPA MUDA,119,2021-2022,2,Rabi,Fallow,0-40-0.00,2022-01-06,,,12.851801,75.0109109,
440947926,24,Dakshina Kannada,2,Bantwal,2,PANEMANGALURU,25,SAJIPA MUDA,119,2021-2022,2,Rabi,NA Land ,0-11-25.00,2022-01-06,,,12.8518068,75.010983,
440947974,24,Dakshina Kannada,2,Bantwal,2,PANEMANGALURU,25,SAJIPA MUDA,119,2021-2022,2,Rabi,NA Land ,0-14-0.00,2022-01-06,,,12.8512818,75.0103412,
440947982,24,Dakshina Kannada,2,Bantwal,2,PANEMANGALURU,25,SAJIPA MUDA,119,2021-2022,2,Rabi,Fallow,0-40-0.00,2022-01-06,,,12.851506,75.0102735,
440942689,24,Dakshina Kannada,2,Bantwal,2,PANEMANGALURU,25,SAJIPA MUDA,119,2021-2022,2,Rabi,NA Land ,0-4-0.00,2022-01-06,,,12.8561321,75.0365751,
440942698,24,Dakshina Kannada,2,Bantwal,2,PANEMANGALURU,25,SAJIPA MUDA,119,2021-2022,2,Rabi,NA Land ,0-25-0.00,2022-01-06,,,12.8560661,75.0366331,
440942708,24,Dakshina Kannada,2,Bantwal,2,PANEMANGALURU,25,SAJIPA MUDA,119,2021-2022,2,Rabi,Betel Nuts (Areca nuts),0-59-0.00,2022-01-06,,,12.853313,75.035277,
440948053,24,Dakshina Kannada,2,Bantwal,2,PANEMANGALURU,25,SAJIPA MUDA,119,2021-2022,2,Rabi,Fallow,0-52-0.00,2022-01-06,,,12.8550047,75.0111818,
440948065,24,Dakshina Kannada,2,Bantwal,2,PANEMANGALURU,25,SAJIPA MUDA,119,2021-2022,2,Rabi,NA Land ,0-5-0.00,2022-01-06,,,12.8548248,75.0111473,
440942708,24,Dakshina Kannada,2,Bantwal,2,PANEMANGALURU,25,SAJIPA MUDA,119,2021-2022,2,Rabi,Betel Nuts (Areca nuts),0-59-0.00,2022-01-06,,,12.8533124,75.0352777,
440942714,24,Dakshina Kannada,2,Bantwal,2,PANEMANGALURU,25,SAJIPA MUDA,119,2021-2022,2,Rabi,Paddy-L,0-40-0.00,2022-01-06,january,5th week,12.8533139,75.0352892,
440942728,24,Dakshina Kannada,2,Bantwal,2,PANEMANGALURU,25,SAJIPA MUDA,119,2021-2022,2,Rabi,NA Land ,0-1-0.00,2022-01-06,,,12.8533344,75.0352993,
440942742,24,Dakshina Kannada,2,Bantwal,2,PANEMANGALURU,25,SAJIPA MUDA,119,2021-2022,2,Rabi,NA Land ,0-10-0.00,2022-01-06,,,12.8533326,75.0352977,
440942795,24,Dakshina Kannada,2,Bantwal,2,PANEMANGALURU,25,SAJIPA MUDA,119,2021-2022,2,Rabi,NA Land ,0-2-50.00,2022-01-06,,,12.8481945,75.0341284,
440942800,24,Dakshina Kannada,2,Bantwal,2,PANEMANGALURU,25,SAJIPA MUDA,119,2021-2022,2,Rabi,NA Land ,0-3-0.00,2022-01-06,,,12.8481909,75.0341292,
440942684,24,Dakshina Kannada,2,Bantwal,2,PANEMANGALURU,25,SAJIPA MUDA,119,2021-2022,2,Rabi,NA Land ,0-24-0.00,2022-01-06,,,12.8561211,75.0365847,
440942773,24,Dakshina Kannada,2,Bantwal,2,PANEMANGALURU,25,SAJIPA MUDA,119,2021-2022,2,Rabi,NA Land ,0-5-0.00,2022-01-06,,,12.84822,75.0341184,
440942779,24,Dakshina Kannada,2,Bantwal,2,PANEMANGALURU,25,SAJIPA MUDA,119,2021-2022,2,Rabi,NA Land ,0-12-0.00,2022-01-06,,,12.848195,75.0341251,
440942789,24,Dakshina Kannada,2,Bantwal,2,PANEMANGALURU,25,SAJIPA MUDA,119,2021-2022,2,Rabi,NA Land ,0-3-0.00,2022-01-06,,,12.8481968,75.034126,
440942802,24,Dakshina Kannada,2,Bantwal,2,PANEMANGALURU,25,SAJIPA MUDA,119,2021-2022,2,Rabi,NA Land ,0-4-0.00,2022-01-06,,,12.8337903,75.0343724,
440942817,24,Dakshina Kannada,2,Bantwal,2,PANEMANGALURU,25,SAJIPA MUDA,119,2021-2022,2,Rabi,NA Land ,0-4-0.00,2022-01-06,,,12.833739,75.034345,
440942833,24,Dakshina Kannada,2,Bantwal,2,PANEMANGALURU,25,SAJIPA MUDA,119,2021-2022,2,Rabi,NA Land ,0-1-50.00,2022-01-06,,,12.8481544,75.0341519,
440942834,24,Dakshina Kannada,2,Bantwal,2,PANEMANGALURU,25,SAJIPA MUDA,119,2021-2022,2,Rabi,Fallow,0-28-0.00,2022-01-06,,,12.8337167,75.0343075,
440947349,24,Dakshina Kannada,2,Bantwal,2,PANEMANGALURU,25,SAJIPA MUDA,119,2021-2022,2,Rabi,Fallow,0-4-0.00,2022-01-06,,,12.8536417,75.0115399,
440947363,24,Dakshina Kannada,2,Bantwal,2,PANEMANGALURU,25,SAJIPA MUDA,119,2021-2022,2,Rabi,NA Land ,0-12-0.00,2022-01-06,,,12.8538967,75.011255,
440947659,24,Dakshina Kannada,2,Bantwal,2,PANEMANGALURU,25,SAJIPA MUDA,119,2021-2022,2,Rabi,Fallow,0-10-0.00,2022-01-06,,,12.8538611,75.0111506,
440947701,24,Dakshina Kannada,2,Bantwal,2,PANEMANGALURU,25,SAJIPA MUDA,119,2021-2022,2,Rabi,Fallow,4-1-0.00,2022-01-06,,,12.8524445,75.0123424,
440947712,24,Dakshina Kannada,2,Bantwal,2,PANEMANGALURU,25,SAJIPA MUDA,119,2021-2022,2,Rabi,Fallow,0-19-0.00,2022-01-06,,,12.8526276,75.0125744,
440947740,24,Dakshina Kannada,2,Bantwal,2,PANEMANGALURU,25,SAJIPA MUDA,119,2021-2022,2,Rabi,Fallow,0-4-0.00,2022-01-06,,,12.8526642,75.0126674,
440947785,24,Dakshina Kannada,2,Bantwal,2,PANEMANGALURU,25,SAJIPA MUDA,119,2021-2022,2,Rabi,Fallow,0-2-0.00,2022-01-06,,,12.8514868,75.0124136,
440947845,24,Dakshina Kannada,2,Bantwal,2,PANEMANGALURU,25,SAJIPA MUDA,119,2021-2022,2,Rabi,Fallow,0-3-0.00,2022-01-06,,,12.8499441,75.011779,
440947869,24,Dakshina Kannada,2,Bantwal,2,PANEMANGALURU,25,SAJIPA MUDA,119,2021-2022,2,Rabi,Fallow,0-28-0.00,2022-01-06,,,12.8501068,75.0116592,
440948013,24,Dakshina Kannada,2,Bantwal,2,PANEMANGALURU,25,SAJIPA MUDA,119,2021-2022,2,Rabi,NA Land ,0-10-0.00,2022-01-06,,,12.852771,75.0101379,
440948028,24,Dakshina Kannada,2,Bantwal,2,PANEMANGALURU,25,SAJIPA MUDA,119,2021-2022,2,Rabi,Fallow,0-12-0.00,2022-01-06,,,12.8529779,75.0104605,
440948030,24,Dakshina Kannada,2,Bantwal,2,PANEMANGALURU,25,SAJIPA MUDA,119,2021-2022,2,Rabi,Fallow,0-4-0.00,2022-01-06,,,12.852936,75.0105456,
440948073,24,Dakshina Kannada,2,Bantwal,2,PANEMANGALURU,25,SAJIPA MUDA,119,2021-2022,2,Rabi,Fallow,0-11-0.00,2022-01-06,,,12.8553298,75.0120868,
440948989,24,Dakshina Kannada,2,Bantwal,2,PANEMANGALURU,2,AMTURU,119,2021-2022,2,Rabi,Fallow,0-20-0.00,2022-01-06,,,12.8439102,75.0459761,
440798472,24,Dakshina Kannada,2,Bantwal,2,PANEMANGALURU,25,SAJIPA MUDA,119,2021-2022,2,Rabi,NA Land ,0-0-50.00,2022-01-04,,,12.8471616,75.0270726,
440798546,24,Dakshina Kannada,2,Bantwal,2,PANEMANGALURU,25,SAJIPA MUDA,119,2021-2022,2,Rabi,NA Land ,0-41-0.00,2022-01-04,,,12.8486444,75.0326315,
440814841,24,Dakshina Kannada,2,Bantwal,2,PANEMANGALURU,25,SAJIPA MUDA,119,2021-2022,2,Rabi,NA Land ,0-11-0.00,2022-01-04,,,12.8405047,75.021836,
440937907,24,Dakshina Kannada,2,Bantwal,2,PANEMANGALURU,25,SAJIPA MUDA,119,2021-2022,2,Rabi,Fallow,0-3-0.00,2022-01-06,,,12.8338258,75.0313407,
440931298,24,Dakshina Kannada,2,Bantwal,2,PANEMANGALURU,25,SAJIPA MUDA,119,2021-2022,2,Rabi,NA Land ,0-18-0.00,2022-01-05,,,12.8434868,75.028199,
440931309,24,Dakshina Kannada,2,Bantwal,2,PANEMANGALURU,25,SAJIPA MUDA,119,2021-2022,2,Rabi,NA Land ,0-6-0.00,2022-01-05,,,12.8434881,75.0281914,
440931322,24,Dakshina Kannada,2,Bantwal,2,PANEMANGALURU,25,SAJIPA MUDA,119,2021-2022,2,Rabi,NA Land ,0-10-0.00,2022-01-05,,,12.84351,75.0282168,
440931349,24,Dakshina Kannada,2,Bantwal,2,PANEMANGALURU,25,SAJIPA MUDA,119,2021-2022,2,Rabi,NA Land ,0-10-0.00,2022-01-05,,,12.843444,75.02816,
440931345,24,Dakshina Kannada,2,Bantwal,2,PANEMANGALURU,25,SAJIPA MUDA,119,2021-2022,2,Rabi,NA Land ,0-1-75.00,2022-01-05,,,12.8434497,75.0281649,
440931361,24,Dakshina Kannada,2,Bantwal,2,PANEMANGALURU,25,SAJIPA MUDA,119,2021-2022,2,Rabi,NA Land ,0-10-0.00,2022-01-05,,,12.8434643,75.0281655,
440947370,24,Dakshina Kannada,2,Bantwal,2,PANEMANGALURU,25,SAJIPA MUDA,119,2021-2022,2,Rabi,NA Land ,0-11-0.00,2022-01-06,,,12.8538105,75.0111239,
440947375,24,Dakshina Kannada,2,Bantwal,2,PANEMANGALURU,25,SAJIPA MUDA,119,2021-2022,2,Rabi,NA Land ,0-14-0.00,2022-01-06,,,12.8538438,75.0111065,
440947380,24,Dakshina Kannada,2,Bantwal,2,PANEMANGALURU,25,SAJIPA MUDA,119,2021-2022,2,Rabi,Fallow,0-22-0.00,2022-01-06,,,12.8538367,75.0111083,
440947386,24,Dakshina Kannada,2,Bantwal,2,PANEMANGALURU,25,SAJIPA MUDA,119,2021-2022,2,Rabi,Fallow,0-26-0.00,2022-01-06,,,12.8538369,75.0110814,
440976893,24,Dakshina Kannada,2,Bantwal,2,PANEMANGALURU,25,SAJIPA MUDA,119,2021-2022,2,Rabi,Fallow,0-17-0.00,2022-01-06,,,12.8556733,75.0075717,
440976941,24,Dakshina Kannada,2,Bantwal,2,PANEMANGALURU,25,SAJIPA MUDA,119,2021-2022,2,Rabi,Fallow,0-14-0.00,2022-01-06,,,12.855418,75.0074774,
440977004,24,Dakshina Kannada,2,Bantwal,2,PANEMANGALURU,25,SAJIPA MUDA,119,2021-2022,2,Rabi,Fallow,0-33-0.00,2022-01-06,,,12.855405,75.0072168,
440977046,24,Dakshina Kannada,2,Bantwal,2,PANEMANGALURU,25,SAJIPA MUDA,119,2021-2022,2,Rabi,Fallow,0-3-0.00,2022-01-06,,,12.8551106,75.0080899,
440977060,24,Dakshina Kannada,2,Bantwal,2,PANEMANGALURU,25,SAJIPA MUDA,119,2021-2022,2,Rabi,Fallow,0-1-0.00,2022-01-06,,,12.8550472,75.0081155,
440977068,24,Dakshina Kannada,2,Bantwal,2,PANEMANGALURU,25,SAJIPA MUDA,119,2021-2022,2,Rabi,NA Land ,0-10-0.00,2022-01-06,,,12.8551044,75.008049,
440977068,24,Dakshina Kannada,2,Bantwal,2,PANEMANGALURU,25,SAJIPA MUDA,119,2021-2022,2,Rabi,Fallow,0-64-0.00,2022-01-06,,,12.8551557,75.0080195,
441064532,24,Dakshina Kannada,2,Bantwal,2,PANEMANGALURU,25,SAJIPA MUDA,119,2021-2022,2,Rabi,NA Land ,0-15-0.00,2022-01-07,,,12.8573372,75.0329017,
441064601,24,Dakshina Kannada,2,Bantwal,2,PANEMANGALURU,25,SAJIPA MUDA,119,2021-2022,2,Rabi,Fallow,1-42-25.00,2022-01-07,,,12.8586605,75.0297479,
441064619,24,Dakshina Kannada,2,Bantwal,2,PANEMANGALURU,25,SAJIPA MUDA,119,2021-2022,2,Rabi,NA Land ,0-12-0.00,2022-01-07,,,12.8586601,75.0297441,
441064710,24,Dakshina Kannada,2,Bantwal,2,PANEMANGALURU,25,SAJIPA MUDA,119,2021-2022,2,Rabi,NA Land ,3-4-0.00,2022-01-07,,,12.8560373,75.0250294,
441064766,24,Dakshina Kannada,2,Bantwal,2,PANEMANGALURU,25,SAJIPA MUDA,119,2021-2022,2,Rabi,NA Land ,0-13-0.00,2022-01-07,,,12.8547698,75.0252826,
441032931,24,Dakshina Kannada,2,Bantwal,2,PANEMANGALURU,25,SAJIPA MUDA,119,2021-2022,2,Rabi,NA Land ,0-19-0.00,2022-01-07,,,12.84269083,75.03294099,
441032946,24,Dakshina Kannada,2,Bantwal,2,PANEMANGALURU,25,SAJIPA MUDA,119,2021-2022,2,Rabi,NA Land ,0-1-25.00,2022-01-07,,,12.8426697,75.0329381,
441032962,24,Dakshina Kannada,2,Bantwal,2,PANEMANGALURU,25,SAJIPA MUDA,119,2021-2022,2,Rabi,NA Land ,0-12-0.00,2022-01-07,,,12.8420965,75.0330908,
441032969,24,Dakshina Kannada,2,Bantwal,2,PANEMANGALURU,25,SAJIPA MUDA,119,2021-2022,2,Rabi,NA Land ,0-13-0.00,2022-01-07,,,12.8418845,75.0330136,
441033021,24,Dakshina Kannada,2,Bantwal,2,PANEMANGALURU,25,SAJIPA MUDA,119,2021-2022,2,Rabi,NA Land ,0-95-0.00,2022-01-07,,,12.8416084,75.03324007,
441033023,24,Dakshina Kannada,2,Bantwal,2,PANEMANGALURU,25,SAJIPA MUDA,119,2021-2022,2,Rabi,NA Land ,0-5-0.00,2022-01-07,,,12.8416024,75.0332413,
441033038,24,Dakshina Kannada,2,Bantwal,2,PANEMANGALURU,25,SAJIPA MUDA,119,2021-2022,2,Rabi,NA Land ,0-69-0.00,2022-01-07,,,12.8416602,75.0332747,
441033044,24,Dakshina Kannada,2,Bantwal,2,PANEMANGALURU,25,SAJIPA MUDA,119,2021-2022,2,Rabi,NA Land ,0-10-0.00,2022-01-07,,,12.8432792,75.03279923,
441033046,24,Dakshina Kannada,2,Bantwal,2,PANEMANGALURU,25,SAJIPA MUDA,119,2021-2022,2,Rabi,NA Land ,0-16-0.00,2022-01-07,,,12.843327,75.0327278,
441033058,24,Dakshina Kannada,2,Bantwal,2,PANEMANGALURU,25,SAJIPA MUDA,119,2021-2022,2,Rabi,NA Land ,0-21-0.00,2022-01-07,,,12.8438921,75.035928,
441033060,24,Dakshina Kannada,2,Bantwal,2,PANEMANGALURU,25,SAJIPA MUDA,119,2021-2022,2,Rabi,NA Land ,0-4-0.00,2022-01-07,,,12.8439044,75.0359011,
441032923,24,Dakshina Kannada,2,Bantwal,2,PANEMANGALURU,25,SAJIPA MUDA,119,2021-2022,2,Rabi,NA Land ,0-13-0.00,2022-01-07,,,12.8426974,75.0329194,
441032944,24,Dakshina Kannada,2,Bantwal,2,PANEMANGALURU,25,SAJIPA MUDA,119,2021-2022,2,Rabi,NA Land ,0-13-0.00,2022-01-07,,,12.8426672,75.0329427,
441032952,24,Dakshina Kannada,2,Bantwal,2,PANEMANGALURU,25,SAJIPA MUDA,119,2021-2022,2,Rabi,NA Land ,0-13-0.00,2022-01-07,,,12.84266668,75.03295225,
441032956,24,Dakshina Kannada,2,Bantwal,2,PANEMANGALURU,25,SAJIPA MUDA,119,2021-2022,2,Rabi,NA Land ,0-22-0.00,2022-01-07,,,12.8426446,75.03298,
441032965,24,Dakshina Kannada,2,Bantwal,2,PANEMANGALURU,25,SAJIPA MUDA,119,2021-2022,2,Rabi,NA Land ,0-11-0.00,2022-01-07,,,12.8418759,75.0330122,
441033006,24,Dakshina Kannada,2,Bantwal,2,PANEMANGALURU,25,SAJIPA MUDA,119,2021-2022,2,Rabi,NA Land ,0-9-75.00,2022-01-07,,,12.8418731,75.0329906,
441033016,24,Dakshina Kannada,2,Bantwal,2,PANEMANGALURU,25,SAJIPA MUDA,119,2021-2022,2,Rabi,NA Land ,0-79-0.00,2022-01-07,,,12.8418375,75.0329175,
441033027,24,Dakshina Kannada,2,Bantwal,2,PANEMANGALURU,25,SAJIPA MUDA,119,2021-2022,2,Rabi,NA Land ,0-18-0.00,2022-01-07,,,12.8415742,75.0332302,
441033036,24,Dakshina Kannada,2,Bantwal,2,PANEMANGALURU,25,SAJIPA MUDA,119,2021-2022,2,Rabi,NA Land ,0-69-0.00,2022-01-07,,,12.8415738,75.0332559,
441033049,24,Dakshina Kannada,2,Bantwal,2,PANEMANGALURU,25,SAJIPA MUDA,119,2021-2022,2,Rabi,NA Land ,0-9-0.00,2022-01-07,,,12.8433386,75.0328846,
441033051,24,Dakshina Kannada,2,Bantwal,2,PANEMANGALURU,25,SAJIPA MUDA,119,2021-2022,2,Rabi,NA Land ,0-20-0.00,2022-01-07,,,12.8433022,75.0328587,
441033061,24,Dakshina Kannada,2,Bantwal,2,PANEMANGALURU,25,SAJIPA MUDA,119,2021-2022,2,Rabi,NA Land ,0-5-0.00,2022-01-07,,,12.8439016,75.0358972,
441033062,24,Dakshina Kannada,2,Bantwal,2,PANEMANGALURU,25,SAJIPA MUDA,119,2021-2022,2,Rabi,NA Land ,1-73-0.00,2022-01-07,,,12.8439008,75.0358984,
441033065,24,Dakshina Kannada,2,Bantwal,2,PANEMANGALURU,25,SAJIPA MUDA,119,2021-2022,2,Rabi,NA Land ,0-10-0.00,2022-01-07,,,12.8439043,75.0359037,
441032986,24,Dakshina Kannada,2,Bantwal,2,PANEMANGALURU,25,SAJIPA MUDA,119,2021-2022,2,Rabi,NA Land ,0-32-50.00,2022-01-07,,,12.841871,75.0330065,
441033053,24,Dakshina Kannada,2,Bantwal,2,PANEMANGALURU,25,SAJIPA MUDA,119,2021-2022,2,Rabi,NA Land ,0-22-0.00,2022-01-07,,,12.8439061,75.0359404,
441033059,24,Dakshina Kannada,2,Bantwal,2,PANEMANGALURU,25,SAJIPA MUDA,119,2021-2022,2,Rabi,NA Land ,0-22-0.00,2022-01-07,,,12.8438963,75.0359052,
441064505,24,Dakshina Kannada,2,Bantwal,2,PANEMANGALURU,25,SAJIPA MUDA,119,2021-2022,2,Rabi,NA Land ,0-4-0.00,2022-01-07,,,12.8579689,75.033564,
441064554,24,Dakshina Kannada,2,Bantwal,2,PANEMANGALURU,25,SAJIPA MUDA,119,2021-2022,2,Rabi,NA Land ,0-10-0.00,2022-01-07,,,12.858965,75.0322783,
441064594,24,Dakshina Kannada,2,Bantwal,2,PANEMANGALURU,25,SAJIPA MUDA,119,2021-2022,2,Rabi,NA Land ,0-13-0.00,2022-01-07,,,12.8586661,75.0297427,
441064630,24,Dakshina Kannada,2,Bantwal,2,PANEMANGALURU,25,SAJIPA MUDA,119,2021-2022,2,Rabi,NA Land ,0-5-0.00,2022-01-07,,,12.8586546,75.0297508,
441064641,24,Dakshina Kannada,2,Bantwal,2,PANEMANGALURU,25,SAJIPA MUDA,119,2021-2022,2,Rabi,NA Land ,0-5-0.00,2022-01-07,,,12.8586537,75.0297429,
441064662,24,Dakshina Kannada,2,Bantwal,2,PANEMANGALURU,25,SAJIPA MUDA,119,2021-2022,2,Rabi,NA Land ,0-14-0.00,2022-01-07,,,12.8577308,75.02988,
441064696,24,Dakshina Kannada,2,Bantwal,2,PANEMANGALURU,25,SAJIPA MUDA,119,2021-2022,2,Rabi,NA Land ,0-13-0.00,2022-01-07,,,12.8560058,75.0250893,
441064727,24,Dakshina Kannada,2,Bantwal,2,PANEMANGALURU,25,SAJIPA MUDA,119,2021-2022,2,Rabi,NA Land ,0-5-0.00,2022-01-07,,,12.8547899,75.0252656,
441064810,24,Dakshina Kannada,2,Bantwal,2,PANEMANGALURU,25,SAJIPA MUDA,119,2021-2022,2,Rabi,NA Land ,0-4-0.00,2022-01-07,,,12.85352675,75.02487567,
441064819,24,Dakshina Kannada,2,Bantwal,2,PANEMANGALURU,25,SAJIPA MUDA,119,2021-2022,2,Rabi,NA Land ,0-2-0.00,2022-01-07,,,12.8535284,75.0248782,
441064879,24,Dakshina Kannada,2,Bantwal,2,PANEMANGALURU,25,SAJIPA MUDA,119,2021-2022,2,Rabi,NA Land ,0-11-0.00,2022-01-07,,,12.8535228,75.0250946,
441064911,24,Dakshina Kannada,2,Bantwal,2,PANEMANGALURU,25,SAJIPA MUDA,119,2021-2022,2,Rabi,NA Land ,0-9-0.00,2022-01-07,,,12.85354176,75.02493743,
441064950,24,Dakshina Kannada,2,Bantwal,2,PANEMANGALURU,25,SAJIPA MUDA,119,2021-2022,2,Rabi,NA Land ,0-15-0.00,2022-01-07,,,12.8535289,75.0248943,
441064969,24,Dakshina Kannada,2,Bantwal,2,PANEMANGALURU,25,SAJIPA MUDA,119,2021-2022,2,Rabi,NA Land ,0-8-0.00,2022-01-07,,,12.8535192,75.024894,
441065040,24,Dakshina Kannada,2,Bantwal,2,PANEMANGALURU,25,SAJIPA MUDA,119,2021-2022,2,Rabi,NA Land ,0-17-50.00,2022-01-07,,,12.8535064,75.0248876,
441064496,24,Dakshina Kannada,2,Bantwal,2,PANEMANGALURU,25,SAJIPA MUDA,119,2021-2022,2,Rabi,NA Land ,0-8-50.00,2022-01-07,,,12.8580083,75.0335675,
441064521,24,Dakshina Kannada,2,Bantwal,2,PANEMANGALURU,25,SAJIPA MUDA,119,2021-2022,2,Rabi,NA Land ,0-5-0.00,2022-01-07,,,12.8579776,75.0335062,
441064535,24,Dakshina Kannada,2,Bantwal,2,PANEMANGALURU,25,SAJIPA MUDA,119,2021-2022,2,Rabi,NA Land ,1-0-0.00,2022-01-07,,,12.8572676,75.0329085,
441064538,24,Dakshina Kannada,2,Bantwal,2,PANEMANGALURU,25,SAJIPA MUDA,119,2021-2022,2,Rabi,NA Land ,0-4-0.00,2022-01-07,,,12.8572755,75.0329015,
441064543,24,Dakshina Kannada,2,Bantwal,2,PANEMANGALURU,25,SAJIPA MUDA,119,2021-2022,2,Rabi,NA Land ,0-8-0.00,2022-01-07,,,12.857314,75.0329178,
441064561,24,Dakshina Kannada,2,Bantwal,2,PANEMANGALURU,25,SAJIPA MUDA,119,2021-2022,2,Rabi,NA Land ,0-5-0.00,2022-01-07,,,12.859033,75.0322271,
441064585,24,Dakshina Kannada,2,Bantwal,2,PANEMANGALURU,25,SAJIPA MUDA,119,2021-2022,2,Rabi,NA Land ,0-12-50.00,2022-01-07,,,12.859022,75.0322453,
441064627,24,Dakshina Kannada,2,Bantwal,2,PANEMANGALURU,25,SAJIPA MUDA,119,2021-2022,2,Rabi,NA Land ,1-0-0.00,2022-01-07,,,12.8586478,75.0297439,
441064644,24,Dakshina Kannada,2,Bantwal,2,PANEMANGALURU,25,SAJIPA MUDA,119,2021-2022,2,Rabi,NA Land ,0-5-0.00,2022-01-07,,,12.8586584,75.029736,
441064606,24,Dakshina Kannada,2,Bantwal,2,PANEMANGALURU,25,SAJIPA MUDA,119,2021-2022,2,Rabi,Fallow,0-35-50.00,2022-01-07,,,12.858674,75.0297616,
441064652,24,Dakshina Kannada,2,Bantwal,2,PANEMANGALURU,25,SAJIPA MUDA,119,2021-2022,2,Rabi,NA Land ,0-12-0.00,2022-01-07,,,12.8577398,75.0299014,
441064701,24,Dakshina Kannada,2,Bantwal,2,PANEMANGALURU,25,SAJIPA MUDA,119,2021-2022,2,Rabi,NA Land ,0-9-0.00,2022-01-07,,,12.8560023,75.0250848,
440947797,24,Dakshina Kannada,2,Bantwal,2,PANEMANGALURU,25,SAJIPA MUDA,119,2021-2022,2,Rabi,NA Land ,0-5-0.00,2022-01-06,,,12.8515343,75.0124918,
440947816,24,Dakshina Kannada,2,Bantwal,2,PANEMANGALURU,25,SAJIPA MUDA,119,2021-2022,2,Rabi,Fallow,0-28-0.00,2022-01-06,,,12.8515231,75.0125506,
440948995,24,Dakshina Kannada,2,Bantwal,2,PANEMANGALURU,2,AMTURU,119,2021-2022,2,Rabi,NA Land ,0-5-0.00,2022-01-06,,,12.8439064,75.0459922,
440947874,24,Dakshina Kannada,2,Bantwal,2,PANEMANGALURU,25,SAJIPA MUDA,119,2021-2022,2,Rabi,NA Land ,0-18-0.00,2022-01-06,,,12.8501155,75.0116618,
440947988,24,Dakshina Kannada,2,Bantwal,2,PANEMANGALURU,25,SAJIPA MUDA,119,2021-2022,2,Rabi,Fallow,0-5-0.00,2022-01-06,,,12.8514944,75.0103043,
440947997,24,Dakshina Kannada,2,Bantwal,2,PANEMANGALURU,25,SAJIPA MUDA,119,2021-2022,2,Rabi,Fallow,0-58-0.00,2022-01-06,,,12.8525057,75.0100657,
440948005,24,Dakshina Kannada,2,Bantwal,2,PANEMANGALURU,25,SAJIPA MUDA,119,2021-2022,2,Rabi,Fallow,0-40-0.00,2022-01-06,,,12.8526141,75.0101184,
440948034,24,Dakshina Kannada,2,Bantwal,2,PANEMANGALURU,25,SAJIPA MUDA,119,2021-2022,2,Rabi,NA Land ,0-13-0.00,2022-01-06,,,12.8528978,75.0106582,
440948040,24,Dakshina Kannada,2,Bantwal,2,PANEMANGALURU,25,SAJIPA MUDA,119,2021-2022,2,Rabi,NA Land ,0-10-0.00,2022-01-06,,,12.8530592,75.0106483,
440948068,24,Dakshina Kannada,2,Bantwal,2,PANEMANGALURU,25,SAJIPA MUDA,119,2021-2022,2,Rabi,Fallow,0-9-0.00,2022-01-06,,,12.8549741,75.0112329,
440948077,24,Dakshina Kannada,2,Bantwal,2,PANEMANGALURU,25,SAJIPA MUDA,119,2021-2022,2,Rabi,Fallow,0-25-0.00,2022-01-06,,,12.855297,75.012119,
440948986,24,Dakshina Kannada,2,Bantwal,2,PANEMANGALURU,2,AMTURU,119,2021-2022,2,Rabi,Fallow,0-20-0.00,2022-01-06,,,12.8439138,75.0459772,
440948998,24,Dakshina Kannada,2,Bantwal,2,PANEMANGALURU,2,AMTURU,119,2021-2022,2,Rabi,NA Land ,0-5-0.00,2022-01-06,,,12.8438867,75.0459688,
440949000,24,Dakshina Kannada,2,Bantwal,2,PANEMANGALURU,2,AMTURU,119,2021-2022,2,Rabi,Fallow,0-10-0.00,2022-01-06,,,12.8439042,75.0459977,
440949002,24,Dakshina Kannada,2,Bantwal,2,PANEMANGALURU,2,AMTURU,119,2021-2022,2,Rabi,NA Land ,0-6-0.00,2022-01-06,,,12.8439086,75.0459854,
440949032,24,Dakshina Kannada,2,Bantwal,2,PANEMANGALURU,2,AMTURU,119,2021-2022,2,Rabi,NA Land ,0-8-0.00,2022-01-06,,,12.8439085,75.0459801,
440949038,24,Dakshina Kannada,2,Bantwal,2,PANEMANGALURU,2,AMTURU,119,2021-2022,2,Rabi,NA Land ,0-9-0.00,2022-01-06,,,12.843905,75.0459836,
440948939,24,Dakshina Kannada,2,Bantwal,2,PANEMANGALURU,2,AMTURU,119,2021-2022,2,Rabi,NA Land ,0-5-0.00,2022-01-06,,,12.8439006,75.045968,
440948973,24,Dakshina Kannada,2,Bantwal,2,PANEMANGALURU,2,AMTURU,119,2021-2022,2,Rabi,NA Land ,0-10-0.00,2022-01-06,,,12.8439257,75.0459914,
440948979,24,Dakshina Kannada,2,Bantwal,2,PANEMANGALURU,2,AMTURU,119,2021-2022,2,Rabi,Fallow,0-14-0.00,2022-01-06,,,12.8439254,75.0459911,
440949023,24,Dakshina Kannada,2,Bantwal,2,PANEMANGALURU,2,AMTURU,119,2021-2022,2,Rabi,NA Land ,0-6-0.00,2022-01-06,,,12.8439141,75.0459979,
440949040,24,Dakshina Kannada,2,Bantwal,2,PANEMANGALURU,2,AMTURU,119,2021-2022,2,Rabi,Fallow,0-15-0.00,2022-01-06,,,12.843906,75.0459757,
441085178,24,Dakshina Kannada,2,Bantwal,2,PANEMANGALURU,25,SAJIPA MUDA,119,2021-2022,2,Rabi,NA Land ,0-9-0.00,2022-01-08,,,12.8400281,75.0345723,
441085182,24,Dakshina Kannada,2,Bantwal,2,PANEMANGALURU,25,SAJIPA MUDA,119,2021-2022,2,Rabi,NA Land ,0-2-0.00,2022-01-08,,,12.8400277,75.0345757,
441085217,24,Dakshina Kannada,2,Bantwal,2,PANEMANGALURU,25,SAJIPA MUDA,119,2021-2022,2,Rabi,Betel Nuts (Areca nuts),0-43-0.00,2022-01-08,,,12.8406745,75.0366651,
441085217,24,Dakshina Kannada,2,Bantwal,2,PANEMANGALURU,25,SAJIPA MUDA,119,2021-2022,2,Rabi,Betel Nuts (Areca nuts),0-43-0.00,2022-01-08,,,12.8406646,75.0366668,
441085217,24,Dakshina Kannada,2,Bantwal,2,PANEMANGALURU,25,SAJIPA MUDA,119,2021-2022,2,Rabi,Paddy-L,0-58-0.00,2022-01-08,November,1st week,12.8406628,75.0366613,
440983341,24,Dakshina Kannada,2,Bantwal,2,PANEMANGALURU,25,SAJIPA MUDA,119,2021-2022,2,Rabi,NA Land ,0-48-0.00,2022-01-06,,,12.851212,75.0276907,
440983125,24,Dakshina Kannada,2,Bantwal,2,PANEMANGALURU,25,SAJIPA MUDA,119,2021-2022,2,Rabi,Betel Nuts (Areca nuts),0-17-50.00,2022-01-06,,,12.8455128,75.0327839,
440983125,24,Dakshina Kannada,2,Bantwal,2,PANEMANGALURU,25,SAJIPA MUDA,119,2021-2022,2,Rabi,Betel Nuts (Areca nuts),0-17-50.00,2022-01-06,,,12.8455151,75.0327924,
440983145,24,Dakshina Kannada,2,Bantwal,2,PANEMANGALURU,25,SAJIPA MUDA,119,2021-2022,2,Rabi,NA Land ,0-10-0.00,2022-01-06,,,12.8455074,75.0328118,
440983230,24,Dakshina Kannada,2,Bantwal,2,PANEMANGALURU,25,SAJIPA MUDA,119,2021-2022,2,Rabi,NA Land ,0-2-0.00,2022-01-06,,,12.8454688,75.0327465,
440983427,24,Dakshina Kannada,2,Bantwal,2,PANEMANGALURU,25,SAJIPA MUDA,119,2021-2022,2,Rabi,NA Land ,0-54-0.00,2022-01-06,,,12.8507065,75.027717,
440983450,24,Dakshina Kannada,2,Bantwal,2,PANEMANGALURU,25,SAJIPA MUDA,119,2021-2022,2,Rabi,NA Land ,1-0-0.00,2022-01-06,,,12.8507106,75.0277181,
440983538,24,Dakshina Kannada,2,Bantwal,2,PANEMANGALURU,25,SAJIPA MUDA,119,2021-2022,2,Rabi,NA Land ,5-90-0.00,2022-01-06,,,12.8479607,75.026224,
440983559,24,Dakshina Kannada,2,Bantwal,2,PANEMANGALURU,25,SAJIPA MUDA,119,2021-2022,2,Rabi,NA Land ,0-10-0.00,2022-01-06,,,12.8448005,75.0280639,
441088455,24,Dakshina Kannada,2,Bantwal,2,PANEMANGALURU,25,SAJIPA MUDA,119,2021-2022,2,Rabi,NA Land ,0-10-0.00,2022-01-09,,,12.8478774,75.0260047,
441088456,24,Dakshina Kannada,2,Bantwal,2,PANEMANGALURU,25,SAJIPA MUDA,119,2021-2022,2,Rabi,Betel Nuts (Areca nuts),0-16-0.00,2022-01-09,,,12.8478719,75.025976,
441088456,24,Dakshina Kannada,2,Bantwal,2,PANEMANGALURU,25,SAJIPA MUDA,119,2021-2022,2,Rabi,Betel Nuts (Areca nuts),0-16-0.00,2022-01-09,,,12.8478777,75.025973,
441088461,24,Dakshina Kannada,2,Bantwal,2,PANEMANGALURU,25,SAJIPA MUDA,119,2021-2022,2,Rabi,Betel Nuts (Areca nuts),0-26-0.00,2022-01-09,,,12.8478389,75.0259859,
441088461,24,Dakshina Kannada,2,Bantwal,2,PANEMANGALURU,25,SAJIPA MUDA,119,2021-2022,2,Rabi,Betel Nuts (Areca nuts),0-26-0.00,2022-01-09,,,12.8478386,75.0259867,
441088473,24,Dakshina Kannada,2,Bantwal,2,PANEMANGALURU,25,SAJIPA MUDA,119,2021-2022,2,Rabi,Fallow,0-10-25.00,2022-01-09,,,12.8467029,75.0246491,
441088481,24,Dakshina Kannada,2,Bantwal,2,PANEMANGALURU,25,SAJIPA MUDA,119,2021-2022,2,Rabi,NA Land ,0-10-0.00,2022-01-09,,,12.8467001,75.0246481,
441088481,24,Dakshina Kannada,2,Bantwal,2,PANEMANGALURU,25,SAJIPA MUDA,119,2021-2022,2,Rabi,Fallow,0-6-0.00,2022-01-09,,,12.8466999,75.0246484,
441088493,24,Dakshina Kannada,2,Bantwal,2,PANEMANGALURU,25,SAJIPA MUDA,119,2021-2022,2,Rabi,NA Land ,0-7-0.00,2022-01-09,,,12.8467029,75.0246575,
441088502,24,Dakshina Kannada,2,Bantwal,2,PANEMANGALURU,25,SAJIPA MUDA,119,2021-2022,2,Rabi,NA Land ,0-3-0.00,2022-01-09,,,12.8447621,75.0249058,
441088504,24,Dakshina Kannada,2,Bantwal,2,PANEMANGALURU,25,SAJIPA MUDA,119,2021-2022,2,Rabi,Fallow,0-5-0.00,2022-01-09,,,12.844784,75.024917,
441088505,24,Dakshina Kannada,2,Bantwal,2,PANEMANGALURU,25,SAJIPA MUDA,119,2021-2022,2,Rabi,NA Land ,0-10-0.00,2022-01-09,,,12.844248,75.0250167,
441088519,24,Dakshina Kannada,2,Bantwal,2,PANEMANGALURU,25,SAJIPA MUDA,119,2021-2022,2,Rabi,Fallow,0-52-0.00,2022-01-09,,,12.8465242,75.0223656,
441088534,24,Dakshina Kannada,2,Bantwal,2,PANEMANGALURU,25,SAJIPA MUDA,119,2021-2022,2,Rabi,Fallow,2-71-0.00,2022-01-09,,,12.8468979,75.0215691,
441088538,24,Dakshina Kannada,2,Bantwal,2,PANEMANGALURU,25,SAJIPA MUDA,119,2021-2022,2,Rabi,Fallow,0-20-0.00,2022-01-09,,,12.8468915,75.0215603,
441088548,24,Dakshina Kannada,2,Bantwal,2,PANEMANGALURU,25,SAJIPA MUDA,119,2021-2022,2,Rabi,NA Land ,0-10-0.00,2022-01-09,,,12.8488939,75.0235968,
441088561,24,Dakshina Kannada,2,Bantwal,2,PANEMANGALURU,25,SAJIPA MUDA,119,2021-2022,2,Rabi,Fallow,0-18-0.00,2022-01-09,,,12.8488817,75.0236098,
440763563,24,Dakshina Kannada,2,Bantwal,2,PANEMANGALURU,25,SAJIPA MUDA,119,2021-2022,2,Rabi,Fallow,0-67-0.00,2022-01-04,,,12.8525423,75.0161226,
440763604,24,Dakshina Kannada,2,Bantwal,2,PANEMANGALURU,25,SAJIPA MUDA,119,2021-2022,2,Rabi,Fallow,0-19-0.00,2022-01-04,,,12.852725,75.01604,
440763606,24,Dakshina Kannada,2,Bantwal,2,PANEMANGALURU,25,SAJIPA MUDA,119,2021-2022,2,Rabi,Fallow,0-14-50.00,2022-01-04,,,12.852745,75.0160433,
440763634,24,Dakshina Kannada,2,Bantwal,2,PANEMANGALURU,25,SAJIPA MUDA,119,2021-2022,2,Rabi,Betel Nuts (Areca nuts),0-69-0.00,2022-01-04,,,12.8527263,75.0160594,
440763634,24,Dakshina Kannada,2,Bantwal,2,PANEMANGALURU,25,SAJIPA MUDA,119,2021-2022,2,Rabi,Betel Nuts (Areca nuts),0-69-0.00,2022-01-04,,,12.8527295,75.0160571,
440763637,24,Dakshina Kannada,2,Bantwal,2,PANEMANGALURU,25,SAJIPA MUDA,119,2021-2022,2,Rabi,Fallow,0-15-0.00,2022-01-04,,,12.8527315,75.0160307,
440763652,24,Dakshina Kannada,2,Bantwal,2,PANEMANGALURU,25,SAJIPA MUDA,119,2021-2022,2,Rabi,Fallow,2-50-0.00,2022-01-04,,,12.851568,75.0199791,
440976508,24,Dakshina Kannada,2,Bantwal,2,PANEMANGALURU,25,SAJIPA MUDA,119,2021-2022,2,Rabi,Fallow,0-74-0.00,2022-01-06,,,12.854895,75.0224392,
441032925,24,Dakshina Kannada,2,Bantwal,2,PANEMANGALURU,25,SAJIPA MUDA,119,2021-2022,2,Rabi,Betel Nuts (Areca nuts),1-52-0.00,2022-01-07,,,12.8427161,75.0329446,
441032925,24,Dakshina Kannada,2,Bantwal,2,PANEMANGALURU,25,SAJIPA MUDA,119,2021-2022,2,Rabi,Betel Nuts (Areca nuts),1-52-0.00,2022-01-07,,,12.8427159,75.0329447,
441032977,24,Dakshina Kannada,2,Bantwal,2,PANEMANGALURU,25,SAJIPA MUDA,119,2021-2022,2,Rabi,NA Land ,0-46-0.00,2022-01-07,,,12.8418722,75.0330071,
441032981,24,Dakshina Kannada,2,Bantwal,2,PANEMANGALURU,25,SAJIPA MUDA,119,2021-2022,2,Rabi,NA Land ,1-58-0.00,2022-01-07,,,12.8418739,75.0330073,
441032933,24,Dakshina Kannada,2,Bantwal,2,PANEMANGALURU,25,SAJIPA MUDA,119,2021-2022,2,Rabi,NA Land ,0-10-0.00,2022-01-07,,,12.8426815,75.0329159,
441032935,24,Dakshina Kannada,2,Bantwal,2,PANEMANGALURU,25,SAJIPA MUDA,119,2021-2022,2,Rabi,Betel Nuts (Areca nuts),0-70-0.00,2022-01-07,,,12.8426898,75.0329732,
441032935,24,Dakshina Kannada,2,Bantwal,2,PANEMANGALURU,25,SAJIPA MUDA,119,2021-2022,2,Rabi,Betel Nuts (Areca nuts),0-70-0.00,2022-01-07,,,12.8426849,75.0329732,
441032973,24,Dakshina Kannada,2,Bantwal,2,PANEMANGALURU,25,SAJIPA MUDA,119,2021-2022,2,Rabi,NA Land ,0-3-0.00,2022-01-07,,,12.841879,75.0330151,
441032927,24,Dakshina Kannada,2,Bantwal,2,PANEMANGALURU,25,SAJIPA MUDA,119,2021-2022,2,Rabi,NA Land ,0-9-0.00,2022-01-07,,,12.8427011,75.0329521,
441033040,24,Dakshina Kannada,2,Bantwal,2,PANEMANGALURU,25,SAJIPA MUDA,119,2021-2022,2,Rabi,Betel Nuts (Areca nuts),2-40-0.00,2022-01-07,,,12.8416449,75.0332233,
441033040,24,Dakshina Kannada,2,Bantwal,2,PANEMANGALURU,25,SAJIPA MUDA,119,2021-2022,2,Rabi,Betel Nuts (Areca nuts),2-40-0.00,2022-01-07,,,12.8416437,75.0332201,
441033068,24,Dakshina Kannada,2,Bantwal,2,PANEMANGALURU,25,SAJIPA MUDA,119,2021-2022,2,Rabi,NA Land ,0-5-0.00,2022-01-07,,,12.8439109,75.0359042,
441032990,24,Dakshina Kannada,2,Bantwal,2,PANEMANGALURU,25,SAJIPA MUDA,119,2021-2022,2,Rabi,NA Land ,0-10-25.00,2022-01-07,,,12.8418708,75.0330044,
441032994,24,Dakshina Kannada,2,Bantwal,2,PANEMANGALURU,25,SAJIPA MUDA,119,2021-2022,2,Rabi,NA Land ,0-5-0.00,2022-01-07,,,12.8418712,75.0330012,
441033019,24,Dakshina Kannada,2,Bantwal,2,PANEMANGALURU,25,SAJIPA MUDA,119,2021-2022,2,Rabi,NA Land ,0-32-0.00,2022-01-07,,,12.84188,75.0329544,
441033029,24,Dakshina Kannada,2,Bantwal,2,PANEMANGALURU,25,SAJIPA MUDA,119,2021-2022,2,Rabi,NA Land ,0-1-0.00,2022-01-07,,,12.8415741,75.0332274,
441033031,24,Dakshina Kannada,2,Bantwal,2,PANEMANGALURU,25,SAJIPA MUDA,119,2021-2022,2,Rabi,NA Land ,0-15-0.00,2022-01-07,,,12.84157174,75.03322161,
441033033,24,Dakshina Kannada,2,Bantwal,2,PANEMANGALURU,25,SAJIPA MUDA,119,2021-2022,2,Rabi,NA Land ,0-1-0.00,2022-01-07,,,12.8415993,75.0332314,
440983372,24,Dakshina Kannada,2,Bantwal,2,PANEMANGALURU,25,SAJIPA MUDA,119,2021-2022,2,Rabi,Betel Nuts (Areca nuts),0-42-0.00,2022-01-06,,,12.8507073,75.027731,
440983372,24,Dakshina Kannada,2,Bantwal,2,PANEMANGALURU,25,SAJIPA MUDA,119,2021-2022,2,Rabi,Betel Nuts (Areca nuts),0-42-0.00,2022-01-06,,,12.8507058,75.0277296,
440983415,24,Dakshina Kannada,2,Bantwal,2,PANEMANGALURU,25,SAJIPA MUDA,119,2021-2022,2,Rabi,NA Land ,0-45-0.00,2022-01-06,,,12.8507023,75.0277141,
440983433,24,Dakshina Kannada,2,Bantwal,2,PANEMANGALURU,25,SAJIPA MUDA,119,2021-2022,2,Rabi,NA Land ,0-38-0.00,2022-01-06,,,12.8507073,75.0277176,
440983438,24,Dakshina Kannada,2,Bantwal,2,PANEMANGALURU,25,SAJIPA MUDA,119,2021-2022,2,Rabi,NA Land ,0-11-0.00,2022-01-06,,,12.8507079,75.0277167,
440983442,24,Dakshina Kannada,2,Bantwal,2,PANEMANGALURU,25,SAJIPA MUDA,119,2021-2022,2,Rabi,NA Land ,1-11-0.00,2022-01-06,,,12.8507094,75.0277172,
440983457,24,Dakshina Kannada,2,Bantwal,2,PANEMANGALURU,25,SAJIPA MUDA,119,2021-2022,2,Rabi,NA Land ,1-13-0.00,2022-01-06,,,12.8507129,75.027717,
440983514,24,Dakshina Kannada,2,Bantwal,2,PANEMANGALURU,25,SAJIPA MUDA,119,2021-2022,2,Rabi,NA Land ,0-8-0.00,2022-01-06,,,12.8479527,75.026229,
441064860,24,Dakshina Kannada,2,Bantwal,2,PANEMANGALURU,25,SAJIPA MUDA,119,2021-2022,2,Rabi,NA Land ,0-5-0.00,2022-01-07,,,12.85357242,75.02480523,
441064885,24,Dakshina Kannada,2,Bantwal,2,PANEMANGALURU,25,SAJIPA MUDA,119,2021-2022,2,Rabi,NA Land ,0-5-0.00,2022-01-07,,,12.8534923,75.0249968,
441064932,24,Dakshina Kannada,2,Bantwal,2,PANEMANGALURU,25,SAJIPA MUDA,119,2021-2022,2,Rabi,NA Land ,0-0-50.00,2022-01-07,,,12.85353584,75.024915,
441064999,24,Dakshina Kannada,2,Bantwal,2,PANEMANGALURU,25,SAJIPA MUDA,119,2021-2022,2,Rabi,NA Land ,0-8-0.00,2022-01-07,,,12.8535229,75.0248906,
441065031,24,Dakshina Kannada,2,Bantwal,2,PANEMANGALURU,25,SAJIPA MUDA,119,2021-2022,2,Rabi,NA Land ,0-10-0.00,2022-01-07,,,12.85350837,75.02488462,
441064981,24,Dakshina Kannada,2,Bantwal,2,PANEMANGALURU,25,SAJIPA MUDA,119,2021-2022,2,Rabi,NA Land ,0-15-0.00,2022-01-07,,,12.8535191,75.0248938,
441065011,24,Dakshina Kannada,2,Bantwal,2,PANEMANGALURU,25,SAJIPA MUDA,119,2021-2022,2,Rabi,NA Land ,0-6-0.00,2022-01-07,,,12.8535176,75.0248874,
441065047,24,Dakshina Kannada,2,Bantwal,2,PANEMANGALURU,25,SAJIPA MUDA,119,2021-2022,2,Rabi,NA Land ,0-12-0.00,2022-01-07,,,12.8535064,75.0248913,
441065050,24,Dakshina Kannada,2,Bantwal,2,PANEMANGALURU,25,SAJIPA MUDA,119,2021-2022,2,Rabi,NA Land ,0-3-0.00,2022-01-07,,,12.853506,75.0248915,
441034670,24,Dakshina Kannada,2,Bantwal,2,PANEMANGALURU,25,SAJIPA MUDA,119,2021-2022,2,Rabi,NA Land ,0-5-0.00,2022-01-07,,,12.8518117,75.0099783,
441034699,24,Dakshina Kannada,2,Bantwal,2,PANEMANGALURU,25,SAJIPA MUDA,119,2021-2022,2,Rabi,Fallow,0-3-0.00,2022-01-07,,,12.8512408,75.0094995,
441034703,24,Dakshina Kannada,2,Bantwal,2,PANEMANGALURU,25,SAJIPA MUDA,119,2021-2022,2,Rabi,NA Land ,0-11-0.00,2022-01-07,,,12.8510939,75.0096179,
441034736,24,Dakshina Kannada,2,Bantwal,2,PANEMANGALURU,25,SAJIPA MUDA,119,2021-2022,2,Rabi,NA Land ,0-2-75.00,2022-01-07,,,12.8537269,75.0056369,
441034659,24,Dakshina Kannada,2,Bantwal,2,PANEMANGALURU,25,SAJIPA MUDA,119,2021-2022,2,Rabi,Fallow,0-8-0.00,2022-01-07,,,12.8538199,75.0119906,
441034662,24,Dakshina Kannada,2,Bantwal,2,PANEMANGALURU,25,SAJIPA MUDA,119,2021-2022,2,Rabi,Fallow,0-10-0.00,2022-01-07,,,12.8537784,75.0120236,
441034674,24,Dakshina Kannada,2,Bantwal,2,PANEMANGALURU,25,SAJIPA MUDA,119,2021-2022,2,Rabi,Fallow,0-26-0.00,2022-01-07,,,12.8520428,75.0097055,
441034700,24,Dakshina Kannada,2,Bantwal,2,PANEMANGALURU,25,SAJIPA MUDA,119,2021-2022,2,Rabi,Fallow,0-1-0.00,2022-01-07,,,12.8510438,75.0097406,
441034701,24,Dakshina Kannada,2,Bantwal,2,PANEMANGALURU,25,SAJIPA MUDA,119,2021-2022,2,Rabi,Fallow,0-1-0.00,2022-01-07,,,12.8511959,75.0095361,
441034706,24,Dakshina Kannada,2,Bantwal,2,PANEMANGALURU,25,SAJIPA MUDA,119,2021-2022,2,Rabi,Fallow,0-57-0.00,2022-01-07,,,12.8496917,75.0092483,
440950817,24,Dakshina Kannada,2,Bantwal,2,PANEMANGALURU,2,AMTURU,119,2021-2022,2,Rabi,Fallow,0-2-0.00,2022-01-06,,,12.842915,75.0517458,
440950811,24,Dakshina Kannada,2,Bantwal,2,PANEMANGALURU,2,AMTURU,119,2021-2022,2,Rabi,Fallow,0-14-0.00,2022-01-06,,,12.842913,75.0517444,
440950837,24,Dakshina Kannada,2,Bantwal,2,PANEMANGALURU,2,AMTURU,119,2021-2022,2,Rabi,NA Land ,0-11-0.00,2022-01-06,,,12.8429137,75.0517568,
440982911,24,Dakshina Kannada,2,Bantwal,2,PANEMANGALURU,25,SAJIPA MUDA,119,2021-2022,2,Rabi,NA Land ,0-12-0.00,2022-01-06,,,12.8455471,75.0328806,
440982919,24,Dakshina Kannada,2,Bantwal,2,PANEMANGALURU,25,SAJIPA MUDA,119,2021-2022,2,Rabi,NA Land ,0-2-0.00,2022-01-06,,,12.8455422,75.0328618,
440982930,24,Dakshina Kannada,2,Bantwal,2,PANEMANGALURU,25,SAJIPA MUDA,119,2021-2022,2,Rabi,NA Land ,0-51-0.00,2022-01-06,,,12.8455358,75.0328388,
440982877,24,Dakshina Kannada,2,Bantwal,2,PANEMANGALURU,25,SAJIPA MUDA,119,2021-2022,2,Rabi,NA Land ,0-22-0.00,2022-01-06,,,12.8455272,75.0328608,
440982883,24,Dakshina Kannada,2,Bantwal,2,PANEMANGALURU,25,SAJIPA MUDA,119,2021-2022,2,Rabi,NA Land ,0-31-0.00,2022-01-06,,,12.845556,75.0328843,
440982899,24,Dakshina Kannada,2,Bantwal,2,PANEMANGALURU,25,SAJIPA MUDA,119,2021-2022,2,Rabi,NA Land ,0-21-0.00,2022-01-06,,,12.84554,75.0328825,
441085157,24,Dakshina Kannada,2,Bantwal,2,PANEMANGALURU,25,SAJIPA MUDA,119,2021-2022,2,Rabi,NA Land ,1-18-0.00,2022-01-08,,,12.8393254,75.0334837,
441085180,24,Dakshina Kannada,2,Bantwal,2,PANEMANGALURU,25,SAJIPA MUDA,119,2021-2022,2,Rabi,Paddy-L,0-54-0.00,2022-01-08,November,1st week,12.8400268,75.0345747,
441085184,24,Dakshina Kannada,2,Bantwal,2,PANEMANGALURU,25,SAJIPA MUDA,119,2021-2022,2,Rabi,NA Land ,0-4-0.00,2022-01-08,,,12.8400274,75.0345754,
441085221,24,Dakshina Kannada,2,Bantwal,2,PANEMANGALURU,25,SAJIPA MUDA,119,2021-2022,2,Rabi,NA Land ,0-30-0.00,2022-01-08,,,12.84067886,75.03664907,
441085239,24,Dakshina Kannada,2,Bantwal,2,PANEMANGALURU,25,SAJIPA MUDA,119,2021-2022,2,Rabi,NA Land ,0-26-0.00,2022-01-08,,,12.8422497,75.0354139,
441085240,24,Dakshina Kannada,2,Bantwal,2,PANEMANGALURU,25,SAJIPA MUDA,119,2021-2022,2,Rabi,NA Land ,0-74-0.00,2022-01-08,,,12.8422782,75.0354212,
441085256,24,Dakshina Kannada,2,Bantwal,2,PANEMANGALURU,25,SAJIPA MUDA,119,2021-2022,2,Rabi,NA Land ,0-23-0.00,2022-01-08,,,12.8422748,75.0354617,
441085261,24,Dakshina Kannada,2,Bantwal,2,PANEMANGALURU,25,SAJIPA MUDA,119,2021-2022,2,Rabi,NA Land ,0-18-0.00,2022-01-08,,,12.8431593,75.0354094,
441085270,24,Dakshina Kannada,2,Bantwal,2,PANEMANGALURU,25,SAJIPA MUDA,119,2021-2022,2,Rabi,NA Land ,0-12-0.00,2022-01-08,,,12.843871,75.0269045,
441085161,24,Dakshina Kannada,2,Bantwal,2,PANEMANGALURU,25,SAJIPA MUDA,119,2021-2022,2,Rabi,NA Land ,0-28-0.00,2022-01-08,,,12.839333,75.0334985,
441085198,24,Dakshina Kannada,2,Bantwal,2,PANEMANGALURU,25,SAJIPA MUDA,119,2021-2022,2,Rabi,NA Land ,0-18-0.00,2022-01-08,,,12.8398335,75.0352038,
441085202,24,Dakshina Kannada,2,Bantwal,2,PANEMANGALURU,25,SAJIPA MUDA,119,2021-2022,2,Rabi,NA Land ,0-28-0.00,2022-01-08,,,12.8398295,75.0352072,
441085204,24,Dakshina Kannada,2,Bantwal,2,PANEMANGALURU,25,SAJIPA MUDA,119,2021-2022,2,Rabi,NA Land ,0-36-0.00,2022-01-08,,,12.8398301,75.0352075,
441085229,24,Dakshina Kannada,2,Bantwal,2,PANEMANGALURU,25,SAJIPA MUDA,119,2021-2022,2,Rabi,NA Land ,0-10-0.00,2022-01-08,,,12.8421854,75.0350202,
441085231,24,Dakshina Kannada,2,Bantwal,2,PANEMANGALURU,25,SAJIPA MUDA,119,2021-2022,2,Rabi,NA Land ,0-1-0.00,2022-01-08,,,12.8421831,75.0350102,
441085232,24,Dakshina Kannada,2,Bantwal,2,PANEMANGALURU,25,SAJIPA MUDA,119,2021-2022,2,Rabi,NA Land ,0-18-0.00,2022-01-08,,,12.8421858,75.035023,
441085238,24,Dakshina Kannada,2,Bantwal,2,PANEMANGALURU,25,SAJIPA MUDA,119,2021-2022,2,Rabi,NA Land ,0-70-0.00,2022-01-08,,,12.8422364,75.0353976,
441085265,24,Dakshina Kannada,2,Bantwal,2,PANEMANGALURU,25,SAJIPA MUDA,119,2021-2022,2,Rabi,NA Land ,0-22-0.00,2022-01-08,,,12.8431629,75.0353981,
441088564,24,Dakshina Kannada,2,Bantwal,2,PANEMANGALURU,25,SAJIPA MUDA,119,2021-2022,2,Rabi,NA Land ,0-12-0.00,2022-01-09,,,12.8488001,75.0231974,
441088459,24,Dakshina Kannada,2,Bantwal,2,PANEMANGALURU,25,SAJIPA MUDA,119,2021-2022,2,Rabi,Betel Nuts (Areca nuts),0-69-0.00,2022-01-09,,,12.8478591,75.0259864,
441088459,24,Dakshina Kannada,2,Bantwal,2,PANEMANGALURU,25,SAJIPA MUDA,119,2021-2022,2,Rabi,Betel Nuts (Areca nuts),0-69-0.00,2022-01-09,,,12.8478495,75.0259818,
441088482,24,Dakshina Kannada,2,Bantwal,2,PANEMANGALURU,25,SAJIPA MUDA,119,2021-2022,2,Rabi,NA Land ,0-2-75.00,2022-01-09,,,12.8466994,75.0246481,
441088483,24,Dakshina Kannada,2,Bantwal,2,PANEMANGALURU,25,SAJIPA MUDA,119,2021-2022,2,Rabi,NA Land ,0-2-75.00,2022-01-09,,,12.8466972,75.0246499,
441088484,24,Dakshina Kannada,2,Bantwal,2,PANEMANGALURU,25,SAJIPA MUDA,119,2021-2022,2,Rabi,NA Land ,0-2-75.00,2022-01-09,,,12.846695,75.0246509,
441088487,24,Dakshina Kannada,2,Bantwal,2,PANEMANGALURU,25,SAJIPA MUDA,119,2021-2022,2,Rabi,NA Land ,0-6-0.00,2022-01-09,,,12.8466935,75.0246537,
441088497,24,Dakshina Kannada,2,Bantwal,2,PANEMANGALURU,25,SAJIPA MUDA,119,2021-2022,2,Rabi,NA Land ,0-6-0.00,2022-01-09,,,12.8453182,75.0248381,
441088501,24,Dakshina Kannada,2,Bantwal,2,PANEMANGALURU,25,SAJIPA MUDA,119,2021-2022,2,Rabi,Fallow,0-5-0.00,2022-01-09,,,12.8447472,75.0249031,
441088511,24,Dakshina Kannada,2,Bantwal,2,PANEMANGALURU,25,SAJIPA MUDA,119,2021-2022,2,Rabi,Fallow,0-3-0.00,2022-01-09,,,12.8443017,75.0250172,
441088528,24,Dakshina Kannada,2,Bantwal,2,PANEMANGALURU,25,SAJIPA MUDA,119,2021-2022,2,Rabi,Fallow,0-3-0.00,2022-01-09,,,12.8465606,75.0223288,
441088544,24,Dakshina Kannada,2,Bantwal,2,PANEMANGALURU,25,SAJIPA MUDA,119,2021-2022,2,Rabi,Fallow,0-10-0.00,2022-01-09,,,12.8454473,75.0216955,
441088555,24,Dakshina Kannada,2,Bantwal,2,PANEMANGALURU,25,SAJIPA MUDA,119,2021-2022,2,Rabi,Fallow,0-6-0.00,2022-01-09,,,12.848888,75.0236049,
441088471,24,Dakshina Kannada,2,Bantwal,2,PANEMANGALURU,25,SAJIPA MUDA,119,2021-2022,2,Rabi,NA Land ,0-5-0.00,2022-01-09,,,12.8466987,75.0246424,
441088474,24,Dakshina Kannada,2,Bantwal,2,PANEMANGALURU,25,SAJIPA MUDA,119,2021-2022,2,Rabi,NA Land ,0-0-25.00,2022-01-09,,,12.8467074,75.0246514,
441088476,24,Dakshina Kannada,2,Bantwal,2,PANEMANGALURU,25,SAJIPA MUDA,119,2021-2022,2,Rabi,NA Land ,0-12-0.00,2022-01-09,,,12.8467048,75.0246466,
441088479,24,Dakshina Kannada,2,Bantwal,2,PANEMANGALURU,25,SAJIPA MUDA,119,2021-2022,2,Rabi,Betel Nuts (Areca nuts),1-27-0.00,2022-01-09,,,12.8467034,75.0246468,
441088479,24,Dakshina Kannada,2,Bantwal,2,PANEMANGALURU,25,SAJIPA MUDA,119,2021-2022,2,Rabi,Betel Nuts (Areca nuts),1-27-0.00,2022-01-09,,,12.8467034,75.0246473,
441088490,24,Dakshina Kannada,2,Bantwal,2,PANEMANGALURU,25,SAJIPA MUDA,119,2021-2022,2,Rabi,NA Land ,0-1-0.00,2022-01-09,,,12.8466976,75.0246569,
441088494,24,Dakshina Kannada,2,Bantwal,2,PANEMANGALURU,25,SAJIPA MUDA,119,2021-2022,2,Rabi,Fallow,0-8-0.00,2022-01-09,,,12.846703,75.0246588,
441088514,24,Dakshina Kannada,2,Bantwal,2,PANEMANGALURU,25,SAJIPA MUDA,119,2021-2022,2,Rabi,Fallow,0-20-0.00,2022-01-09,,,12.8465102,75.0223607,
441088524,24,Dakshina Kannada,2,Bantwal,2,PANEMANGALURU,25,SAJIPA MUDA,119,2021-2022,2,Rabi,Fallow,0-38-0.00,2022-01-09,,,12.8465577,75.0223426,
441088533,24,Dakshina Kannada,2,Bantwal,2,PANEMANGALURU,25,SAJIPA MUDA,119,2021-2022,2,Rabi,Fallow,0-3-0.00,2022-01-09,,,12.8468838,75.0215804,
441088536,24,Dakshina Kannada,2,Bantwal,2,PANEMANGALURU,25,SAJIPA MUDA,119,2021-2022,2,Rabi,Fallow,0-33-0.00,2022-01-09,,,12.8468838,75.0215381,
441088546,24,Dakshina Kannada,2,Bantwal,2,PANEMANGALURU,25,SAJIPA MUDA,119,2021-2022,2,Rabi,NA Land ,0-10-0.00,2022-01-09,,,12.8488908,75.0235881,
441088563,24,Dakshina Kannada,2,Bantwal,2,PANEMANGALURU,25,SAJIPA MUDA,119,2021-2022,2,Rabi,NA Land ,0-5-0.00,2022-01-09,,,12.8487927,75.0231916,
441064718,24,Dakshina Kannada,2,Bantwal,2,PANEMANGALURU,25,SAJIPA MUDA,119,2021-2022,2,Rabi,NA Land ,0-28-0.00,2022-01-07,,,12.8559885,75.025084,
441064659,24,Dakshina Kannada,2,Bantwal,2,PANEMANGALURU,25,SAJIPA MUDA,119,2021-2022,2,Rabi,NA Land ,0-5-0.00,2022-01-07,,,12.8577327,75.0298796,
441064747,24,Dakshina Kannada,2,Bantwal,2,PANEMANGALURU,25,SAJIPA MUDA,119,2021-2022,2,Rabi,NA Land ,0-12-0.00,2022-01-07,,,12.8547753,75.0252914,
441064773,24,Dakshina Kannada,2,Bantwal,2,PANEMANGALURU,25,SAJIPA MUDA,119,2021-2022,2,Rabi,NA Land ,0-10-0.00,2022-01-07,,,12.8547835,75.0252832,
441064787,24,Dakshina Kannada,2,Bantwal,2,PANEMANGALURU,25,SAJIPA MUDA,119,2021-2022,2,Rabi,NA Land ,0-4-0.00,2022-01-07,,,12.8547834,75.0252556,
441064791,24,Dakshina Kannada,2,Bantwal,2,PANEMANGALURU,25,SAJIPA MUDA,119,2021-2022,2,Rabi,NA Land ,0-8-0.00,2022-01-07,,,12.854781,75.025234,
441064797,24,Dakshina Kannada,2,Bantwal,2,PANEMANGALURU,25,SAJIPA MUDA,119,2021-2022,2,Rabi,NA Land ,0-12-0.00,2022-01-07,,,12.8547904,75.0252409,
441064826,24,Dakshina Kannada,2,Bantwal,2,PANEMANGALURU,25,SAJIPA MUDA,119,2021-2022,2,Rabi,NA Land ,0-57-0.00,2022-01-07,,,12.8535316,75.0248834,
441064853,24,Dakshina Kannada,2,Bantwal,2,PANEMANGALURU,25,SAJIPA MUDA,119,2021-2022,2,Rabi,NA Land ,0-5-0.00,2022-01-07,,,12.8535342,75.0248775,
441064873,24,Dakshina Kannada,2,Bantwal,2,PANEMANGALURU,25,SAJIPA MUDA,119,2021-2022,2,Rabi,NA Land ,0-5-0.00,2022-01-07,,,12.8535342,75.0248272,
441064939,24,Dakshina Kannada,2,Bantwal,2,PANEMANGALURU,25,SAJIPA MUDA,119,2021-2022,2,Rabi,NA Land ,0-10-0.00,2022-01-07,,,12.85352954,75.02491099,
441064870,24,Dakshina Kannada,2,Bantwal,2,PANEMANGALURU,25,SAJIPA MUDA,119,2021-2022,2,Rabi,NA Land ,0-1-0.00,2022-01-07,,,12.8535451,75.0248103,
441065028,24,Dakshina Kannada,2,Bantwal,2,PANEMANGALURU,25,SAJIPA MUDA,119,2021-2022,2,Rabi,NA Land ,0-9-50.00,2022-01-07,,,12.8535083,75.0248843,
441065053,24,Dakshina Kannada,2,Bantwal,2,PANEMANGALURU,25,SAJIPA MUDA,119,2021-2022,2,Rabi,NA Land ,0-11-0.00,2022-01-07,,,12.8535064,75.0248907,
441032937,24,Dakshina Kannada,2,Bantwal,2,PANEMANGALURU,25,SAJIPA MUDA,119,2021-2022,2,Rabi,Coconut,0-37-0.00,2022-01-07,,,12.8426899,75.0329684,
441032937,24,Dakshina Kannada,2,Bantwal,2,PANEMANGALURU,25,SAJIPA MUDA,119,2021-2022,2,Rabi,Coconut,0-37-0.00,2022-01-07,,,12.84268994,75.03296845,
441032940,24,Dakshina Kannada,2,Bantwal,2,PANEMANGALURU,25,SAJIPA MUDA,119,2021-2022,2,Rabi,NA Land ,0-10-0.00,2022-01-07,,,12.8426704,75.0329383,
441032959,24,Dakshina Kannada,2,Bantwal,2,PANEMANGALURU,25,SAJIPA MUDA,119,2021-2022,2,Rabi,NA Land ,0-9-0.00,2022-01-07,,,12.8420977,75.0330886,
441033042,24,Dakshina Kannada,2,Bantwal,2,PANEMANGALURU,25,SAJIPA MUDA,119,2021-2022,2,Rabi,NA Land ,0-13-0.00,2022-01-07,,,12.8432889,75.0328255,
441033045,24,Dakshina Kannada,2,Bantwal,2,PANEMANGALURU,25,SAJIPA MUDA,119,2021-2022,2,Rabi,NA Land ,0-37-0.00,2022-01-07,,,12.843303,75.0327424,
441033076,24,Dakshina Kannada,2,Bantwal,2,PANEMANGALURU,25,SAJIPA MUDA,119,2021-2022,2,Rabi,NA Land ,0-5-0.00,2022-01-07,,,12.8439128,75.0358982,
441065036,24,Dakshina Kannada,2,Bantwal,2,PANEMANGALURU,25,SAJIPA MUDA,119,2021-2022,2,Rabi,NA Land ,0-13-50.00,2022-01-07,,,12.8535077,75.0248864,
441064780,24,Dakshina Kannada,2,Bantwal,2,PANEMANGALURU,25,SAJIPA MUDA,119,2021-2022,2,Rabi,NA Land ,0-10-0.00,2022-01-07,,,12.8547824,75.0252732,
441064800,24,Dakshina Kannada,2,Bantwal,2,PANEMANGALURU,25,SAJIPA MUDA,119,2021-2022,2,Rabi,NA Land ,0-16-50.00,2022-01-07,,,12.8547884,75.0252416,
441064806,24,Dakshina Kannada,2,Bantwal,2,PANEMANGALURU,25,SAJIPA MUDA,119,2021-2022,2,Rabi,NA Land ,0-15-0.00,2022-01-07,,,12.8535148,75.0248736,
441034667,24,Dakshina Kannada,2,Bantwal,2,PANEMANGALURU,25,SAJIPA MUDA,119,2021-2022,2,Rabi,Fallow,0-56-0.00,2022-01-07,,,12.8537865,75.0120191,
441034690,24,Dakshina Kannada,2,Bantwal,2,PANEMANGALURU,25,SAJIPA MUDA,119,2021-2022,2,Rabi,NA Land ,0-27-0.00,2022-01-07,,,12.8513408,75.0092155,
440943038,24,Dakshina Kannada,2,Bantwal,2,PANEMANGALURU,25,SAJIPA MUDA,119,2021-2022,2,Rabi,Betel Nuts (Areca nuts),0-28-0.00,2022-01-06,,,12.8469148,75.0345646,
440943038,24,Dakshina Kannada,2,Bantwal,2,PANEMANGALURU,25,SAJIPA MUDA,119,2021-2022,2,Rabi,Betel Nuts (Areca nuts),0-28-0.00,2022-01-06,,,12.8469173,75.0345634,
440943018,24,Dakshina Kannada,2,Bantwal,2,PANEMANGALURU,25,SAJIPA MUDA,119,2021-2022,2,Rabi,NA Land ,0-6-0.00,2022-01-06,,,12.846952,75.0346242,
440943024,24,Dakshina Kannada,2,Bantwal,2,PANEMANGALURU,25,SAJIPA MUDA,119,2021-2022,2,Rabi,NA Land ,0-2-0.00,2022-01-06,,,12.8469664,75.034637,
440950831,24,Dakshina Kannada,2,Bantwal,2,PANEMANGALURU,2,AMTURU,119,2021-2022,2,Rabi,Fallow,0-50-0.00,2022-01-06,,,12.8429154,75.0517539,
440950804,24,Dakshina Kannada,2,Bantwal,2,PANEMANGALURU,2,AMTURU,119,2021-2022,2,Rabi,NA Land ,0-3-0.00,2022-01-06,,,12.8429114,75.0517469,
440950799,24,Dakshina Kannada,2,Bantwal,2,PANEMANGALURU,2,AMTURU,119,2021-2022,2,Rabi,NA Land ,0-2-0.00,2022-01-06,,,12.8429216,75.051733,
440950792,24,Dakshina Kannada,2,Bantwal,2,PANEMANGALURU,2,AMTURU,119,2021-2022,2,Rabi,Fallow,0-16-0.00,2022-01-06,,,12.8429237,75.0517217,
440950824,24,Dakshina Kannada,2,Bantwal,2,PANEMANGALURU,2,AMTURU,119,2021-2022,2,Rabi,Fallow,0-30-0.00,2022-01-06,,,12.842916,75.0517478,
441093040,24,Dakshina Kannada,2,Bantwal,2,PANEMANGALURU,25,SAJIPA MUDA,119,2021-2022,2,Rabi,Fallow,0-2-0.00,2022-01-09,,,12.8430377,75.0248249,
441093047,24,Dakshina Kannada,2,Bantwal,2,PANEMANGALURU,25,SAJIPA MUDA,119,2021-2022,2,Rabi,Fallow,0-16-0.00,2022-01-09,,,12.8420876,75.0232523,
441093048,24,Dakshina Kannada,2,Bantwal,2,PANEMANGALURU,25,SAJIPA MUDA,119,2021-2022,2,Rabi,Fallow,0-16-0.00,2022-01-09,,,12.8421097,75.0232729,
441093057,24,Dakshina Kannada,2,Bantwal,2,PANEMANGALURU,25,SAJIPA MUDA,119,2021-2022,2,Rabi,Betel Nuts (Areca nuts),0-9-0.00,2022-01-09,,,12.8426034,75.0210045,
441093057,24,Dakshina Kannada,2,Bantwal,2,PANEMANGALURU,25,SAJIPA MUDA,119,2021-2022,2,Rabi,Betel Nuts (Areca nuts),0-9-0.00,2022-01-09,,,12.8426028,75.0210046,
441093061,24,Dakshina Kannada,2,Bantwal,2,PANEMANGALURU,25,SAJIPA MUDA,119,2021-2022,2,Rabi,NA Land ,0-4-0.00,2022-01-09,,,12.8425973,75.0209976,
441093062,24,Dakshina Kannada,2,Bantwal,2,PANEMANGALURU,25,SAJIPA MUDA,119,2021-2022,2,Rabi,Fallow,0-6-0.00,2022-01-09,,,12.8425967,75.0209998,
441093068,24,Dakshina Kannada,2,Bantwal,2,PANEMANGALURU,25,SAJIPA MUDA,119,2021-2022,2,Rabi,NA Land ,0-11-0.00,2022-01-09,,,12.8425993,75.0210055,
441093053,24,Dakshina Kannada,2,Bantwal,2,PANEMANGALURU,25,SAJIPA MUDA,119,2021-2022,2,Rabi,NA Land ,0-14-0.00,2022-01-09,,,12.8431849,75.0224268,
441093059,24,Dakshina Kannada,2,Bantwal,2,PANEMANGALURU,25,SAJIPA MUDA,119,2021-2022,2,Rabi,Fallow,0-12-0.00,2022-01-09,,,12.8425979,75.0210028,
441093030,24,Dakshina Kannada,2,Bantwal,2,PANEMANGALURU,25,SAJIPA MUDA,119,2021-2022,2,Rabi,NA Land ,0-1-0.00,2022-01-09,,,12.8432791,75.0257289,
441093034,24,Dakshina Kannada,2,Bantwal,2,PANEMANGALURU,25,SAJIPA MUDA,119,2021-2022,2,Rabi,NA Land ,0-4-0.00,2022-01-09,,,12.8432616,75.0257333,
441093039,24,Dakshina Kannada,2,Bantwal,2,PANEMANGALURU,25,SAJIPA MUDA,119,2021-2022,2,Rabi,NA Land ,0-4-0.00,2022-01-09,,,12.8430436,75.0248222,
441093044,24,Dakshina Kannada,2,Bantwal,2,PANEMANGALURU,25,SAJIPA MUDA,119,2021-2022,2,Rabi,NA Land ,0-14-0.00,2022-01-09,,,12.8426404,75.0238125,
441093052,24,Dakshina Kannada,2,Bantwal,2,PANEMANGALURU,25,SAJIPA MUDA,119,2021-2022,2,Rabi,Fallow,0-4-0.00,2022-01-09,,,12.843186,75.0224339,
441093064,24,Dakshina Kannada,2,Bantwal,2,PANEMANGALURU,25,SAJIPA MUDA,119,2021-2022,2,Rabi,NA Land ,0-6-0.00,2022-01-09,,,12.8425954,75.0209997,
441093067,24,Dakshina Kannada,2,Bantwal,2,PANEMANGALURU,25,SAJIPA MUDA,119,2021-2022,2,Rabi,Betel Nuts (Areca nuts),0-16-0.00,2022-01-09,,,12.8425966,75.021004,
441033047,24,Dakshina Kannada,2,Bantwal,2,PANEMANGALURU,25,SAJIPA MUDA,119,2021-2022,2,Rabi,NA Land ,0-20-0.00,2022-01-07,,,12.8433002,75.03282,
441033072,24,Dakshina Kannada,2,Bantwal,2,PANEMANGALURU,25,SAJIPA MUDA,119,2021-2022,2,Rabi,NA Land ,0-6-50.00,2022-01-07,,,12.843912,75.0358979,
441033002,24,Dakshina Kannada,2,Bantwal,2,PANEMANGALURU,25,SAJIPA MUDA,119,2021-2022,2,Rabi,Fallow,0-25-50.00,2022-01-07,,,12.8418716,75.0329933,
441033050,24,Dakshina Kannada,2,Bantwal,2,PANEMANGALURU,25,SAJIPA MUDA,119,2021-2022,2,Rabi,NA Land ,0-4-0.00,2022-01-07,,,12.8433041,75.0328654,
441033052,24,Dakshina Kannada,2,Bantwal,2,PANEMANGALURU,25,SAJIPA MUDA,119,2021-2022,2,Rabi,NA Land ,0-15-0.00,2022-01-07,,,12.8438959,75.0359419,
441033054,24,Dakshina Kannada,2,Bantwal,2,PANEMANGALURU,25,SAJIPA MUDA,119,2021-2022,2,Rabi,NA Land ,0-15-0.00,2022-01-07,,,12.8438902,75.0359372,
441033056,24,Dakshina Kannada,2,Bantwal,2,PANEMANGALURU,25,SAJIPA MUDA,119,2021-2022,2,Rabi,NA Land ,0-15-0.00,2022-01-07,,,12.8438865,75.0359396,
441064499,24,Dakshina Kannada,2,Bantwal,2,PANEMANGALURU,25,SAJIPA MUDA,119,2021-2022,2,Rabi,NA Land ,0-6-50.00,2022-01-07,,,12.8579495,75.0335566,
441064508,24,Dakshina Kannada,2,Bantwal,2,PANEMANGALURU,25,SAJIPA MUDA,119,2021-2022,2,Rabi,NA Land ,0-4-0.00,2022-01-07,,,12.8578933,75.0335257,
441064512,24,Dakshina Kannada,2,Bantwal,2,PANEMANGALURU,25,SAJIPA MUDA,119,2021-2022,2,Rabi,NA Land ,0-9-50.00,2022-01-07,,,12.8579264,75.0335126,
441064529,24,Dakshina Kannada,2,Bantwal,2,PANEMANGALURU,25,SAJIPA MUDA,119,2021-2022,2,Rabi,NA Land ,0-37-0.00,2022-01-07,,,12.8579739,75.0335197,
441064541,24,Dakshina Kannada,2,Bantwal,2,PANEMANGALURU,25,SAJIPA MUDA,119,2021-2022,2,Rabi,NA Land ,0-1-0.00,2022-01-07,,,12.857321,75.0329029,
441064569,24,Dakshina Kannada,2,Bantwal,2,PANEMANGALURU,25,SAJIPA MUDA,119,2021-2022,2,Rabi,NA Land ,0-2-0.00,2022-01-07,,,12.8590333,75.0322108,
441064573,24,Dakshina Kannada,2,Bantwal,2,PANEMANGALURU,25,SAJIPA MUDA,119,2021-2022,2,Rabi,NA Land ,0-11-50.00,2022-01-07,,,12.8590259,75.0322539,
441064588,24,Dakshina Kannada,2,Bantwal,2,PANEMANGALURU,25,SAJIPA MUDA,119,2021-2022,2,Rabi,NA Land ,0-40-0.00,2022-01-07,,,12.8586678,75.0297789,
441064598,24,Dakshina Kannada,2,Bantwal,2,PANEMANGALURU,25,SAJIPA MUDA,119,2021-2022,2,Rabi,NA Land ,0-49-0.00,2022-01-07,,,12.858667,75.0297437,
441064635,24,Dakshina Kannada,2,Bantwal,2,PANEMANGALURU,25,SAJIPA MUDA,119,2021-2022,2,Rabi,NA Land ,0-10-0.00,2022-01-07,,,12.8586538,75.029743,
441064676,24,Dakshina Kannada,2,Bantwal,2,PANEMANGALURU,25,SAJIPA MUDA,119,2021-2022,2,Rabi,NA Land ,0-18-0.00,2022-01-07,,,12.8571928,75.0296855,
441064681,24,Dakshina Kannada,2,Bantwal,2,PANEMANGALURU,25,SAJIPA MUDA,119,2021-2022,2,Rabi,NA Land ,0-31-0.00,2022-01-07,,,12.8560136,75.0250663,
441064688,24,Dakshina Kannada,2,Bantwal,2,PANEMANGALURU,25,SAJIPA MUDA,119,2021-2022,2,Rabi,NA Land ,0-25-0.00,2022-01-07,,,12.8560096,75.0250848,
441064721,24,Dakshina Kannada,2,Bantwal,2,PANEMANGALURU,25,SAJIPA MUDA,119,2021-2022,2,Rabi,NA Land ,0-26-0.00,2022-01-07,,,12.8547841,75.025279,
441064733,24,Dakshina Kannada,2,Bantwal,2,PANEMANGALURU,25,SAJIPA MUDA,119,2021-2022,2,Rabi,NA Land ,0-5-0.00,2022-01-07,,,12.8547809,75.0252735,
441064516,24,Dakshina Kannada,2,Bantwal,2,PANEMANGALURU,25,SAJIPA MUDA,119,2021-2022,2,Rabi,NA Land ,0-14-50.00,2022-01-07,,,12.8579549,75.0335291,
441064545,24,Dakshina Kannada,2,Bantwal,2,PANEMANGALURU,25,SAJIPA MUDA,119,2021-2022,2,Rabi,NA Land ,0-11-0.00,2022-01-07,,,12.8573194,75.0329218,
441064558,24,Dakshina Kannada,2,Bantwal,2,PANEMANGALURU,25,SAJIPA MUDA,119,2021-2022,2,Rabi,NA Land ,0-15-0.00,2022-01-07,,,12.859004,75.0322398,
441064564,24,Dakshina Kannada,2,Bantwal,2,PANEMANGALURU,25,SAJIPA MUDA,119,2021-2022,2,Rabi,NA Land ,0-23-0.00,2022-01-07,,,12.8590046,75.0322185,
441064578,24,Dakshina Kannada,2,Bantwal,2,PANEMANGALURU,25,SAJIPA MUDA,119,2021-2022,2,Rabi,NA Land ,0-10-0.00,2022-01-07,,,12.8590253,75.0322556,
441034730,24,Dakshina Kannada,2,Bantwal,2,PANEMANGALURU,25,SAJIPA MUDA,119,2021-2022,2,Rabi,Fallow,0-7-50.00,2022-01-07,,,12.8538291,75.0058302,
441034774,24,Dakshina Kannada,2,Bantwal,2,PANEMANGALURU,25,SAJIPA MUDA,119,2021-2022,2,Rabi,Fallow,0-12-0.00,2022-01-07,,,12.8536589,75.0056095,
441088457,24,Dakshina Kannada,2,Bantwal,2,PANEMANGALURU,25,SAJIPA MUDA,119,2021-2022,2,Rabi,NA Land ,0-14-0.00,2022-01-09,,,12.8478699,75.0259795,
441088466,24,Dakshina Kannada,2,Bantwal,2,PANEMANGALURU,25,SAJIPA MUDA,119,2021-2022,2,Rabi,NA Land ,0-16-0.00,2022-01-09,,,12.8466539,75.0246145,
441088467,24,Dakshina Kannada,2,Bantwal,2,PANEMANGALURU,25,SAJIPA MUDA,119,2021-2022,2,Rabi,Fallow,0-3-0.00,2022-01-09,,,12.8466873,75.0246639,
441088468,24,Dakshina Kannada,2,Bantwal,2,PANEMANGALURU,25,SAJIPA MUDA,119,2021-2022,2,Rabi,NA Land ,0-5-75.00,2022-01-09,,,12.8466945,75.0246431,
441088469,24,Dakshina Kannada,2,Bantwal,2,PANEMANGALURU,25,SAJIPA MUDA,119,2021-2022,2,Rabi,NA Land ,0-4-75.00,2022-01-09,,,12.8466981,75.0246464,
441034666,24,Dakshina Kannada,2,Bantwal,2,PANEMANGALURU,25,SAJIPA MUDA,119,2021-2022,2,Rabi,Betel Nuts (Areca nuts),1-34-0.00,2022-01-07,,,12.8537917,75.0120433,
441034672,24,Dakshina Kannada,2,Bantwal,2,PANEMANGALURU,25,SAJIPA MUDA,119,2021-2022,2,Rabi,Fallow,0-1-0.00,2022-01-07,,,12.8519012,75.00998,
441034676,24,Dakshina Kannada,2,Bantwal,2,PANEMANGALURU,25,SAJIPA MUDA,119,2021-2022,2,Rabi,NA Land ,0-11-0.00,2022-01-07,,,12.8520919,75.0095528,
441034677,24,Dakshina Kannada,2,Bantwal,2,PANEMANGALURU,25,SAJIPA MUDA,119,2021-2022,2,Rabi,Fallow,0-1-0.00,2022-01-07,,,12.8521416,75.0095416,
441034691,24,Dakshina Kannada,2,Bantwal,2,PANEMANGALURU,25,SAJIPA MUDA,119,2021-2022,2,Rabi,NA Land ,0-11-0.00,2022-01-07,,,12.8513417,75.00922,
441034704,24,Dakshina Kannada,2,Bantwal,2,PANEMANGALURU,25,SAJIPA MUDA,119,2021-2022,2,Rabi,Fallow,0-12-0.00,2022-01-07,,,12.8497042,75.0092052,
441034710,24,Dakshina Kannada,2,Bantwal,2,PANEMANGALURU,25,SAJIPA MUDA,119,2021-2022,2,Rabi,Betel Nuts (Areca nuts),0-51-0.00,2022-01-07,,,12.8498033,75.00915,
441034732,24,Dakshina Kannada,2,Bantwal,2,PANEMANGALURU,25,SAJIPA MUDA,119,2021-2022,2,Rabi,NA Land ,0-7-0.00,2022-01-07,,,12.8537481,75.0056235,
441034739,24,Dakshina Kannada,2,Bantwal,2,PANEMANGALURU,25,SAJIPA MUDA,119,2021-2022,2,Rabi,Fallow,2-17-0.00,2022-01-07,,,12.8537501,75.0055706,
441034748,24,Dakshina Kannada,2,Bantwal,2,PANEMANGALURU,25,SAJIPA MUDA,119,2021-2022,2,Rabi,Fallow,0-11-0.00,2022-01-07,,,12.8537925,75.005594,
441034764,24,Dakshina Kannada,2,Bantwal,2,PANEMANGALURU,25,SAJIPA MUDA,119,2021-2022,2,Rabi,Fallow,0-23-0.00,2022-01-07,,,12.8536429,75.005656,
441034781,24,Dakshina Kannada,2,Bantwal,2,PANEMANGALURU,25,SAJIPA MUDA,119,2021-2022,2,Rabi,Fallow,0-30-0.00,2022-01-07,,,12.8536357,75.0055992,
441034785,24,Dakshina Kannada,2,Bantwal,2,PANEMANGALURU,25,SAJIPA MUDA,119,2021-2022,2,Rabi,Fallow,0-26-0.00,2022-01-07,,,12.853601,75.005584,
441088454,24,Dakshina Kannada,2,Bantwal,2,PANEMANGALURU,25,SAJIPA MUDA,119,2021-2022,2,Rabi,Betel Nuts (Areca nuts),0-15-50.00,2022-01-09,,,12.8478662,75.0260338,
441088454,24,Dakshina Kannada,2,Bantwal,2,PANEMANGALURU,25,SAJIPA MUDA,119,2021-2022,2,Rabi,Betel Nuts (Areca nuts),0-15-50.00,2022-01-09,,,12.8478798,75.0259963,
441088460,24,Dakshina Kannada,2,Bantwal,2,PANEMANGALURU,25,SAJIPA MUDA,119,2021-2022,2,Rabi,NA Land ,0-4-0.00,2022-01-09,,,12.8478414,75.0259794,
441088477,24,Dakshina Kannada,2,Bantwal,2,PANEMANGALURU,25,SAJIPA MUDA,119,2021-2022,2,Rabi,NA Land ,0-8-0.00,2022-01-09,,,12.8467037,75.0246474,
441088495,24,Dakshina Kannada,2,Bantwal,2,PANEMANGALURU,25,SAJIPA MUDA,119,2021-2022,2,Rabi,NA Land ,0-7-0.00,2022-01-09,,,12.8467035,75.0246604,
441088498,24,Dakshina Kannada,2,Bantwal,2,PANEMANGALURU,25,SAJIPA MUDA,119,2021-2022,2,Rabi,Fallow,0-1-0.00,2022-01-09,,,12.8453153,75.0248406,
441088500,24,Dakshina Kannada,2,Bantwal,2,PANEMANGALURU,25,SAJIPA MUDA,119,2021-2022,2,Rabi,NA Land ,0-1-0.00,2022-01-09,,,12.8453002,75.0248295,
441088462,24,Dakshina Kannada,2,Bantwal,2,PANEMANGALURU,25,SAJIPA MUDA,119,2021-2022,2,Rabi,Betel Nuts (Areca nuts),0-20-0.00,2022-01-09,,,12.8478372,75.0259934,
441088462,24,Dakshina Kannada,2,Bantwal,2,PANEMANGALURU,25,SAJIPA MUDA,119,2021-2022,2,Rabi,Betel Nuts (Areca nuts),0-20-0.00,2022-01-09,,,12.8478371,75.0259933,
441088465,24,Dakshina Kannada,2,Bantwal,2,PANEMANGALURU,25,SAJIPA MUDA,119,2021-2022,2,Rabi,NA Land ,0-10-0.00,2022-01-09,,,12.8478375,75.0259948,
441088465,24,Dakshina Kannada,2,Bantwal,2,PANEMANGALURU,25,SAJIPA MUDA,119,2021-2022,2,Rabi,Fallow,0-9-50.00,2022-01-09,,,12.8478365,75.0259968,
441088506,24,Dakshina Kannada,2,Bantwal,2,PANEMANGALURU,25,SAJIPA MUDA,119,2021-2022,2,Rabi,Fallow,0-4-0.00,2022-01-09,,,12.8442009,75.0250437,
441088509,24,Dakshina Kannada,2,Bantwal,2,PANEMANGALURU,25,SAJIPA MUDA,119,2021-2022,2,Rabi,NA Land ,0-1-0.00,2022-01-09,,,12.8440975,75.0250856,
441088516,24,Dakshina Kannada,2,Bantwal,2,PANEMANGALURU,25,SAJIPA MUDA,119,2021-2022,2,Rabi,Fallow,0-10-0.00,2022-01-09,,,12.8465167,75.0223647,
441088532,24,Dakshina Kannada,2,Bantwal,2,PANEMANGALURU,25,SAJIPA MUDA,119,2021-2022,2,Rabi,NA Land ,0-4-25.00,2022-01-09,,,12.8465501,75.0223354,
441088540,24,Dakshina Kannada,2,Bantwal,2,PANEMANGALURU,25,SAJIPA MUDA,119,2021-2022,2,Rabi,Fallow,0-13-0.00,2022-01-09,,,12.8454543,75.0216648,
441088545,24,Dakshina Kannada,2,Bantwal,2,PANEMANGALURU,25,SAJIPA MUDA,119,2021-2022,2,Rabi,Fallow,0-10-0.00,2022-01-09,,,12.8454489,75.0216939,
441088503,24,Dakshina Kannada,2,Bantwal,2,PANEMANGALURU,25,SAJIPA MUDA,119,2021-2022,2,Rabi,Fallow,0-4-0.00,2022-01-09,,,12.8447879,75.0249199,
441088523,24,Dakshina Kannada,2,Bantwal,2,PANEMANGALURU,25,SAJIPA MUDA,119,2021-2022,2,Rabi,Betel Nuts (Areca nuts),0-74-0.00,2022-01-09,,,12.8465533,75.0223484,
441088523,24,Dakshina Kannada,2,Bantwal,2,PANEMANGALURU,25,SAJIPA MUDA,119,2021-2022,2,Rabi,Betel Nuts (Areca nuts),0-74-0.00,2022-01-09,,,12.8465505,75.0223487,
441088526,24,Dakshina Kannada,2,Bantwal,2,PANEMANGALURU,25,SAJIPA MUDA,119,2021-2022,2,Rabi,Fallow,0-74-75.00,2022-01-09,,,12.846558,75.022333,
441088530,24,Dakshina Kannada,2,Bantwal,2,PANEMANGALURU,25,SAJIPA MUDA,119,2021-2022,2,Rabi,Fallow,0-20-0.00,2022-01-09,,,12.846553,75.0223297,
441088531,24,Dakshina Kannada,2,Bantwal,2,PANEMANGALURU,25,SAJIPA MUDA,119,2021-2022,2,Rabi,Fallow,0-31-0.00,2022-01-09,,,12.8465557,75.0223265,
441088535,24,Dakshina Kannada,2,Bantwal,2,PANEMANGALURU,25,SAJIPA MUDA,119,2021-2022,2,Rabi,Fallow,0-4-0.00,2022-01-09,,,12.8468976,75.0215576,
441088550,24,Dakshina Kannada,2,Bantwal,2,PANEMANGALURU,25,SAJIPA MUDA,119,2021-2022,2,Rabi,NA Land ,0-15-0.00,2022-01-09,,,12.8488911,75.023597,
441088551,24,Dakshina Kannada,2,Bantwal,2,PANEMANGALURU,25,SAJIPA MUDA,119,2021-2022,2,Rabi,NA Land ,0-3-0.00,2022-01-09,,,12.8488933,75.0235959,
441088552,24,Dakshina Kannada,2,Bantwal,2,PANEMANGALURU,25,SAJIPA MUDA,119,2021-2022,2,Rabi,Fallow,2-36-0.00,2022-01-09,,,12.8488946,75.0236,
441088560,24,Dakshina Kannada,2,Bantwal,2,PANEMANGALURU,25,SAJIPA MUDA,119,2021-2022,2,Rabi,Fallow,0-17-0.00,2022-01-09,,,12.8488848,75.0236048,
441088560,24,Dakshina Kannada,2,Bantwal,2,PANEMANGALURU,25,SAJIPA MUDA,119,2021-2022,2,Rabi,Coconut,0-0-50.00,2022-01-09,,,12.8488823,75.0236062,
441088560,24,Dakshina Kannada,2,Bantwal,2,PANEMANGALURU,25,SAJIPA MUDA,119,2021-2022,2,Rabi,Coconut,0-0-50.00,2022-01-09,,,12.848882,75.023607,
441088562,24,Dakshina Kannada,2,Bantwal,2,PANEMANGALURU,25,SAJIPA MUDA,119,2021-2022,2,Rabi,NA Land ,0-12-0.00,2022-01-09,,,12.8488812,75.0236107,
441088565,24,Dakshina Kannada,2,Bantwal,2,PANEMANGALURU,25,SAJIPA MUDA,119,2021-2022,2,Rabi,Fallow,0-4-0.00,2022-01-09,,,12.8487969,75.0232094,
441085230,24,Dakshina Kannada,2,Bantwal,2,PANEMANGALURU,25,SAJIPA MUDA,119,2021-2022,2,Rabi,Paddy-L,0-15-0.00,2022-01-08,November,1st week,12.8422017,75.0350333,
441085246,24,Dakshina Kannada,2,Bantwal,2,PANEMANGALURU,25,SAJIPA MUDA,119,2021-2022,2,Rabi,NA Land ,0-40-0.00,2022-01-08,,,12.8423052,75.0354482,
441085255,24,Dakshina Kannada,2,Bantwal,2,PANEMANGALURU,25,SAJIPA MUDA,119,2021-2022,2,Rabi,NA Land ,2-19-0.00,2022-01-08,,,12.8422784,75.0354546,
441085163,24,Dakshina Kannada,2,Bantwal,2,PANEMANGALURU,25,SAJIPA MUDA,119,2021-2022,2,Rabi,Paddy-L,0-20-0.00,2022-01-08,November,1st week,12.8400363,75.0345542,
441085172,24,Dakshina Kannada,2,Bantwal,2,PANEMANGALURU,25,SAJIPA MUDA,119,2021-2022,2,Rabi,NA Land ,0-60-0.00,2022-01-08,,,12.8400275,75.0345634,
441085174,24,Dakshina Kannada,2,Bantwal,2,PANEMANGALURU,25,SAJIPA MUDA,119,2021-2022,2,Rabi,NA Land ,0-4-0.00,2022-01-08,,,12.8400274,75.0345683,
441085188,24,Dakshina Kannada,2,Bantwal,2,PANEMANGALURU,25,SAJIPA MUDA,119,2021-2022,2,Rabi,NA Land ,0-29-0.00,2022-01-08,,,12.8398429,75.035194,
441085190,24,Dakshina Kannada,2,Bantwal,2,PANEMANGALURU,25,SAJIPA MUDA,119,2021-2022,2,Rabi,NA Land ,1-3-0.00,2022-01-08,,,12.8398382,75.0351958,
441085192,24,Dakshina Kannada,2,Bantwal,2,PANEMANGALURU,25,SAJIPA MUDA,119,2021-2022,2,Rabi,NA Land ,0-8-0.00,2022-01-08,,,12.8398378,75.0351957,
441085194,24,Dakshina Kannada,2,Bantwal,2,PANEMANGALURU,25,SAJIPA MUDA,119,2021-2022,2,Rabi,NA Land ,0-15-0.00,2022-01-08,,,12.8398375,75.0351969,
441085236,24,Dakshina Kannada,2,Bantwal,2,PANEMANGALURU,25,SAJIPA MUDA,119,2021-2022,2,Rabi,NA Land ,0-35-0.00,2022-01-08,,,12.842322,75.0349988,
441085243,24,Dakshina Kannada,2,Bantwal,2,PANEMANGALURU,25,SAJIPA MUDA,119,2021-2022,2,Rabi,NA Land ,0-12-0.00,2022-01-08,,,12.8423148,75.0354431,
441085244,24,Dakshina Kannada,2,Bantwal,2,PANEMANGALURU,25,SAJIPA MUDA,119,2021-2022,2,Rabi,NA Land ,0-47-0.00,2022-01-08,,,12.8423074,75.0354478,
441085245,24,Dakshina Kannada,2,Bantwal,2,PANEMANGALURU,25,SAJIPA MUDA,119,2021-2022,2,Rabi,NA Land ,0-22-0.00,2022-01-08,,,12.842297,75.0354606,
441085250,24,Dakshina Kannada,2,Bantwal,2,PANEMANGALURU,25,SAJIPA MUDA,119,2021-2022,2,Rabi,NA Land ,0-10-50.00,2022-01-08,,,12.842285,75.0354526,
441085253,24,Dakshina Kannada,2,Bantwal,2,PANEMANGALURU,25,SAJIPA MUDA,119,2021-2022,2,Rabi,NA Land ,0-46-0.00,2022-01-08,,,12.8422781,75.0354541,
441085254,24,Dakshina Kannada,2,Bantwal,2,PANEMANGALURU,25,SAJIPA MUDA,119,2021-2022,2,Rabi,NA Land ,0-23-0.00,2022-01-08,,,12.8422781,75.0354549,
441085258,24,Dakshina Kannada,2,Bantwal,2,PANEMANGALURU,25,SAJIPA MUDA,119,2021-2022,2,Rabi,Fallow,0-8-0.00,2022-01-08,,,12.842301,75.0354499,
441085259,24,Dakshina Kannada,2,Bantwal,2,PANEMANGALURU,25,SAJIPA MUDA,119,2021-2022,2,Rabi,NA Land ,0-9-0.00,2022-01-08,,,12.8423034,75.0354473,
441085260,24,Dakshina Kannada,2,Bantwal,2,PANEMANGALURU,25,SAJIPA MUDA,119,2021-2022,2,Rabi,NA Land ,0-30-0.00,2022-01-08,,,12.8431489,75.0354091,
441085267,24,Dakshina Kannada,2,Bantwal,2,PANEMANGALURU,25,SAJIPA MUDA,119,2021-2022,2,Rabi,NA Land ,0-1-0.00,2022-01-08,,,12.8438886,75.0269014,
441086933,24,Dakshina Kannada,2,Bantwal,2,PANEMANGALURU,25,SAJIPA MUDA,119,2021-2022,2,Rabi,Fallow,0-57-0.00,2022-01-09,,,12.8503263,75.0273996,
441086934,24,Dakshina Kannada,2,Bantwal,2,PANEMANGALURU,25,SAJIPA MUDA,119,2021-2022,2,Rabi,Fallow,0-35-0.00,2022-01-09,,,12.8503272,75.0273995,
441085159,24,Dakshina Kannada,2,Bantwal,2,PANEMANGALURU,25,SAJIPA MUDA,119,2021-2022,2,Rabi,NA Land ,0-30-0.00,2022-01-08,,,12.839335,75.0335016,
441085206,24,Dakshina Kannada,2,Bantwal,2,PANEMANGALURU,25,SAJIPA MUDA,119,2021-2022,2,Rabi,NA Land ,0-22-0.00,2022-01-08,,,12.8398258,75.0352098,
441085210,24,Dakshina Kannada,2,Bantwal,2,PANEMANGALURU,25,SAJIPA MUDA,119,2021-2022,2,Rabi,NA Land ,0-53-0.00,2022-01-08,,,12.8406821,75.0366077,
441085213,24,Dakshina Kannada,2,Bantwal,2,PANEMANGALURU,25,SAJIPA MUDA,119,2021-2022,2,Rabi,Paddy-L,0-58-0.00,2022-01-08,November,1st week,12.8407278,75.0366234,
440976535,24,Dakshina Kannada,2,Bantwal,2,PANEMANGALURU,25,SAJIPA MUDA,119,2021-2022,2,Rabi,Fallow,0-82-0.00,2022-01-06,,,12.8548958,75.0224403,
440976573,24,Dakshina Kannada,2,Bantwal,2,PANEMANGALURU,25,SAJIPA MUDA,119,2021-2022,2,Rabi,Fallow,0-5-50.00,2022-01-06,,,12.8554835,75.0077532,
440976611,24,Dakshina Kannada,2,Bantwal,2,PANEMANGALURU,25,SAJIPA MUDA,119,2021-2022,2,Rabi,Fallow,0-90-0.00,2022-01-06,,,12.8555906,75.0076894,
440976785,24,Dakshina Kannada,2,Bantwal,2,PANEMANGALURU,25,SAJIPA MUDA,119,2021-2022,2,Rabi,Fallow,0-84-0.00,2022-01-06,,,12.8555983,75.0076633,
440976846,24,Dakshina Kannada,2,Bantwal,2,PANEMANGALURU,25,SAJIPA MUDA,119,2021-2022,2,Rabi,Fallow,0-35-0.00,2022-01-06,,,12.8556798,75.0073926,
440976551,24,Dakshina Kannada,2,Bantwal,2,PANEMANGALURU,25,SAJIPA MUDA,119,2021-2022,2,Rabi,Fallow,2-53-0.00,2022-01-06,,,12.8548772,75.0224419,
440976560,24,Dakshina Kannada,2,Bantwal,2,PANEMANGALURU,25,SAJIPA MUDA,119,2021-2022,2,Rabi,Fallow,0-15-0.00,2022-01-06,,,12.8554624,75.0206452,
440976622,24,Dakshina Kannada,2,Bantwal,2,PANEMANGALURU,25,SAJIPA MUDA,119,2021-2022,2,Rabi,Fallow,0-14-0.00,2022-01-06,,,12.8555838,75.0077577,
440976922,24,Dakshina Kannada,2,Bantwal,2,PANEMANGALURU,25,SAJIPA MUDA,119,2021-2022,2,Rabi,Fallow,0-37-0.00,2022-01-06,,,12.8554649,75.0073718,
440976973,24,Dakshina Kannada,2,Bantwal,2,PANEMANGALURU,25,SAJIPA MUDA,119,2021-2022,2,Rabi,Fallow,0-21-0.00,2022-01-06,,,12.8554384,75.007232,
440976986,24,Dakshina Kannada,2,Bantwal,2,PANEMANGALURU,25,SAJIPA MUDA,119,2021-2022,2,Rabi,NA Land ,0-13-0.00,2022-01-06,,,12.8554193,75.0072359,
440976907,24,Dakshina Kannada,2,Bantwal,2,PANEMANGALURU,25,SAJIPA MUDA,119,2021-2022,2,Rabi,Fallow,0-27-50.00,2022-01-06,,,12.8556223,75.007575,
440976954,24,Dakshina Kannada,2,Bantwal,2,PANEMANGALURU,25,SAJIPA MUDA,119,2021-2022,2,Rabi,Fallow,0-10-0.00,2022-01-06,,,12.8554105,75.0072664,
440977018,24,Dakshina Kannada,2,Bantwal,2,PANEMANGALURU,25,SAJIPA MUDA,119,2021-2022,2,Rabi,Fallow,0-36-0.00,2022-01-06,,,12.8554533,75.0073898,
440977035,24,Dakshina Kannada,2,Bantwal,2,PANEMANGALURU,25,SAJIPA MUDA,119,2021-2022,2,Rabi,Fallow,0-9-0.00,2022-01-06,,,12.8550588,75.0080617,
441093032,24,Dakshina Kannada,2,Bantwal,2,PANEMANGALURU,25,SAJIPA MUDA,119,2021-2022,2,Rabi,NA Land ,0-8-0.00,2022-01-09,,,12.8432646,75.0257279,
441093033,24,Dakshina Kannada,2,Bantwal,2,PANEMANGALURU,25,SAJIPA MUDA,119,2021-2022,2,Rabi,NA Land ,0-8-0.00,2022-01-09,,,12.8432638,75.0257306,
441093035,24,Dakshina Kannada,2,Bantwal,2,PANEMANGALURU,25,SAJIPA MUDA,119,2021-2022,2,Rabi,NA Land ,0-7-0.00,2022-01-09,,,12.8432545,75.0257351,
441093036,24,Dakshina Kannada,2,Bantwal,2,PANEMANGALURU,25,SAJIPA MUDA,119,2021-2022,2,Rabi,NA Land ,0-8-0.00,2022-01-09,,,12.8430578,75.02498,
441093038,24,Dakshina Kannada,2,Bantwal,2,PANEMANGALURU,25,SAJIPA MUDA,119,2021-2022,2,Rabi,NA Land ,0-9-0.00,2022-01-09,,,12.8430474,75.0248227,
441093042,24,Dakshina Kannada,2,Bantwal,2,PANEMANGALURU,25,SAJIPA MUDA,119,2021-2022,2,Rabi,NA Land ,0-13-0.00,2022-01-09,,,12.84265663,75.02377676,
441093043,24,Dakshina Kannada,2,Bantwal,2,PANEMANGALURU,25,SAJIPA MUDA,119,2021-2022,2,Rabi,Betel Nuts (Areca nuts),0-14-0.00,2022-01-09,,,12.8426436,75.0238226,
441093043,24,Dakshina Kannada,2,Bantwal,2,PANEMANGALURU,25,SAJIPA MUDA,119,2021-2022,2,Rabi,Betel Nuts (Areca nuts),0-14-0.00,2022-01-09,,,12.842643,75.0238212,
441093060,24,Dakshina Kannada,2,Bantwal,2,PANEMANGALURU,25,SAJIPA MUDA,119,2021-2022,2,Rabi,Betel Nuts (Areca nuts),0-16-0.00,2022-01-09,,,12.8425997,75.0209978,
441093060,24,Dakshina Kannada,2,Bantwal,2,PANEMANGALURU,25,SAJIPA MUDA,119,2021-2022,2,Rabi,Betel Nuts (Areca nuts),0-16-0.00,2022-01-09,,,12.84259938,75.02099751,
441093049,24,Dakshina Kannada,2,Bantwal,2,PANEMANGALURU,25,SAJIPA MUDA,119,2021-2022,2,Rabi,NA Land ,0-2-0.00,2022-01-09,,,12.8421014,75.0232745,
441064609,24,Dakshina Kannada,2,Bantwal,2,PANEMANGALURU,25,SAJIPA MUDA,119,2021-2022,2,Rabi,NA Land ,0-0-50.00,2022-01-07,,,12.8586641,75.0297418,
441064612,24,Dakshina Kannada,2,Bantwal,2,PANEMANGALURU,25,SAJIPA MUDA,119,2021-2022,2,Rabi,NA Land ,0-6-0.00,2022-01-07,,,12.8586629,75.029746,
441064622,24,Dakshina Kannada,2,Bantwal,2,PANEMANGALURU,25,SAJIPA MUDA,119,2021-2022,2,Rabi,NA Land ,0-1-0.00,2022-01-07,,,12.8586392,75.0297081,
441064714,24,Dakshina Kannada,2,Bantwal,2,PANEMANGALURU,25,SAJIPA MUDA,119,2021-2022,2,Rabi,NA Land ,1-18-0.00,2022-01-07,,,12.855925,75.025076,
441064738,24,Dakshina Kannada,2,Bantwal,2,PANEMANGALURU,25,SAJIPA MUDA,119,2021-2022,2,Rabi,NA Land ,0-24-0.00,2022-01-07,,,12.8547787,75.0252669,
441064835,24,Dakshina Kannada,2,Bantwal,2,PANEMANGALURU,25,SAJIPA MUDA,119,2021-2022,2,Rabi,NA Land ,0-13-50.00,2022-01-07,,,12.8535352,75.0248886,
441064849,24,Dakshina Kannada,2,Bantwal,2,PANEMANGALURU,25,SAJIPA MUDA,119,2021-2022,2,Rabi,NA Land ,0-5-0.00,2022-01-07,,,12.8535335,75.0248809,
441064896,24,Dakshina Kannada,2,Bantwal,2,PANEMANGALURU,25,SAJIPA MUDA,119,2021-2022,2,Rabi,NA Land ,0-6-0.00,2022-01-07,,,12.8535304,75.0249597,
441064502,24,Dakshina Kannada,2,Bantwal,2,PANEMANGALURU,25,SAJIPA MUDA,119,2021-2022,2,Rabi,NA Land ,0-5-0.00,2022-01-07,,,12.8579755,75.033564,
441064524,24,Dakshina Kannada,2,Bantwal,2,PANEMANGALURU,25,SAJIPA MUDA,119,2021-2022,2,Rabi,NA Land ,0-8-0.00,2022-01-07,,,12.8579884,75.0335251,
441064591,24,Dakshina Kannada,2,Bantwal,2,PANEMANGALURU,25,SAJIPA MUDA,119,2021-2022,2,Rabi,NA Land ,0-71-0.00,2022-01-07,,,12.8586689,75.0297651,
441064608,24,Dakshina Kannada,2,Bantwal,2,PANEMANGALURU,25,SAJIPA MUDA,119,2021-2022,2,Rabi,NA Land ,0-4-0.00,2022-01-07,,,12.8586722,75.0297606,
441064647,24,Dakshina Kannada,2,Bantwal,2,PANEMANGALURU,25,SAJIPA MUDA,119,2021-2022,2,Rabi,NA Land ,0-5-0.00,2022-01-07,,,12.8577345,75.0299092,
441064656,24,Dakshina Kannada,2,Bantwal,2,PANEMANGALURU,25,SAJIPA MUDA,119,2021-2022,2,Rabi,NA Land ,0-38-0.00,2022-01-07,,,12.8577369,75.0298881,
441064692,24,Dakshina Kannada,2,Bantwal,2,PANEMANGALURU,25,SAJIPA MUDA,119,2021-2022,2,Rabi,NA Land ,0-5-0.00,2022-01-07,,,12.8560073,75.025086,
441064724,24,Dakshina Kannada,2,Bantwal,2,PANEMANGALURU,25,SAJIPA MUDA,119,2021-2022,2,Rabi,NA Land ,0-48-0.00,2022-01-07,,,12.8547874,75.025229,
441064754,24,Dakshina Kannada,2,Bantwal,2,PANEMANGALURU,25,SAJIPA MUDA,119,2021-2022,2,Rabi,NA Land ,0-5-0.00,2022-01-07,,,12.8547682,75.025285,
441064759,24,Dakshina Kannada,2,Bantwal,2,PANEMANGALURU,25,SAJIPA MUDA,119,2021-2022,2,Rabi,Betel Nuts (Areca nuts),0-18-0.00,2022-01-07,,,12.8547694,75.0252813,
441064759,24,Dakshina Kannada,2,Bantwal,2,PANEMANGALURU,25,SAJIPA MUDA,119,2021-2022,2,Rabi,Betel Nuts (Areca nuts),0-18-0.00,2022-01-07,,,12.8547701,75.0252809,
441064548,24,Dakshina Kannada,2,Bantwal,2,PANEMANGALURU,25,SAJIPA MUDA,119,2021-2022,2,Rabi,NA Land ,0-25-0.00,2022-01-07,,,12.8589401,75.0323038,
441064550,24,Dakshina Kannada,2,Bantwal,2,PANEMANGALURU,25,SAJIPA MUDA,119,2021-2022,2,Rabi,NA Land ,0-10-0.00,2022-01-07,,,12.8590087,75.0322729,
441064581,24,Dakshina Kannada,2,Bantwal,2,PANEMANGALURU,25,SAJIPA MUDA,119,2021-2022,2,Rabi,NA Land ,0-18-0.00,2022-01-07,,,12.8590216,75.032244,
441064840,24,Dakshina Kannada,2,Bantwal,2,PANEMANGALURU,25,SAJIPA MUDA,119,2021-2022,2,Rabi,NA Land ,0-8-0.00,2022-01-07,,,12.85353492,75.02488413,
441064603,24,Dakshina Kannada,2,Bantwal,2,PANEMANGALURU,25,SAJIPA MUDA,119,2021-2022,2,Rabi,NA Land ,0-3-0.00,2022-01-07,,,12.8586615,75.0297518,
441064615,24,Dakshina Kannada,2,Bantwal,2,PANEMANGALURU,25,SAJIPA MUDA,119,2021-2022,2,Rabi,NA Land ,0-3-0.00,2022-01-07,,,12.858645,75.0297168,
441064666,24,Dakshina Kannada,2,Bantwal,2,PANEMANGALURU,25,SAJIPA MUDA,119,2021-2022,2,Rabi,NA Land ,0-11-0.00,2022-01-07,,,12.85773369,75.02987926,
441088464,24,Dakshina Kannada,2,Bantwal,2,PANEMANGALURU,25,SAJIPA MUDA,119,2021-2022,2,Rabi,NA Land ,0-14-0.00,2022-01-09,,,12.8478378,75.0259961,
441088480,24,Dakshina Kannada,2,Bantwal,2,PANEMANGALURU,25,SAJIPA MUDA,119,2021-2022,2,Rabi,Fallow,0-16-0.00,2022-01-09,,,12.8467022,75.0246477,
441088485,24,Dakshina Kannada,2,Bantwal,2,PANEMANGALURU,25,SAJIPA MUDA,119,2021-2022,2,Rabi,NA Land ,0-2-75.00,2022-01-09,,,12.8466943,75.0246507,
441088486,24,Dakshina Kannada,2,Bantwal,2,PANEMANGALURU,25,SAJIPA MUDA,119,2021-2022,2,Rabi,NA Land ,0-2-75.00,2022-01-09,,,12.8466927,75.0246526,
441088489,24,Dakshina Kannada,2,Bantwal,2,PANEMANGALURU,25,SAJIPA MUDA,119,2021-2022,2,Rabi,Fallow,0-3-0.00,2022-01-09,,,12.8466975,75.0246552,
441088527,24,Dakshina Kannada,2,Bantwal,2,PANEMANGALURU,25,SAJIPA MUDA,119,2021-2022,2,Rabi,NA Land ,0-5-0.00,2022-01-09,,,12.8465608,75.0223297,
441088537,24,Dakshina Kannada,2,Bantwal,2,PANEMANGALURU,25,SAJIPA MUDA,119,2021-2022,2,Rabi,Fallow,0-9-0.00,2022-01-09,,,12.8468997,75.0215677,
441088542,24,Dakshina Kannada,2,Bantwal,2,PANEMANGALURU,25,SAJIPA MUDA,119,2021-2022,2,Rabi,NA Land ,0-6-0.00,2022-01-09,,,12.8454516,75.0216841,
441088547,24,Dakshina Kannada,2,Bantwal,2,PANEMANGALURU,25,SAJIPA MUDA,119,2021-2022,2,Rabi,NA Land ,0-7-0.00,2022-01-09,,,12.8488933,75.0235946,
441088553,24,Dakshina Kannada,2,Bantwal,2,PANEMANGALURU,25,SAJIPA MUDA,119,2021-2022,2,Rabi,NA Land ,0-12-0.00,2022-01-09,,,12.8488917,75.0236041,
441088470,24,Dakshina Kannada,2,Bantwal,2,PANEMANGALURU,25,SAJIPA MUDA,119,2021-2022,2,Rabi,NA Land ,0-5-0.00,2022-01-09,,,12.8466995,75.0246453,
441034660,24,Dakshina Kannada,2,Bantwal,2,PANEMANGALURU,25,SAJIPA MUDA,119,2021-2022,2,Rabi,NA Land ,0-16-0.00,2022-01-07,,,12.8537933,75.0119983,
441034683,24,Dakshina Kannada,2,Bantwal,2,PANEMANGALURU,25,SAJIPA MUDA,119,2021-2022,2,Rabi,Fallow,0-65-0.00,2022-01-07,,,12.8519016,75.0095805,
441034693,24,Dakshina Kannada,2,Bantwal,2,PANEMANGALURU,25,SAJIPA MUDA,119,2021-2022,2,Rabi,NA Land ,0-14-0.00,2022-01-07,,,12.8513467,75.0092333,
441034697,24,Dakshina Kannada,2,Bantwal,2,PANEMANGALURU,25,SAJIPA MUDA,119,2021-2022,2,Rabi,Fallow,1-19-0.00,2022-01-07,,,12.8511995,75.0097558,
441034698,24,Dakshina Kannada,2,Bantwal,2,PANEMANGALURU,25,SAJIPA MUDA,119,2021-2022,2,Rabi,NA Land ,0-11-0.00,2022-01-07,,,12.8511748,75.0097879,
441034708,24,Dakshina Kannada,2,Bantwal,2,PANEMANGALURU,25,SAJIPA MUDA,119,2021-2022,2,Rabi,Fallow,0-25-0.00,2022-01-07,,,12.8496938,75.0091147,
441034757,24,Dakshina Kannada,2,Bantwal,2,PANEMANGALURU,25,SAJIPA MUDA,119,2021-2022,2,Rabi,NA Land ,0-11-0.00,2022-01-07,,,12.8537347,75.0056084,
441034790,24,Dakshina Kannada,2,Bantwal,2,PANEMANGALURU,25,SAJIPA MUDA,119,2021-2022,2,Rabi,Fallow,0-29-0.00,2022-01-07,,,12.8536026,75.0055175,
441034811,24,Dakshina Kannada,2,Bantwal,2,PANEMANGALURU,25,SAJIPA MUDA,119,2021-2022,2,Rabi,Fallow,0-19-0.00,2022-01-07,,,12.854231,75.0055034,
441088472,24,Dakshina Kannada,2,Bantwal,2,PANEMANGALURU,25,SAJIPA MUDA,119,2021-2022,2,Rabi,Betel Nuts (Areca nuts),0-50-0.00,2022-01-09,,,12.8466973,75.024654,
441088472,24,Dakshina Kannada,2,Bantwal,2,PANEMANGALURU,25,SAJIPA MUDA,119,2021-2022,2,Rabi,Betel Nuts (Areca nuts),0-50-0.00,2022-01-09,,,12.84669736,75.02465396,
441088475,24,Dakshina Kannada,2,Bantwal,2,PANEMANGALURU,25,SAJIPA MUDA,119,2021-2022,2,Rabi,NA Land ,0-1-0.00,2022-01-09,,,12.8467077,75.0246479,
441088478,24,Dakshina Kannada,2,Bantwal,2,PANEMANGALURU,25,SAJIPA MUDA,119,2021-2022,2,Rabi,NA Land ,0-6-0.00,2022-01-09,,,12.8467035,75.0246479,
441088496,24,Dakshina Kannada,2,Bantwal,2,PANEMANGALURU,25,SAJIPA MUDA,119,2021-2022,2,Rabi,NA Land ,0-1-0.00,2022-01-09,,,12.8453236,75.0248382,
441088512,24,Dakshina Kannada,2,Bantwal,2,PANEMANGALURU,25,SAJIPA MUDA,119,2021-2022,2,Rabi,NA Land ,0-13-0.00,2022-01-09,,,12.8465093,75.022368,
441088521,24,Dakshina Kannada,2,Bantwal,2,PANEMANGALURU,25,SAJIPA MUDA,119,2021-2022,2,Rabi,Fallow,0-35-0.00,2022-01-09,,,12.8465499,75.0223658,
441088566,24,Dakshina Kannada,2,Bantwal,2,PANEMANGALURU,25,SAJIPA MUDA,119,2021-2022,2,Rabi,NA Land ,0-5-0.00,2022-01-09,,,12.8487487,75.0231959,
441033064,24,Dakshina Kannada,2,Bantwal,2,PANEMANGALURU,25,SAJIPA MUDA,119,2021-2022,2,Rabi,NA Land ,0-5-0.00,2022-01-07,,,12.8439029,75.0358982,
441033067,24,Dakshina Kannada,2,Bantwal,2,PANEMANGALURU,25,SAJIPA MUDA,119,2021-2022,2,Rabi,NA Land ,0-9-50.00,2022-01-07,,,12.84391088,75.03590172,
441033070,24,Dakshina Kannada,2,Bantwal,2,PANEMANGALURU,25,SAJIPA MUDA,119,2021-2022,2,Rabi,NA Land ,0-10-50.00,2022-01-07,,,12.8439113,75.0359013,
441033074,24,Dakshina Kannada,2,Bantwal,2,PANEMANGALURU,25,SAJIPA MUDA,119,2021-2022,2,Rabi,NA Land ,0-17-0.00,2022-01-07,,,12.8439113,75.0358994,
441034679,24,Dakshina Kannada,2,Bantwal,2,PANEMANGALURU,25,SAJIPA MUDA,119,2021-2022,2,Rabi,Fallow,0-50-0.00,2022-01-07,,,12.8520057,75.009524,
441034681,24,Dakshina Kannada,2,Bantwal,2,PANEMANGALURU,25,SAJIPA MUDA,119,2021-2022,2,Rabi,Fallow,0-20-0.00,2022-01-07,,,12.8519908,75.0095219,
441034684,24,Dakshina Kannada,2,Bantwal,2,PANEMANGALURU,25,SAJIPA MUDA,119,2021-2022,2,Rabi,Fallow,0-9-0.00,2022-01-07,,,12.8519309,75.0096203,
441034687,24,Dakshina Kannada,2,Bantwal,2,PANEMANGALURU,25,SAJIPA MUDA,119,2021-2022,2,Rabi,Betel Nuts (Areca nuts),0-40-0.00,2022-01-07,,,12.8520132,75.0094743,
441034688,24,Dakshina Kannada,2,Bantwal,2,PANEMANGALURU,25,SAJIPA MUDA,119,2021-2022,2,Rabi,Fallow,0-24-0.00,2022-01-07,,,12.8519387,75.0095397,
441034692,24,Dakshina Kannada,2,Bantwal,2,PANEMANGALURU,25,SAJIPA MUDA,119,2021-2022,2,Rabi,Fallow,0-9-0.00,2022-01-07,,,12.85132,75.0091817,
441088458,24,Dakshina Kannada,2,Bantwal,2,PANEMANGALURU,25,SAJIPA MUDA,119,2021-2022,2,Rabi,Betel Nuts (Areca nuts),0-29-0.00,2022-01-09,,,12.8478637,75.0259884,
441088458,24,Dakshina Kannada,2,Bantwal,2,PANEMANGALURU,25,SAJIPA MUDA,119,2021-2022,2,Rabi,Betel Nuts (Areca nuts),0-29-0.00,2022-01-09,,,12.8478638,75.0259893,
441088463,24,Dakshina Kannada,2,Bantwal,2,PANEMANGALURU,25,SAJIPA MUDA,119,2021-2022,2,Rabi,Betel Nuts (Areca nuts),0-34-0.00,2022-01-09,,,12.8478372,75.025993,
441088463,24,Dakshina Kannada,2,Bantwal,2,PANEMANGALURU,25,SAJIPA MUDA,119,2021-2022,2,Rabi,Betel Nuts (Areca nuts),0-34-0.00,2022-01-09,,,12.8478374,75.0259948,
441088488,24,Dakshina Kannada,2,Bantwal,2,PANEMANGALURU,25,SAJIPA MUDA,119,2021-2022,2,Rabi,Fallow,0-7-0.00,2022-01-09,,,12.8466951,75.0246529,
441088491,24,Dakshina Kannada,2,Bantwal,2,PANEMANGALURU,25,SAJIPA MUDA,119,2021-2022,2,Rabi,Fallow,0-2-0.00,2022-01-09,,,12.8466985,75.0246588,
441088492,24,Dakshina Kannada,2,Bantwal,2,PANEMANGALURU,25,SAJIPA MUDA,119,2021-2022,2,Rabi,NA Land ,0-1-0.00,2022-01-09,,,12.8466995,75.0246588,
441088499,24,Dakshina Kannada,2,Bantwal,2,PANEMANGALURU,25,SAJIPA MUDA,119,2021-2022,2,Rabi,NA Land ,0-15-0.00,2022-01-09,,,12.8453059,75.0248344,
441088507,24,Dakshina Kannada,2,Bantwal,2,PANEMANGALURU,25,SAJIPA MUDA,119,2021-2022,2,Rabi,Betel Nuts (Areca nuts),0-14-0.00,2022-01-09,,,12.8442775,75.0249527,
441088507,24,Dakshina Kannada,2,Bantwal,2,PANEMANGALURU,25,SAJIPA MUDA,119,2021-2022,2,Rabi,Betel Nuts (Areca nuts),0-14-0.00,2022-01-09,,,12.8442744,75.0249565,
441088508,24,Dakshina Kannada,2,Bantwal,2,PANEMANGALURU,25,SAJIPA MUDA,119,2021-2022,2,Rabi,Fallow,0-8-0.00,2022-01-09,,,12.8441046,75.0251215,
441088510,24,Dakshina Kannada,2,Bantwal,2,PANEMANGALURU,25,SAJIPA MUDA,119,2021-2022,2,Rabi,NA Land ,0-8-0.00,2022-01-09,,,12.8443108,75.0250154,
441088513,24,Dakshina Kannada,2,Bantwal,2,PANEMANGALURU,25,SAJIPA MUDA,119,2021-2022,2,Rabi,Fallow,0-39-0.00,2022-01-09,,,12.8465037,75.0223698,
441088515,24,Dakshina Kannada,2,Bantwal,2,PANEMANGALURU,25,SAJIPA MUDA,119,2021-2022,2,Rabi,Fallow,0-63-0.00,2022-01-09,,,12.8465109,75.0223598,
441088517,24,Dakshina Kannada,2,Bantwal,2,PANEMANGALURU,25,SAJIPA MUDA,119,2021-2022,2,Rabi,Fallow,0-20-0.00,2022-01-09,,,12.8465159,75.0223661,
441034696,24,Dakshina Kannada,2,Bantwal,2,PANEMANGALURU,25,SAJIPA MUDA,119,2021-2022,2,Rabi,NA Land ,0-10-0.00,2022-01-07,,,12.8511842,75.0097824,
441034696,24,Dakshina Kannada,2,Bantwal,2,PANEMANGALURU,25,SAJIPA MUDA,119,2021-2022,2,Rabi,Fallow,1-0-0.00,2022-01-07,,,12.8511669,75.0097403,
441034661,24,Dakshina Kannada,2,Bantwal,2,PANEMANGALURU,25,SAJIPA MUDA,119,2021-2022,2,Rabi,Fallow,0-22-0.00,2022-01-07,,,12.8538025,75.0120225,
441034669,24,Dakshina Kannada,2,Bantwal,2,PANEMANGALURU,25,SAJIPA MUDA,119,2021-2022,2,Rabi,Fallow,0-39-0.00,2022-01-07,,,12.85383,75.01205,
441034715,24,Dakshina Kannada,2,Bantwal,2,PANEMANGALURU,25,SAJIPA MUDA,119,2021-2022,2,Rabi,Betel Nuts (Areca nuts),0-16-0.00,2022-01-07,,,12.8497633,75.00923,
441034664,24,Dakshina Kannada,2,Bantwal,2,PANEMANGALURU,25,SAJIPA MUDA,119,2021-2022,2,Rabi,Fallow,0-5-0.00,2022-01-07,,,12.8538105,75.0120496,
441034695,24,Dakshina Kannada,2,Bantwal,2,PANEMANGALURU,25,SAJIPA MUDA,119,2021-2022,2,Rabi,Fallow,0-3-0.00,2022-01-07,,,12.8513174,75.0092094,
441034712,24,Dakshina Kannada,2,Bantwal,2,PANEMANGALURU,25,SAJIPA MUDA,119,2021-2022,2,Rabi,Fallow,0-4-0.00,2022-01-07,,,12.8497506,75.0091736,
441034719,24,Dakshina Kannada,2,Bantwal,2,PANEMANGALURU,25,SAJIPA MUDA,119,2021-2022,2,Rabi,Fallow,0-60-0.00,2022-01-07,,,12.8497508,75.0092383,
441034724,24,Dakshina Kannada,2,Bantwal,2,PANEMANGALURU,25,SAJIPA MUDA,119,2021-2022,2,Rabi,NA Land ,0-10-0.00,2022-01-07,,,12.8539483,75.0059929,
441034727,24,Dakshina Kannada,2,Bantwal,2,PANEMANGALURU,25,SAJIPA MUDA,119,2021-2022,2,Rabi,NA Land ,0-6-50.00,2022-01-07,,,12.8539348,75.0060152,
441034727,24,Dakshina Kannada,2,Bantwal,2,PANEMANGALURU,25,SAJIPA MUDA,119,2021-2022,2,Rabi,Fallow,0-8-0.00,2022-01-07,,,12.8539549,75.0060276,
441034794,24,Dakshina Kannada,2,Bantwal,2,PANEMANGALURU,25,SAJIPA MUDA,119,2021-2022,2,Rabi,Fallow,0-10-0.00,2022-01-07,,,12.8536286,75.0055425,
441034799,24,Dakshina Kannada,2,Bantwal,2,PANEMANGALURU,25,SAJIPA MUDA,119,2021-2022,2,Rabi,Fallow,0-9-0.00,2022-01-07,,,12.8537624,75.005571,
441034803,24,Dakshina Kannada,2,Bantwal,2,PANEMANGALURU,25,SAJIPA MUDA,119,2021-2022,2,Rabi,NA Land ,0-7-0.00,2022-01-07,,,12.853594,75.0055475,
441034815,24,Dakshina Kannada,2,Bantwal,2,PANEMANGALURU,25,SAJIPA MUDA,119,2021-2022,2,Rabi,Fallow,0-77-0.00,2022-01-07,,,12.8543017,75.0054767,
441032950,24,Dakshina Kannada,2,Bantwal,2,PANEMANGALURU,25,SAJIPA MUDA,119,2021-2022,2,Rabi,NA Land ,0-20-0.00,2022-01-07,,,12.8426661,75.0329488,
441032998,24,Dakshina Kannada,2,Bantwal,2,PANEMANGALURU,25,SAJIPA MUDA,119,2021-2022,2,Rabi,NA Land ,0-10-0.00,2022-01-07,,,12.84187375,75.03299747,
441033010,24,Dakshina Kannada,2,Bantwal,2,PANEMANGALURU,25,SAJIPA MUDA,119,2021-2022,2,Rabi,NA Land ,0-1-0.00,2022-01-07,,,12.8418661,75.0329586,
441033013,24,Dakshina Kannada,2,Bantwal,2,PANEMANGALURU,25,SAJIPA MUDA,119,2021-2022,2,Rabi,NA Land ,0-11-50.00,2022-01-07,,,12.84186758,75.03294481,
441033025,24,Dakshina Kannada,2,Bantwal,2,PANEMANGALURU,25,SAJIPA MUDA,119,2021-2022,2,Rabi,NA Land ,1-50-0.00,2022-01-07,,,12.8415832,75.0332414,
441033063,24,Dakshina Kannada,2,Bantwal,2,PANEMANGALURU,25,SAJIPA MUDA,119,2021-2022,2,Rabi,NA Land ,0-10-0.00,2022-01-07,,,12.8439018,75.0358966,
441034722,24,Dakshina Kannada,2,Bantwal,2,PANEMANGALURU,25,SAJIPA MUDA,119,2021-2022,2,Rabi,Fallow,0-14-0.00,2022-01-07,,,12.8497334,75.0091101,
441034744,24,Dakshina Kannada,2,Bantwal,2,PANEMANGALURU,25,SAJIPA MUDA,119,2021-2022,2,Rabi,NA Land ,0-5-0.00,2022-01-07,,,12.853781,75.0056035,
441034807,24,Dakshina Kannada,2,Bantwal,2,PANEMANGALURU,25,SAJIPA MUDA,119,2021-2022,2,Rabi,Fallow,0-6-0.00,2022-01-07,,,12.8535575,75.0057012,
441065005,24,Dakshina Kannada,2,Bantwal,2,PANEMANGALURU,25,SAJIPA MUDA,119,2021-2022,2,Rabi,NA Land ,0-12-0.00,2022-01-07,,,12.85352035,75.02488845,
441064891,24,Dakshina Kannada,2,Bantwal,2,PANEMANGALURU,25,SAJIPA MUDA,119,2021-2022,2,Rabi,NA Land ,0-9-0.00,2022-01-07,,,12.8535328,75.0249807,
441085213,24,Dakshina Kannada,2,Bantwal,2,PANEMANGALURU,25,SAJIPA MUDA,119,2021-2022,2,Rabi,Paddy-L,0-58-0.00,2022-01-08,November,1st week,12.8407286,75.0366204,
441085242,24,Dakshina Kannada,2,Bantwal,2,PANEMANGALURU,25,SAJIPA MUDA,119,2021-2022,2,Rabi,NA Land ,0-10-0.00,2022-01-08,,,12.8422968,75.0354465,
441085247,24,Dakshina Kannada,2,Bantwal,2,PANEMANGALURU,25,SAJIPA MUDA,119,2021-2022,2,Rabi,Fallow,0-10-50.00,2022-01-08,,,12.842314,75.0354384,
441085249,24,Dakshina Kannada,2,Bantwal,2,PANEMANGALURU,25,SAJIPA MUDA,119,2021-2022,2,Rabi,NA Land ,0-11-0.00,2022-01-08,,,12.8422885,75.035435,
441085257,24,Dakshina Kannada,2,Bantwal,2,PANEMANGALURU,25,SAJIPA MUDA,119,2021-2022,2,Rabi,NA Land ,0-26-0.00,2022-01-08,,,12.8422813,75.0354566,
441085264,24,Dakshina Kannada,2,Bantwal,2,PANEMANGALURU,25,SAJIPA MUDA,119,2021-2022,2,Rabi,NA Land ,0-43-0.00,2022-01-08,,,12.8431626,75.0354043,
441085268,24,Dakshina Kannada,2,Bantwal,2,PANEMANGALURU,25,SAJIPA MUDA,119,2021-2022,2,Rabi,NA Land ,0-2-0.00,2022-01-08,,,12.843889,75.0268997,
441086928,24,Dakshina Kannada,2,Bantwal,2,PANEMANGALURU,25,SAJIPA MUDA,119,2021-2022,2,Rabi,NA Land ,0-2-75.00,2022-01-09,,,12.8503179,75.0274066,
441093028,24,Dakshina Kannada,2,Bantwal,2,PANEMANGALURU,25,SAJIPA MUDA,119,2021-2022,2,Rabi,NA Land ,0-15-0.00,2022-01-09,,,12.8432742,75.0257295,
441093029,24,Dakshina Kannada,2,Bantwal,2,PANEMANGALURU,25,SAJIPA MUDA,119,2021-2022,2,Rabi,NA Land ,0-15-0.00,2022-01-09,,,12.8432842,75.0257242,
441093041,24,Dakshina Kannada,2,Bantwal,2,PANEMANGALURU,25,SAJIPA MUDA,119,2021-2022,2,Rabi,NA Land ,0-13-0.00,2022-01-09,,,12.8430439,75.0248306,
441093045,24,Dakshina Kannada,2,Bantwal,2,PANEMANGALURU,25,SAJIPA MUDA,119,2021-2022,2,Rabi,Fallow,0-4-0.00,2022-01-09,,,12.8422899,75.0233666,
441093056,24,Dakshina Kannada,2,Bantwal,2,PANEMANGALURU,25,SAJIPA MUDA,119,2021-2022,2,Rabi,Betel Nuts (Areca nuts),0-14-0.00,2022-01-09,,,12.8431924,75.0224308,
441093056,24,Dakshina Kannada,2,Bantwal,2,PANEMANGALURU,25,SAJIPA MUDA,119,2021-2022,2,Rabi,Betel Nuts (Areca nuts),0-14-0.00,2022-01-09,,,12.8431924,75.0224308,
441093058,24,Dakshina Kannada,2,Bantwal,2,PANEMANGALURU,25,SAJIPA MUDA,119,2021-2022,2,Rabi,Betel Nuts (Areca nuts),0-6-0.00,2022-01-09,,,12.8425957,75.0210008,
441093058,24,Dakshina Kannada,2,Bantwal,2,PANEMANGALURU,25,SAJIPA MUDA,119,2021-2022,2,Rabi,Betel Nuts (Areca nuts),0-6-0.00,2022-01-09,,,12.84259578,75.02100076,
441093063,24,Dakshina Kannada,2,Bantwal,2,PANEMANGALURU,25,SAJIPA MUDA,119,2021-2022,2,Rabi,NA Land ,0-2-0.00,2022-01-09,,,12.8425946,75.021001,
441086930,24,Dakshina Kannada,2,Bantwal,2,PANEMANGALURU,25,SAJIPA MUDA,119,2021-2022,2,Rabi,NA Land ,0-2-75.00,2022-01-09,,,12.8503252,75.0274019,
441086931,24,Dakshina Kannada,2,Bantwal,2,PANEMANGALURU,25,SAJIPA MUDA,119,2021-2022,2,Rabi,NA Land ,0-2-75.00,2022-01-09,,,12.850325,75.0274017,
441085168,24,Dakshina Kannada,2,Bantwal,2,PANEMANGALURU,25,SAJIPA MUDA,119,2021-2022,2,Rabi,NA Land ,0-20-0.00,2022-01-08,,,12.8400325,75.0345566,
441085176,24,Dakshina Kannada,2,Bantwal,2,PANEMANGALURU,25,SAJIPA MUDA,119,2021-2022,2,Rabi,NA Land ,0-6-0.00,2022-01-08,,,12.8400286,75.0345706,
441085200,24,Dakshina Kannada,2,Bantwal,2,PANEMANGALURU,25,SAJIPA MUDA,119,2021-2022,2,Rabi,NA Land ,0-12-0.00,2022-01-08,,,12.8398325,75.0352082,
441085208,24,Dakshina Kannada,2,Bantwal,2,PANEMANGALURU,25,SAJIPA MUDA,119,2021-2022,2,Rabi,NA Land ,0-86-0.00,2022-01-08,,,12.8401025,75.035574,
441085226,24,Dakshina Kannada,2,Bantwal,2,PANEMANGALURU,25,SAJIPA MUDA,119,2021-2022,2,Rabi,NA Land ,1-6-0.00,2022-01-08,,,12.8411033,75.0382293,
441085228,24,Dakshina Kannada,2,Bantwal,2,PANEMANGALURU,25,SAJIPA MUDA,119,2021-2022,2,Rabi,NA Land ,0-35-0.00,2022-01-08,,,12.8421882,75.0350201,
441085233,24,Dakshina Kannada,2,Bantwal,2,PANEMANGALURU,25,SAJIPA MUDA,119,2021-2022,2,Rabi,NA Land ,0-14-0.00,2022-01-08,,,12.8421709,75.0350103,
441085235,24,Dakshina Kannada,2,Bantwal,2,PANEMANGALURU,25,SAJIPA MUDA,119,2021-2022,2,Rabi,NA Land ,0-9-0.00,2022-01-08,,,12.8422091,75.0349703,
441085251,24,Dakshina Kannada,2,Bantwal,2,PANEMANGALURU,25,SAJIPA MUDA,119,2021-2022,2,Rabi,NA Land ,0-23-0.00,2022-01-08,,,12.8422769,75.0354513,
441085269,24,Dakshina Kannada,2,Bantwal,2,PANEMANGALURU,25,SAJIPA MUDA,119,2021-2022,2,Rabi,NA Land ,0-8-0.00,2022-01-08,,,12.8438979,75.0268785,
441085164,24,Dakshina Kannada,2,Bantwal,2,PANEMANGALURU,25,SAJIPA MUDA,119,2021-2022,2,Rabi,Paddy-L,0-35-0.00,2022-01-08,November,1st week,12.8400469,75.0345724,
441085166,24,Dakshina Kannada,2,Bantwal,2,PANEMANGALURU,25,SAJIPA MUDA,119,2021-2022,2,Rabi,Betel Nuts (Areca nuts),1-0-0.00,2022-01-08,,,12.8400296,75.0345446,
441085166,24,Dakshina Kannada,2,Bantwal,2,PANEMANGALURU,25,SAJIPA MUDA,119,2021-2022,2,Rabi,Betel Nuts (Areca nuts),1-0-0.00,2022-01-08,,,12.8400302,75.034553,
441085166,24,Dakshina Kannada,2,Bantwal,2,PANEMANGALURU,25,SAJIPA MUDA,119,2021-2022,2,Rabi,Paddy-L,0-48-0.00,2022-01-08,November,1st week,12.840045,75.0345337,
441085170,24,Dakshina Kannada,2,Bantwal,2,PANEMANGALURU,25,SAJIPA MUDA,119,2021-2022,2,Rabi,NA Land ,0-16-0.00,2022-01-08,,,12.8400278,75.034561,
441085186,24,Dakshina Kannada,2,Bantwal,2,PANEMANGALURU,25,SAJIPA MUDA,119,2021-2022,2,Rabi,NA Land ,0-31-0.00,2022-01-08,,,12.8398517,75.0351871,
441085212,24,Dakshina Kannada,2,Bantwal,2,PANEMANGALURU,25,SAJIPA MUDA,119,2021-2022,2,Rabi,NA Land ,0-18-0.00,2022-01-08,,,12.8406638,75.0365981,
441085215,24,Dakshina Kannada,2,Bantwal,2,PANEMANGALURU,25,SAJIPA MUDA,119,2021-2022,2,Rabi,NA Land ,0-31-0.00,2022-01-08,,,12.8407269,75.036623,
441085219,24,Dakshina Kannada,2,Bantwal,2,PANEMANGALURU,25,SAJIPA MUDA,119,2021-2022,2,Rabi,NA Land ,0-71-0.00,2022-01-08,,,12.840674,75.0366505,
441085252,24,Dakshina Kannada,2,Bantwal,2,PANEMANGALURU,25,SAJIPA MUDA,119,2021-2022,2,Rabi,NA Land ,0-23-0.00,2022-01-08,,,12.8422798,75.0354548,
441085263,24,Dakshina Kannada,2,Bantwal,2,PANEMANGALURU,25,SAJIPA MUDA,119,2021-2022,2,Rabi,NA Land ,0-6-0.00,2022-01-08,,,12.8431632,75.0354116,
441085196,24,Dakshina Kannada,2,Bantwal,2,PANEMANGALURU,25,SAJIPA MUDA,119,2021-2022,2,Rabi,NA Land ,0-10-0.00,2022-01-08,,,12.839835,75.0351996,
441085223,24,Dakshina Kannada,2,Bantwal,2,PANEMANGALURU,25,SAJIPA MUDA,119,2021-2022,2,Rabi,NA Land ,0-30-0.00,2022-01-08,,,12.8406812,75.0366506,
441085225,24,Dakshina Kannada,2,Bantwal,2,PANEMANGALURU,25,SAJIPA MUDA,119,2021-2022,2,Rabi,NA Land ,1-93-0.00,2022-01-08,,,12.8406588,75.0376269,
441085227,24,Dakshina Kannada,2,Bantwal,2,PANEMANGALURU,25,SAJIPA MUDA,119,2021-2022,2,Rabi,NA Land ,0-87-0.00,2022-01-08,,,12.8410637,75.0381788,
441085234,24,Dakshina Kannada,2,Bantwal,2,PANEMANGALURU,25,SAJIPA MUDA,119,2021-2022,2,Rabi,NA Land ,0-21-0.00,2022-01-08,,,12.8421918,75.0349912,
441085237,24,Dakshina Kannada,2,Bantwal,2,PANEMANGALURU,25,SAJIPA MUDA,119,2021-2022,2,Rabi,NA Land ,0-10-0.00,2022-01-08,,,12.8422643,75.0349226,
441085237,24,Dakshina Kannada,2,Bantwal,2,PANEMANGALURU,25,SAJIPA MUDA,119,2021-2022,2,Rabi,Fallow,0-15-0.00,2022-01-08,,,12.8422309,75.0349398,
441085241,24,Dakshina Kannada,2,Bantwal,2,PANEMANGALURU,25,SAJIPA MUDA,119,2021-2022,2,Rabi,NA Land ,0-25-0.00,2022-01-08,,,12.8422981,75.0354173,
441085248,24,Dakshina Kannada,2,Bantwal,2,PANEMANGALURU,25,SAJIPA MUDA,119,2021-2022,2,Rabi,NA Land ,0-23-0.00,2022-01-08,,,12.8422947,75.0354304,
441085262,24,Dakshina Kannada,2,Bantwal,2,PANEMANGALURU,25,SAJIPA MUDA,119,2021-2022,2,Rabi,NA Land ,0-26-50.00,2022-01-08,,,12.8431615,75.0354157,
441086932,24,Dakshina Kannada,2,Bantwal,2,PANEMANGALURU,25,SAJIPA MUDA,119,2021-2022,2,Rabi,Fallow,0-42-0.00,2022-01-09,,,12.8503272,75.0273997,
441086927,24,Dakshina Kannada,2,Bantwal,2,PANEMANGALURU,25,SAJIPA MUDA,119,2021-2022,2,Rabi,NA Land ,0-2-75.00,2022-01-09,,,12.8503139,75.0274113,
441064671,24,Dakshina Kannada,2,Bantwal,2,PANEMANGALURU,25,SAJIPA MUDA,119,2021-2022,2,Rabi,NA Land ,0-4-0.00,2022-01-07,,,12.857735,75.0298801,
441064707,24,Dakshina Kannada,2,Bantwal,2,PANEMANGALURU,25,SAJIPA MUDA,119,2021-2022,2,Rabi,NA Land ,0-15-0.00,2022-01-07,,,12.8560035,75.0250836,
441064743,24,Dakshina Kannada,2,Bantwal,2,PANEMANGALURU,25,SAJIPA MUDA,119,2021-2022,2,Rabi,NA Land ,0-15-0.00,2022-01-07,,,12.8547866,75.0252573,
441145570,24,Dakshina Kannada,2,Bantwal,2,PANEMANGALURU,25,SAJIPA MUDA,119,2021-2022,2,Rabi,NA Land ,0-7-75.00,2022-01-10,,,12.8551637,75.0281589,
441145593,24,Dakshina Kannada,2,Bantwal,2,PANEMANGALURU,25,SAJIPA MUDA,119,2021-2022,2,Rabi,Fallow,0-10-50.00,2022-01-10,,,12.8551594,75.0281817,
441145598,24,Dakshina Kannada,2,Bantwal,2,PANEMANGALURU,25,SAJIPA MUDA,119,2021-2022,2,Rabi,NA Land ,0-10-0.00,2022-01-10,,,12.8551614,75.0281786,
441145645,24,Dakshina Kannada,2,Bantwal,2,PANEMANGALURU,25,SAJIPA MUDA,119,2021-2022,2,Rabi,Paddy-L,2-0-0.00,2022-01-10,october,1st week,12.8552692,75.0272835,
441145558,24,Dakshina Kannada,2,Bantwal,2,PANEMANGALURU,25,SAJIPA MUDA,119,2021-2022,2,Rabi,NA Land ,0-63-0.00,2022-01-10,,,12.8551707,75.0281536,
441145562,24,Dakshina Kannada,2,Bantwal,2,PANEMANGALURU,25,SAJIPA MUDA,119,2021-2022,2,Rabi,Fallow,0-2-50.00,2022-01-10,,,12.8551678,75.0281567,
441145609,24,Dakshina Kannada,2,Bantwal,2,PANEMANGALURU,25,SAJIPA MUDA,119,2021-2022,2,Rabi,NA Land ,0-10-0.00,2022-01-10,,,12.8551627,75.028182,
441145631,24,Dakshina Kannada,2,Bantwal,2,PANEMANGALURU,25,SAJIPA MUDA,119,2021-2022,2,Rabi,Paddy-L,1-49-0.00,2022-01-10,october,1st week,12.8552738,75.027284,
441145573,24,Dakshina Kannada,2,Bantwal,2,PANEMANGALURU,25,SAJIPA MUDA,119,2021-2022,2,Rabi,NA Land ,1-88-0.00,2022-01-10,,,12.8551588,75.0281623,
441145589,24,Dakshina Kannada,2,Bantwal,2,PANEMANGALURU,25,SAJIPA MUDA,119,2021-2022,2,Rabi,NA Land ,0-10-0.00,2022-01-10,,,12.8551592,75.0281799,
441260098,24,Dakshina Kannada,2,Bantwal,2,PANEMANGALURU,25,SAJIPA MUDA,119,2021-2022,2,Rabi,NA Land ,0-3-0.00,2022-01-10,,,12.8440696,75.0298606,
441260100,24,Dakshina Kannada,2,Bantwal,2,PANEMANGALURU,25,SAJIPA MUDA,119,2021-2022,2,Rabi,NA Land ,0-16-0.00,2022-01-10,,,12.8440957,75.0298778,
441260101,24,Dakshina Kannada,2,Bantwal,2,PANEMANGALURU,25,SAJIPA MUDA,119,2021-2022,2,Rabi,NA Land ,0-19-0.00,2022-01-10,,,12.8441062,75.0298695,
441260103,24,Dakshina Kannada,2,Bantwal,2,PANEMANGALURU,25,SAJIPA MUDA,119,2021-2022,2,Rabi,NA Land ,0-15-25.00,2022-01-10,,,12.8441051,75.0298645,
441260110,24,Dakshina Kannada,2,Bantwal,2,PANEMANGALURU,25,SAJIPA MUDA,119,2021-2022,2,Rabi,NA Land ,0-3-0.00,2022-01-10,,,12.8441116,75.0298737,
441260115,24,Dakshina Kannada,2,Bantwal,2,PANEMANGALURU,25,SAJIPA MUDA,119,2021-2022,2,Rabi,NA Land ,1-13-0.00,2022-01-10,,,12.8441145,75.0298814,
441260138,24,Dakshina Kannada,2,Bantwal,2,PANEMANGALURU,25,SAJIPA MUDA,119,2021-2022,2,Rabi,NA Land ,0-5-0.00,2022-01-10,,,12.8440846,75.0298564,
441260141,24,Dakshina Kannada,2,Bantwal,2,PANEMANGALURU,25,SAJIPA MUDA,119,2021-2022,2,Rabi,NA Land ,0-23-0.00,2022-01-10,,,12.8441244,75.0298781,
441260150,24,Dakshina Kannada,2,Bantwal,2,PANEMANGALURU,25,SAJIPA MUDA,119,2021-2022,2,Rabi,NA Land ,0-7-50.00,2022-01-11,,,12.8426885,75.0293703,
441260153,24,Dakshina Kannada,2,Bantwal,2,PANEMANGALURU,25,SAJIPA MUDA,119,2021-2022,2,Rabi,NA Land ,0-50-0.00,2022-01-11,,,12.8426858,75.0293835,
441260172,24,Dakshina Kannada,2,Bantwal,2,PANEMANGALURU,25,SAJIPA MUDA,119,2021-2022,2,Rabi,NA Land ,0-5-0.00,2022-01-11,,,12.8426777,75.0293599,
441260175,24,Dakshina Kannada,2,Bantwal,2,PANEMANGALURU,25,SAJIPA MUDA,119,2021-2022,2,Rabi,NA Land ,0-18-0.00,2022-01-11,,,12.8426772,75.0293591,
441260223,24,Dakshina Kannada,2,Bantwal,2,PANEMANGALURU,25,SAJIPA MUDA,119,2021-2022,2,Rabi,NA Land ,0-18-0.00,2022-01-11,,,12.8367499,75.0293258,
441260232,24,Dakshina Kannada,2,Bantwal,2,PANEMANGALURU,25,SAJIPA MUDA,119,2021-2022,2,Rabi,NA Land ,0-27-0.00,2022-01-11,,,12.8367402,75.0302852,
441260265,24,Dakshina Kannada,2,Bantwal,2,PANEMANGALURU,25,SAJIPA MUDA,119,2021-2022,2,Rabi,NA Land ,0-9-0.00,2022-01-11,,,12.8390733,75.0311019,
441260267,24,Dakshina Kannada,2,Bantwal,2,PANEMANGALURU,25,SAJIPA MUDA,119,2021-2022,2,Rabi,NA Land ,0-6-0.00,2022-01-11,,,12.8390857,75.0311028,
441260279,24,Dakshina Kannada,2,Bantwal,2,PANEMANGALURU,25,SAJIPA MUDA,119,2021-2022,2,Rabi,NA Land ,0-9-0.00,2022-01-11,,,12.8443018,75.031791,
441260288,24,Dakshina Kannada,2,Bantwal,2,PANEMANGALURU,25,SAJIPA MUDA,119,2021-2022,2,Rabi,NA Land ,0-26-0.00,2022-01-11,,,12.8443761,75.0336016,
441260295,24,Dakshina Kannada,2,Bantwal,2,PANEMANGALURU,25,SAJIPA MUDA,119,2021-2022,2,Rabi,NA Land ,0-4-50.00,2022-01-11,,,12.8443797,75.0335848,
441260305,24,Dakshina Kannada,2,Bantwal,2,PANEMANGALURU,25,SAJIPA MUDA,119,2021-2022,2,Rabi,NA Land ,0-1-0.00,2022-01-11,,,12.8443773,75.0335769,
441260316,24,Dakshina Kannada,2,Bantwal,2,PANEMANGALURU,25,SAJIPA MUDA,119,2021-2022,2,Rabi,NA Land ,0-34-0.00,2022-01-11,,,12.8443747,75.033578,
441260326,24,Dakshina Kannada,2,Bantwal,2,PANEMANGALURU,25,SAJIPA MUDA,119,2021-2022,2,Rabi,NA Land ,0-34-0.00,2022-01-11,,,12.84446,75.0336179,
441260347,24,Dakshina Kannada,2,Bantwal,2,PANEMANGALURU,25,SAJIPA MUDA,119,2021-2022,2,Rabi,NA Land ,0-10-0.00,2022-01-11,,,12.8445155,75.0336783,
441260111,24,Dakshina Kannada,2,Bantwal,2,PANEMANGALURU,25,SAJIPA MUDA,119,2021-2022,2,Rabi,NA Land ,0-64-0.00,2022-01-10,,,12.8441078,75.029879,
441260118,24,Dakshina Kannada,2,Bantwal,2,PANEMANGALURU,25,SAJIPA MUDA,119,2021-2022,2,Rabi,NA Land ,0-4-0.00,2022-01-10,,,12.8441197,75.0298819,
441260128,24,Dakshina Kannada,2,Bantwal,2,PANEMANGALURU,25,SAJIPA MUDA,119,2021-2022,2,Rabi,NA Land ,0-15-0.00,2022-01-10,,,12.8441414,75.0299104,
441260158,24,Dakshina Kannada,2,Bantwal,2,PANEMANGALURU,25,SAJIPA MUDA,119,2021-2022,2,Rabi,NA Land ,0-10-0.00,2022-01-11,,,12.8426921,75.0293683,
441260200,24,Dakshina Kannada,2,Bantwal,2,PANEMANGALURU,25,SAJIPA MUDA,119,2021-2022,2,Rabi,NA Land ,0-5-0.00,2022-01-11,,,12.8426879,75.0293882,
441260107,24,Dakshina Kannada,2,Bantwal,2,PANEMANGALURU,25,SAJIPA MUDA,119,2021-2022,2,Rabi,NA Land ,0-1-0.00,2022-01-10,,,12.8441105,75.0298767,
441260109,24,Dakshina Kannada,2,Bantwal,2,PANEMANGALURU,25,SAJIPA MUDA,119,2021-2022,2,Rabi,NA Land ,0-7-0.00,2022-01-10,,,12.8441155,75.0298636,
441260122,24,Dakshina Kannada,2,Bantwal,2,PANEMANGALURU,25,SAJIPA MUDA,119,2021-2022,2,Rabi,NA Land ,0-60-0.00,2022-01-10,,,12.8441204,75.0298839,
441260135,24,Dakshina Kannada,2,Bantwal,2,PANEMANGALURU,25,SAJIPA MUDA,119,2021-2022,2,Rabi,NA Land ,0-1-0.00,2022-01-10,,,12.844117,75.0298994,
441260241,24,Dakshina Kannada,2,Bantwal,2,PANEMANGALURU,25,SAJIPA MUDA,119,2021-2022,2,Rabi,NA Land ,0-1-0.00,2022-01-11,,,12.8390153,75.0309196,
441260257,24,Dakshina Kannada,2,Bantwal,2,PANEMANGALURU,25,SAJIPA MUDA,119,2021-2022,2,Rabi,NA Land ,0-65-0.00,2022-01-11,,,12.8393735,75.0310617,
441260261,24,Dakshina Kannada,2,Bantwal,2,PANEMANGALURU,25,SAJIPA MUDA,119,2021-2022,2,Rabi,NA Land ,0-3-0.00,2022-01-11,,,12.8390864,75.0311364,
441260284,24,Dakshina Kannada,2,Bantwal,2,PANEMANGALURU,25,SAJIPA MUDA,119,2021-2022,2,Rabi,NA Land ,0-5-0.00,2022-01-11,,,12.8443055,75.0317895,
441260169,24,Dakshina Kannada,2,Bantwal,2,PANEMANGALURU,25,SAJIPA MUDA,119,2021-2022,2,Rabi,NA Land ,0-7-50.00,2022-01-11,,,12.8426779,75.0293614,
441260221,24,Dakshina Kannada,2,Bantwal,2,PANEMANGALURU,25,SAJIPA MUDA,119,2021-2022,2,Rabi,NA Land ,0-16-0.00,2022-01-11,,,12.8367763,75.0293162,
441260249,24,Dakshina Kannada,2,Bantwal,2,PANEMANGALURU,25,SAJIPA MUDA,119,2021-2022,2,Rabi,NA Land ,0-35-0.00,2022-01-11,,,12.8391752,75.0308235,
441260334,24,Dakshina Kannada,2,Bantwal,2,PANEMANGALURU,25,SAJIPA MUDA,119,2021-2022,2,Rabi,NA Land ,0-14-0.00,2022-01-11,,,12.8444016,75.0336317,
441260342,24,Dakshina Kannada,2,Bantwal,2,PANEMANGALURU,25,SAJIPA MUDA,119,2021-2022,2,Rabi,NA Land ,0-3-50.00,2022-01-11,,,12.8445011,75.0336804,
441260270,24,Dakshina Kannada,2,Bantwal,2,PANEMANGALURU,25,SAJIPA MUDA,119,2021-2022,2,Rabi,NA Land ,0-8-0.00,2022-01-11,,,12.839091,75.0311173,
441260275,24,Dakshina Kannada,2,Bantwal,2,PANEMANGALURU,25,SAJIPA MUDA,119,2021-2022,2,Rabi,NA Land ,0-77-0.00,2022-01-11,,,12.8443792,75.031787,
441260286,24,Dakshina Kannada,2,Bantwal,2,PANEMANGALURU,25,SAJIPA MUDA,119,2021-2022,2,Rabi,NA Land ,0-43-0.00,2022-01-11,,,12.8443717,75.0336217,
441260292,24,Dakshina Kannada,2,Bantwal,2,PANEMANGALURU,25,SAJIPA MUDA,119,2021-2022,2,Rabi,NA Land ,0-6-50.00,2022-01-11,,,12.8443843,75.0335914,
441260313,24,Dakshina Kannada,2,Bantwal,2,PANEMANGALURU,25,SAJIPA MUDA,119,2021-2022,2,Rabi,NA Land ,0-38-0.00,2022-01-11,,,12.8443759,75.0335769,
441260327,24,Dakshina Kannada,2,Bantwal,2,PANEMANGALURU,25,SAJIPA MUDA,119,2021-2022,2,Rabi,NA Land ,0-6-0.00,2022-01-11,,,12.8444497,75.0336316,
441260329,24,Dakshina Kannada,2,Bantwal,2,PANEMANGALURU,25,SAJIPA MUDA,119,2021-2022,2,Rabi,NA Land ,0-40-0.00,2022-01-11,,,12.84442495,75.03362498,
441260350,24,Dakshina Kannada,2,Bantwal,2,PANEMANGALURU,25,SAJIPA MUDA,119,2021-2022,2,Rabi,NA Land ,0-0-50.00,2022-01-11,,,12.8445155,75.0336762,
441260355,24,Dakshina Kannada,2,Bantwal,2,PANEMANGALURU,25,SAJIPA MUDA,119,2021-2022,2,Rabi,NA Land ,0-3-0.00,2022-01-11,,,12.8442148,75.0322109,
441260113,24,Dakshina Kannada,2,Bantwal,2,PANEMANGALURU,25,SAJIPA MUDA,119,2021-2022,2,Rabi,NA Land ,0-11-0.00,2022-01-10,,,12.8441139,75.0298808,
441260145,24,Dakshina Kannada,2,Bantwal,2,PANEMANGALURU,25,SAJIPA MUDA,119,2021-2022,2,Rabi,NA Land ,0-4-0.00,2022-01-10,,,12.8441189,75.0298817,
441260163,24,Dakshina Kannada,2,Bantwal,2,PANEMANGALURU,25,SAJIPA MUDA,119,2021-2022,2,Rabi,NA Land ,0-9-75.00,2022-01-11,,,12.8426832,75.0293635,
441260166,24,Dakshina Kannada,2,Bantwal,2,PANEMANGALURU,25,SAJIPA MUDA,119,2021-2022,2,Rabi,NA Land ,0-35-0.00,2022-01-11,,,12.8426816,75.0293645,
441260177,24,Dakshina Kannada,2,Bantwal,2,PANEMANGALURU,25,SAJIPA MUDA,119,2021-2022,2,Rabi,NA Land ,0-6-0.00,2022-01-11,,,12.8426759,75.0293604,
441260189,24,Dakshina Kannada,2,Bantwal,2,PANEMANGALURU,25,SAJIPA MUDA,119,2021-2022,2,Rabi,NA Land ,0-42-0.00,2022-01-11,,,12.8426755,75.0293618,
441260191,24,Dakshina Kannada,2,Bantwal,2,PANEMANGALURU,25,SAJIPA MUDA,119,2021-2022,2,Rabi,NA Land ,0-5-0.00,2022-01-11,,,12.842677,75.029364,
441260203,24,Dakshina Kannada,2,Bantwal,2,PANEMANGALURU,25,SAJIPA MUDA,119,2021-2022,2,Rabi,NA Land ,0-5-0.00,2022-01-11,,,12.8426855,75.0293748,
441260236,24,Dakshina Kannada,2,Bantwal,2,PANEMANGALURU,25,SAJIPA MUDA,119,2021-2022,2,Rabi,NA Land ,0-25-0.00,2022-01-11,,,12.8367373,75.0302778,
441260251,24,Dakshina Kannada,2,Bantwal,2,PANEMANGALURU,25,SAJIPA MUDA,119,2021-2022,2,Rabi,NA Land ,0-48-0.00,2022-01-11,,,12.839314,75.0311156,
441260331,24,Dakshina Kannada,2,Bantwal,2,PANEMANGALURU,25,SAJIPA MUDA,119,2021-2022,2,Rabi,NA Land ,0-6-0.00,2022-01-11,,,12.8444223,75.0336268,
441260102,24,Dakshina Kannada,2,Bantwal,2,PANEMANGALURU,25,SAJIPA MUDA,119,2021-2022,2,Rabi,NA Land ,0-2-0.00,2022-01-10,,,12.8441146,75.0298711,
441260105,24,Dakshina Kannada,2,Bantwal,2,PANEMANGALURU,25,SAJIPA MUDA,119,2021-2022,2,Rabi,NA Land ,0-20-0.00,2022-01-10,,,12.8441098,75.029885,
441260120,24,Dakshina Kannada,2,Bantwal,2,PANEMANGALURU,25,SAJIPA MUDA,119,2021-2022,2,Rabi,NA Land ,0-25-0.00,2022-01-10,,,12.8441174,75.0298819,
441260132,24,Dakshina Kannada,2,Bantwal,2,PANEMANGALURU,25,SAJIPA MUDA,119,2021-2022,2,Rabi,NA Land ,0-1-0.00,2022-01-10,,,12.8440985,75.0298681,
441260196,24,Dakshina Kannada,2,Bantwal,2,PANEMANGALURU,25,SAJIPA MUDA,119,2021-2022,2,Rabi,NA Land ,0-8-0.00,2022-01-11,,,12.8426675,75.02939,
441260218,24,Dakshina Kannada,2,Bantwal,2,PANEMANGALURU,25,SAJIPA MUDA,119,2021-2022,2,Rabi,NA Land ,0-82-0.00,2022-01-11,,,12.8393767,75.0283657,
441260254,24,Dakshina Kannada,2,Bantwal,2,PANEMANGALURU,25,SAJIPA MUDA,119,2021-2022,2,Rabi,NA Land ,0-62-0.00,2022-01-11,,,12.8393676,75.0310465,
441093067,24,Dakshina Kannada,2,Bantwal,2,PANEMANGALURU,25,SAJIPA MUDA,119,2021-2022,2,Rabi,Betel Nuts (Areca nuts),0-16-0.00,2022-01-09,,,12.842597,75.0210041,
441093069,24,Dakshina Kannada,2,Bantwal,2,PANEMANGALURU,25,SAJIPA MUDA,119,2021-2022,2,Rabi,Fallow,0-8-0.00,2022-01-09,,,12.8426,75.0210068,
441093070,24,Dakshina Kannada,2,Bantwal,2,PANEMANGALURU,25,SAJIPA MUDA,119,2021-2022,2,Rabi,Betel Nuts (Areca nuts),0-85-0.00,2022-01-09,,,12.8426001,75.0210088,
441093070,24,Dakshina Kannada,2,Bantwal,2,PANEMANGALURU,25,SAJIPA MUDA,119,2021-2022,2,Rabi,Betel Nuts (Areca nuts),0-85-0.00,2022-01-09,,,12.8426001,75.0210088,
441093071,24,Dakshina Kannada,2,Bantwal,2,PANEMANGALURU,25,SAJIPA MUDA,119,2021-2022,2,Rabi,Betel Nuts (Areca nuts),0-19-0.00,2022-01-09,,,12.8426075,75.0210027,
441093071,24,Dakshina Kannada,2,Bantwal,2,PANEMANGALURU,25,SAJIPA MUDA,119,2021-2022,2,Rabi,Betel Nuts (Areca nuts),0-19-0.00,2022-01-09,,,12.8426065,75.0210088,
441093072,24,Dakshina Kannada,2,Bantwal,2,PANEMANGALURU,25,SAJIPA MUDA,119,2021-2022,2,Rabi,Fallow,0-14-0.00,2022-01-09,,,12.8426051,75.0210196,
441093031,24,Dakshina Kannada,2,Bantwal,2,PANEMANGALURU,25,SAJIPA MUDA,119,2021-2022,2,Rabi,NA Land ,0-4-0.00,2022-01-09,,,12.8432696,75.0257312,
441093050,24,Dakshina Kannada,2,Bantwal,2,PANEMANGALURU,25,SAJIPA MUDA,119,2021-2022,2,Rabi,NA Land ,0-10-0.00,2022-01-09,,,12.84209559,75.02327926,
441093054,24,Dakshina Kannada,2,Bantwal,2,PANEMANGALURU,25,SAJIPA MUDA,119,2021-2022,2,Rabi,NA Land ,0-12-0.00,2022-01-09,,,12.8431938,75.0224307,
441093055,24,Dakshina Kannada,2,Bantwal,2,PANEMANGALURU,25,SAJIPA MUDA,119,2021-2022,2,Rabi,Betel Nuts (Areca nuts),0-12-0.00,2022-01-09,,,12.8431883,75.0224326,
441093055,24,Dakshina Kannada,2,Bantwal,2,PANEMANGALURU,25,SAJIPA MUDA,119,2021-2022,2,Rabi,Betel Nuts (Areca nuts),0-12-0.00,2022-01-09,,,12.8431883,75.0224325,
441093066,24,Dakshina Kannada,2,Bantwal,2,PANEMANGALURU,25,SAJIPA MUDA,119,2021-2022,2,Rabi,NA Land ,0-7-0.00,2022-01-09,,,12.8425971,75.0210041,
441298695,24,Dakshina Kannada,2,Bantwal,2,PANEMANGALURU,25,SAJIPA MUDA,119,2021-2022,2,Rabi,NA Land ,0-30-0.00,2022-01-11,,,12.8444722,75.0316786,
441298704,24,Dakshina Kannada,2,Bantwal,2,PANEMANGALURU,25,SAJIPA MUDA,119,2021-2022,2,Rabi,NA Land ,0-5-0.00,2022-01-11,,,12.8444676,75.0316876,
441298719,24,Dakshina Kannada,2,Bantwal,2,PANEMANGALURU,25,SAJIPA MUDA,119,2021-2022,2,Rabi,NA Land ,0-1-50.00,2022-01-11,,,12.844473,75.0316902,
441298745,24,Dakshina Kannada,2,Bantwal,2,PANEMANGALURU,25,SAJIPA MUDA,119,2021-2022,2,Rabi,NA Land ,0-16-0.00,2022-01-11,,,12.8444581,75.0316701,
441298764,24,Dakshina Kannada,2,Bantwal,2,PANEMANGALURU,25,SAJIPA MUDA,119,2021-2022,2,Rabi,NA Land ,0-4-0.00,2022-01-11,,,12.844442,75.0316717,
441298785,24,Dakshina Kannada,2,Bantwal,2,PANEMANGALURU,25,SAJIPA MUDA,119,2021-2022,2,Rabi,NA Land ,0-4-0.00,2022-01-11,,,12.8444655,75.0316673,
441298798,24,Dakshina Kannada,2,Bantwal,2,PANEMANGALURU,25,SAJIPA MUDA,119,2021-2022,2,Rabi,NA Land ,0-3-0.00,2022-01-11,,,12.8444837,75.0317226,
441298857,24,Dakshina Kannada,2,Bantwal,2,PANEMANGALURU,25,SAJIPA MUDA,119,2021-2022,2,Rabi,Betel Nuts (Areca nuts),0-22-50.00,2022-01-11,,,12.8516174,75.0342999,
441298857,24,Dakshina Kannada,2,Bantwal,2,PANEMANGALURU,25,SAJIPA MUDA,119,2021-2022,2,Rabi,Betel Nuts (Areca nuts),0-22-50.00,2022-01-11,,,12.8516174,75.0343,
441298674,24,Dakshina Kannada,2,Bantwal,2,PANEMANGALURU,25,SAJIPA MUDA,119,2021-2022,2,Rabi,NA Land ,0-2-0.00,2022-01-11,,,12.8444784,75.0316743,
441298724,24,Dakshina Kannada,2,Bantwal,2,PANEMANGALURU,25,SAJIPA MUDA,119,2021-2022,2,Rabi,NA Land ,0-28-25.00,2022-01-11,,,12.8444713,75.0316831,
441298731,24,Dakshina Kannada,2,Bantwal,2,PANEMANGALURU,25,SAJIPA MUDA,119,2021-2022,2,Rabi,NA Land ,0-6-75.00,2022-01-11,,,12.8444697,75.0316796,
441298791,24,Dakshina Kannada,2,Bantwal,2,PANEMANGALURU,25,SAJIPA MUDA,119,2021-2022,2,Rabi,NA Land ,0-2-0.00,2022-01-11,,,12.84449,75.0317273,
441086929,24,Dakshina Kannada,2,Bantwal,2,PANEMANGALURU,25,SAJIPA MUDA,119,2021-2022,2,Rabi,NA Land ,0-2-75.00,2022-01-09,,,12.8503205,75.0274043,
441344270,24,Dakshina Kannada,2,Bantwal,2,PANEMANGALURU,25,SAJIPA MUDA,119,2021-2022,2,Rabi,NA Land ,0-23-0.00,2022-01-12,,,12.8590538,75.0308058,
441344282,24,Dakshina Kannada,2,Bantwal,2,PANEMANGALURU,25,SAJIPA MUDA,119,2021-2022,2,Rabi,Betel Nuts (Areca nuts),5-71-0.00,2022-01-12,,,12.8590507,75.0308145,
441344282,24,Dakshina Kannada,2,Bantwal,2,PANEMANGALURU,25,SAJIPA MUDA,119,2021-2022,2,Rabi,Betel Nuts (Areca nuts),5-71-0.00,2022-01-12,,,12.8590437,75.0308248,
441344291,24,Dakshina Kannada,2,Bantwal,2,PANEMANGALURU,25,SAJIPA MUDA,119,2021-2022,2,Rabi,NA Land ,0-25-0.00,2022-01-12,,,12.8578184,75.0275737,
441344384,24,Dakshina Kannada,2,Bantwal,2,PANEMANGALURU,25,SAJIPA MUDA,119,2021-2022,2,Rabi,Betel Nuts (Areca nuts),0-22-0.00,2022-01-12,,,12.8528511,75.0251995,
441344384,24,Dakshina Kannada,2,Bantwal,2,PANEMANGALURU,25,SAJIPA MUDA,119,2021-2022,2,Rabi,Betel Nuts (Areca nuts),0-22-0.00,2022-01-12,,,12.8528511,75.0251993,
441344414,24,Dakshina Kannada,2,Bantwal,2,PANEMANGALURU,25,SAJIPA MUDA,119,2021-2022,2,Rabi,NA Land ,0-7-0.00,2022-01-12,,,12.8514084,75.0245692,
441344454,24,Dakshina Kannada,2,Bantwal,2,PANEMANGALURU,25,SAJIPA MUDA,119,2021-2022,2,Rabi,NA Land ,0-42-0.00,2022-01-12,,,12.8511013,75.0242795,
441344494,24,Dakshina Kannada,2,Bantwal,2,PANEMANGALURU,25,SAJIPA MUDA,119,2021-2022,2,Rabi,NA Land ,0-10-0.00,2022-01-12,,,12.8534401,75.0252832,
441344500,24,Dakshina Kannada,2,Bantwal,2,PANEMANGALURU,25,SAJIPA MUDA,119,2021-2022,2,Rabi,NA Land ,0-3-0.00,2022-01-12,,,12.8534479,75.0252879,
441344513,24,Dakshina Kannada,2,Bantwal,2,PANEMANGALURU,25,SAJIPA MUDA,119,2021-2022,2,Rabi,NA Land ,0-4-0.00,2022-01-12,,,12.8534422,75.0252838,
441344248,24,Dakshina Kannada,2,Bantwal,2,PANEMANGALURU,25,SAJIPA MUDA,119,2021-2022,2,Rabi,NA Land ,0-5-0.00,2022-01-12,,,12.8590348,75.0308471,
441344294,24,Dakshina Kannada,2,Bantwal,2,PANEMANGALURU,25,SAJIPA MUDA,119,2021-2022,2,Rabi,NA Land ,0-10-0.00,2022-01-12,,,12.8577866,75.0275605,
441344310,24,Dakshina Kannada,2,Bantwal,2,PANEMANGALURU,25,SAJIPA MUDA,119,2021-2022,2,Rabi,NA Land ,0-20-0.00,2022-01-12,,,12.8575312,75.0269412,
441344343,24,Dakshina Kannada,2,Bantwal,2,PANEMANGALURU,25,SAJIPA MUDA,119,2021-2022,2,Rabi,NA Land ,0-3-0.00,2022-01-12,,,12.8530975,75.0253376,
441344484,24,Dakshina Kannada,2,Bantwal,2,PANEMANGALURU,25,SAJIPA MUDA,119,2021-2022,2,Rabi,NA Land ,0-21-0.00,2022-01-12,,,12.8534661,75.0252988,
441344261,24,Dakshina Kannada,2,Bantwal,2,PANEMANGALURU,25,SAJIPA MUDA,119,2021-2022,2,Rabi,NA Land ,0-5-0.00,2022-01-12,,,12.8590441,75.0308072,
441344263,24,Dakshina Kannada,2,Bantwal,2,PANEMANGALURU,25,SAJIPA MUDA,119,2021-2022,2,Rabi,NA Land ,0-11-0.00,2022-01-12,,,12.8590408,75.0308248,
441344297,24,Dakshina Kannada,2,Bantwal,2,PANEMANGALURU,25,SAJIPA MUDA,119,2021-2022,2,Rabi,NA Land ,0-22-0.00,2022-01-12,,,12.8577971,75.0275484,
441344379,24,Dakshina Kannada,2,Bantwal,2,PANEMANGALURU,25,SAJIPA MUDA,119,2021-2022,2,Rabi,Betel Nuts (Areca nuts),0-23-0.00,2022-01-12,,,12.8528612,75.0252001,
441344379,24,Dakshina Kannada,2,Bantwal,2,PANEMANGALURU,25,SAJIPA MUDA,119,2021-2022,2,Rabi,Betel Nuts (Areca nuts),0-23-0.00,2022-01-12,,,12.8528606,75.0251981,
441344398,24,Dakshina Kannada,2,Bantwal,2,PANEMANGALURU,25,SAJIPA MUDA,119,2021-2022,2,Rabi,NA Land ,0-3-0.00,2022-01-12,,,12.8514101,75.0245685,
441344419,24,Dakshina Kannada,2,Bantwal,2,PANEMANGALURU,25,SAJIPA MUDA,119,2021-2022,2,Rabi,NA Land ,0-10-0.00,2022-01-12,,,12.8514077,75.0245689,
441344441,24,Dakshina Kannada,2,Bantwal,2,PANEMANGALURU,25,SAJIPA MUDA,119,2021-2022,2,Rabi,NA Land ,2-89-0.00,2022-01-12,,,12.851102,75.0242888,
441344474,24,Dakshina Kannada,2,Bantwal,2,PANEMANGALURU,25,SAJIPA MUDA,119,2021-2022,2,Rabi,NA Land ,0-13-25.00,2022-01-12,,,12.8511091,75.0242754,
441260263,24,Dakshina Kannada,2,Bantwal,2,PANEMANGALURU,25,SAJIPA MUDA,119,2021-2022,2,Rabi,Betel Nuts (Areca nuts),2-33-0.00,2022-01-11,,,12.8391047,75.0312184,
441260263,24,Dakshina Kannada,2,Bantwal,2,PANEMANGALURU,25,SAJIPA MUDA,119,2021-2022,2,Rabi,Betel Nuts (Areca nuts),2-33-0.00,2022-01-11,,,12.8391033,75.0311946,
441260271,24,Dakshina Kannada,2,Bantwal,2,PANEMANGALURU,25,SAJIPA MUDA,119,2021-2022,2,Rabi,NA Land ,0-6-0.00,2022-01-11,,,12.844363,75.0307458,
441260296,24,Dakshina Kannada,2,Bantwal,2,PANEMANGALURU,25,SAJIPA MUDA,119,2021-2022,2,Rabi,NA Land ,0-3-0.00,2022-01-11,,,12.8443785,75.033581,
441260298,24,Dakshina Kannada,2,Bantwal,2,PANEMANGALURU,25,SAJIPA MUDA,119,2021-2022,2,Rabi,NA Land ,0-8-0.00,2022-01-11,,,12.8443759,75.0335803,
441260307,24,Dakshina Kannada,2,Bantwal,2,PANEMANGALURU,25,SAJIPA MUDA,119,2021-2022,2,Rabi,NA Land ,0-19-0.00,2022-01-11,,,12.8443754,75.0335782,
441260311,24,Dakshina Kannada,2,Bantwal,2,PANEMANGALURU,25,SAJIPA MUDA,119,2021-2022,2,Rabi,NA Land ,0-1-0.00,2022-01-11,,,12.8443751,75.0335781,
441260322,24,Dakshina Kannada,2,Bantwal,2,PANEMANGALURU,25,SAJIPA MUDA,119,2021-2022,2,Rabi,NA Land ,0-26-0.00,2022-01-11,,,12.8444437,75.033608,
441260353,24,Dakshina Kannada,2,Bantwal,2,PANEMANGALURU,25,SAJIPA MUDA,119,2021-2022,2,Rabi,NA Land ,0-17-50.00,2022-01-11,,,12.8445262,75.0336673,
441260104,24,Dakshina Kannada,2,Bantwal,2,PANEMANGALURU,25,SAJIPA MUDA,119,2021-2022,2,Rabi,NA Land ,0-15-0.00,2022-01-10,,,12.8441328,75.0298706,
441260129,24,Dakshina Kannada,2,Bantwal,2,PANEMANGALURU,25,SAJIPA MUDA,119,2021-2022,2,Rabi,NA Land ,0-21-0.00,2022-01-10,,,12.844132,75.0298873,
441260130,24,Dakshina Kannada,2,Bantwal,2,PANEMANGALURU,25,SAJIPA MUDA,119,2021-2022,2,Rabi,NA Land ,0-2-0.00,2022-01-10,,,12.8441412,75.029876,
441260245,24,Dakshina Kannada,2,Bantwal,2,PANEMANGALURU,25,SAJIPA MUDA,119,2021-2022,2,Rabi,NA Land ,0-2-0.00,2022-01-11,,,12.8391265,75.0308872,
441260301,24,Dakshina Kannada,2,Bantwal,2,PANEMANGALURU,25,SAJIPA MUDA,119,2021-2022,2,Rabi,NA Land ,0-26-0.00,2022-01-11,,,12.8443755,75.0335797,
441260345,24,Dakshina Kannada,2,Bantwal,2,PANEMANGALURU,25,SAJIPA MUDA,119,2021-2022,2,Rabi,NA Land ,0-0-50.00,2022-01-11,,,12.8445082,75.0336762,
441260114,24,Dakshina Kannada,2,Bantwal,2,PANEMANGALURU,25,SAJIPA MUDA,119,2021-2022,2,Rabi,NA Land ,0-42-0.00,2022-01-10,,,12.8441132,75.0298826,
441260117,24,Dakshina Kannada,2,Bantwal,2,PANEMANGALURU,25,SAJIPA MUDA,119,2021-2022,2,Rabi,NA Land ,0-56-0.00,2022-01-10,,,12.8441173,75.0298831,
441260123,24,Dakshina Kannada,2,Bantwal,2,PANEMANGALURU,25,SAJIPA MUDA,119,2021-2022,2,Rabi,NA Land ,0-12-0.00,2022-01-10,,,12.8441428,75.0299018,
441260125,24,Dakshina Kannada,2,Bantwal,2,PANEMANGALURU,25,SAJIPA MUDA,119,2021-2022,2,Rabi,NA Land ,0-9-0.00,2022-01-10,,,12.8440478,75.0299751,
441260126,24,Dakshina Kannada,2,Bantwal,2,PANEMANGALURU,25,SAJIPA MUDA,119,2021-2022,2,Rabi,NA Land ,0-15-0.00,2022-01-10,,,12.8441372,75.0299239,
441260133,24,Dakshina Kannada,2,Bantwal,2,PANEMANGALURU,25,SAJIPA MUDA,119,2021-2022,2,Rabi,NA Land ,0-2-0.00,2022-01-10,,,12.8440975,75.029859,
441260147,24,Dakshina Kannada,2,Bantwal,2,PANEMANGALURU,25,SAJIPA MUDA,119,2021-2022,2,Rabi,NA Land ,0-13-50.00,2022-01-11,,,12.8426629,75.0294009,
441260155,24,Dakshina Kannada,2,Bantwal,2,PANEMANGALURU,25,SAJIPA MUDA,119,2021-2022,2,Rabi,NA Land ,0-5-0.00,2022-01-11,,,12.8426943,75.0293696,
441260180,24,Dakshina Kannada,2,Bantwal,2,PANEMANGALURU,25,SAJIPA MUDA,119,2021-2022,2,Rabi,Fallow,1-49-0.00,2022-01-11,,,12.84267908,75.02936022,
441260225,24,Dakshina Kannada,2,Bantwal,2,PANEMANGALURU,25,SAJIPA MUDA,119,2021-2022,2,Rabi,NA Land ,0-20-0.00,2022-01-11,,,12.8367474,75.029323,
441260227,24,Dakshina Kannada,2,Bantwal,2,PANEMANGALURU,25,SAJIPA MUDA,119,2021-2022,2,Rabi,NA Land ,0-5-0.00,2022-01-11,,,12.8367551,75.0302788,
441260228,24,Dakshina Kannada,2,Bantwal,2,PANEMANGALURU,25,SAJIPA MUDA,119,2021-2022,2,Rabi,NA Land ,0-55-0.00,2022-01-11,,,12.8367506,75.0302742,
441298835,24,Dakshina Kannada,2,Bantwal,2,PANEMANGALURU,25,SAJIPA MUDA,119,2021-2022,2,Rabi,NA Land ,0-20-0.00,2022-01-11,,,12.8444879,75.0316805,
441298848,24,Dakshina Kannada,2,Bantwal,2,PANEMANGALURU,25,SAJIPA MUDA,119,2021-2022,2,Rabi,NA Land ,0-10-0.00,2022-01-11,,,12.844484,75.0316901,
441299011,24,Dakshina Kannada,2,Bantwal,2,PANEMANGALURU,25,SAJIPA MUDA,119,2021-2022,2,Rabi,NA Land ,2-57-0.00,2022-01-11,,,12.8419428,75.0262779,
441299019,24,Dakshina Kannada,2,Bantwal,2,PANEMANGALURU,25,SAJIPA MUDA,119,2021-2022,2,Rabi,NA Land ,0-66-0.00,2022-01-11,,,12.8419541,75.0262833,
441298680,24,Dakshina Kannada,2,Bantwal,2,PANEMANGALURU,25,SAJIPA MUDA,119,2021-2022,2,Rabi,NA Land ,0-26-0.00,2022-01-11,,,12.8444789,75.0316726,
441298827,24,Dakshina Kannada,2,Bantwal,2,PANEMANGALURU,25,SAJIPA MUDA,119,2021-2022,2,Rabi,Fallow,0-42-50.00,2022-01-11,,,12.8444709,75.0316789,
441298908,24,Dakshina Kannada,2,Bantwal,2,PANEMANGALURU,25,SAJIPA MUDA,119,2021-2022,2,Rabi,Betel Nuts (Areca nuts),0-64-0.00,2022-01-11,,,12.8497744,75.0295738,
441298908,24,Dakshina Kannada,2,Bantwal,2,PANEMANGALURU,25,SAJIPA MUDA,119,2021-2022,2,Rabi,Betel Nuts (Areca nuts),0-64-0.00,2022-01-11,,,12.8497744,75.0295739,
441298924,24,Dakshina Kannada,2,Bantwal,2,PANEMANGALURU,25,SAJIPA MUDA,119,2021-2022,2,Rabi,NA Land ,0-35-0.00,2022-01-11,,,12.8497701,75.0295713,
441298967,24,Dakshina Kannada,2,Bantwal,2,PANEMANGALURU,25,SAJIPA MUDA,119,2021-2022,2,Rabi,NA Land ,0-27-0.00,2022-01-11,,,12.8497746,75.0295786,
441298667,24,Dakshina Kannada,2,Bantwal,2,PANEMANGALURU,25,SAJIPA MUDA,119,2021-2022,2,Rabi,NA Land ,0-36-0.00,2022-01-11,,,12.8432003,75.0359501,
441298686,24,Dakshina Kannada,2,Bantwal,2,PANEMANGALURU,25,SAJIPA MUDA,119,2021-2022,2,Rabi,NA Land ,0-18-0.00,2022-01-11,,,12.8444711,75.0316446,
441298711,24,Dakshina Kannada,2,Bantwal,2,PANEMANGALURU,25,SAJIPA MUDA,119,2021-2022,2,Rabi,NA Land ,0-26-0.00,2022-01-11,,,12.8444679,75.031693,
441298738,24,Dakshina Kannada,2,Bantwal,2,PANEMANGALURU,25,SAJIPA MUDA,119,2021-2022,2,Rabi,NA Land ,0-16-0.00,2022-01-11,,,12.8444743,75.0316902,
441298752,24,Dakshina Kannada,2,Bantwal,2,PANEMANGALURU,25,SAJIPA MUDA,119,2021-2022,2,Rabi,NA Land ,0-36-0.00,2022-01-11,,,12.844462,75.0316808,
441298890,24,Dakshina Kannada,2,Bantwal,2,PANEMANGALURU,25,SAJIPA MUDA,119,2021-2022,2,Rabi,NA Land ,0-19-0.00,2022-01-11,,,12.8497773,75.0295243,
441298930,24,Dakshina Kannada,2,Bantwal,2,PANEMANGALURU,25,SAJIPA MUDA,119,2021-2022,2,Rabi,NA Land ,0-2-0.00,2022-01-11,,,12.8497641,75.0295679,
441298952,24,Dakshina Kannada,2,Bantwal,2,PANEMANGALURU,25,SAJIPA MUDA,119,2021-2022,2,Rabi,NA Land ,0-20-0.00,2022-01-11,,,12.8497854,75.0295893,
441298972,24,Dakshina Kannada,2,Bantwal,2,PANEMANGALURU,25,SAJIPA MUDA,119,2021-2022,2,Rabi,NA Land ,0-9-0.00,2022-01-11,,,12.84977,75.0295754,
441298992,24,Dakshina Kannada,2,Bantwal,2,PANEMANGALURU,25,SAJIPA MUDA,119,2021-2022,2,Rabi,NA Land ,0-2-75.00,2022-01-11,,,12.8419405,75.0262749,
441298919,24,Dakshina Kannada,2,Bantwal,2,PANEMANGALURU,25,SAJIPA MUDA,119,2021-2022,2,Rabi,NA Land ,0-5-0.00,2022-01-11,,,12.8497725,75.0295736,
441298985,24,Dakshina Kannada,2,Bantwal,2,PANEMANGALURU,25,SAJIPA MUDA,119,2021-2022,2,Rabi,NA Land ,0-52-0.00,2022-01-11,,,12.841937,75.0262784,
441298661,24,Dakshina Kannada,2,Bantwal,2,PANEMANGALURU,25,SAJIPA MUDA,119,2021-2022,2,Rabi,NA Land ,0-15-50.00,2022-01-11,,,12.8431997,75.0359535,
441298760,24,Dakshina Kannada,2,Bantwal,2,PANEMANGALURU,25,SAJIPA MUDA,119,2021-2022,2,Rabi,NA Land ,0-26-0.00,2022-01-11,,,12.8444517,75.0316523,
441298874,24,Dakshina Kannada,2,Bantwal,2,PANEMANGALURU,25,SAJIPA MUDA,119,2021-2022,2,Rabi,Paddy-L,1-53-0.00,2022-01-11,october,1st week,12.8516303,75.0343205,
441298874,24,Dakshina Kannada,2,Bantwal,2,PANEMANGALURU,25,SAJIPA MUDA,119,2021-2022,2,Rabi,Paddy-L,1-53-0.00,2022-01-11,october,1st week,12.8516302,75.0343205,
441064904,24,Dakshina Kannada,2,Bantwal,2,PANEMANGALURU,25,SAJIPA MUDA,119,2021-2022,2,Rabi,NA Land ,0-15-0.00,2022-01-07,,,12.85353447,75.02495179,
441064960,24,Dakshina Kannada,2,Bantwal,2,PANEMANGALURU,25,SAJIPA MUDA,119,2021-2022,2,Rabi,NA Land ,0-1-50.00,2022-01-07,,,12.8535261,75.024884,
441064992,24,Dakshina Kannada,2,Bantwal,2,PANEMANGALURU,25,SAJIPA MUDA,119,2021-2022,2,Rabi,NA Land ,0-41-0.00,2022-01-07,,,12.85352378,75.02489215,
441065018,24,Dakshina Kannada,2,Bantwal,2,PANEMANGALURU,25,SAJIPA MUDA,119,2021-2022,2,Rabi,NA Land ,0-1-0.00,2022-01-07,,,12.85351776,75.02488836,
441064919,24,Dakshina Kannada,2,Bantwal,2,PANEMANGALURU,25,SAJIPA MUDA,119,2021-2022,2,Rabi,NA Land ,0-3-0.00,2022-01-07,,,12.8535426,75.0249304,
441065021,24,Dakshina Kannada,2,Bantwal,2,PANEMANGALURU,25,SAJIPA MUDA,119,2021-2022,2,Rabi,NA Land ,0-7-0.00,2022-01-07,,,12.8535168,75.0248891,
441065024,24,Dakshina Kannada,2,Bantwal,2,PANEMANGALURU,25,SAJIPA MUDA,119,2021-2022,2,Rabi,NA Land ,0-7-0.00,2022-01-07,,,12.853511,75.0248872,
441065044,24,Dakshina Kannada,2,Bantwal,2,PANEMANGALURU,25,SAJIPA MUDA,119,2021-2022,2,Rabi,NA Land ,0-13-50.00,2022-01-07,,,12.8535063,75.024891,
441298593,24,Dakshina Kannada,2,Bantwal,2,PANEMANGALURU,25,SAJIPA MUDA,119,2021-2022,2,Rabi,NA Land ,0-19-0.00,2022-01-11,,,12.8442343,75.0319238,
441298646,24,Dakshina Kannada,2,Bantwal,2,PANEMANGALURU,25,SAJIPA MUDA,119,2021-2022,2,Rabi,NA Land ,0-1-0.00,2022-01-11,,,12.8431991,75.0359519,
441344254,24,Dakshina Kannada,2,Bantwal,2,PANEMANGALURU,25,SAJIPA MUDA,119,2021-2022,2,Rabi,NA Land ,0-8-0.00,2022-01-12,,,12.8590631,75.0307727,
441344267,24,Dakshina Kannada,2,Bantwal,2,PANEMANGALURU,25,SAJIPA MUDA,119,2021-2022,2,Rabi,NA Land ,0-12-0.00,2022-01-12,,,12.8590477,75.0308121,
441344331,24,Dakshina Kannada,2,Bantwal,2,PANEMANGALURU,25,SAJIPA MUDA,119,2021-2022,2,Rabi,NA Land ,0-12-0.00,2022-01-12,,,12.8575403,75.0269256,
441344336,24,Dakshina Kannada,2,Bantwal,2,PANEMANGALURU,25,SAJIPA MUDA,119,2021-2022,2,Rabi,NA Land ,0-8-0.00,2022-01-12,,,12.857543,75.026924,
441344273,24,Dakshina Kannada,2,Bantwal,2,PANEMANGALURU,25,SAJIPA MUDA,119,2021-2022,2,Rabi,NA Land ,0-9-50.00,2022-01-12,,,12.8590561,75.030802,
441344279,24,Dakshina Kannada,2,Bantwal,2,PANEMANGALURU,25,SAJIPA MUDA,119,2021-2022,2,Rabi,NA Land ,0-4-0.00,2022-01-12,,,12.859083,75.030782,
441344303,24,Dakshina Kannada,2,Bantwal,2,PANEMANGALURU,25,SAJIPA MUDA,119,2021-2022,2,Rabi,NA Land ,0-27-0.00,2022-01-12,,,12.8578317,75.0275413,
441344341,24,Dakshina Kannada,2,Bantwal,2,PANEMANGALURU,25,SAJIPA MUDA,119,2021-2022,2,Rabi,NA Land ,0-20-0.00,2022-01-12,,,12.8530879,75.0253301,
441344390,24,Dakshina Kannada,2,Bantwal,2,PANEMANGALURU,25,SAJIPA MUDA,119,2021-2022,2,Rabi,NA Land ,0-7-0.00,2022-01-12,,,12.8528457,75.0252076,
441344403,24,Dakshina Kannada,2,Bantwal,2,PANEMANGALURU,25,SAJIPA MUDA,119,2021-2022,2,Rabi,NA Land ,0-3-0.00,2022-01-12,,,12.8514105,75.0245687,
441344409,24,Dakshina Kannada,2,Bantwal,2,PANEMANGALURU,25,SAJIPA MUDA,119,2021-2022,2,Rabi,NA Land ,0-2-0.00,2022-01-12,,,12.8514089,75.0245693,
441344458,24,Dakshina Kannada,2,Bantwal,2,PANEMANGALURU,25,SAJIPA MUDA,119,2021-2022,2,Rabi,Betel Nuts (Areca nuts),1-42-0.00,2022-01-12,,,12.851098,75.0242779,
441344458,24,Dakshina Kannada,2,Bantwal,2,PANEMANGALURU,25,SAJIPA MUDA,119,2021-2022,2,Rabi,Betel Nuts (Areca nuts),1-42-0.00,2022-01-12,,,12.8510982,75.0242782,
441344326,24,Dakshina Kannada,2,Bantwal,2,PANEMANGALURU,25,SAJIPA MUDA,119,2021-2022,2,Rabi,NA Land ,0-20-0.00,2022-01-12,,,12.8575374,75.0269242,
441344359,24,Dakshina Kannada,2,Bantwal,2,PANEMANGALURU,25,SAJIPA MUDA,119,2021-2022,2,Rabi,NA Land ,1-0-0.00,2022-01-12,,,12.8531595,75.0254679,
441344364,24,Dakshina Kannada,2,Bantwal,2,PANEMANGALURU,25,SAJIPA MUDA,119,2021-2022,2,Rabi,NA Land ,1-67-0.00,2022-01-12,,,12.8531394,75.0254622,
441298588,24,Dakshina Kannada,2,Bantwal,2,PANEMANGALURU,25,SAJIPA MUDA,119,2021-2022,2,Rabi,NA Land ,0-40-0.00,2022-01-11,,,12.8442344,75.031922,
441298608,24,Dakshina Kannada,2,Bantwal,2,PANEMANGALURU,25,SAJIPA MUDA,119,2021-2022,2,Rabi,NA Land ,0-4-0.00,2022-01-11,,,12.8442392,75.0319008,
441344377,24,Dakshina Kannada,2,Bantwal,2,PANEMANGALURU,25,SAJIPA MUDA,119,2021-2022,2,Rabi,NA Land ,0-13-0.00,2022-01-12,,,12.8531476,75.0252423,
441344447,24,Dakshina Kannada,2,Bantwal,2,PANEMANGALURU,25,SAJIPA MUDA,119,2021-2022,2,Rabi,NA Land ,0-86-0.00,2022-01-12,,,12.8511015,75.0242862,
441344466,24,Dakshina Kannada,2,Bantwal,2,PANEMANGALURU,25,SAJIPA MUDA,119,2021-2022,2,Rabi,NA Land ,0-8-0.00,2022-01-12,,,12.8511054,75.0242805,
441344463,24,Dakshina Kannada,2,Bantwal,2,PANEMANGALURU,25,SAJIPA MUDA,119,2021-2022,2,Rabi,NA Land ,0-9-0.00,2022-01-12,,,12.851104,75.0242807,
441344251,24,Dakshina Kannada,2,Bantwal,2,PANEMANGALURU,25,SAJIPA MUDA,119,2021-2022,2,Rabi,NA Land ,0-1-50.00,2022-01-12,,,12.8590476,75.0307658,
441344258,24,Dakshina Kannada,2,Bantwal,2,PANEMANGALURU,25,SAJIPA MUDA,119,2021-2022,2,Rabi,NA Land ,0-13-0.00,2022-01-12,,,12.8590572,75.0307865,
441344277,24,Dakshina Kannada,2,Bantwal,2,PANEMANGALURU,25,SAJIPA MUDA,119,2021-2022,2,Rabi,Fallow,0-5-50.00,2022-01-12,,,12.8590782,75.0307825,
441344299,24,Dakshina Kannada,2,Bantwal,2,PANEMANGALURU,25,SAJIPA MUDA,119,2021-2022,2,Rabi,NA Land ,0-25-0.00,2022-01-12,,,12.8577979,75.0275475,
441344302,24,Dakshina Kannada,2,Bantwal,2,PANEMANGALURU,25,SAJIPA MUDA,119,2021-2022,2,Rabi,NA Land ,0-2-0.00,2022-01-12,,,12.8577982,75.0275473,
441344306,24,Dakshina Kannada,2,Bantwal,2,PANEMANGALURU,25,SAJIPA MUDA,119,2021-2022,2,Rabi,Betel Nuts (Areca nuts),1-49-0.00,2022-01-12,,,12.8575475,75.0269372,
441344306,24,Dakshina Kannada,2,Bantwal,2,PANEMANGALURU,25,SAJIPA MUDA,119,2021-2022,2,Rabi,Betel Nuts (Areca nuts),1-49-0.00,2022-01-12,,,12.8575472,75.0269352,
441344314,24,Dakshina Kannada,2,Bantwal,2,PANEMANGALURU,25,SAJIPA MUDA,119,2021-2022,2,Rabi,Betel Nuts (Areca nuts),0-42-0.00,2022-01-12,,,12.8575272,75.0269382,
441344314,24,Dakshina Kannada,2,Bantwal,2,PANEMANGALURU,25,SAJIPA MUDA,119,2021-2022,2,Rabi,Betel Nuts (Areca nuts),0-42-0.00,2022-01-12,,,12.85753,75.026932,
441344317,24,Dakshina Kannada,2,Bantwal,2,PANEMANGALURU,25,SAJIPA MUDA,119,2021-2022,2,Rabi,NA Land ,0-3-0.00,2022-01-12,,,12.8575281,75.0269338,
441344322,24,Dakshina Kannada,2,Bantwal,2,PANEMANGALURU,25,SAJIPA MUDA,119,2021-2022,2,Rabi,NA Land ,0-6-0.00,2022-01-12,,,12.8575337,75.0269237,
441344348,24,Dakshina Kannada,2,Bantwal,2,PANEMANGALURU,25,SAJIPA MUDA,119,2021-2022,2,Rabi,Betel Nuts (Areca nuts),1-95-0.00,2022-01-12,,,12.8530918,75.0253498,
441344348,24,Dakshina Kannada,2,Bantwal,2,PANEMANGALURU,25,SAJIPA MUDA,119,2021-2022,2,Rabi,Betel Nuts (Areca nuts),1-95-0.00,2022-01-12,,,12.853089,75.0253502,
441344353,24,Dakshina Kannada,2,Bantwal,2,PANEMANGALURU,25,SAJIPA MUDA,119,2021-2022,2,Rabi,Betel Nuts (Areca nuts),0-84-0.00,2022-01-12,,,12.8530914,75.0253492,
441344353,24,Dakshina Kannada,2,Bantwal,2,PANEMANGALURU,25,SAJIPA MUDA,119,2021-2022,2,Rabi,Betel Nuts (Areca nuts),0-84-0.00,2022-01-12,,,12.8530928,75.0253494,
441344371,24,Dakshina Kannada,2,Bantwal,2,PANEMANGALURU,25,SAJIPA MUDA,119,2021-2022,2,Rabi,NA Land ,0-18-0.00,2022-01-12,,,12.8531147,75.0255284,
441344393,24,Dakshina Kannada,2,Bantwal,2,PANEMANGALURU,25,SAJIPA MUDA,119,2021-2022,2,Rabi,Coconut,0-14-0.00,2022-01-12,,,12.851414,75.0245707,
441344393,24,Dakshina Kannada,2,Bantwal,2,PANEMANGALURU,25,SAJIPA MUDA,119,2021-2022,2,Rabi,Coconut,0-14-0.00,2022-01-12,,,12.8514119,75.0245709,
441344477,24,Dakshina Kannada,2,Bantwal,2,PANEMANGALURU,25,SAJIPA MUDA,119,2021-2022,2,Rabi,NA Land ,0-15-0.00,2022-01-12,,,12.8511114,75.0242728,
441344481,24,Dakshina Kannada,2,Bantwal,2,PANEMANGALURU,25,SAJIPA MUDA,119,2021-2022,2,Rabi,NA Land ,0-20-0.00,2022-01-12,,,12.8511104,75.0242713,
441344505,24,Dakshina Kannada,2,Bantwal,2,PANEMANGALURU,25,SAJIPA MUDA,119,2021-2022,2,Rabi,NA Land ,0-5-0.00,2022-01-12,,,12.8534468,75.0252925,
441344424,24,Dakshina Kannada,2,Bantwal,2,PANEMANGALURU,25,SAJIPA MUDA,119,2021-2022,2,Rabi,NA Land ,0-8-0.00,2022-01-12,,,12.8514084,75.0245693,
441344429,24,Dakshina Kannada,2,Bantwal,2,PANEMANGALURU,25,SAJIPA MUDA,119,2021-2022,2,Rabi,Fallow,1-85-0.00,2022-01-12,,,12.851102,75.0242883,
441344469,24,Dakshina Kannada,2,Bantwal,2,PANEMANGALURU,25,SAJIPA MUDA,119,2021-2022,2,Rabi,NA Land ,0-74-0.00,2022-01-12,,,12.8511058,75.0242794,
441344497,24,Dakshina Kannada,2,Bantwal,2,PANEMANGALURU,25,SAJIPA MUDA,119,2021-2022,2,Rabi,NA Land ,0-0-50.00,2022-01-12,,,12.8534486,75.0252898,
441420325,24,Dakshina Kannada,2,Bantwal,2,PANEMANGALURU,2,AMTURU,119,2021-2022,2,Rabi,Fallow,0-45-0.00,2022-01-06,,,12.8429149,75.0517588,
441420344,24,Dakshina Kannada,2,Bantwal,2,PANEMANGALURU,2,AMTURU,119,2021-2022,2,Rabi,Fallow,0-30-0.00,2022-01-06,,,12.8438997,75.051712,
441420350,24,Dakshina Kannada,2,Bantwal,2,PANEMANGALURU,2,AMTURU,119,2021-2022,2,Rabi,Fallow,0-4-0.00,2022-01-06,,,12.8429416,75.0518014,
441420356,24,Dakshina Kannada,2,Bantwal,2,PANEMANGALURU,2,AMTURU,119,2021-2022,2,Rabi,Fallow,0-33-0.00,2022-01-06,,,12.8393531,75.0515374,
441420379,24,Dakshina Kannada,2,Bantwal,2,PANEMANGALURU,2,AMTURU,119,2021-2022,2,Rabi,NA Land ,0-8-0.00,2022-01-06,,,12.8401497,75.0547937,
441420391,24,Dakshina Kannada,2,Bantwal,2,PANEMANGALURU,2,AMTURU,119,2021-2022,2,Rabi,Fallow,0-6-0.00,2022-01-06,,,12.8390207,75.0508353,
441420396,24,Dakshina Kannada,2,Bantwal,2,PANEMANGALURU,2,AMTURU,119,2021-2022,2,Rabi,Fallow,0-15-0.00,2022-01-06,,,12.8391459,75.0508442,
441420412,24,Dakshina Kannada,2,Bantwal,2,PANEMANGALURU,2,AMTURU,119,2021-2022,2,Rabi,Fallow,0-9-0.00,2022-01-06,,,12.839171,75.0508938,
441420420,24,Dakshina Kannada,2,Bantwal,2,PANEMANGALURU,2,AMTURU,119,2021-2022,2,Rabi,Fallow,2-19-0.00,2022-01-06,,,12.8392108,75.0508677,
441420424,24,Dakshina Kannada,2,Bantwal,2,PANEMANGALURU,2,AMTURU,119,2021-2022,2,Rabi,Fallow,2-16-0.00,2022-01-06,,,12.8392015,75.050867,
441420438,24,Dakshina Kannada,2,Bantwal,2,PANEMANGALURU,2,AMTURU,119,2021-2022,2,Rabi,Fallow,0-3-0.00,2022-01-06,,,12.8391961,75.0508777,
441420441,24,Dakshina Kannada,2,Bantwal,2,PANEMANGALURU,2,AMTURU,119,2021-2022,2,Rabi,NA Land ,0-3-12.00,2022-01-06,,,12.8412694,75.0484025,
441420447,24,Dakshina Kannada,2,Bantwal,2,PANEMANGALURU,2,AMTURU,119,2021-2022,2,Rabi,Fallow,0-6-0.00,2022-01-06,,,12.8409705,75.0481438,
441420450,24,Dakshina Kannada,2,Bantwal,2,PANEMANGALURU,2,AMTURU,119,2021-2022,2,Rabi,Fallow,0-13-0.00,2022-01-06,,,12.8409732,75.0481248,
441420490,24,Dakshina Kannada,2,Bantwal,2,PANEMANGALURU,2,AMTURU,119,2021-2022,2,Rabi,Fallow,0-3-12.00,2022-01-06,,,12.8421992,75.0476086,
441420533,24,Dakshina Kannada,2,Bantwal,2,PANEMANGALURU,2,AMTURU,119,2021-2022,2,Rabi,Fallow,0-3-0.00,2022-01-06,,,12.8415863,75.0462457,
441420550,24,Dakshina Kannada,2,Bantwal,2,PANEMANGALURU,2,AMTURU,119,2021-2022,2,Rabi,Fallow,0-24-50.00,2022-01-06,,,12.8421763,75.0447489,
441420581,24,Dakshina Kannada,2,Bantwal,2,PANEMANGALURU,2,AMTURU,119,2021-2022,2,Rabi,Fallow,0-26-0.00,2022-01-06,,,12.8413245,75.0448581,
441420331,24,Dakshina Kannada,2,Bantwal,2,PANEMANGALURU,2,AMTURU,119,2021-2022,2,Rabi,Fallow,0-42-0.00,2022-01-06,,,12.8429069,75.0517584,
441420346,24,Dakshina Kannada,2,Bantwal,2,PANEMANGALURU,2,AMTURU,119,2021-2022,2,Rabi,Fallow,0-13-0.00,2022-01-06,,,12.8429611,75.0517864,
441420357,24,Dakshina Kannada,2,Bantwal,2,PANEMANGALURU,2,AMTURU,119,2021-2022,2,Rabi,Fallow,0-26-0.00,2022-01-06,,,12.8393546,75.0515264,
441420360,24,Dakshina Kannada,2,Bantwal,2,PANEMANGALURU,2,AMTURU,119,2021-2022,2,Rabi,Fallow,0-21-0.00,2022-01-06,,,12.8393517,75.0515132,
441420380,24,Dakshina Kannada,2,Bantwal,2,PANEMANGALURU,2,AMTURU,119,2021-2022,2,Rabi,Fallow,0-1-0.00,2022-01-06,,,12.8401581,75.0547913,
441420381,24,Dakshina Kannada,2,Bantwal,2,PANEMANGALURU,2,AMTURU,119,2021-2022,2,Rabi,Fallow,0-8-0.00,2022-01-06,,,12.8401653,75.0547962,
441420388,24,Dakshina Kannada,2,Bantwal,2,PANEMANGALURU,2,AMTURU,119,2021-2022,2,Rabi,Fallow,0-2-0.00,2022-01-06,,,12.8390409,75.0508858,
441420392,24,Dakshina Kannada,2,Bantwal,2,PANEMANGALURU,2,AMTURU,119,2021-2022,2,Rabi,Fallow,0-7-0.00,2022-01-06,,,12.8391089,75.0508425,
441420399,24,Dakshina Kannada,2,Bantwal,2,PANEMANGALURU,2,AMTURU,119,2021-2022,2,Rabi,Fallow,0-6-0.00,2022-01-06,,,12.8391517,75.050885,
441420428,24,Dakshina Kannada,2,Bantwal,2,PANEMANGALURU,2,AMTURU,119,2021-2022,2,Rabi,Fallow,2-18-0.00,2022-01-06,,,12.8391903,75.0508738,
441420444,24,Dakshina Kannada,2,Bantwal,2,PANEMANGALURU,2,AMTURU,119,2021-2022,2,Rabi,Fallow,0-3-12.00,2022-01-06,,,12.8410404,75.0482445,
441420498,24,Dakshina Kannada,2,Bantwal,2,PANEMANGALURU,2,AMTURU,119,2021-2022,2,Rabi,Fallow,0-3-15.00,2022-01-06,,,12.842205,75.0476081,
441420553,24,Dakshina Kannada,2,Bantwal,2,PANEMANGALURU,2,AMTURU,119,2021-2022,2,Rabi,Fallow,0-27-0.00,2022-01-06,,,12.8421762,75.0447491,
441420578,24,Dakshina Kannada,2,Bantwal,2,PANEMANGALURU,2,AMTURU,119,2021-2022,2,Rabi,Fallow,0-2-0.00,2022-01-06,,,12.8412841,75.0449124,
441420603,24,Dakshina Kannada,2,Bantwal,2,PANEMANGALURU,2,AMTURU,119,2021-2022,2,Rabi,Fallow,0-39-0.00,2022-01-06,,,12.8413503,75.0448939,
441420615,24,Dakshina Kannada,2,Bantwal,2,PANEMANGALURU,2,AMTURU,119,2021-2022,2,Rabi,Fallow,0-28-0.00,2022-01-13,,,12.8430642,75.042073,
441420621,24,Dakshina Kannada,2,Bantwal,2,PANEMANGALURU,2,AMTURU,119,2021-2022,2,Rabi,Fallow,0-4-0.00,2022-01-13,,,12.8407738,75.0412376,
441420645,24,Dakshina Kannada,2,Bantwal,2,PANEMANGALURU,2,AMTURU,119,2021-2022,2,Rabi,Fallow,0-1-50.00,2022-01-13,,,12.8407486,75.0411911,
441420661,24,Dakshina Kannada,2,Bantwal,2,PANEMANGALURU,2,AMTURU,119,2021-2022,2,Rabi,NA Land ,0-7-0.00,2022-01-13,,,12.8407528,75.0411647,
441420672,24,Dakshina Kannada,2,Bantwal,2,PANEMANGALURU,2,AMTURU,119,2021-2022,2,Rabi,NA Land ,0-20-0.00,2022-01-13,,,12.8392837,75.0438414,
441420702,24,Dakshina Kannada,2,Bantwal,2,PANEMANGALURU,2,AMTURU,119,2021-2022,2,Rabi,Fallow,2-50-0.00,2022-01-13,,,12.8392851,75.0438436,
441420657,24,Dakshina Kannada,2,Bantwal,2,PANEMANGALURU,2,AMTURU,119,2021-2022,2,Rabi,NA Land ,0-8-0.00,2022-01-13,,,12.8407473,75.0411699,
441420668,24,Dakshina Kannada,2,Bantwal,2,PANEMANGALURU,2,AMTURU,119,2021-2022,2,Rabi,NA Land ,0-16-0.00,2022-01-13,,,12.840753,75.0411643,
441420688,24,Dakshina Kannada,2,Bantwal,2,PANEMANGALURU,2,AMTURU,119,2021-2022,2,Rabi,Fallow,0-34-0.00,2022-01-13,,,12.8392845,75.0438436,
441420725,24,Dakshina Kannada,2,Bantwal,2,PANEMANGALURU,2,AMTURU,119,2021-2022,2,Rabi,Fallow,0-20-0.00,2022-01-13,,,12.839286,75.0438419,
441420752,24,Dakshina Kannada,2,Bantwal,2,PANEMANGALURU,2,AMTURU,119,2021-2022,2,Rabi,NA Land ,0-14-0.00,2022-01-13,,,12.8438231,75.0554758,
441420338,24,Dakshina Kannada,2,Bantwal,2,PANEMANGALURU,2,AMTURU,119,2021-2022,2,Rabi,Fallow,0-18-0.00,2022-01-06,,,12.8429052,75.0517636,
441420348,24,Dakshina Kannada,2,Bantwal,2,PANEMANGALURU,2,AMTURU,119,2021-2022,2,Rabi,NA Land ,0-12-0.00,2022-01-06,,,12.8429418,75.0517808,
441420349,24,Dakshina Kannada,2,Bantwal,2,PANEMANGALURU,2,AMTURU,119,2021-2022,2,Rabi,Fallow,0-12-0.00,2022-01-06,,,12.8429428,75.0517977,
441420354,24,Dakshina Kannada,2,Bantwal,2,PANEMANGALURU,2,AMTURU,119,2021-2022,2,Rabi,Fallow,0-98-0.00,2022-01-06,,,12.8384501,75.0507373,
441420362,24,Dakshina Kannada,2,Bantwal,2,PANEMANGALURU,2,AMTURU,119,2021-2022,2,Rabi,Fallow,0-2-0.00,2022-01-06,,,12.8393629,75.0515129,
441088518,24,Dakshina Kannada,2,Bantwal,2,PANEMANGALURU,25,SAJIPA MUDA,119,2021-2022,2,Rabi,Betel Nuts (Areca nuts),1-35-0.00,2022-01-09,,,12.8465215,75.022367,
441088518,24,Dakshina Kannada,2,Bantwal,2,PANEMANGALURU,25,SAJIPA MUDA,119,2021-2022,2,Rabi,Betel Nuts (Areca nuts),1-35-0.00,2022-01-09,,,12.8465216,75.0223673,
441088520,24,Dakshina Kannada,2,Bantwal,2,PANEMANGALURU,25,SAJIPA MUDA,119,2021-2022,2,Rabi,Fallow,0-35-0.00,2022-01-09,,,12.8465252,75.0223671,
441088529,24,Dakshina Kannada,2,Bantwal,2,PANEMANGALURU,25,SAJIPA MUDA,119,2021-2022,2,Rabi,NA Land ,0-1-0.00,2022-01-09,,,12.8465571,75.0223266,
441088541,24,Dakshina Kannada,2,Bantwal,2,PANEMANGALURU,25,SAJIPA MUDA,119,2021-2022,2,Rabi,Fallow,0-5-0.00,2022-01-09,,,12.8454528,75.0216853,
441088543,24,Dakshina Kannada,2,Bantwal,2,PANEMANGALURU,25,SAJIPA MUDA,119,2021-2022,2,Rabi,Fallow,0-12-0.00,2022-01-09,,,12.8454525,75.0216931,
441088554,24,Dakshina Kannada,2,Bantwal,2,PANEMANGALURU,25,SAJIPA MUDA,119,2021-2022,2,Rabi,Fallow,0-4-0.00,2022-01-09,,,12.8488879,75.0236046,
441088557,24,Dakshina Kannada,2,Bantwal,2,PANEMANGALURU,25,SAJIPA MUDA,119,2021-2022,2,Rabi,NA Land ,0-11-0.00,2022-01-09,,,12.8488862,75.0236053,
441088558,24,Dakshina Kannada,2,Bantwal,2,PANEMANGALURU,25,SAJIPA MUDA,119,2021-2022,2,Rabi,Fallow,0-11-0.00,2022-01-09,,,12.8488849,75.0236044,
441088559,24,Dakshina Kannada,2,Bantwal,2,PANEMANGALURU,25,SAJIPA MUDA,119,2021-2022,2,Rabi,NA Land ,0-11-0.00,2022-01-09,,,12.8488855,75.0236048,
441088567,24,Dakshina Kannada,2,Bantwal,2,PANEMANGALURU,25,SAJIPA MUDA,119,2021-2022,2,Rabi,NA Land ,0-2-50.00,2022-01-09,,,12.8487619,75.0231908,
441298617,24,Dakshina Kannada,2,Bantwal,2,PANEMANGALURU,25,SAJIPA MUDA,119,2021-2022,2,Rabi,NA Land ,0-16-0.00,2022-01-11,,,12.8431275,75.0354028,
441298634,24,Dakshina Kannada,2,Bantwal,2,PANEMANGALURU,25,SAJIPA MUDA,119,2021-2022,2,Rabi,NA Land ,0-8-0.00,2022-01-11,,,12.843203,75.035941,
441298601,24,Dakshina Kannada,2,Bantwal,2,PANEMANGALURU,25,SAJIPA MUDA,119,2021-2022,2,Rabi,NA Land ,0-16-0.00,2022-01-11,,,12.8442362,75.0319185,
441298567,24,Dakshina Kannada,2,Bantwal,2,PANEMANGALURU,25,SAJIPA MUDA,119,2021-2022,2,Rabi,NA Land ,0-1-0.00,2022-01-11,,,12.8442347,75.0319076,
441298581,24,Dakshina Kannada,2,Bantwal,2,PANEMANGALURU,25,SAJIPA MUDA,119,2021-2022,2,Rabi,NA Land ,0-15-0.00,2022-01-11,,,12.8442391,75.031923,
441298638,24,Dakshina Kannada,2,Bantwal,2,PANEMANGALURU,25,SAJIPA MUDA,119,2021-2022,2,Rabi,NA Land ,0-2-0.00,2022-01-11,,,12.8432032,75.0359424,
441298626,24,Dakshina Kannada,2,Bantwal,2,PANEMANGALURU,25,SAJIPA MUDA,119,2021-2022,2,Rabi,NA Land ,0-5-0.00,2022-01-11,,,12.8431349,75.0360995,
441298652,24,Dakshina Kannada,2,Bantwal,2,PANEMANGALURU,25,SAJIPA MUDA,119,2021-2022,2,Rabi,NA Land ,0-3-0.00,2022-01-11,,,12.8432024,75.0359467,
441420329,24,Dakshina Kannada,2,Bantwal,2,PANEMANGALURU,2,AMTURU,119,2021-2022,2,Rabi,NA Land ,0-5-0.00,2022-01-06,,,12.842907,75.0517583,
441420323,24,Dakshina Kannada,2,Bantwal,2,PANEMANGALURU,2,AMTURU,119,2021-2022,2,Rabi,Betel Nuts (Areca nuts),0-53-0.00,2022-01-06,,,12.8429148,75.0517591,
441420345,24,Dakshina Kannada,2,Bantwal,2,PANEMANGALURU,2,AMTURU,119,2021-2022,2,Rabi,Fallow,0-22-0.00,2022-01-06,,,12.8439049,75.0517126,
441420347,24,Dakshina Kannada,2,Bantwal,2,PANEMANGALURU,2,AMTURU,119,2021-2022,2,Rabi,Betel Nuts (Areca nuts),2-20-0.00,2022-01-06,,,12.8429423,75.0517801,
441420365,24,Dakshina Kannada,2,Bantwal,2,PANEMANGALURU,2,AMTURU,119,2021-2022,2,Rabi,Fallow,0-62-0.00,2022-01-06,,,12.8393676,75.0515109,
441420369,24,Dakshina Kannada,2,Bantwal,2,PANEMANGALURU,2,AMTURU,119,2021-2022,2,Rabi,Fallow,0-10-0.00,2022-01-06,,,12.8392868,75.0534027,
441420372,24,Dakshina Kannada,2,Bantwal,2,PANEMANGALURU,2,AMTURU,119,2021-2022,2,Rabi,Fallow,0-74-0.00,2022-01-06,,,12.8392832,75.0534001,
441420376,24,Dakshina Kannada,2,Bantwal,2,PANEMANGALURU,2,AMTURU,119,2021-2022,2,Rabi,Fallow,0-33-0.00,2022-01-06,,,12.8392843,75.0534022,
441420340,24,Dakshina Kannada,2,Bantwal,2,PANEMANGALURU,2,AMTURU,119,2021-2022,2,Rabi,Fallow,0-34-0.00,2022-01-06,,,12.8428994,75.0517616,
441420341,24,Dakshina Kannada,2,Bantwal,2,PANEMANGALURU,2,AMTURU,119,2021-2022,2,Rabi,Fallow,0-23-0.00,2022-01-06,,,12.8437907,75.0517113,
441420342,24,Dakshina Kannada,2,Bantwal,2,PANEMANGALURU,2,AMTURU,119,2021-2022,2,Rabi,Fallow,0-30-0.00,2022-01-06,,,12.843885,75.0516992,
441420352,24,Dakshina Kannada,2,Bantwal,2,PANEMANGALURU,2,AMTURU,119,2021-2022,2,Rabi,Fallow,1-5-0.00,2022-01-06,,,12.8384527,75.0507159,
441420353,24,Dakshina Kannada,2,Bantwal,2,PANEMANGALURU,2,AMTURU,119,2021-2022,2,Rabi,Fallow,0-52-0.00,2022-01-06,,,12.8384645,75.050738,
441420361,24,Dakshina Kannada,2,Bantwal,2,PANEMANGALURU,2,AMTURU,119,2021-2022,2,Rabi,Fallow,0-59-0.00,2022-01-06,,,12.839362,75.0515143,
441420367,24,Dakshina Kannada,2,Bantwal,2,PANEMANGALURU,2,AMTURU,119,2021-2022,2,Rabi,Fallow,0-54-0.00,2022-01-06,,,12.8392655,75.0534192,
441420378,24,Dakshina Kannada,2,Bantwal,2,PANEMANGALURU,2,AMTURU,119,2021-2022,2,Rabi,Betel Nuts (Areca nuts),2-0-0.00,2022-01-06,,,12.8401774,75.0547985,
441420385,24,Dakshina Kannada,2,Bantwal,2,PANEMANGALURU,2,AMTURU,119,2021-2022,2,Rabi,Fallow,0-25-0.00,2022-01-06,,,12.840208,75.0548319,
441420387,24,Dakshina Kannada,2,Bantwal,2,PANEMANGALURU,2,AMTURU,119,2021-2022,2,Rabi,Betel Nuts (Areca nuts),1-21-0.00,2022-01-06,,,12.840227,75.0548394,
441420401,24,Dakshina Kannada,2,Bantwal,2,PANEMANGALURU,2,AMTURU,119,2021-2022,2,Rabi,Fallow,0-29-0.00,2022-01-06,,,12.8391483,75.0508872,
441420336,24,Dakshina Kannada,2,Bantwal,2,PANEMANGALURU,2,AMTURU,119,2021-2022,2,Rabi,Fallow,0-50-0.00,2022-01-06,,,12.8429063,75.0517617,
441420358,24,Dakshina Kannada,2,Bantwal,2,PANEMANGALURU,2,AMTURU,119,2021-2022,2,Rabi,Fallow,0-10-0.00,2022-01-06,,,12.8393586,75.0515295,
441420359,24,Dakshina Kannada,2,Bantwal,2,PANEMANGALURU,2,AMTURU,119,2021-2022,2,Rabi,Fallow,0-17-0.00,2022-01-06,,,12.8393569,75.0515288,
441420371,24,Dakshina Kannada,2,Bantwal,2,PANEMANGALURU,2,AMTURU,119,2021-2022,2,Rabi,Fallow,0-50-0.00,2022-01-06,,,12.8392887,75.0534022,
441420377,24,Dakshina Kannada,2,Bantwal,2,PANEMANGALURU,2,AMTURU,119,2021-2022,2,Rabi,Fallow,0-40-0.00,2022-01-06,,,12.8392913,75.0534028,
441420465,24,Dakshina Kannada,2,Bantwal,2,PANEMANGALURU,2,AMTURU,119,2021-2022,2,Rabi,Fallow,0-87-0.00,2022-01-06,,,12.8401021,75.0474455,
441420405,24,Dakshina Kannada,2,Bantwal,2,PANEMANGALURU,2,AMTURU,119,2021-2022,2,Rabi,Fallow,0-64-0.00,2022-01-06,,,12.8391714,75.0508931,
441420416,24,Dakshina Kannada,2,Bantwal,2,PANEMANGALURU,2,AMTURU,119,2021-2022,2,Rabi,Fallow,0-45-0.00,2022-01-06,,,12.8391757,75.0508913,
441420484,24,Dakshina Kannada,2,Bantwal,2,PANEMANGALURU,2,AMTURU,119,2021-2022,2,Rabi,Fallow,1-58-0.00,2022-01-06,,,12.8389172,75.046582,
441420494,24,Dakshina Kannada,2,Bantwal,2,PANEMANGALURU,2,AMTURU,119,2021-2022,2,Rabi,Fallow,0-3-12.00,2022-01-06,,,12.8422051,75.047608,
441420514,24,Dakshina Kannada,2,Bantwal,2,PANEMANGALURU,2,AMTURU,119,2021-2022,2,Rabi,NA Land ,0-5-0.00,2022-01-06,,,12.8422125,75.0476058,
441420526,24,Dakshina Kannada,2,Bantwal,2,PANEMANGALURU,2,AMTURU,119,2021-2022,2,Rabi,NA Land ,0-34-0.00,2022-01-06,,,12.8422185,75.0476019,
441420506,24,Dakshina Kannada,2,Bantwal,2,PANEMANGALURU,2,AMTURU,119,2021-2022,2,Rabi,NA Land ,0-3-12.00,2022-01-06,,,12.8422121,75.0476057,
441420519,24,Dakshina Kannada,2,Bantwal,2,PANEMANGALURU,2,AMTURU,119,2021-2022,2,Rabi,Coconut,2-60-0.00,2022-01-06,,,12.8422121,75.0476059,
441420546,24,Dakshina Kannada,2,Bantwal,2,PANEMANGALURU,2,AMTURU,119,2021-2022,2,Rabi,Fallow,0-36-50.00,2022-01-06,,,12.8421707,75.0447487,
441420567,24,Dakshina Kannada,2,Bantwal,2,PANEMANGALURU,2,AMTURU,119,2021-2022,2,Rabi,Fallow,0-8-0.00,2022-01-06,,,12.8413401,75.0449949,
441420366,24,Dakshina Kannada,2,Bantwal,2,PANEMANGALURU,2,AMTURU,119,2021-2022,2,Rabi,Fallow,0-25-0.00,2022-01-06,,,12.8393677,75.0515108,
441420374,24,Dakshina Kannada,2,Bantwal,2,PANEMANGALURU,2,AMTURU,119,2021-2022,2,Rabi,Fallow,1-10-0.00,2022-01-06,,,12.839284,75.053402,
441420384,24,Dakshina Kannada,2,Bantwal,2,PANEMANGALURU,2,AMTURU,119,2021-2022,2,Rabi,Betel Nuts (Areca nuts),0-22-0.00,2022-01-06,,,12.8402662,75.0548357,
441420386,24,Dakshina Kannada,2,Bantwal,2,PANEMANGALURU,2,AMTURU,119,2021-2022,2,Rabi,Fallow,0-25-0.00,2022-01-06,,,12.8402266,75.0548341,
441420408,24,Dakshina Kannada,2,Bantwal,2,PANEMANGALURU,2,AMTURU,119,2021-2022,2,Rabi,Fallow,0-37-0.00,2022-01-06,,,12.8391713,75.0508932,
441420461,24,Dakshina Kannada,2,Bantwal,2,PANEMANGALURU,2,AMTURU,119,2021-2022,2,Rabi,NA Land ,0-10-0.00,2022-01-06,,,12.8409795,75.0481262,
441420472,24,Dakshina Kannada,2,Bantwal,2,PANEMANGALURU,2,AMTURU,119,2021-2022,2,Rabi,Fallow,0-14-0.00,2022-01-06,,,12.840002,75.0473918,
441420480,24,Dakshina Kannada,2,Bantwal,2,PANEMANGALURU,2,AMTURU,119,2021-2022,2,Rabi,Fallow,3-0-0.00,2022-01-06,,,12.8388874,75.0465907,
441420488,24,Dakshina Kannada,2,Bantwal,2,PANEMANGALURU,2,AMTURU,119,2021-2022,2,Rabi,Fallow,0-3-12.00,2022-01-06,,,12.8421607,75.0476427,
441420522,24,Dakshina Kannada,2,Bantwal,2,PANEMANGALURU,2,AMTURU,119,2021-2022,2,Rabi,NA Land ,0-15-0.00,2022-01-06,,,12.8422091,75.0476034,
441420585,24,Dakshina Kannada,2,Bantwal,2,PANEMANGALURU,2,AMTURU,119,2021-2022,2,Rabi,Fallow,0-24-0.00,2022-01-06,,,12.8413158,75.044883,
441420600,24,Dakshina Kannada,2,Bantwal,2,PANEMANGALURU,2,AMTURU,119,2021-2022,2,Rabi,Fallow,0-37-25.00,2022-01-06,,,12.84132,75.0449416,
441420612,24,Dakshina Kannada,2,Bantwal,2,PANEMANGALURU,2,AMTURU,119,2021-2022,2,Rabi,Fallow,0-24-0.00,2022-01-06,,,12.8413316,75.044914,
441420631,24,Dakshina Kannada,2,Bantwal,2,PANEMANGALURU,2,AMTURU,119,2021-2022,2,Rabi,NA Land ,0-9-50.00,2022-01-13,,,12.8407363,75.0411912,
441420654,24,Dakshina Kannada,2,Bantwal,2,PANEMANGALURU,2,AMTURU,119,2021-2022,2,Rabi,Fallow,0-0-50.00,2022-01-13,,,12.8407468,75.0411783,
441420714,24,Dakshina Kannada,2,Bantwal,2,PANEMANGALURU,2,AMTURU,119,2021-2022,2,Rabi,Fallow,0-20-0.00,2022-01-13,,,12.8392854,75.0438427,
441420731,24,Dakshina Kannada,2,Bantwal,2,PANEMANGALURU,2,AMTURU,119,2021-2022,2,Rabi,Fallow,0-63-0.00,2022-01-13,,,12.8438661,75.0554208,
441420797,24,Dakshina Kannada,2,Bantwal,2,PANEMANGALURU,2,AMTURU,119,2021-2022,2,Rabi,Fallow,0-9-0.00,2022-01-13,,,12.8443242,75.0549095,
441420529,24,Dakshina Kannada,2,Bantwal,2,PANEMANGALURU,2,AMTURU,119,2021-2022,2,Rabi,NA Land ,0-20-0.00,2022-01-06,,,12.8422282,75.0475907,
441420542,24,Dakshina Kannada,2,Bantwal,2,PANEMANGALURU,2,AMTURU,119,2021-2022,2,Rabi,NA Land ,0-14-50.00,2022-01-06,,,12.8421315,75.0447443,
441420562,24,Dakshina Kannada,2,Bantwal,2,PANEMANGALURU,2,AMTURU,119,2021-2022,2,Rabi,Fallow,0-20-0.00,2022-01-06,,,12.8421613,75.0447635,
441420574,24,Dakshina Kannada,2,Bantwal,2,PANEMANGALURU,2,AMTURU,119,2021-2022,2,Rabi,Fallow,0-18-0.00,2022-01-06,,,12.8412781,75.0449901,
441420618,24,Dakshina Kannada,2,Bantwal,2,PANEMANGALURU,2,AMTURU,119,2021-2022,2,Rabi,Fallow,0-45-0.00,2022-01-13,,,12.8407856,75.0412246,
441420634,24,Dakshina Kannada,2,Bantwal,2,PANEMANGALURU,2,AMTURU,119,2021-2022,2,Rabi,NA Land ,0-27-0.00,2022-01-13,,,12.8407448,75.0411911,
441420639,24,Dakshina Kannada,2,Bantwal,2,PANEMANGALURU,2,AMTURU,119,2021-2022,2,Rabi,Fallow,0-3-0.00,2022-01-13,,,12.8407488,75.0411918,
441420642,24,Dakshina Kannada,2,Bantwal,2,PANEMANGALURU,2,AMTURU,119,2021-2022,2,Rabi,Fallow,0-1-0.00,2022-01-13,,,12.8407489,75.0411914,
441420682,24,Dakshina Kannada,2,Bantwal,2,PANEMANGALURU,2,AMTURU,119,2021-2022,2,Rabi,Fallow,0-33-0.00,2022-01-13,,,12.8393027,75.0438246,
441420693,24,Dakshina Kannada,2,Bantwal,2,PANEMANGALURU,2,AMTURU,119,2021-2022,2,Rabi,Fallow,0-15-0.00,2022-01-13,,,12.8392853,75.043844,
441420720,24,Dakshina Kannada,2,Bantwal,2,PANEMANGALURU,2,AMTURU,119,2021-2022,2,Rabi,Fallow,0-20-0.00,2022-01-13,,,12.8392858,75.0438419,
441420698,24,Dakshina Kannada,2,Bantwal,2,PANEMANGALURU,2,AMTURU,119,2021-2022,2,Rabi,Fallow,0-20-0.00,2022-01-13,,,12.8392853,75.0438439,
441420737,24,Dakshina Kannada,2,Bantwal,2,PANEMANGALURU,2,AMTURU,119,2021-2022,2,Rabi,Fallow,0-49-0.00,2022-01-13,,,12.8438301,75.0554753,
441420762,24,Dakshina Kannada,2,Bantwal,2,PANEMANGALURU,2,AMTURU,119,2021-2022,2,Rabi,Fallow,0-23-0.00,2022-01-13,,,12.8438243,75.0554765,
441420768,24,Dakshina Kannada,2,Bantwal,2,PANEMANGALURU,2,AMTURU,119,2021-2022,2,Rabi,Fallow,0-54-0.00,2022-01-13,,,12.8442647,75.0548687,
441420786,24,Dakshina Kannada,2,Bantwal,2,PANEMANGALURU,2,AMTURU,119,2021-2022,2,Rabi,Fallow,0-80-0.00,2022-01-13,,,12.8442854,75.054894,
441420742,24,Dakshina Kannada,2,Bantwal,2,PANEMANGALURU,2,AMTURU,119,2021-2022,2,Rabi,Fallow,0-10-0.00,2022-01-13,,,12.843839,75.0554913,
441420332,24,Dakshina Kannada,2,Bantwal,2,PANEMANGALURU,2,AMTURU,119,2021-2022,2,Rabi,Fallow,0-23-0.00,2022-01-06,,,12.8429069,75.0517584,
441420334,24,Dakshina Kannada,2,Bantwal,2,PANEMANGALURU,2,AMTURU,119,2021-2022,2,Rabi,Fallow,0-57-0.00,2022-01-06,,,12.8429063,75.0517595,
441420363,24,Dakshina Kannada,2,Bantwal,2,PANEMANGALURU,2,AMTURU,119,2021-2022,2,Rabi,Fallow,0-3-0.00,2022-01-06,,,12.839363,75.0515127,
441420394,24,Dakshina Kannada,2,Bantwal,2,PANEMANGALURU,2,AMTURU,119,2021-2022,2,Rabi,Fallow,0-3-0.00,2022-01-06,,,12.8391187,75.050844,
441420452,24,Dakshina Kannada,2,Bantwal,2,PANEMANGALURU,2,AMTURU,119,2021-2022,2,Rabi,Fallow,0-2-0.00,2022-01-06,,,12.8409714,75.0481231,
441420501,24,Dakshina Kannada,2,Bantwal,2,PANEMANGALURU,2,AMTURU,119,2021-2022,2,Rabi,NA Land ,0-3-13.00,2022-01-06,,,12.8422075,75.0476071,
441420557,24,Dakshina Kannada,2,Bantwal,2,PANEMANGALURU,2,AMTURU,119,2021-2022,2,Rabi,Fallow,0-61-0.00,2022-01-06,,,12.842177,75.0447495,
441420597,24,Dakshina Kannada,2,Bantwal,2,PANEMANGALURU,2,AMTURU,119,2021-2022,2,Rabi,Fallow,0-30-0.00,2022-01-06,,,12.8412839,75.0449474,
441420665,24,Dakshina Kannada,2,Bantwal,2,PANEMANGALURU,2,AMTURU,119,2021-2022,2,Rabi,Fallow,0-2-0.00,2022-01-13,,,12.840753,75.0411645,
441420746,24,Dakshina Kannada,2,Bantwal,2,PANEMANGALURU,2,AMTURU,119,2021-2022,2,Rabi,Fallow,0-32-0.00,2022-01-13,,,12.8438239,75.0554792,
441420756,24,Dakshina Kannada,2,Bantwal,2,PANEMANGALURU,2,AMTURU,119,2021-2022,2,Rabi,Fallow,0-3-0.00,2022-01-13,,,12.8438239,75.0554766,
441420773,24,Dakshina Kannada,2,Bantwal,2,PANEMANGALURU,2,AMTURU,119,2021-2022,2,Rabi,NA Land ,0-11-0.00,2022-01-13,,,12.8443043,75.0548987,
441420792,24,Dakshina Kannada,2,Bantwal,2,PANEMANGALURU,2,AMTURU,119,2021-2022,2,Rabi,Fallow,0-26-0.00,2022-01-13,,,12.8442877,75.0548932,
441420455,24,Dakshina Kannada,2,Bantwal,2,PANEMANGALURU,2,AMTURU,119,2021-2022,2,Rabi,Fallow,0-27-0.00,2022-01-06,,,12.8409794,75.0481275,
441420559,24,Dakshina Kannada,2,Bantwal,2,PANEMANGALURU,2,AMTURU,119,2021-2022,2,Rabi,Fallow,0-38-0.00,2022-01-06,,,12.84217277,75.04475137,
441420571,24,Dakshina Kannada,2,Bantwal,2,PANEMANGALURU,2,AMTURU,119,2021-2022,2,Rabi,Fallow,0-6-0.00,2022-01-06,,,12.8412988,75.0449934,
441420509,24,Dakshina Kannada,2,Bantwal,2,PANEMANGALURU,2,AMTURU,119,2021-2022,2,Rabi,NA Land ,0-25-0.00,2022-01-06,,,12.8422121,75.0476056,
441420536,24,Dakshina Kannada,2,Bantwal,2,PANEMANGALURU,2,AMTURU,119,2021-2022,2,Rabi,NA Land ,0-35-0.00,2022-01-06,,,12.842128,75.0447152,
441420628,24,Dakshina Kannada,2,Bantwal,2,PANEMANGALURU,2,AMTURU,119,2021-2022,2,Rabi,Fallow,0-0-50.00,2022-01-13,,,12.84074,75.0412037,
441344487,24,Dakshina Kannada,2,Bantwal,2,PANEMANGALURU,25,SAJIPA MUDA,119,2021-2022,2,Rabi,NA Land ,0-65-0.00,2022-01-12,,,12.8534529,75.0252993,
441344490,24,Dakshina Kannada,2,Bantwal,2,PANEMANGALURU,25,SAJIPA MUDA,119,2021-2022,2,Rabi,NA Land ,0-6-0.00,2022-01-12,,,12.8534546,75.0252921,
441344509,24,Dakshina Kannada,2,Bantwal,2,PANEMANGALURU,25,SAJIPA MUDA,119,2021-2022,2,Rabi,NA Land ,0-19-0.00,2022-01-12,,,12.8534439,75.0252858,
441344256,24,Dakshina Kannada,2,Bantwal,2,PANEMANGALURU,25,SAJIPA MUDA,119,2021-2022,2,Rabi,NA Land ,0-6-0.00,2022-01-12,,,12.8590628,75.0307766,
441344286,24,Dakshina Kannada,2,Bantwal,2,PANEMANGALURU,25,SAJIPA MUDA,119,2021-2022,2,Rabi,NA Land ,1-0-0.00,2022-01-12,,,12.8590399,75.0308334,
441344288,24,Dakshina Kannada,2,Bantwal,2,PANEMANGALURU,25,SAJIPA MUDA,119,2021-2022,2,Rabi,NA Land ,0-11-0.00,2022-01-12,,,12.8590526,75.030809,
441344308,24,Dakshina Kannada,2,Bantwal,2,PANEMANGALURU,25,SAJIPA MUDA,119,2021-2022,2,Rabi,NA Land ,0-1-0.00,2022-01-12,,,12.8575385,75.0269369,
441344355,24,Dakshina Kannada,2,Bantwal,2,PANEMANGALURU,25,SAJIPA MUDA,119,2021-2022,2,Rabi,Betel Nuts (Areca nuts),0-45-0.00,2022-01-12,,,12.8530961,75.0253514,
441344355,24,Dakshina Kannada,2,Bantwal,2,PANEMANGALURU,25,SAJIPA MUDA,119,2021-2022,2,Rabi,Betel Nuts (Areca nuts),0-45-0.00,2022-01-12,,,12.8530961,75.0253512,
441344367,24,Dakshina Kannada,2,Bantwal,2,PANEMANGALURU,25,SAJIPA MUDA,119,2021-2022,2,Rabi,NA Land ,0-9-0.00,2022-01-12,,,12.8531466,75.0254767,
441344436,24,Dakshina Kannada,2,Bantwal,2,PANEMANGALURU,25,SAJIPA MUDA,119,2021-2022,2,Rabi,NA Land ,2-18-0.00,2022-01-12,,,12.8511018,75.024289,
441344450,24,Dakshina Kannada,2,Bantwal,2,PANEMANGALURU,25,SAJIPA MUDA,119,2021-2022,2,Rabi,NA Land ,0-37-0.00,2022-01-12,,,12.8511029,75.0242815,
441344517,24,Dakshina Kannada,2,Bantwal,2,PANEMANGALURU,25,SAJIPA MUDA,119,2021-2022,2,Rabi,NA Land ,0-1-50.00,2022-01-12,,,12.8534471,75.0252802,
441516602,24,Dakshina Kannada,2,Bantwal,2,PANEMANGALURU,25,SAJIPA MUDA,119,2021-2022,2,Rabi,NA Land ,0-39-0.00,2022-01-08,,,12.8543962,75.0043375,
441516602,24,Dakshina Kannada,2,Bantwal,2,PANEMANGALURU,25,SAJIPA MUDA,119,2021-2022,2,Rabi,Betel Nuts (Areca nuts),5-0-0.00,2022-01-08,,,12.8545337,75.0042579,
441516602,24,Dakshina Kannada,2,Bantwal,2,PANEMANGALURU,25,SAJIPA MUDA,119,2021-2022,2,Rabi,Coconut,2-0-0.00,2022-01-08,,,12.854555,75.0042517,
441516642,24,Dakshina Kannada,2,Bantwal,2,PANEMANGALURU,25,SAJIPA MUDA,119,2021-2022,2,Rabi,NA Land ,0-8-0.00,2022-01-08,,,12.8533472,75.0047485,
441516667,24,Dakshina Kannada,2,Bantwal,2,PANEMANGALURU,25,SAJIPA MUDA,119,2021-2022,2,Rabi,Fallow,0-27-50.00,2022-01-08,,,12.8529637,75.0049285,
441516673,24,Dakshina Kannada,2,Bantwal,2,PANEMANGALURU,25,SAJIPA MUDA,119,2021-2022,2,Rabi,NA Land ,0-13-0.00,2022-01-08,,,12.8530639,75.0049576,
441516620,24,Dakshina Kannada,2,Bantwal,2,PANEMANGALURU,25,SAJIPA MUDA,119,2021-2022,2,Rabi,NA Land ,0-6-0.00,2022-01-08,,,12.853563,75.0041635,
441516630,24,Dakshina Kannada,2,Bantwal,2,PANEMANGALURU,25,SAJIPA MUDA,119,2021-2022,2,Rabi,Fallow,0-1-0.00,2022-01-08,,,12.8537483,75.0041353,
441516658,24,Dakshina Kannada,2,Bantwal,2,PANEMANGALURU,25,SAJIPA MUDA,119,2021-2022,2,Rabi,Fallow,0-0-50.00,2022-01-08,,,12.8529987,75.0049514,
441516700,24,Dakshina Kannada,2,Bantwal,2,PANEMANGALURU,25,SAJIPA MUDA,119,2021-2022,2,Rabi,Fallow,0-17-0.00,2022-01-08,,,12.8532053,75.0054225,
441516636,24,Dakshina Kannada,2,Bantwal,2,PANEMANGALURU,25,SAJIPA MUDA,119,2021-2022,2,Rabi,Fallow,0-5-0.00,2022-01-08,,,12.8537462,75.0041276,
441516728,24,Dakshina Kannada,2,Bantwal,2,PANEMANGALURU,25,SAJIPA MUDA,119,2021-2022,2,Rabi,Fallow,0-70-0.00,2022-01-08,,,12.8499093,75.0048935,
441516708,24,Dakshina Kannada,2,Bantwal,2,PANEMANGALURU,25,SAJIPA MUDA,119,2021-2022,2,Rabi,NA Land ,0-10-0.00,2022-01-08,,,12.8531752,75.0048972,
441516708,24,Dakshina Kannada,2,Bantwal,2,PANEMANGALURU,25,SAJIPA MUDA,119,2021-2022,2,Rabi,Fallow,0-11-0.00,2022-01-08,,,12.8531543,75.0048981,
441516734,24,Dakshina Kannada,2,Bantwal,2,PANEMANGALURU,25,SAJIPA MUDA,119,2021-2022,2,Rabi,Fallow,0-4-0.00,2022-01-08,,,12.8481295,75.0043833,
441516739,24,Dakshina Kannada,2,Bantwal,2,PANEMANGALURU,25,SAJIPA MUDA,119,2021-2022,2,Rabi,NA Land ,0-13-0.00,2022-01-08,,,12.8480284,75.0044197,
441516760,24,Dakshina Kannada,2,Bantwal,2,PANEMANGALURU,25,SAJIPA MUDA,119,2021-2022,2,Rabi,Fallow,0-5-0.00,2022-01-08,,,12.8477811,75.0045565,
441516771,24,Dakshina Kannada,2,Bantwal,2,PANEMANGALURU,25,SAJIPA MUDA,119,2021-2022,2,Rabi,Fallow,1-95-0.00,2022-01-08,,,12.8477632,75.004543,
441516774,24,Dakshina Kannada,2,Bantwal,2,PANEMANGALURU,25,SAJIPA MUDA,119,2021-2022,2,Rabi,Fallow,0-14-0.00,2022-01-08,,,12.847781,75.0045299,
441516797,24,Dakshina Kannada,2,Bantwal,2,PANEMANGALURU,25,SAJIPA MUDA,119,2021-2022,2,Rabi,Fallow,0-2-0.00,2022-01-10,,,12.8537167,75.0077252,
441516712,24,Dakshina Kannada,2,Bantwal,2,PANEMANGALURU,25,SAJIPA MUDA,119,2021-2022,2,Rabi,Fallow,0-84-0.00,2022-01-08,,,12.8497763,75.0045982,
441516722,24,Dakshina Kannada,2,Bantwal,2,PANEMANGALURU,25,SAJIPA MUDA,119,2021-2022,2,Rabi,Fallow,0-4-0.00,2022-01-08,,,12.8497363,75.0042286,
441516725,24,Dakshina Kannada,2,Bantwal,2,PANEMANGALURU,25,SAJIPA MUDA,119,2021-2022,2,Rabi,NA Land ,0-9-0.00,2022-01-08,,,12.8499439,75.0048963,
441516725,24,Dakshina Kannada,2,Bantwal,2,PANEMANGALURU,25,SAJIPA MUDA,119,2021-2022,2,Rabi,Fallow,0-30-0.00,2022-01-08,,,12.8499364,75.0048996,
441516765,24,Dakshina Kannada,2,Bantwal,2,PANEMANGALURU,25,SAJIPA MUDA,119,2021-2022,2,Rabi,Fallow,0-82-0.00,2022-01-08,,,12.8478071,75.004544,
441516768,24,Dakshina Kannada,2,Bantwal,2,PANEMANGALURU,25,SAJIPA MUDA,119,2021-2022,2,Rabi,Fallow,0-2-0.00,2022-01-08,,,12.8477506,75.0045474,
441516773,24,Dakshina Kannada,2,Bantwal,2,PANEMANGALURU,25,SAJIPA MUDA,119,2021-2022,2,Rabi,Fallow,0-25-0.00,2022-01-08,,,12.8477653,75.0045497,
441516778,24,Dakshina Kannada,2,Bantwal,2,PANEMANGALURU,25,SAJIPA MUDA,119,2021-2022,2,Rabi,Fallow,0-9-0.00,2022-01-08,,,12.8494207,75.0051157,
441516804,24,Dakshina Kannada,2,Bantwal,2,PANEMANGALURU,25,SAJIPA MUDA,119,2021-2022,2,Rabi,Betel Nuts (Areca nuts),0-8-0.00,2022-01-10,,,12.8542566,75.0088439,
441516715,24,Dakshina Kannada,2,Bantwal,2,PANEMANGALURU,25,SAJIPA MUDA,119,2021-2022,2,Rabi,Fallow,0-20-0.00,2022-01-08,,,12.8497525,75.004262,
441516717,24,Dakshina Kannada,2,Bantwal,2,PANEMANGALURU,25,SAJIPA MUDA,119,2021-2022,2,Rabi,Fallow,0-7-0.00,2022-01-08,,,12.8497217,75.0042724,
441516736,24,Dakshina Kannada,2,Bantwal,2,PANEMANGALURU,25,SAJIPA MUDA,119,2021-2022,2,Rabi,Betel Nuts (Areca nuts),0-50-0.00,2022-01-08,,,12.84803,75.0044217,
441516746,24,Dakshina Kannada,2,Bantwal,2,PANEMANGALURU,25,SAJIPA MUDA,119,2021-2022,2,Rabi,Fallow,0-5-0.00,2022-01-08,,,12.8479364,75.0044245,
441516749,24,Dakshina Kannada,2,Bantwal,2,PANEMANGALURU,25,SAJIPA MUDA,119,2021-2022,2,Rabi,Fallow,0-6-0.00,2022-01-08,,,12.8479783,75.0044568,
441516782,24,Dakshina Kannada,2,Bantwal,2,PANEMANGALURU,25,SAJIPA MUDA,119,2021-2022,2,Rabi,Fallow,0-45-0.00,2022-01-08,,,12.8494269,75.0050943,
441516794,24,Dakshina Kannada,2,Bantwal,2,PANEMANGALURU,25,SAJIPA MUDA,119,2021-2022,2,Rabi,Fallow,0-2-0.00,2022-01-10,,,12.8537371,75.0076963,
441516820,24,Dakshina Kannada,2,Bantwal,2,PANEMANGALURU,25,SAJIPA MUDA,119,2021-2022,2,Rabi,Betel Nuts (Areca nuts),0-63-0.00,2022-01-10,,,12.8546552,75.0085415,
441516860,24,Dakshina Kannada,2,Bantwal,2,PANEMANGALURU,25,SAJIPA MUDA,119,2021-2022,2,Rabi,Fallow,0-10-0.00,2022-01-10,,,12.8593493,75.0055811,
441516870,24,Dakshina Kannada,2,Bantwal,2,PANEMANGALURU,25,SAJIPA MUDA,119,2021-2022,2,Rabi,NA Land ,0-10-0.00,2022-01-10,,,12.8598456,75.0032427,
441420677,24,Dakshina Kannada,2,Bantwal,2,PANEMANGALURU,2,AMTURU,119,2021-2022,2,Rabi,Fallow,0-33-0.00,2022-01-13,,,12.8392778,75.0438196,
441420779,24,Dakshina Kannada,2,Bantwal,2,PANEMANGALURU,2,AMTURU,119,2021-2022,2,Rabi,Fallow,0-62-0.00,2022-01-13,,,12.8442853,75.0548944,
441420589,24,Dakshina Kannada,2,Bantwal,2,PANEMANGALURU,2,AMTURU,119,2021-2022,2,Rabi,Fallow,0-10-0.00,2022-01-06,,,12.8412969,75.0449296,
441420608,24,Dakshina Kannada,2,Bantwal,2,PANEMANGALURU,2,AMTURU,119,2021-2022,2,Rabi,Fallow,0-11-0.00,2022-01-06,,,12.841357,75.0448893,
441420625,24,Dakshina Kannada,2,Bantwal,2,PANEMANGALURU,2,AMTURU,119,2021-2022,2,Rabi,Fallow,0-5-0.00,2022-01-13,,,12.8407133,75.0412318,
441420648,24,Dakshina Kannada,2,Bantwal,2,PANEMANGALURU,2,AMTURU,119,2021-2022,2,Rabi,NA Land ,0-22-0.00,2022-01-13,,,12.8407494,75.0411847,
441420651,24,Dakshina Kannada,2,Bantwal,2,PANEMANGALURU,2,AMTURU,119,2021-2022,2,Rabi,Fallow,0-16-0.00,2022-01-13,,,12.8407462,75.0411825,
441420707,24,Dakshina Kannada,2,Bantwal,2,PANEMANGALURU,2,AMTURU,119,2021-2022,2,Rabi,Fallow,0-10-0.00,2022-01-13,,,12.8392851,75.0438435,
441516934,24,Dakshina Kannada,2,Bantwal,2,PANEMANGALURU,25,SAJIPA MUDA,119,2021-2022,2,Rabi,Fallow,0-19-0.00,2022-01-10,,,12.8585798,75.0037613,
441516945,24,Dakshina Kannada,2,Bantwal,2,PANEMANGALURU,25,SAJIPA MUDA,119,2021-2022,2,Rabi,Fallow,0-23-0.00,2022-01-10,,,12.8588208,75.0032652,
441516955,24,Dakshina Kannada,2,Bantwal,2,PANEMANGALURU,25,SAJIPA MUDA,119,2021-2022,2,Rabi,Fallow,0-55-0.00,2022-01-10,,,12.8596141,75.0032724,
441516957,24,Dakshina Kannada,2,Bantwal,2,PANEMANGALURU,25,SAJIPA MUDA,119,2021-2022,2,Rabi,Fallow,0-73-0.00,2022-01-10,,,12.8595687,75.003259,
441516960,24,Dakshina Kannada,2,Bantwal,2,PANEMANGALURU,25,SAJIPA MUDA,119,2021-2022,2,Rabi,Fallow,0-14-0.00,2022-01-10,,,12.8595267,75.0033619,
441516983,24,Dakshina Kannada,2,Bantwal,2,PANEMANGALURU,25,SAJIPA MUDA,119,2021-2022,2,Rabi,Fallow,0-9-0.00,2022-01-11,,,12.8596572,75.0044713,
441516991,24,Dakshina Kannada,2,Bantwal,2,PANEMANGALURU,25,SAJIPA MUDA,119,2021-2022,2,Rabi,Fallow,0-45-0.00,2022-01-11,,,12.8599102,75.0041995,
441516997,24,Dakshina Kannada,2,Bantwal,2,PANEMANGALURU,25,SAJIPA MUDA,119,2021-2022,2,Rabi,Fallow,1-13-0.00,2022-01-11,,,12.859865,75.0042533,
441516999,24,Dakshina Kannada,2,Bantwal,2,PANEMANGALURU,25,SAJIPA MUDA,119,2021-2022,2,Rabi,Fallow,0-14-0.00,2022-01-11,,,12.8598636,75.004288,
441517056,24,Dakshina Kannada,2,Bantwal,2,PANEMANGALURU,25,SAJIPA MUDA,119,2021-2022,2,Rabi,NA Land ,0-10-0.00,2022-01-12,,,12.852435,75.0071317,
441517082,24,Dakshina Kannada,2,Bantwal,2,PANEMANGALURU,25,SAJIPA MUDA,119,2021-2022,2,Rabi,Fallow,0-68-0.00,2022-01-12,,,12.8524262,75.0074312,
441516799,24,Dakshina Kannada,2,Bantwal,2,PANEMANGALURU,25,SAJIPA MUDA,119,2021-2022,2,Rabi,Fallow,1-28-0.00,2022-01-10,,,12.8536719,75.0077308,
441516811,24,Dakshina Kannada,2,Bantwal,2,PANEMANGALURU,25,SAJIPA MUDA,119,2021-2022,2,Rabi,Fallow,0-45-0.00,2022-01-10,,,12.8549383,75.0085261,
441516822,24,Dakshina Kannada,2,Bantwal,2,PANEMANGALURU,25,SAJIPA MUDA,119,2021-2022,2,Rabi,Betel Nuts (Areca nuts),0-51-0.00,2022-01-10,,,12.8547663,75.0084896,
441516828,24,Dakshina Kannada,2,Bantwal,2,PANEMANGALURU,25,SAJIPA MUDA,119,2021-2022,2,Rabi,Fallow,0-66-0.00,2022-01-10,,,12.8593317,75.0055733,
441516830,24,Dakshina Kannada,2,Bantwal,2,PANEMANGALURU,25,SAJIPA MUDA,119,2021-2022,2,Rabi,Fallow,0-85-0.00,2022-01-10,,,12.859367,75.0055862,
441516839,24,Dakshina Kannada,2,Bantwal,2,PANEMANGALURU,25,SAJIPA MUDA,119,2021-2022,2,Rabi,Fallow,0-45-0.00,2022-01-10,,,12.8593311,75.0055409,
441516863,24,Dakshina Kannada,2,Bantwal,2,PANEMANGALURU,25,SAJIPA MUDA,119,2021-2022,2,Rabi,Fallow,0-68-0.00,2022-01-10,,,12.859835,75.0031383,
441516871,24,Dakshina Kannada,2,Bantwal,2,PANEMANGALURU,25,SAJIPA MUDA,119,2021-2022,2,Rabi,NA Land ,0-32-0.00,2022-01-10,,,12.8597924,75.0032725,
441516886,24,Dakshina Kannada,2,Bantwal,2,PANEMANGALURU,25,SAJIPA MUDA,119,2021-2022,2,Rabi,NA Land ,0-17-0.00,2022-01-10,,,12.8568144,75.0013623,
441516888,24,Dakshina Kannada,2,Bantwal,2,PANEMANGALURU,25,SAJIPA MUDA,119,2021-2022,2,Rabi,Fallow,0-48-0.00,2022-01-10,,,12.8568267,75.001383,
441516932,24,Dakshina Kannada,2,Bantwal,2,PANEMANGALURU,25,SAJIPA MUDA,119,2021-2022,2,Rabi,Fallow,0-8-0.00,2022-01-10,,,12.8585627,75.0037467,
441516941,24,Dakshina Kannada,2,Bantwal,2,PANEMANGALURU,25,SAJIPA MUDA,119,2021-2022,2,Rabi,Fallow,0-5-0.00,2022-01-10,,,12.8585854,75.0037504,
441516953,24,Dakshina Kannada,2,Bantwal,2,PANEMANGALURU,25,SAJIPA MUDA,119,2021-2022,2,Rabi,Fallow,0-12-0.00,2022-01-10,,,12.8588341,75.003287,
441516963,24,Dakshina Kannada,2,Bantwal,2,PANEMANGALURU,25,SAJIPA MUDA,119,2021-2022,2,Rabi,Fallow,0-26-0.00,2022-01-10,,,12.8597083,75.0034115,
441516994,24,Dakshina Kannada,2,Bantwal,2,PANEMANGALURU,25,SAJIPA MUDA,119,2021-2022,2,Rabi,Fallow,0-15-0.00,2022-01-11,,,12.8598725,75.0042168,
441517005,24,Dakshina Kannada,2,Bantwal,2,PANEMANGALURU,25,SAJIPA MUDA,119,2021-2022,2,Rabi,Fallow,0-60-0.00,2022-01-11,,,12.8618529,75.0066161,
441517008,24,Dakshina Kannada,2,Bantwal,2,PANEMANGALURU,25,SAJIPA MUDA,119,2021-2022,2,Rabi,Fallow,0-57-0.00,2022-01-11,,,12.8615891,75.0066353,
441517080,24,Dakshina Kannada,2,Bantwal,2,PANEMANGALURU,25,SAJIPA MUDA,119,2021-2022,2,Rabi,Fallow,0-10-0.00,2022-01-12,,,12.8524489,75.0074865,
441517087,24,Dakshina Kannada,2,Bantwal,2,PANEMANGALURU,25,SAJIPA MUDA,119,2021-2022,2,Rabi,NA Land ,0-4-0.00,2022-01-12,,,12.851647,75.0075259,
441517090,24,Dakshina Kannada,2,Bantwal,2,PANEMANGALURU,25,SAJIPA MUDA,119,2021-2022,2,Rabi,NA Land ,0-10-0.00,2022-01-12,,,12.8515899,75.0052149,
441517090,24,Dakshina Kannada,2,Bantwal,2,PANEMANGALURU,25,SAJIPA MUDA,119,2021-2022,2,Rabi,Fallow,3-0-97.00,2022-01-12,,,12.8515319,75.0052448,
441517090,24,Dakshina Kannada,2,Bantwal,2,PANEMANGALURU,25,SAJIPA MUDA,119,2021-2022,2,Rabi,Coconut,1-42-0.00,2022-01-12,,,12.8515337,75.005217,
441517117,24,Dakshina Kannada,2,Bantwal,2,PANEMANGALURU,25,SAJIPA MUDA,119,2021-2022,2,Rabi,Fallow,0-7-0.00,2022-01-12,,,12.8516191,75.0053043,
441517123,24,Dakshina Kannada,2,Bantwal,2,PANEMANGALURU,25,SAJIPA MUDA,119,2021-2022,2,Rabi,Fallow,0-28-0.00,2022-01-12,,,12.8516774,75.0053372,
441517127,24,Dakshina Kannada,2,Bantwal,2,PANEMANGALURU,25,SAJIPA MUDA,119,2021-2022,2,Rabi,Fallow,0-14-0.00,2022-01-12,,,12.8517594,75.0053673,
441517144,24,Dakshina Kannada,2,Bantwal,2,PANEMANGALURU,25,SAJIPA MUDA,119,2021-2022,2,Rabi,Fallow,0-15-0.00,2022-01-12,,,12.8505225,75.0060359,
441517112,24,Dakshina Kannada,2,Bantwal,2,PANEMANGALURU,25,SAJIPA MUDA,119,2021-2022,2,Rabi,Fallow,0-14-0.00,2022-01-12,,,12.8516649,75.0052864,
441517115,24,Dakshina Kannada,2,Bantwal,2,PANEMANGALURU,25,SAJIPA MUDA,119,2021-2022,2,Rabi,Fallow,0-9-0.00,2022-01-12,,,12.8516455,75.0052673,
441517132,24,Dakshina Kannada,2,Bantwal,2,PANEMANGALURU,25,SAJIPA MUDA,119,2021-2022,2,Rabi,NA Land ,0-12-50.00,2022-01-12,,,12.8504633,75.0060067,
441517146,24,Dakshina Kannada,2,Bantwal,2,PANEMANGALURU,25,SAJIPA MUDA,119,2021-2022,2,Rabi,NA Land ,0-10-50.00,2022-01-12,,,12.8505154,75.0060897,
441517155,24,Dakshina Kannada,2,Bantwal,2,PANEMANGALURU,25,SAJIPA MUDA,119,2021-2022,2,Rabi,Fallow,0-13-0.00,2022-01-12,,,12.8504965,75.0059503,
441517173,24,Dakshina Kannada,2,Bantwal,2,PANEMANGALURU,25,SAJIPA MUDA,119,2021-2022,2,Rabi,Fallow,1-14-0.00,2022-01-12,,,12.8490152,75.0074589,
441517192,24,Dakshina Kannada,2,Bantwal,2,PANEMANGALURU,25,SAJIPA MUDA,119,2021-2022,2,Rabi,Fallow,0-25-0.00,2022-01-12,,,12.8480549,75.0063064,
441517196,24,Dakshina Kannada,2,Bantwal,2,PANEMANGALURU,25,SAJIPA MUDA,119,2021-2022,2,Rabi,Fallow,0-43-0.00,2022-01-12,,,12.8500793,75.0051117,
441517179,24,Dakshina Kannada,2,Bantwal,2,PANEMANGALURU,25,SAJIPA MUDA,119,2021-2022,2,Rabi,Fallow,0-29-0.00,2022-01-12,,,12.8490124,75.0074829,
441516875,24,Dakshina Kannada,2,Bantwal,2,PANEMANGALURU,25,SAJIPA MUDA,119,2021-2022,2,Rabi,Fallow,0-28-0.00,2022-01-10,,,12.8597632,75.0032534,
441516881,24,Dakshina Kannada,2,Bantwal,2,PANEMANGALURU,25,SAJIPA MUDA,119,2021-2022,2,Rabi,Fallow,0-3-0.00,2022-01-10,,,12.8568661,75.0013199,
441516896,24,Dakshina Kannada,2,Bantwal,2,PANEMANGALURU,25,SAJIPA MUDA,119,2021-2022,2,Rabi,Fallow,0-2-0.00,2022-01-10,,,12.8581528,75.0019426,
441516817,24,Dakshina Kannada,2,Bantwal,2,PANEMANGALURU,25,SAJIPA MUDA,119,2021-2022,2,Rabi,Fallow,0-1-0.00,2022-01-10,,,12.8546962,75.0085468,
441516834,24,Dakshina Kannada,2,Bantwal,2,PANEMANGALURU,25,SAJIPA MUDA,119,2021-2022,2,Rabi,Fallow,1-26-0.00,2022-01-10,,,12.8594129,75.0055856,
441516845,24,Dakshina Kannada,2,Bantwal,2,PANEMANGALURU,25,SAJIPA MUDA,119,2021-2022,2,Rabi,Fallow,0-21-0.00,2022-01-10,,,12.8593146,75.0056417,
441516879,24,Dakshina Kannada,2,Bantwal,2,PANEMANGALURU,25,SAJIPA MUDA,119,2021-2022,2,Rabi,Betel Nuts (Areca nuts),1-38-0.00,2022-01-10,,,12.8568735,75.00134,
441516893,24,Dakshina Kannada,2,Bantwal,2,PANEMANGALURU,25,SAJIPA MUDA,119,2021-2022,2,Rabi,Fallow,0-71-50.00,2022-01-10,,,12.8569983,75.00122,
441516903,24,Dakshina Kannada,2,Bantwal,2,PANEMANGALURU,25,SAJIPA MUDA,119,2021-2022,2,Rabi,Fallow,0-13-0.00,2022-01-10,,,12.8581017,75.0029239,
441516625,24,Dakshina Kannada,2,Bantwal,2,PANEMANGALURU,25,SAJIPA MUDA,119,2021-2022,2,Rabi,NA Land ,0-9-0.00,2022-01-08,,,12.8536737,75.0041414,
441516662,24,Dakshina Kannada,2,Bantwal,2,PANEMANGALURU,25,SAJIPA MUDA,119,2021-2022,2,Rabi,Fallow,0-10-50.00,2022-01-08,,,12.8529769,75.0048407,
441516705,24,Dakshina Kannada,2,Bantwal,2,PANEMANGALURU,25,SAJIPA MUDA,119,2021-2022,2,Rabi,Fallow,0-81-0.00,2022-01-08,,,12.8529431,75.0054591,
441516730,24,Dakshina Kannada,2,Bantwal,2,PANEMANGALURU,25,SAJIPA MUDA,119,2021-2022,2,Rabi,Fallow,0-17-50.00,2022-01-08,,,12.8498828,75.0048319,
441516755,24,Dakshina Kannada,2,Bantwal,2,PANEMANGALURU,25,SAJIPA MUDA,119,2021-2022,2,Rabi,Fallow,0-78-0.00,2022-01-08,,,12.8477811,75.0045427,
441516710,24,Dakshina Kannada,2,Bantwal,2,PANEMANGALURU,25,SAJIPA MUDA,119,2021-2022,2,Rabi,Fallow,0-3-0.00,2022-01-08,,,12.8530425,75.0048294,
441516744,24,Dakshina Kannada,2,Bantwal,2,PANEMANGALURU,25,SAJIPA MUDA,119,2021-2022,2,Rabi,Fallow,0-33-0.00,2022-01-08,,,12.8479937,75.0044266,
441516763,24,Dakshina Kannada,2,Bantwal,2,PANEMANGALURU,25,SAJIPA MUDA,119,2021-2022,2,Rabi,Fallow,0-3-0.00,2022-01-08,,,12.8477614,75.0045225,
441516784,24,Dakshina Kannada,2,Bantwal,2,PANEMANGALURU,25,SAJIPA MUDA,119,2021-2022,2,Rabi,Fallow,0-56-0.00,2022-01-08,,,12.8494278,75.0051428,
441516825,24,Dakshina Kannada,2,Bantwal,2,PANEMANGALURU,25,SAJIPA MUDA,119,2021-2022,2,Rabi,Paddy-L,0-25-0.00,2022-01-10,january,1st week,12.8543617,75.0090394,
441516683,24,Dakshina Kannada,2,Bantwal,2,PANEMANGALURU,25,SAJIPA MUDA,119,2021-2022,2,Rabi,Fallow,0-17-0.00,2022-01-08,,,12.8532172,75.005223,
441516695,24,Dakshina Kannada,2,Bantwal,2,PANEMANGALURU,25,SAJIPA MUDA,119,2021-2022,2,Rabi,Fallow,0-6-0.00,2022-01-08,,,12.8531851,75.0053053,
441516698,24,Dakshina Kannada,2,Bantwal,2,PANEMANGALURU,25,SAJIPA MUDA,119,2021-2022,2,Rabi,Betel Nuts (Areca nuts),0-16-0.00,2022-01-08,,,12.8531617,75.00534,
441516719,24,Dakshina Kannada,2,Bantwal,2,PANEMANGALURU,25,SAJIPA MUDA,119,2021-2022,2,Rabi,Fallow,0-25-0.00,2022-01-08,,,12.8496845,75.0042858,
441516741,24,Dakshina Kannada,2,Bantwal,2,PANEMANGALURU,25,SAJIPA MUDA,119,2021-2022,2,Rabi,Fallow,0-65-0.00,2022-01-08,,,12.8479733,75.0044367,
441516776,24,Dakshina Kannada,2,Bantwal,2,PANEMANGALURU,25,SAJIPA MUDA,119,2021-2022,2,Rabi,Fallow,0-20-0.00,2022-01-08,,,12.8478017,75.004575,
441516809,24,Dakshina Kannada,2,Bantwal,2,PANEMANGALURU,25,SAJIPA MUDA,119,2021-2022,2,Rabi,Betel Nuts (Areca nuts),0-8-0.00,2022-01-10,,,12.8550533,75.0081083,
441088522,24,Dakshina Kannada,2,Bantwal,2,PANEMANGALURU,25,SAJIPA MUDA,119,2021-2022,2,Rabi,Fallow,0-50-0.00,2022-01-09,,,12.8465457,75.0223468,
441088525,24,Dakshina Kannada,2,Bantwal,2,PANEMANGALURU,25,SAJIPA MUDA,119,2021-2022,2,Rabi,Fallow,0-76-0.00,2022-01-09,,,12.8465664,75.0223383,
441088539,24,Dakshina Kannada,2,Bantwal,2,PANEMANGALURU,25,SAJIPA MUDA,119,2021-2022,2,Rabi,Fallow,0-8-0.00,2022-01-09,,,12.8454474,75.0216681,
441088549,24,Dakshina Kannada,2,Bantwal,2,PANEMANGALURU,25,SAJIPA MUDA,119,2021-2022,2,Rabi,NA Land ,0-4-0.00,2022-01-09,,,12.8488903,75.023595,
441088556,24,Dakshina Kannada,2,Bantwal,2,PANEMANGALURU,25,SAJIPA MUDA,119,2021-2022,2,Rabi,Betel Nuts (Areca nuts),0-48-0.00,2022-01-09,,,12.8488877,75.0236049,
441088556,24,Dakshina Kannada,2,Bantwal,2,PANEMANGALURU,25,SAJIPA MUDA,119,2021-2022,2,Rabi,Betel Nuts (Areca nuts),0-48-0.00,2022-01-09,,,12.8488877,75.0236047,
441260134,24,Dakshina Kannada,2,Bantwal,2,PANEMANGALURU,25,SAJIPA MUDA,119,2021-2022,2,Rabi,NA Land ,0-2-0.00,2022-01-10,,,12.8441091,75.0298192,
441260136,24,Dakshina Kannada,2,Bantwal,2,PANEMANGALURU,25,SAJIPA MUDA,119,2021-2022,2,Rabi,NA Land ,0-18-0.00,2022-01-10,,,12.8441179,75.0298708,
441260160,24,Dakshina Kannada,2,Bantwal,2,PANEMANGALURU,25,SAJIPA MUDA,119,2021-2022,2,Rabi,NA Land ,0-5-0.00,2022-01-11,,,12.8426851,75.0293706,
441260183,24,Dakshina Kannada,2,Bantwal,2,PANEMANGALURU,25,SAJIPA MUDA,119,2021-2022,2,Rabi,NA Land ,0-5-0.00,2022-01-11,,,12.8426785,75.0293587,
441260185,24,Dakshina Kannada,2,Bantwal,2,PANEMANGALURU,25,SAJIPA MUDA,119,2021-2022,2,Rabi,NA Land ,0-5-0.00,2022-01-11,,,12.8426784,75.029357,
441260187,24,Dakshina Kannada,2,Bantwal,2,PANEMANGALURU,25,SAJIPA MUDA,119,2021-2022,2,Rabi,NA Land ,0-5-0.00,2022-01-11,,,12.8426951,75.0293243,
441260195,24,Dakshina Kannada,2,Bantwal,2,PANEMANGALURU,25,SAJIPA MUDA,119,2021-2022,2,Rabi,NA Land ,0-5-0.00,2022-01-11,,,12.84267497,75.02935408,
441260230,24,Dakshina Kannada,2,Bantwal,2,PANEMANGALURU,25,SAJIPA MUDA,119,2021-2022,2,Rabi,NA Land ,1-60-0.00,2022-01-11,,,12.8367386,75.0302859,
441260234,24,Dakshina Kannada,2,Bantwal,2,PANEMANGALURU,25,SAJIPA MUDA,119,2021-2022,2,Rabi,NA Land ,3-45-0.00,2022-01-11,,,12.8367356,75.0302774,
441260238,24,Dakshina Kannada,2,Bantwal,2,PANEMANGALURU,25,SAJIPA MUDA,119,2021-2022,2,Rabi,NA Land ,0-6-0.00,2022-01-11,,,12.8389875,75.0309074,
441260242,24,Dakshina Kannada,2,Bantwal,2,PANEMANGALURU,25,SAJIPA MUDA,119,2021-2022,2,Rabi,NA Land ,0-75-0.00,2022-01-11,,,12.8390563,75.030909,
441260247,24,Dakshina Kannada,2,Bantwal,2,PANEMANGALURU,25,SAJIPA MUDA,119,2021-2022,2,Rabi,NA Land ,0-35-0.00,2022-01-11,,,12.8391756,75.0308586,
441260340,24,Dakshina Kannada,2,Bantwal,2,PANEMANGALURU,25,SAJIPA MUDA,119,2021-2022,2,Rabi,NA Land ,0-3-0.00,2022-01-11,,,12.844512,75.0336202,
441511155,24,Dakshina Kannada,2,Bantwal,2,PANEMANGALURU,25,SAJIPA MUDA,119,2021-2022,2,Rabi,Betel Nuts (Areca nuts),0-30-0.00,2022-01-08,,,12.846624,75.0374095,
441511155,24,Dakshina Kannada,2,Bantwal,2,PANEMANGALURU,25,SAJIPA MUDA,119,2021-2022,2,Rabi,Betel Nuts (Areca nuts),0-30-0.00,2022-01-08,,,12.846511,75.0374278,
441511170,24,Dakshina Kannada,2,Bantwal,2,PANEMANGALURU,25,SAJIPA MUDA,119,2021-2022,2,Rabi,NA Land ,0-7-0.00,2022-01-08,,,12.8465946,75.0374526,
441511240,24,Dakshina Kannada,2,Bantwal,2,PANEMANGALURU,25,SAJIPA MUDA,119,2021-2022,2,Rabi,Fallow,0-5-0.00,2022-01-08,,,12.8458197,75.0379745,
441511207,24,Dakshina Kannada,2,Bantwal,2,PANEMANGALURU,25,SAJIPA MUDA,119,2021-2022,2,Rabi,Fallow,0-4-0.00,2022-01-08,,,12.8446412,75.0385584,
441511194,24,Dakshina Kannada,2,Bantwal,2,PANEMANGALURU,25,SAJIPA MUDA,119,2021-2022,2,Rabi,Fallow,0-53-0.00,2022-01-08,,,12.8446426,75.0385864,
441511231,24,Dakshina Kannada,2,Bantwal,2,PANEMANGALURU,25,SAJIPA MUDA,119,2021-2022,2,Rabi,NA Land ,0-20-0.00,2022-01-08,,,12.8446309,75.0385781,
441517190,24,Dakshina Kannada,2,Bantwal,2,PANEMANGALURU,25,SAJIPA MUDA,119,2021-2022,2,Rabi,Fallow,0-4-0.00,2022-01-12,,,12.847953,75.0062595,
441517204,24,Dakshina Kannada,2,Bantwal,2,PANEMANGALURU,25,SAJIPA MUDA,119,2021-2022,2,Rabi,Fallow,0-29-0.00,2022-01-12,,,12.8500503,75.0050962,
441517218,24,Dakshina Kannada,2,Bantwal,2,PANEMANGALURU,25,SAJIPA MUDA,119,2021-2022,2,Rabi,Fallow,4-83-0.00,2022-01-13,,,12.8417784,75.0051634,
441517224,24,Dakshina Kannada,2,Bantwal,2,PANEMANGALURU,25,SAJIPA MUDA,119,2021-2022,2,Rabi,Fallow,6-35-0.00,2022-01-13,,,12.8441968,75.0058732,
441516869,24,Dakshina Kannada,2,Bantwal,2,PANEMANGALURU,25,SAJIPA MUDA,119,2021-2022,2,Rabi,Fallow,0-70-0.00,2022-01-10,,,12.8598209,75.0031544,
441516882,24,Dakshina Kannada,2,Bantwal,2,PANEMANGALURU,25,SAJIPA MUDA,119,2021-2022,2,Rabi,Fallow,0-12-0.00,2022-01-10,,,12.8568243,75.0013526,
441516917,24,Dakshina Kannada,2,Bantwal,2,PANEMANGALURU,25,SAJIPA MUDA,119,2021-2022,2,Rabi,Fallow,0-70-0.00,2022-01-10,,,12.85804,75.00315,
441516928,24,Dakshina Kannada,2,Bantwal,2,PANEMANGALURU,25,SAJIPA MUDA,119,2021-2022,2,Rabi,Fallow,0-3-0.00,2022-01-10,,,12.8585683,75.0037617,
441516939,24,Dakshina Kannada,2,Bantwal,2,PANEMANGALURU,25,SAJIPA MUDA,119,2021-2022,2,Rabi,Fallow,0-62-0.00,2022-01-10,,,12.8585963,75.0037216,
441516944,24,Dakshina Kannada,2,Bantwal,2,PANEMANGALURU,25,SAJIPA MUDA,119,2021-2022,2,Rabi,NA Land ,0-8-0.00,2022-01-10,,,12.858538,75.0037473,
441516944,24,Dakshina Kannada,2,Bantwal,2,PANEMANGALURU,25,SAJIPA MUDA,119,2021-2022,2,Rabi,Fallow,0-95-0.00,2022-01-10,,,12.8586776,75.0033203,
441516962,24,Dakshina Kannada,2,Bantwal,2,PANEMANGALURU,25,SAJIPA MUDA,119,2021-2022,2,Rabi,Fallow,0-13-0.00,2022-01-10,,,12.8597817,75.0034617,
441516976,24,Dakshina Kannada,2,Bantwal,2,PANEMANGALURU,25,SAJIPA MUDA,119,2021-2022,2,Rabi,Fallow,0-13-0.00,2022-01-11,,,12.8591278,75.0074314,
441516978,24,Dakshina Kannada,2,Bantwal,2,PANEMANGALURU,25,SAJIPA MUDA,119,2021-2022,2,Rabi,Fallow,0-35-0.00,2022-01-11,,,12.8591332,75.0074129,
441517017,24,Dakshina Kannada,2,Bantwal,2,PANEMANGALURU,25,SAJIPA MUDA,119,2021-2022,2,Rabi,Fallow,0-30-0.00,2022-01-11,,,12.8615058,75.0066972,
441517047,24,Dakshina Kannada,2,Bantwal,2,PANEMANGALURU,25,SAJIPA MUDA,119,2021-2022,2,Rabi,Fallow,0-35-0.00,2022-01-12,,,12.8569134,75.0174725,
441517065,24,Dakshina Kannada,2,Bantwal,2,PANEMANGALURU,25,SAJIPA MUDA,119,2021-2022,2,Rabi,Fallow,0-12-0.00,2022-01-12,,,12.8525207,75.007242,
441517067,24,Dakshina Kannada,2,Bantwal,2,PANEMANGALURU,25,SAJIPA MUDA,119,2021-2022,2,Rabi,NA Land ,0-6-0.00,2022-01-12,,,12.8525441,75.0072763,
441517076,24,Dakshina Kannada,2,Bantwal,2,PANEMANGALURU,25,SAJIPA MUDA,119,2021-2022,2,Rabi,Fallow,0-50-0.00,2022-01-12,,,12.8524151,75.0074951,
441517121,24,Dakshina Kannada,2,Bantwal,2,PANEMANGALURU,25,SAJIPA MUDA,119,2021-2022,2,Rabi,Fallow,0-4-0.00,2022-01-12,,,12.8516282,75.0052807,
441517129,24,Dakshina Kannada,2,Bantwal,2,PANEMANGALURU,25,SAJIPA MUDA,119,2021-2022,2,Rabi,Fallow,0-21-0.00,2022-01-12,,,12.8517466,75.0053305,
441517134,24,Dakshina Kannada,2,Bantwal,2,PANEMANGALURU,25,SAJIPA MUDA,119,2021-2022,2,Rabi,NA Land ,0-5-0.00,2022-01-12,,,12.850517,75.0060754,
441517136,24,Dakshina Kannada,2,Bantwal,2,PANEMANGALURU,25,SAJIPA MUDA,119,2021-2022,2,Rabi,Fallow,0-34-50.00,2022-01-12,,,12.8505396,75.0060149,
441517183,24,Dakshina Kannada,2,Bantwal,2,PANEMANGALURU,25,SAJIPA MUDA,119,2021-2022,2,Rabi,Fallow,1-95-0.00,2022-01-12,,,12.8479763,75.0063249,
441517188,24,Dakshina Kannada,2,Bantwal,2,PANEMANGALURU,25,SAJIPA MUDA,119,2021-2022,2,Rabi,Fallow,1-62-0.00,2022-01-12,,,12.8479439,75.0062665,
441517215,24,Dakshina Kannada,2,Bantwal,2,PANEMANGALURU,25,SAJIPA MUDA,119,2021-2022,2,Rabi,Fallow,0-8-0.00,2022-01-12,,,12.8501183,75.005175,
441516986,24,Dakshina Kannada,2,Bantwal,2,PANEMANGALURU,25,SAJIPA MUDA,119,2021-2022,2,Rabi,Betel Nuts (Areca nuts),0-13-0.00,2022-01-11,,,12.8600635,75.0041473,
441516872,24,Dakshina Kannada,2,Bantwal,2,PANEMANGALURU,25,SAJIPA MUDA,119,2021-2022,2,Rabi,NA Land ,0-30-0.00,2022-01-10,,,12.8598018,75.0032676,
441516898,24,Dakshina Kannada,2,Bantwal,2,PANEMANGALURU,25,SAJIPA MUDA,119,2021-2022,2,Rabi,Fallow,0-93-0.00,2022-01-10,,,12.8580643,75.0020112,
441516900,24,Dakshina Kannada,2,Bantwal,2,PANEMANGALURU,25,SAJIPA MUDA,119,2021-2022,2,Rabi,Fallow,0-1-0.00,2022-01-10,,,12.858101,75.0020327,
441516914,24,Dakshina Kannada,2,Bantwal,2,PANEMANGALURU,25,SAJIPA MUDA,119,2021-2022,2,Rabi,Fallow,0-10-0.00,2022-01-10,,,12.8580431,75.0030706,
441516929,24,Dakshina Kannada,2,Bantwal,2,PANEMANGALURU,25,SAJIPA MUDA,119,2021-2022,2,Rabi,Fallow,0-24-0.00,2022-01-10,,,12.8585552,75.0037674,
441516936,24,Dakshina Kannada,2,Bantwal,2,PANEMANGALURU,25,SAJIPA MUDA,119,2021-2022,2,Rabi,Fallow,0-12-0.00,2022-01-10,,,12.8585623,75.003737,
441516971,24,Dakshina Kannada,2,Bantwal,2,PANEMANGALURU,25,SAJIPA MUDA,119,2021-2022,2,Rabi,Fallow,0-61-0.00,2022-01-11,,,12.8591792,75.0074388,
441516988,24,Dakshina Kannada,2,Bantwal,2,PANEMANGALURU,25,SAJIPA MUDA,119,2021-2022,2,Rabi,NA Land ,0-19-0.00,2022-01-11,,,12.8600455,75.0041678,
441517031,24,Dakshina Kannada,2,Bantwal,2,PANEMANGALURU,25,SAJIPA MUDA,119,2021-2022,2,Rabi,Fallow,0-32-0.00,2022-01-11,,,12.8625118,75.006122,
441517034,24,Dakshina Kannada,2,Bantwal,2,PANEMANGALURU,25,SAJIPA MUDA,119,2021-2022,2,Rabi,NA Land ,0-7-0.00,2022-01-11,,,12.8626295,75.0061162,
441517034,24,Dakshina Kannada,2,Bantwal,2,PANEMANGALURU,25,SAJIPA MUDA,119,2021-2022,2,Rabi,Fallow,0-10-0.00,2022-01-11,,,12.8626965,75.0061649,
441516908,24,Dakshina Kannada,2,Bantwal,2,PANEMANGALURU,25,SAJIPA MUDA,119,2021-2022,2,Rabi,Fallow,0-33-0.00,2022-01-10,,,12.8581479,75.0029476,
441516920,24,Dakshina Kannada,2,Bantwal,2,PANEMANGALURU,25,SAJIPA MUDA,119,2021-2022,2,Rabi,Fallow,0-39-0.00,2022-01-10,,,12.8580482,75.0032984,
441516807,24,Dakshina Kannada,2,Bantwal,2,PANEMANGALURU,25,SAJIPA MUDA,119,2021-2022,2,Rabi,Paddy-L,0-6-0.00,2022-01-10,january,1st week,12.8543624,75.0090606,
441516842,24,Dakshina Kannada,2,Bantwal,2,PANEMANGALURU,25,SAJIPA MUDA,119,2021-2022,2,Rabi,Fallow,0-14-0.00,2022-01-10,,,12.8593646,75.0056601,
441516846,24,Dakshina Kannada,2,Bantwal,2,PANEMANGALURU,25,SAJIPA MUDA,119,2021-2022,2,Rabi,Fallow,1-55-0.00,2022-01-10,,,12.859344,75.0056248,
441516856,24,Dakshina Kannada,2,Bantwal,2,PANEMANGALURU,25,SAJIPA MUDA,119,2021-2022,2,Rabi,Fallow,0-13-0.00,2022-01-10,,,12.8593739,75.005614,
441516858,24,Dakshina Kannada,2,Bantwal,2,PANEMANGALURU,25,SAJIPA MUDA,119,2021-2022,2,Rabi,Fallow,0-37-0.00,2022-01-10,,,12.859355,75.0056091,
441516758,24,Dakshina Kannada,2,Bantwal,2,PANEMANGALURU,25,SAJIPA MUDA,119,2021-2022,2,Rabi,Fallow,0-63-0.00,2022-01-08,,,12.8478271,75.0045673,
441516780,24,Dakshina Kannada,2,Bantwal,2,PANEMANGALURU,25,SAJIPA MUDA,119,2021-2022,2,Rabi,Fallow,0-51-0.00,2022-01-08,,,12.8494694,75.0051307,
441516786,24,Dakshina Kannada,2,Bantwal,2,PANEMANGALURU,25,SAJIPA MUDA,119,2021-2022,2,Rabi,Paddy-L,0-75-0.00,2022-01-08,january,1st week,12.84941,75.0051567,
441516607,24,Dakshina Kannada,2,Bantwal,2,PANEMANGALURU,25,SAJIPA MUDA,119,2021-2022,2,Rabi,Fallow,0-1-0.00,2022-01-08,,,12.8545217,75.0042933,
441516614,24,Dakshina Kannada,2,Bantwal,2,PANEMANGALURU,25,SAJIPA MUDA,119,2021-2022,2,Rabi,Fallow,0-1-0.00,2022-01-08,,,12.8539816,75.0044764,
441516677,24,Dakshina Kannada,2,Bantwal,2,PANEMANGALURU,25,SAJIPA MUDA,119,2021-2022,2,Rabi,Betel Nuts (Areca nuts),0-17-0.00,2022-01-08,,,12.8531963,75.0050346,
441516752,24,Dakshina Kannada,2,Bantwal,2,PANEMANGALURU,25,SAJIPA MUDA,119,2021-2022,2,Rabi,Betel Nuts (Areca nuts),0-18-0.00,2022-01-08,,,12.8479917,75.0044517,
441516801,24,Dakshina Kannada,2,Bantwal,2,PANEMANGALURU,25,SAJIPA MUDA,119,2021-2022,2,Rabi,Fallow,0-42-0.00,2022-01-10,,,12.853727,75.0077253,
441517002,24,Dakshina Kannada,2,Bantwal,2,PANEMANGALURU,25,SAJIPA MUDA,119,2021-2022,2,Rabi,NA Land ,0-8-0.00,2022-01-11,,,12.8639924,75.0058827,
441517037,24,Dakshina Kannada,2,Bantwal,2,PANEMANGALURU,25,SAJIPA MUDA,119,2021-2022,2,Rabi,Fallow,0-12-0.00,2022-01-11,,,12.8634714,75.006241,
441517070,24,Dakshina Kannada,2,Bantwal,2,PANEMANGALURU,25,SAJIPA MUDA,119,2021-2022,2,Rabi,NA Land ,0-10-0.00,2022-01-12,,,12.8525868,75.0072987,
441517125,24,Dakshina Kannada,2,Bantwal,2,PANEMANGALURU,25,SAJIPA MUDA,119,2021-2022,2,Rabi,Coconut,0-28-0.00,2022-01-12,,,12.8516535,75.005251,
441517140,24,Dakshina Kannada,2,Bantwal,2,PANEMANGALURU,25,SAJIPA MUDA,119,2021-2022,2,Rabi,Fallow,0-10-0.00,2022-01-12,,,12.8505721,75.00607,
441517194,24,Dakshina Kannada,2,Bantwal,2,PANEMANGALURU,25,SAJIPA MUDA,119,2021-2022,2,Rabi,Fallow,0-15-0.00,2022-01-12,,,12.8501841,75.0050918,
441516874,24,Dakshina Kannada,2,Bantwal,2,PANEMANGALURU,25,SAJIPA MUDA,119,2021-2022,2,Rabi,Fallow,0-28-0.00,2022-01-10,,,12.8597613,75.003269,
441516884,24,Dakshina Kannada,2,Bantwal,2,PANEMANGALURU,25,SAJIPA MUDA,119,2021-2022,2,Rabi,Fallow,0-14-50.00,2022-01-10,,,12.8567376,75.0013086,
441516884,24,Dakshina Kannada,2,Bantwal,2,PANEMANGALURU,25,SAJIPA MUDA,119,2021-2022,2,Rabi,Betel Nuts (Areca nuts),2-0-0.00,2022-01-10,,,12.8567467,75.0013967,
441516890,24,Dakshina Kannada,2,Bantwal,2,PANEMANGALURU,25,SAJIPA MUDA,119,2021-2022,2,Rabi,Fallow,0-92-0.00,2022-01-10,,,12.8569812,75.0012212,
441516911,24,Dakshina Kannada,2,Bantwal,2,PANEMANGALURU,25,SAJIPA MUDA,119,2021-2022,2,Rabi,Fallow,1-96-0.00,2022-01-10,,,12.8581027,75.0031355,
441516918,24,Dakshina Kannada,2,Bantwal,2,PANEMANGALURU,25,SAJIPA MUDA,119,2021-2022,2,Rabi,Fallow,0-50-0.00,2022-01-10,,,12.8580764,75.0033991,
441516951,24,Dakshina Kannada,2,Bantwal,2,PANEMANGALURU,25,SAJIPA MUDA,119,2021-2022,2,Rabi,Betel Nuts (Areca nuts),0-42-0.00,2022-01-10,,,12.858744,75.0033113,
441516968,24,Dakshina Kannada,2,Bantwal,2,PANEMANGALURU,25,SAJIPA MUDA,119,2021-2022,2,Rabi,NA Land ,0-10-0.00,2022-01-11,,,12.8592287,75.0073552,
441516981,24,Dakshina Kannada,2,Bantwal,2,PANEMANGALURU,25,SAJIPA MUDA,119,2021-2022,2,Rabi,NA Land ,0-10-0.00,2022-01-11,,,12.8592572,75.0072909,
441516981,24,Dakshina Kannada,2,Bantwal,2,PANEMANGALURU,25,SAJIPA MUDA,119,2021-2022,2,Rabi,Betel Nuts (Areca nuts),0-40-0.00,2022-01-11,,,12.8592817,75.0067419,
441517011,24,Dakshina Kannada,2,Bantwal,2,PANEMANGALURU,25,SAJIPA MUDA,119,2021-2022,2,Rabi,Fallow,0-89-0.00,2022-01-11,,,12.861556,75.0066523,
441517014,24,Dakshina Kannada,2,Bantwal,2,PANEMANGALURU,25,SAJIPA MUDA,119,2021-2022,2,Rabi,Fallow,0-14-0.00,2022-01-11,,,12.8615182,75.0066376,
441517023,24,Dakshina Kannada,2,Bantwal,2,PANEMANGALURU,25,SAJIPA MUDA,119,2021-2022,2,Rabi,Fallow,0-2-0.00,2022-01-11,,,12.8615004,75.0066401,
441517025,24,Dakshina Kannada,2,Bantwal,2,PANEMANGALURU,25,SAJIPA MUDA,119,2021-2022,2,Rabi,Fallow,0-12-0.00,2022-01-11,,,12.8615132,75.0066338,
441517043,24,Dakshina Kannada,2,Bantwal,2,PANEMANGALURU,25,SAJIPA MUDA,119,2021-2022,2,Rabi,NA Land ,0-8-0.00,2022-01-11,,,12.8634882,75.0062481,
441517053,24,Dakshina Kannada,2,Bantwal,2,PANEMANGALURU,25,SAJIPA MUDA,119,2021-2022,2,Rabi,Fallow,0-97-50.00,2022-01-12,,,12.8569264,75.0174038,
441517062,24,Dakshina Kannada,2,Bantwal,2,PANEMANGALURU,25,SAJIPA MUDA,119,2021-2022,2,Rabi,Fallow,0-10-0.00,2022-01-12,,,12.8525771,75.007319,
441517103,24,Dakshina Kannada,2,Bantwal,2,PANEMANGALURU,25,SAJIPA MUDA,119,2021-2022,2,Rabi,Fallow,1-58-0.00,2022-01-12,,,12.8516251,75.0052221,
441517109,24,Dakshina Kannada,2,Bantwal,2,PANEMANGALURU,25,SAJIPA MUDA,119,2021-2022,2,Rabi,Fallow,0-51-0.00,2022-01-12,,,12.8517336,75.0052887,
441517142,24,Dakshina Kannada,2,Bantwal,2,PANEMANGALURU,25,SAJIPA MUDA,119,2021-2022,2,Rabi,Fallow,0-3-0.00,2022-01-12,,,12.8505699,75.0060292,
441517163,24,Dakshina Kannada,2,Bantwal,2,PANEMANGALURU,25,SAJIPA MUDA,119,2021-2022,2,Rabi,Fallow,0-20-0.00,2022-01-12,,,12.8489796,75.0074396,
441517198,24,Dakshina Kannada,2,Bantwal,2,PANEMANGALURU,25,SAJIPA MUDA,119,2021-2022,2,Rabi,Fallow,0-45-0.00,2022-01-12,,,12.8500417,75.0050721,
441517200,24,Dakshina Kannada,2,Bantwal,2,PANEMANGALURU,25,SAJIPA MUDA,119,2021-2022,2,Rabi,Fallow,0-32-0.00,2022-01-12,,,12.8500465,75.0050242,
441517209,24,Dakshina Kannada,2,Bantwal,2,PANEMANGALURU,25,SAJIPA MUDA,119,2021-2022,2,Rabi,Fallow,0-12-0.00,2022-01-12,,,12.8501872,75.0051298,
441517213,24,Dakshina Kannada,2,Bantwal,2,PANEMANGALURU,25,SAJIPA MUDA,119,2021-2022,2,Rabi,NA Land ,0-23-50.00,2022-01-12,,,12.850149,75.005109,
441517227,24,Dakshina Kannada,2,Bantwal,2,PANEMANGALURU,25,SAJIPA MUDA,119,2021-2022,2,Rabi,Fallow,1-94-0.00,2022-01-13,,,12.8441918,75.0058298,
441517230,24,Dakshina Kannada,2,Bantwal,2,PANEMANGALURU,25,SAJIPA MUDA,119,2021-2022,2,Rabi,Fallow,0-53-0.00,2022-01-13,,,12.8532944,75.0086876,
441517233,24,Dakshina Kannada,2,Bantwal,2,PANEMANGALURU,25,SAJIPA MUDA,119,2021-2022,2,Rabi,Betel Nuts (Areca nuts),1-92-0.00,2022-01-13,,,12.8588329,75.0117205,
441517040,24,Dakshina Kannada,2,Bantwal,2,PANEMANGALURU,25,SAJIPA MUDA,119,2021-2022,2,Rabi,Fallow,0-64-0.00,2022-01-11,,,12.8635105,75.0062314,
441516948,24,Dakshina Kannada,2,Bantwal,2,PANEMANGALURU,25,SAJIPA MUDA,119,2021-2022,2,Rabi,Fallow,0-11-0.00,2022-01-10,,,12.858904,75.0033197,
441516966,24,Dakshina Kannada,2,Bantwal,2,PANEMANGALURU,25,SAJIPA MUDA,119,2021-2022,2,Rabi,Fallow,0-15-0.00,2022-01-10,,,12.8597051,75.0034483,
441516974,24,Dakshina Kannada,2,Bantwal,2,PANEMANGALURU,25,SAJIPA MUDA,119,2021-2022,2,Rabi,Fallow,1-96-0.00,2022-01-11,,,12.8591681,75.0074488,
441517020,24,Dakshina Kannada,2,Bantwal,2,PANEMANGALURU,25,SAJIPA MUDA,119,2021-2022,2,Rabi,Fallow,0-29-0.00,2022-01-11,,,12.861532,75.0066749,
441517028,24,Dakshina Kannada,2,Bantwal,2,PANEMANGALURU,25,SAJIPA MUDA,119,2021-2022,2,Rabi,Fallow,1-0-0.00,2022-01-11,,,12.8625182,75.0061382,
441517050,24,Dakshina Kannada,2,Bantwal,2,PANEMANGALURU,25,SAJIPA MUDA,119,2021-2022,2,Rabi,Fallow,7-58-0.00,2022-01-12,,,12.8569276,75.0174896,
441517059,24,Dakshina Kannada,2,Bantwal,2,PANEMANGALURU,25,SAJIPA MUDA,119,2021-2022,2,Rabi,Fallow,0-20-0.00,2022-01-12,,,12.8525499,75.0074404,
441517059,24,Dakshina Kannada,2,Bantwal,2,PANEMANGALURU,25,SAJIPA MUDA,119,2021-2022,2,Rabi,Coconut,0-16-0.00,2022-01-12,,,12.8525986,75.007393,
441517085,24,Dakshina Kannada,2,Bantwal,2,PANEMANGALURU,25,SAJIPA MUDA,119,2021-2022,2,Rabi,Betel Nuts (Areca nuts),0-88-0.00,2022-01-12,,,12.85182,75.0079517,
441517131,24,Dakshina Kannada,2,Bantwal,2,PANEMANGALURU,25,SAJIPA MUDA,119,2021-2022,2,Rabi,Betel Nuts (Areca nuts),1-29-0.00,2022-01-12,,,12.850579,75.0059833,
441517165,24,Dakshina Kannada,2,Bantwal,2,PANEMANGALURU,25,SAJIPA MUDA,119,2021-2022,2,Rabi,Fallow,0-29-0.00,2022-01-12,,,12.8489858,75.0074006,
441517167,24,Dakshina Kannada,2,Bantwal,2,PANEMANGALURU,25,SAJIPA MUDA,119,2021-2022,2,Rabi,Fallow,0-29-0.00,2022-01-12,,,12.8490008,75.0074394,
441517176,24,Dakshina Kannada,2,Bantwal,2,PANEMANGALURU,25,SAJIPA MUDA,119,2021-2022,2,Rabi,Fallow,0-94-0.00,2022-01-12,,,12.8489826,75.0074873,
441517181,24,Dakshina Kannada,2,Bantwal,2,PANEMANGALURU,25,SAJIPA MUDA,119,2021-2022,2,Rabi,Fallow,0-5-0.00,2022-01-12,,,12.849062,75.0074818,
441517202,24,Dakshina Kannada,2,Bantwal,2,PANEMANGALURU,25,SAJIPA MUDA,119,2021-2022,2,Rabi,Fallow,0-4-0.00,2022-01-12,,,12.8500057,75.0050804,
441517221,24,Dakshina Kannada,2,Bantwal,2,PANEMANGALURU,25,SAJIPA MUDA,119,2021-2022,2,Rabi,Fallow,1-70-0.00,2022-01-13,,,12.8417895,75.0051046,
441517100,24,Dakshina Kannada,2,Bantwal,2,PANEMANGALURU,25,SAJIPA MUDA,119,2021-2022,2,Rabi,Fallow,1-36-0.00,2022-01-12,,,12.8516394,75.0051804,
441511231,24,Dakshina Kannada,2,Bantwal,2,PANEMANGALURU,25,SAJIPA MUDA,119,2021-2022,2,Rabi,NA Land ,0-20-0.00,2022-01-08,,,12.8446355,75.0385748,
441511183,24,Dakshina Kannada,2,Bantwal,2,PANEMANGALURU,25,SAJIPA MUDA,119,2021-2022,2,Rabi,Fallow,0-15-0.00,2022-01-08,,,12.8446633,75.0385667,
441511234,24,Dakshina Kannada,2,Bantwal,2,PANEMANGALURU,25,SAJIPA MUDA,119,2021-2022,2,Rabi,Betel Nuts (Areca nuts),0-34-0.00,2022-01-08,,,12.8446416,75.0385764,
441511234,24,Dakshina Kannada,2,Bantwal,2,PANEMANGALURU,25,SAJIPA MUDA,119,2021-2022,2,Rabi,Betel Nuts (Areca nuts),0-34-0.00,2022-01-08,,,12.8446305,75.0385619,
441511181,24,Dakshina Kannada,2,Bantwal,2,PANEMANGALURU,25,SAJIPA MUDA,119,2021-2022,2,Rabi,Fallow,0-14-0.00,2022-01-08,,,12.8446307,75.0385473,
441511202,24,Dakshina Kannada,2,Bantwal,2,PANEMANGALURU,25,SAJIPA MUDA,119,2021-2022,2,Rabi,Fallow,0-7-0.00,2022-01-08,,,12.8446589,75.0385541,
441511211,24,Dakshina Kannada,2,Bantwal,2,PANEMANGALURU,25,SAJIPA MUDA,119,2021-2022,2,Rabi,Betel Nuts (Areca nuts),0-29-0.00,2022-01-08,,,12.8446546,75.038579,
441511211,24,Dakshina Kannada,2,Bantwal,2,PANEMANGALURU,25,SAJIPA MUDA,119,2021-2022,2,Rabi,Betel Nuts (Areca nuts),0-29-0.00,2022-01-08,,,12.8446414,75.0385841,
441511220,24,Dakshina Kannada,2,Bantwal,2,PANEMANGALURU,25,SAJIPA MUDA,119,2021-2022,2,Rabi,NA Land ,0-9-0.00,2022-01-08,,,12.8446521,75.0385892,
441511159,24,Dakshina Kannada,2,Bantwal,2,PANEMANGALURU,25,SAJIPA MUDA,119,2021-2022,2,Rabi,Fallow,0-28-0.00,2022-01-08,,,12.8466356,75.0374548,
441511189,24,Dakshina Kannada,2,Bantwal,2,PANEMANGALURU,25,SAJIPA MUDA,119,2021-2022,2,Rabi,Fallow,0-17-0.00,2022-01-08,,,12.8446324,75.0385816,
441511215,24,Dakshina Kannada,2,Bantwal,2,PANEMANGALURU,25,SAJIPA MUDA,119,2021-2022,2,Rabi,Fallow,0-5-0.00,2022-01-08,,,12.8446489,75.0385882,
441511217,24,Dakshina Kannada,2,Bantwal,2,PANEMANGALURU,25,SAJIPA MUDA,119,2021-2022,2,Rabi,Fallow,0-16-0.00,2022-01-08,,,12.8446907,75.0385691,
441511237,24,Dakshina Kannada,2,Bantwal,2,PANEMANGALURU,25,SAJIPA MUDA,119,2021-2022,2,Rabi,Betel Nuts (Areca nuts),0-26-0.00,2022-01-08,,,12.8457804,75.0379911,
441511237,24,Dakshina Kannada,2,Bantwal,2,PANEMANGALURU,25,SAJIPA MUDA,119,2021-2022,2,Rabi,Betel Nuts (Areca nuts),0-26-0.00,2022-01-08,,,12.8457956,75.0379789,
441511241,24,Dakshina Kannada,2,Bantwal,2,PANEMANGALURU,25,SAJIPA MUDA,119,2021-2022,2,Rabi,Fallow,0-26-0.00,2022-01-08,,,12.8458048,75.0379588,
441511162,24,Dakshina Kannada,2,Bantwal,2,PANEMANGALURU,25,SAJIPA MUDA,119,2021-2022,2,Rabi,Fallow,0-26-0.00,2022-01-08,,,12.846613,75.0374644,
441511167,24,Dakshina Kannada,2,Bantwal,2,PANEMANGALURU,25,SAJIPA MUDA,119,2021-2022,2,Rabi,Fallow,0-58-0.00,2022-01-08,,,12.8465768,75.0374498,
441511186,24,Dakshina Kannada,2,Bantwal,2,PANEMANGALURU,25,SAJIPA MUDA,119,2021-2022,2,Rabi,Fallow,0-14-0.00,2022-01-08,,,12.8446677,75.0385924,
441511191,24,Dakshina Kannada,2,Bantwal,2,PANEMANGALURU,25,SAJIPA MUDA,119,2021-2022,2,Rabi,Fallow,0-6-0.00,2022-01-08,,,12.844633,75.038547,
441511198,24,Dakshina Kannada,2,Bantwal,2,PANEMANGALURU,25,SAJIPA MUDA,119,2021-2022,2,Rabi,Betel Nuts (Areca nuts),0-15-0.00,2022-01-08,,,12.8446366,75.0385399,
441511198,24,Dakshina Kannada,2,Bantwal,2,PANEMANGALURU,25,SAJIPA MUDA,119,2021-2022,2,Rabi,Betel Nuts (Areca nuts),0-15-0.00,2022-01-08,,,12.8446325,75.0385381,
441511228,24,Dakshina Kannada,2,Bantwal,2,PANEMANGALURU,25,SAJIPA MUDA,119,2021-2022,2,Rabi,Fallow,0-15-0.00,2022-01-08,,,12.844649,75.0386271,
441511174,24,Dakshina Kannada,2,Bantwal,2,PANEMANGALURU,25,SAJIPA MUDA,119,2021-2022,2,Rabi,Betel Nuts (Areca nuts),0-16-0.00,2022-01-08,,,12.8446109,75.038516,
441511174,24,Dakshina Kannada,2,Bantwal,2,PANEMANGALURU,25,SAJIPA MUDA,119,2021-2022,2,Rabi,Betel Nuts (Areca nuts),0-16-0.00,2022-01-08,,,12.8446222,75.0385143,
441511178,24,Dakshina Kannada,2,Bantwal,2,PANEMANGALURU,25,SAJIPA MUDA,119,2021-2022,2,Rabi,Fallow,0-12-0.00,2022-01-08,,,12.8446227,75.0385016,
441516814,24,Dakshina Kannada,2,Bantwal,2,PANEMANGALURU,25,SAJIPA MUDA,119,2021-2022,2,Rabi,Coconut,0-2-0.00,2022-01-10,,,12.8547806,75.0085372,
441516832,24,Dakshina Kannada,2,Bantwal,2,PANEMANGALURU,25,SAJIPA MUDA,119,2021-2022,2,Rabi,Fallow,0-99-0.00,2022-01-10,,,12.8593968,75.0056046,
441516854,24,Dakshina Kannada,2,Bantwal,2,PANEMANGALURU,25,SAJIPA MUDA,119,2021-2022,2,Rabi,Fallow,0-86-0.00,2022-01-10,,,12.8593881,75.0055692,
441516878,24,Dakshina Kannada,2,Bantwal,2,PANEMANGALURU,25,SAJIPA MUDA,119,2021-2022,2,Rabi,Fallow,0-60-0.00,2022-01-10,,,12.859474,75.0031261,
441516905,24,Dakshina Kannada,2,Bantwal,2,PANEMANGALURU,25,SAJIPA MUDA,119,2021-2022,2,Rabi,Fallow,0-21-0.00,2022-01-10,,,12.8581363,75.0029262,
441516789,24,Dakshina Kannada,2,Bantwal,2,PANEMANGALURU,25,SAJIPA MUDA,119,2021-2022,2,Rabi,Fallow,0-29-0.00,2022-01-10,,,12.8537347,75.0076995,
441516791,24,Dakshina Kannada,2,Bantwal,2,PANEMANGALURU,25,SAJIPA MUDA,119,2021-2022,2,Rabi,Fallow,0-28-0.00,2022-01-10,,,12.8536627,75.007663,
441516851,24,Dakshina Kannada,2,Bantwal,2,PANEMANGALURU,25,SAJIPA MUDA,119,2021-2022,2,Rabi,Fallow,1-10-0.00,2022-01-10,,,12.8593869,75.0055897,
441516867,24,Dakshina Kannada,2,Bantwal,2,PANEMANGALURU,25,SAJIPA MUDA,119,2021-2022,2,Rabi,Fallow,0-46-0.00,2022-01-10,,,12.8598122,75.0030967,
441516873,24,Dakshina Kannada,2,Bantwal,2,PANEMANGALURU,25,SAJIPA MUDA,119,2021-2022,2,Rabi,Fallow,0-68-0.00,2022-01-10,,,12.8597896,75.003266,
441516837,24,Dakshina Kannada,2,Bantwal,2,PANEMANGALURU,25,SAJIPA MUDA,119,2021-2022,2,Rabi,Fallow,0-19-0.00,2022-01-10,,,12.8593851,75.0055962,
441516849,24,Dakshina Kannada,2,Bantwal,2,PANEMANGALURU,25,SAJIPA MUDA,119,2021-2022,2,Rabi,Fallow,1-29-0.00,2022-01-10,,,12.8593938,75.0056513,
441516864,24,Dakshina Kannada,2,Bantwal,2,PANEMANGALURU,25,SAJIPA MUDA,119,2021-2022,2,Rabi,Fallow,0-21-0.00,2022-01-10,,,12.859865,75.003125,
441516894,24,Dakshina Kannada,2,Bantwal,2,PANEMANGALURU,25,SAJIPA MUDA,119,2021-2022,2,Rabi,Fallow,0-69-0.00,2022-01-10,,,12.8580783,75.0019333,
441516922,24,Dakshina Kannada,2,Bantwal,2,PANEMANGALURU,25,SAJIPA MUDA,119,2021-2022,2,Rabi,Fallow,1-17-0.00,2022-01-10,,,12.8580817,75.003395,
441516925,24,Dakshina Kannada,2,Bantwal,2,PANEMANGALURU,25,SAJIPA MUDA,119,2021-2022,2,Rabi,Fallow,0-1-0.00,2022-01-10,,,12.8581297,75.00336,
442113652,24,Dakshina Kannada,2,Bantwal,2,PANEMANGALURU,25,SAJIPA MUDA,119,2021-2022,2,Rabi,NA Land ,0-10-0.00,2022-01-22,,,12.8419077,75.0266183,
442113521,24,Dakshina Kannada,2,Bantwal,2,PANEMANGALURU,25,SAJIPA MUDA,119,2021-2022,2,Rabi,NA Land ,0-19-0.00,2022-01-22,,,12.8416835,75.0265115,
442113589,24,Dakshina Kannada,2,Bantwal,2,PANEMANGALURU,25,SAJIPA MUDA,119,2021-2022,2,Rabi,NA Land ,0-11-0.00,2022-01-22,,,12.8419074,75.0266191,
442113951,24,Dakshina Kannada,2,Bantwal,2,PANEMANGALURU,25,SAJIPA MUDA,119,2021-2022,2,Rabi,NA Land ,0-51-0.00,2022-01-22,,,12.8419253,75.026606,
442114036,24,Dakshina Kannada,2,Bantwal,2,PANEMANGALURU,25,SAJIPA MUDA,119,2021-2022,2,Rabi,NA Land ,0-34-0.00,2022-01-22,,,12.8419305,75.026541,
442113997,24,Dakshina Kannada,2,Bantwal,2,PANEMANGALURU,25,SAJIPA MUDA,119,2021-2022,2,Rabi,NA Land ,0-46-0.00,2022-01-22,,,12.841916,75.0265963,
442113459,24,Dakshina Kannada,2,Bantwal,2,PANEMANGALURU,25,SAJIPA MUDA,119,2021-2022,2,Rabi,NA Land ,0-46-0.00,2022-01-22,,,12.84167894,75.02646977,
442113553,24,Dakshina Kannada,2,Bantwal,2,PANEMANGALURU,25,SAJIPA MUDA,119,2021-2022,2,Rabi,NA Land ,0-12-0.00,2022-01-22,,,12.8419262,75.0265992,
442113605,24,Dakshina Kannada,2,Bantwal,2,PANEMANGALURU,25,SAJIPA MUDA,119,2021-2022,2,Rabi,NA Land ,0-2-0.00,2022-01-22,,,12.8419049,75.0266212,
442113642,24,Dakshina Kannada,2,Bantwal,2,PANEMANGALURU,25,SAJIPA MUDA,119,2021-2022,2,Rabi,NA Land ,0-11-0.00,2022-01-22,,,12.8419093,75.0266141,
442114016,24,Dakshina Kannada,2,Bantwal,2,PANEMANGALURU,25,SAJIPA MUDA,119,2021-2022,2,Rabi,NA Land ,0-23-0.00,2022-01-22,,,12.8419196,75.0265893,
441093051,24,Dakshina Kannada,2,Bantwal,2,PANEMANGALURU,25,SAJIPA MUDA,119,2021-2022,2,Rabi,NA Land ,0-11-0.00,2022-01-09,,,12.8420932,75.0232723,
441093065,24,Dakshina Kannada,2,Bantwal,2,PANEMANGALURU,25,SAJIPA MUDA,119,2021-2022,2,Rabi,Betel Nuts (Areca nuts),0-12-0.00,2022-01-09,,,12.842595,75.0209991,
441093065,24,Dakshina Kannada,2,Bantwal,2,PANEMANGALURU,25,SAJIPA MUDA,119,2021-2022,2,Rabi,Betel Nuts (Areca nuts),0-12-0.00,2022-01-09,,,12.8425955,75.0209993,
441093037,24,Dakshina Kannada,2,Bantwal,2,PANEMANGALURU,25,SAJIPA MUDA,119,2021-2022,2,Rabi,NA Land ,0-1-0.00,2022-01-09,,,12.8430526,75.0248266,
441093046,24,Dakshina Kannada,2,Bantwal,2,PANEMANGALURU,25,SAJIPA MUDA,119,2021-2022,2,Rabi,NA Land ,0-5-0.00,2022-01-09,,,12.8423153,75.0233889,
441145542,24,Dakshina Kannada,2,Bantwal,2,PANEMANGALURU,25,SAJIPA MUDA,119,2021-2022,2,Rabi,Paddy-L,3-26-0.00,2022-01-10,october,1st week,12.8545166,75.0283185,
441145542,24,Dakshina Kannada,2,Bantwal,2,PANEMANGALURU,25,SAJIPA MUDA,119,2021-2022,2,Rabi,Paddy-L,3-26-0.00,2022-01-10,october,1st week,12.8545165,75.0283185,
441145554,24,Dakshina Kannada,2,Bantwal,2,PANEMANGALURU,25,SAJIPA MUDA,119,2021-2022,2,Rabi,Paddy-L,1-34-0.00,2022-01-10,october,1st week,12.8544711,75.0282965,
441145566,24,Dakshina Kannada,2,Bantwal,2,PANEMANGALURU,25,SAJIPA MUDA,119,2021-2022,2,Rabi,NA Land ,0-14-75.00,2022-01-10,,,12.8551642,75.0281599,
441145577,24,Dakshina Kannada,2,Bantwal,2,PANEMANGALURU,25,SAJIPA MUDA,119,2021-2022,2,Rabi,NA Land ,0-57-0.00,2022-01-10,,,12.8551579,75.0281677,
441145581,24,Dakshina Kannada,2,Bantwal,2,PANEMANGALURU,25,SAJIPA MUDA,119,2021-2022,2,Rabi,NA Land ,0-7-0.00,2022-01-10,,,12.8551547,75.0281706,
441145583,24,Dakshina Kannada,2,Bantwal,2,PANEMANGALURU,25,SAJIPA MUDA,119,2021-2022,2,Rabi,NA Land ,0-10-0.00,2022-01-10,,,12.8551584,75.0281796,
441145546,24,Dakshina Kannada,2,Bantwal,2,PANEMANGALURU,25,SAJIPA MUDA,119,2021-2022,2,Rabi,NA Land ,0-2-0.00,2022-01-10,,,12.8544844,75.0282898,
441145551,24,Dakshina Kannada,2,Bantwal,2,PANEMANGALURU,25,SAJIPA MUDA,119,2021-2022,2,Rabi,Paddy-L,0-44-0.00,2022-01-10,october,1st week,12.8544662,75.0282975,
441145603,24,Dakshina Kannada,2,Bantwal,2,PANEMANGALURU,25,SAJIPA MUDA,119,2021-2022,2,Rabi,NA Land ,0-8-0.00,2022-01-10,,,12.8551623,75.0281801,
441145636,24,Dakshina Kannada,2,Bantwal,2,PANEMANGALURU,25,SAJIPA MUDA,119,2021-2022,2,Rabi,Paddy-L,0-28-0.00,2022-01-10,october,1st week,12.8552764,75.0272776,
441145614,24,Dakshina Kannada,2,Bantwal,2,PANEMANGALURU,25,SAJIPA MUDA,119,2021-2022,2,Rabi,NA Land ,0-9-50.00,2022-01-10,,,12.8551632,75.0281861,
441145626,24,Dakshina Kannada,2,Bantwal,2,PANEMANGALURU,25,SAJIPA MUDA,119,2021-2022,2,Rabi,Paddy-L,0-22-0.00,2022-01-10,october,1st week,12.8552777,75.0272872,
441145641,24,Dakshina Kannada,2,Bantwal,2,PANEMANGALURU,25,SAJIPA MUDA,119,2021-2022,2,Rabi,Paddy-L,0-24-0.00,2022-01-10,october,1st week,12.8552681,75.0272818,
441145617,24,Dakshina Kannada,2,Bantwal,2,PANEMANGALURU,25,SAJIPA MUDA,119,2021-2022,2,Rabi,Paddy-L,0-24-0.00,2022-01-10,october,1st week,12.8552753,75.0272831,
441145623,24,Dakshina Kannada,2,Bantwal,2,PANEMANGALURU,25,SAJIPA MUDA,119,2021-2022,2,Rabi,Paddy-L,0-23-0.00,2022-01-10,october,1st week,12.8552745,75.0272868,
442219791,24,Dakshina Kannada,2,Bantwal,2,PANEMANGALURU,25,SAJIPA MUDA,119,2021-2022,2,Rabi,NA Land ,0-17-0.00,2022-01-24,,,12.8427729,75.0272429,
442219818,24,Dakshina Kannada,2,Bantwal,2,PANEMANGALURU,25,SAJIPA MUDA,119,2021-2022,2,Rabi,NA Land ,0-3-0.00,2022-01-24,,,12.8395242,75.0286403,
442219826,24,Dakshina Kannada,2,Bantwal,2,PANEMANGALURU,25,SAJIPA MUDA,119,2021-2022,2,Rabi,Paddy-L,0-37-0.00,2022-01-24,December,1st week,12.8387349,75.0270895,
442219826,24,Dakshina Kannada,2,Bantwal,2,PANEMANGALURU,25,SAJIPA MUDA,119,2021-2022,2,Rabi,Paddy-L,0-37-0.00,2022-01-24,December,1st week,12.838735,75.0270895,
442219832,24,Dakshina Kannada,2,Bantwal,2,PANEMANGALURU,25,SAJIPA MUDA,119,2021-2022,2,Rabi,Paddy-L,0-75-0.00,2022-01-24,December,1st week,12.8387516,75.0270975,
441420593,24,Dakshina Kannada,2,Bantwal,2,PANEMANGALURU,2,AMTURU,119,2021-2022,2,Rabi,Fallow,0-1-0.00,2022-01-06,,,12.8412831,75.0449477,
441420327,24,Dakshina Kannada,2,Bantwal,2,PANEMANGALURU,2,AMTURU,119,2021-2022,2,Rabi,Fallow,0-12-0.00,2022-01-06,,,12.8429072,75.051758,
441420343,24,Dakshina Kannada,2,Bantwal,2,PANEMANGALURU,2,AMTURU,119,2021-2022,2,Rabi,Fallow,0-6-0.00,2022-01-06,,,12.8438952,75.0517135,
441420351,24,Dakshina Kannada,2,Bantwal,2,PANEMANGALURU,2,AMTURU,119,2021-2022,2,Rabi,Fallow,0-40-0.00,2022-01-06,,,12.8384969,75.0508343,
441420355,24,Dakshina Kannada,2,Bantwal,2,PANEMANGALURU,2,AMTURU,119,2021-2022,2,Rabi,Fallow,0-7-0.00,2022-01-06,,,12.8384388,75.0507381,
441420364,24,Dakshina Kannada,2,Bantwal,2,PANEMANGALURU,2,AMTURU,119,2021-2022,2,Rabi,Fallow,0-25-0.00,2022-01-06,,,12.8393633,75.0515169,
441420382,24,Dakshina Kannada,2,Bantwal,2,PANEMANGALURU,2,AMTURU,119,2021-2022,2,Rabi,Fallow,0-25-0.00,2022-01-06,,,12.8403193,75.0547502,
441420383,24,Dakshina Kannada,2,Bantwal,2,PANEMANGALURU,2,AMTURU,119,2021-2022,2,Rabi,Fallow,0-27-0.00,2022-01-06,,,12.8402685,75.0548161,
441420403,24,Dakshina Kannada,2,Bantwal,2,PANEMANGALURU,2,AMTURU,119,2021-2022,2,Rabi,Fallow,0-29-0.00,2022-01-06,,,12.8391629,75.0508935,
441420434,24,Dakshina Kannada,2,Bantwal,2,PANEMANGALURU,2,AMTURU,119,2021-2022,2,Rabi,Fallow,0-3-0.00,2022-01-06,,,12.8391895,75.0508722,
441420457,24,Dakshina Kannada,2,Bantwal,2,PANEMANGALURU,2,AMTURU,119,2021-2022,2,Rabi,Fallow,1-27-0.00,2022-01-06,,,12.8409794,75.0481265,
441420469,24,Dakshina Kannada,2,Bantwal,2,PANEMANGALURU,2,AMTURU,119,2021-2022,2,Rabi,Fallow,0-25-0.00,2022-01-06,,,12.8400225,75.0473811,
441420476,24,Dakshina Kannada,2,Bantwal,2,PANEMANGALURU,2,AMTURU,119,2021-2022,2,Rabi,Fallow,0-85-0.00,2022-01-06,,,12.8389745,75.0465374,
442245425,24,Dakshina Kannada,2,Bantwal,2,PANEMANGALURU,2,AMTURU,119,2021-2022,2,Rabi,Betel Nuts (Areca nuts),0-70-0.00,2022-01-25,,,12.848935,75.0377808,
442245425,24,Dakshina Kannada,2,Bantwal,2,PANEMANGALURU,2,AMTURU,119,2021-2022,2,Rabi,Betel Nuts (Areca nuts),0-70-0.00,2022-01-25,,,12.8489313,75.0377796,
442245427,24,Dakshina Kannada,2,Bantwal,2,PANEMANGALURU,2,AMTURU,119,2021-2022,2,Rabi,Betel Nuts (Areca nuts),0-70-0.00,2022-01-25,,,12.8489095,75.0377951,
442245427,24,Dakshina Kannada,2,Bantwal,2,PANEMANGALURU,2,AMTURU,119,2021-2022,2,Rabi,Betel Nuts (Areca nuts),0-70-0.00,2022-01-25,,,12.8489066,75.0378001,
442245429,24,Dakshina Kannada,2,Bantwal,2,PANEMANGALURU,2,AMTURU,119,2021-2022,2,Rabi,Betel Nuts (Areca nuts),0-70-0.00,2022-01-25,,,12.848888,75.0378118,
442245429,24,Dakshina Kannada,2,Bantwal,2,PANEMANGALURU,2,AMTURU,119,2021-2022,2,Rabi,Betel Nuts (Areca nuts),0-70-0.00,2022-01-25,,,12.8488886,75.03781,
442245433,24,Dakshina Kannada,2,Bantwal,2,PANEMANGALURU,2,AMTURU,119,2021-2022,2,Rabi,Fallow,0-17-0.00,2022-01-25,,,12.8488935,75.0378031,
442245445,24,Dakshina Kannada,2,Bantwal,2,PANEMANGALURU,2,AMTURU,119,2021-2022,2,Rabi,Fallow,0-98-0.00,2022-01-25,,,12.8448558,75.0606113,
442245421,24,Dakshina Kannada,2,Bantwal,2,PANEMANGALURU,2,AMTURU,119,2021-2022,2,Rabi,Fallow,0-40-0.00,2022-01-25,,,12.8488678,75.0379169,
442245432,24,Dakshina Kannada,2,Bantwal,2,PANEMANGALURU,2,AMTURU,119,2021-2022,2,Rabi,Fallow,0-4-0.00,2022-01-25,,,12.8488922,75.0378046,
442245419,24,Dakshina Kannada,2,Bantwal,2,PANEMANGALURU,2,AMTURU,119,2021-2022,2,Rabi,Fallow,0-70-0.00,2022-01-25,,,12.849177,75.036726,
442245430,24,Dakshina Kannada,2,Bantwal,2,PANEMANGALURU,2,AMTURU,119,2021-2022,2,Rabi,Fallow,0-19-0.00,2022-01-25,,,12.8488919,75.0378046,
442245438,24,Dakshina Kannada,2,Bantwal,2,PANEMANGALURU,2,AMTURU,119,2021-2022,2,Rabi,Fallow,0-50-0.00,2022-01-25,,,12.844815,75.0604155,
442245416,24,Dakshina Kannada,2,Bantwal,2,PANEMANGALURU,2,AMTURU,119,2021-2022,2,Rabi,Betel Nuts (Areca nuts),0-62-0.00,2022-01-25,,,12.8502108,75.0364744,
441511224,24,Dakshina Kannada,2,Bantwal,2,PANEMANGALURU,25,SAJIPA MUDA,119,2021-2022,2,Rabi,Fallow,0-9-0.00,2022-01-08,,,12.8446459,75.0385922,
442219778,24,Dakshina Kannada,2,Bantwal,2,PANEMANGALURU,25,SAJIPA MUDA,119,2021-2022,2,Rabi,NA Land ,0-10-0.00,2022-01-24,,,12.8428203,75.0271682,
442219788,24,Dakshina Kannada,2,Bantwal,2,PANEMANGALURU,25,SAJIPA MUDA,119,2021-2022,2,Rabi,NA Land ,0-16-0.00,2022-01-24,,,12.8427059,75.0270245,
442219797,24,Dakshina Kannada,2,Bantwal,2,PANEMANGALURU,25,SAJIPA MUDA,119,2021-2022,2,Rabi,NA Land ,0-27-0.00,2022-01-24,,,12.8426851,75.0271238,
442219872,24,Dakshina Kannada,2,Bantwal,2,PANEMANGALURU,25,SAJIPA MUDA,119,2021-2022,2,Rabi,NA Land ,0-10-0.00,2022-01-24,,,12.8368952,75.0290486,
442219812,24,Dakshina Kannada,2,Bantwal,2,PANEMANGALURU,25,SAJIPA MUDA,119,2021-2022,2,Rabi,NA Land ,0-9-0.00,2022-01-24,,,12.8395214,75.0286365,
442219842,24,Dakshina Kannada,2,Bantwal,2,PANEMANGALURU,25,SAJIPA MUDA,119,2021-2022,2,Rabi,NA Land ,0-8-0.00,2022-01-24,,,12.838756,75.0271029,
442219851,24,Dakshina Kannada,2,Bantwal,2,PANEMANGALURU,25,SAJIPA MUDA,119,2021-2022,2,Rabi,Paddy-L,0-53-0.00,2022-01-24,December,1st week,12.8387533,75.0271094,
442219851,24,Dakshina Kannada,2,Bantwal,2,PANEMANGALURU,25,SAJIPA MUDA,119,2021-2022,2,Rabi,Paddy-L,0-53-0.00,2022-01-24,December,1st week,12.8387533,75.0271097,
442219952,24,Dakshina Kannada,2,Bantwal,2,PANEMANGALURU,25,SAJIPA MUDA,119,2021-2022,2,Rabi,NA Land ,0-2-0.00,2022-01-24,,,12.8368963,75.0290589,
442219962,24,Dakshina Kannada,2,Bantwal,2,PANEMANGALURU,25,SAJIPA MUDA,119,2021-2022,2,Rabi,NA Land ,0-4-0.00,2022-01-24,,,12.8368998,75.029048,
442219972,24,Dakshina Kannada,2,Bantwal,2,PANEMANGALURU,25,SAJIPA MUDA,119,2021-2022,2,Rabi,NA Land ,0-50-0.00,2022-01-24,,,12.837925,75.0266466,
442219948,24,Dakshina Kannada,2,Bantwal,2,PANEMANGALURU,25,SAJIPA MUDA,119,2021-2022,2,Rabi,NA Land ,0-30-0.00,2022-01-24,,,12.8368916,75.0290563,
442219990,24,Dakshina Kannada,2,Bantwal,2,PANEMANGALURU,25,SAJIPA MUDA,119,2021-2022,2,Rabi,NA Land ,0-47-50.00,2022-01-24,,,12.8431281,75.029859,
442219995,24,Dakshina Kannada,2,Bantwal,2,PANEMANGALURU,25,SAJIPA MUDA,119,2021-2022,2,Rabi,NA Land ,0-10-0.00,2022-01-24,,,12.843146,75.0300191,
442219763,24,Dakshina Kannada,2,Bantwal,2,PANEMANGALURU,25,SAJIPA MUDA,119,2021-2022,2,Rabi,NA Land ,0-13-0.00,2022-01-22,,,12.8418861,75.0265932,
442219772,24,Dakshina Kannada,2,Bantwal,2,PANEMANGALURU,25,SAJIPA MUDA,119,2021-2022,2,Rabi,NA Land ,0-5-0.00,2022-01-22,,,12.8419032,75.0266248,
442219786,24,Dakshina Kannada,2,Bantwal,2,PANEMANGALURU,25,SAJIPA MUDA,119,2021-2022,2,Rabi,NA Land ,0-10-0.00,2022-01-24,,,12.8427583,75.0271458,
442219914,24,Dakshina Kannada,2,Bantwal,2,PANEMANGALURU,25,SAJIPA MUDA,119,2021-2022,2,Rabi,NA Land ,0-10-0.00,2022-01-24,,,12.8368891,75.0290715,
442220003,24,Dakshina Kannada,2,Bantwal,2,PANEMANGALURU,25,SAJIPA MUDA,119,2021-2022,2,Rabi,NA Land ,0-5-0.00,2022-01-24,,,12.8430983,75.0299969,
442220016,24,Dakshina Kannada,2,Bantwal,2,PANEMANGALURU,25,SAJIPA MUDA,119,2021-2022,2,Rabi,NA Land ,0-15-0.00,2022-01-24,,,12.8432124,75.030009,
442219768,24,Dakshina Kannada,2,Bantwal,2,PANEMANGALURU,25,SAJIPA MUDA,119,2021-2022,2,Rabi,NA Land ,0-38-0.00,2022-01-22,,,12.8418821,75.0266311,
442219774,24,Dakshina Kannada,2,Bantwal,2,PANEMANGALURU,25,SAJIPA MUDA,119,2021-2022,2,Rabi,NA Land ,0-10-0.00,2022-01-22,,,12.841894,75.0266041,
442219805,24,Dakshina Kannada,2,Bantwal,2,PANEMANGALURU,25,SAJIPA MUDA,119,2021-2022,2,Rabi,NA Land ,0-10-0.00,2022-01-24,,,12.8427168,75.0272745,
442219859,24,Dakshina Kannada,2,Bantwal,2,PANEMANGALURU,25,SAJIPA MUDA,119,2021-2022,2,Rabi,Fallow,0-4-0.00,2022-01-24,,,12.8368856,75.0290568,
442219888,24,Dakshina Kannada,2,Bantwal,2,PANEMANGALURU,25,SAJIPA MUDA,119,2021-2022,2,Rabi,NA Land ,0-4-0.00,2022-01-24,,,12.8369118,75.0290677,
442219967,24,Dakshina Kannada,2,Bantwal,2,PANEMANGALURU,25,SAJIPA MUDA,119,2021-2022,2,Rabi,NA Land ,0-80-0.00,2022-01-24,,,12.837926,75.0266586,
441260273,24,Dakshina Kannada,2,Bantwal,2,PANEMANGALURU,25,SAJIPA MUDA,119,2021-2022,2,Rabi,NA Land ,0-17-0.00,2022-01-11,,,12.8443271,75.0317474,
441260278,24,Dakshina Kannada,2,Bantwal,2,PANEMANGALURU,25,SAJIPA MUDA,119,2021-2022,2,Rabi,NA Land ,0-3-0.00,2022-01-11,,,12.8443036,75.0317916,
441260281,24,Dakshina Kannada,2,Bantwal,2,PANEMANGALURU,25,SAJIPA MUDA,119,2021-2022,2,Rabi,NA Land ,0-10-0.00,2022-01-11,,,12.8443052,75.0317869,
441260291,24,Dakshina Kannada,2,Bantwal,2,PANEMANGALURU,25,SAJIPA MUDA,119,2021-2022,2,Rabi,NA Land ,0-7-0.00,2022-01-11,,,12.8443821,75.0335988,
441260319,24,Dakshina Kannada,2,Bantwal,2,PANEMANGALURU,25,SAJIPA MUDA,119,2021-2022,2,Rabi,NA Land ,0-11-0.00,2022-01-11,,,12.8444251,75.0335723,
441260325,24,Dakshina Kannada,2,Bantwal,2,PANEMANGALURU,25,SAJIPA MUDA,119,2021-2022,2,Rabi,NA Land ,0-24-0.00,2022-01-11,,,12.8444697,75.0336091,
441260332,24,Dakshina Kannada,2,Bantwal,2,PANEMANGALURU,25,SAJIPA MUDA,119,2021-2022,2,Rabi,NA Land ,0-7-0.00,2022-01-11,,,12.8444056,75.0336254,
442245418,24,Dakshina Kannada,2,Bantwal,2,PANEMANGALURU,2,AMTURU,119,2021-2022,2,Rabi,Betel Nuts (Areca nuts),0-7-0.00,2022-01-25,,,12.8501296,75.0364509,
442245418,24,Dakshina Kannada,2,Bantwal,2,PANEMANGALURU,2,AMTURU,119,2021-2022,2,Rabi,Betel Nuts (Areca nuts),0-7-0.00,2022-01-25,,,12.8501315,75.0364501,
442245407,24,Dakshina Kannada,2,Bantwal,2,PANEMANGALURU,2,AMTURU,119,2021-2022,2,Rabi,Fallow,0-5-0.00,2022-01-25,,,12.8442793,75.0401136,
442245409,24,Dakshina Kannada,2,Bantwal,2,PANEMANGALURU,2,AMTURU,119,2021-2022,2,Rabi,Fallow,0-1-0.00,2022-01-25,,,12.8442779,75.0401121,
442245411,24,Dakshina Kannada,2,Bantwal,2,PANEMANGALURU,2,AMTURU,119,2021-2022,2,Rabi,Fallow,0-1-0.00,2022-01-25,,,12.8442551,75.0401194,
442245437,24,Dakshina Kannada,2,Bantwal,2,PANEMANGALURU,2,AMTURU,119,2021-2022,2,Rabi,Fallow,0-10-0.00,2022-01-25,,,12.8488929,75.0378039,
442245442,24,Dakshina Kannada,2,Bantwal,2,PANEMANGALURU,2,AMTURU,119,2021-2022,2,Rabi,Fallow,0-6-0.00,2022-01-25,,,12.844833,75.0604871,
442245435,24,Dakshina Kannada,2,Bantwal,2,PANEMANGALURU,2,AMTURU,119,2021-2022,2,Rabi,Fallow,0-12-0.00,2022-01-25,,,12.8488927,75.0378041,
442245444,24,Dakshina Kannada,2,Bantwal,2,PANEMANGALURU,2,AMTURU,119,2021-2022,2,Rabi,Fallow,1-1-0.00,2022-01-25,,,12.8448327,75.06049,
442245446,24,Dakshina Kannada,2,Bantwal,2,PANEMANGALURU,2,AMTURU,119,2021-2022,2,Rabi,Fallow,1-5-0.00,2022-01-25,,,12.8448419,75.0606511,
442245405,24,Dakshina Kannada,2,Bantwal,2,PANEMANGALURU,2,AMTURU,119,2021-2022,2,Rabi,Betel Nuts (Areca nuts),0-10-0.00,2022-01-25,,,12.8443002,75.0401517,
442245405,24,Dakshina Kannada,2,Bantwal,2,PANEMANGALURU,2,AMTURU,119,2021-2022,2,Rabi,Betel Nuts (Areca nuts),0-10-0.00,2022-01-25,,,12.8442799,75.0401126,
442245412,24,Dakshina Kannada,2,Bantwal,2,PANEMANGALURU,2,AMTURU,119,2021-2022,2,Rabi,NA Land ,0-5-0.00,2022-01-25,,,12.844245,75.0401402,
442245413,24,Dakshina Kannada,2,Bantwal,2,PANEMANGALURU,2,AMTURU,119,2021-2022,2,Rabi,NA Land ,0-4-0.00,2022-01-25,,,12.8442568,75.040139,
442245414,24,Dakshina Kannada,2,Bantwal,2,PANEMANGALURU,2,AMTURU,119,2021-2022,2,Rabi,NA Land ,0-8-0.00,2022-01-25,,,12.8442599,75.0401546,
442245415,24,Dakshina Kannada,2,Bantwal,2,PANEMANGALURU,2,AMTURU,119,2021-2022,2,Rabi,Betel Nuts (Areca nuts),0-26-0.00,2022-01-25,,,12.8442863,75.0401327,
442245415,24,Dakshina Kannada,2,Bantwal,2,PANEMANGALURU,2,AMTURU,119,2021-2022,2,Rabi,Betel Nuts (Areca nuts),0-26-0.00,2022-01-25,,,12.8442775,75.0401395,
442245439,24,Dakshina Kannada,2,Bantwal,2,PANEMANGALURU,2,AMTURU,119,2021-2022,2,Rabi,Fallow,0-10-0.00,2022-01-25,,,12.8448359,75.0604851,
442245440,24,Dakshina Kannada,2,Bantwal,2,PANEMANGALURU,2,AMTURU,119,2021-2022,2,Rabi,NA Land ,0-15-0.00,2022-01-25,,,12.8448324,75.060487,
442245441,24,Dakshina Kannada,2,Bantwal,2,PANEMANGALURU,2,AMTURU,119,2021-2022,2,Rabi,NA Land ,0-15-0.00,2022-01-25,,,12.8448323,75.0604882,
441517106,24,Dakshina Kannada,2,Bantwal,2,PANEMANGALURU,25,SAJIPA MUDA,119,2021-2022,2,Rabi,Fallow,0-17-0.00,2022-01-12,,,12.8516947,75.0053241,
441517138,24,Dakshina Kannada,2,Bantwal,2,PANEMANGALURU,25,SAJIPA MUDA,119,2021-2022,2,Rabi,NA Land ,0-11-50.00,2022-01-12,,,12.8505566,75.0059915,
441517153,24,Dakshina Kannada,2,Bantwal,2,PANEMANGALURU,25,SAJIPA MUDA,119,2021-2022,2,Rabi,Fallow,0-4-0.00,2022-01-12,,,12.8505022,75.0058964,
441517157,24,Dakshina Kannada,2,Bantwal,2,PANEMANGALURU,25,SAJIPA MUDA,119,2021-2022,2,Rabi,Fallow,2-2-0.00,2022-01-12,,,12.8504885,75.0072993,
441517157,24,Dakshina Kannada,2,Bantwal,2,PANEMANGALURU,25,SAJIPA MUDA,119,2021-2022,2,Rabi,Betel Nuts (Areca nuts),2-0-0.00,2022-01-12,,,12.8504458,75.0073148,
441517160,24,Dakshina Kannada,2,Bantwal,2,PANEMANGALURU,25,SAJIPA MUDA,119,2021-2022,2,Rabi,Fallow,0-9-0.00,2022-01-12,,,12.8489896,75.007461,
441517207,24,Dakshina Kannada,2,Bantwal,2,PANEMANGALURU,25,SAJIPA MUDA,119,2021-2022,2,Rabi,NA Land ,0-21-0.00,2022-01-12,,,12.8500527,75.0050928,
441517073,24,Dakshina Kannada,2,Bantwal,2,PANEMANGALURU,25,SAJIPA MUDA,119,2021-2022,2,Rabi,Fallow,0-10-0.00,2022-01-12,,,12.8525818,75.0074034,
441517073,24,Dakshina Kannada,2,Bantwal,2,PANEMANGALURU,25,SAJIPA MUDA,119,2021-2022,2,Rabi,Coconut,0-8-0.00,2022-01-12,,,12.8524683,75.0074717,
441517079,24,Dakshina Kannada,2,Bantwal,2,PANEMANGALURU,25,SAJIPA MUDA,119,2021-2022,2,Rabi,Fallow,0-81-0.00,2022-01-12,,,12.8524554,75.0074534,
441517093,24,Dakshina Kannada,2,Bantwal,2,PANEMANGALURU,25,SAJIPA MUDA,119,2021-2022,2,Rabi,Fallow,0-20-0.00,2022-01-12,,,12.85159,75.0052144,
441517148,24,Dakshina Kannada,2,Bantwal,2,PANEMANGALURU,25,SAJIPA MUDA,119,2021-2022,2,Rabi,Fallow,0-33-0.00,2022-01-12,,,12.8505023,75.0060094,
441517151,24,Dakshina Kannada,2,Bantwal,2,PANEMANGALURU,25,SAJIPA MUDA,119,2021-2022,2,Rabi,Fallow,0-10-0.00,2022-01-12,,,12.8504947,75.0059391,
441517170,24,Dakshina Kannada,2,Bantwal,2,PANEMANGALURU,25,SAJIPA MUDA,119,2021-2022,2,Rabi,Fallow,0-17-0.00,2022-01-12,,,12.8489884,75.0074525,
441517185,24,Dakshina Kannada,2,Bantwal,2,PANEMANGALURU,25,SAJIPA MUDA,119,2021-2022,2,Rabi,Fallow,0-23-0.00,2022-01-12,,,12.8479315,75.0062802,
441517187,24,Dakshina Kannada,2,Bantwal,2,PANEMANGALURU,25,SAJIPA MUDA,119,2021-2022,2,Rabi,Fallow,0-1-0.00,2022-01-12,,,12.847922,75.0062284,
442113481,24,Dakshina Kannada,2,Bantwal,2,PANEMANGALURU,25,SAJIPA MUDA,119,2021-2022,2,Rabi,NA Land ,0-46-0.00,2022-01-22,,,12.841698,75.0265019,
442262516,24,Dakshina Kannada,2,Bantwal,2,PANEMANGALURU,25,SAJIPA MUDA,119,2021-2022,2,Rabi,NA Land ,0-13-25.00,2022-01-25,,,12.8524318,75.0216474,
442262518,24,Dakshina Kannada,2,Bantwal,2,PANEMANGALURU,25,SAJIPA MUDA,119,2021-2022,2,Rabi,NA Land ,0-13-25.00,2022-01-25,,,12.852441,75.02162,
442262520,24,Dakshina Kannada,2,Bantwal,2,PANEMANGALURU,25,SAJIPA MUDA,119,2021-2022,2,Rabi,NA Land ,0-13-25.00,2022-01-25,,,12.8524405,75.0216184,
442262522,24,Dakshina Kannada,2,Bantwal,2,PANEMANGALURU,25,SAJIPA MUDA,119,2021-2022,2,Rabi,NA Land ,0-13-25.00,2022-01-25,,,12.8524364,75.021618,
442262526,24,Dakshina Kannada,2,Bantwal,2,PANEMANGALURU,25,SAJIPA MUDA,119,2021-2022,2,Rabi,NA Land ,0-79-0.00,2022-01-25,,,12.8524388,75.0216134,
442262528,24,Dakshina Kannada,2,Bantwal,2,PANEMANGALURU,25,SAJIPA MUDA,119,2021-2022,2,Rabi,NA Land ,0-12-0.00,2022-01-25,,,12.8524399,75.021618,
442262524,24,Dakshina Kannada,2,Bantwal,2,PANEMANGALURU,25,SAJIPA MUDA,119,2021-2022,2,Rabi,NA Land ,0-2-0.00,2022-01-25,,,12.852436,75.0216114,
442262530,24,Dakshina Kannada,2,Bantwal,2,PANEMANGALURU,25,SAJIPA MUDA,119,2021-2022,2,Rabi,NA Land ,0-48-0.00,2022-01-25,,,12.8524446,75.0216139,
442262498,24,Dakshina Kannada,2,Bantwal,2,PANEMANGALURU,25,SAJIPA MUDA,119,2021-2022,2,Rabi,NA Land ,0-5-0.00,2022-01-25,,,12.8522828,75.0224292,
442262503,24,Dakshina Kannada,2,Bantwal,2,PANEMANGALURU,25,SAJIPA MUDA,119,2021-2022,2,Rabi,NA Land ,0-7-0.00,2022-01-25,,,12.8522773,75.02243,
441085266,24,Dakshina Kannada,2,Bantwal,2,PANEMANGALURU,25,SAJIPA MUDA,119,2021-2022,2,Rabi,NA Land ,0-3-0.00,2022-01-08,,,12.8438902,75.026901,
441298853,24,Dakshina Kannada,2,Bantwal,2,PANEMANGALURU,25,SAJIPA MUDA,119,2021-2022,2,Rabi,NA Land ,0-42-0.00,2022-01-11,,,12.851608,75.0342833,
441299000,24,Dakshina Kannada,2,Bantwal,2,PANEMANGALURU,25,SAJIPA MUDA,119,2021-2022,2,Rabi,NA Land ,2-70-0.00,2022-01-11,,,12.8419354,75.026274,
441298894,24,Dakshina Kannada,2,Bantwal,2,PANEMANGALURU,25,SAJIPA MUDA,119,2021-2022,2,Rabi,NA Land ,0-19-0.00,2022-01-11,,,12.8497733,75.0295685,
441298940,24,Dakshina Kannada,2,Bantwal,2,PANEMANGALURU,25,SAJIPA MUDA,119,2021-2022,2,Rabi,NA Land ,0-2-0.00,2022-01-11,,,12.8497627,75.0295698,
441298979,24,Dakshina Kannada,2,Bantwal,2,PANEMANGALURU,25,SAJIPA MUDA,119,2021-2022,2,Rabi,NA Land ,0-4-0.00,2022-01-11,,,12.8497658,75.0295825,
441299027,24,Dakshina Kannada,2,Bantwal,2,PANEMANGALURU,25,SAJIPA MUDA,119,2021-2022,2,Rabi,NA Land ,0-2-75.00,2022-01-11,,,12.8419628,75.0263161,
442114087,24,Dakshina Kannada,2,Bantwal,2,PANEMANGALURU,25,SAJIPA MUDA,119,2021-2022,2,Rabi,NA Land ,0-7-0.00,2022-01-22,,,12.8418993,75.0265811,
442113573,24,Dakshina Kannada,2,Bantwal,2,PANEMANGALURU,25,SAJIPA MUDA,119,2021-2022,2,Rabi,NA Land ,0-4-0.00,2022-01-22,,,12.8419175,75.0266116,
442113667,24,Dakshina Kannada,2,Bantwal,2,PANEMANGALURU,25,SAJIPA MUDA,119,2021-2022,2,Rabi,NA Land ,0-9-0.00,2022-01-22,,,12.8419072,75.0266138,
442113928,24,Dakshina Kannada,2,Bantwal,2,PANEMANGALURU,25,SAJIPA MUDA,119,2021-2022,2,Rabi,NA Land ,0-12-0.00,2022-01-22,,,12.8419539,75.0265846,
442114068,24,Dakshina Kannada,2,Bantwal,2,PANEMANGALURU,25,SAJIPA MUDA,119,2021-2022,2,Rabi,NA Land ,0-13-0.00,2022-01-22,,,12.8419102,75.0265666,
442114122,24,Dakshina Kannada,2,Bantwal,2,PANEMANGALURU,25,SAJIPA MUDA,119,2021-2022,2,Rabi,NA Land ,0-3-0.00,2022-01-22,,,12.8418773,75.0265985,
442114106,24,Dakshina Kannada,2,Bantwal,2,PANEMANGALURU,25,SAJIPA MUDA,119,2021-2022,2,Rabi,NA Land ,0-1-0.00,2022-01-22,,,12.8418919,75.0265928,
442114585,24,Dakshina Kannada,2,Bantwal,2,PANEMANGALURU,25,SAJIPA MUDA,119,2021-2022,2,Rabi,NA Land ,0-14-0.00,2022-01-22,,,12.8418792,75.0266029,
442360590,24,Dakshina Kannada,2,Bantwal,2,PANEMANGALURU,25,SAJIPA MUDA,119,2021-2022,2,Rabi,NA Land ,0-99-0.00,2022-01-27,,,12.8561483,75.0258208,
442360597,24,Dakshina Kannada,2,Bantwal,2,PANEMANGALURU,25,SAJIPA MUDA,119,2021-2022,2,Rabi,NA Land ,0-22-0.00,2022-01-27,,,12.8561498,75.0258264,
442360559,24,Dakshina Kannada,2,Bantwal,2,PANEMANGALURU,25,SAJIPA MUDA,119,2021-2022,2,Rabi,NA Land ,0-16-0.00,2022-01-27,,,12.8561835,75.0258054,
442360601,24,Dakshina Kannada,2,Bantwal,2,PANEMANGALURU,25,SAJIPA MUDA,119,2021-2022,2,Rabi,NA Land ,0-2-0.00,2022-01-27,,,12.8561488,75.0258295,
442360608,24,Dakshina Kannada,2,Bantwal,2,PANEMANGALURU,25,SAJIPA MUDA,119,2021-2022,2,Rabi,NA Land ,0-22-0.00,2022-01-27,,,12.856136,75.0258374,
442360562,24,Dakshina Kannada,2,Bantwal,2,PANEMANGALURU,25,SAJIPA MUDA,119,2021-2022,2,Rabi,NA Land ,0-21-0.00,2022-01-27,,,12.8561641,75.0257904,
442360572,24,Dakshina Kannada,2,Bantwal,2,PANEMANGALURU,25,SAJIPA MUDA,119,2021-2022,2,Rabi,NA Land ,0-28-0.00,2022-01-27,,,12.8561498,75.025773,
442360574,24,Dakshina Kannada,2,Bantwal,2,PANEMANGALURU,25,SAJIPA MUDA,119,2021-2022,2,Rabi,NA Land ,1-4-0.00,2022-01-27,,,12.8561525,75.0257713,
442360569,24,Dakshina Kannada,2,Bantwal,2,PANEMANGALURU,25,SAJIPA MUDA,119,2021-2022,2,Rabi,NA Land ,1-50-0.00,2022-01-27,,,12.8561468,75.025771,
442360582,24,Dakshina Kannada,2,Bantwal,2,PANEMANGALURU,25,SAJIPA MUDA,119,2021-2022,2,Rabi,NA Land ,0-17-0.00,2022-01-27,,,12.8561466,75.0258087,
442360588,24,Dakshina Kannada,2,Bantwal,2,PANEMANGALURU,25,SAJIPA MUDA,119,2021-2022,2,Rabi,NA Land ,0-21-0.00,2022-01-27,,,12.8561503,75.0258199,
442360557,24,Dakshina Kannada,2,Bantwal,2,PANEMANGALURU,25,SAJIPA MUDA,119,2021-2022,2,Rabi,NA Land ,0-29-0.00,2022-01-27,,,12.8561889,75.0258058,
442219832,24,Dakshina Kannada,2,Bantwal,2,PANEMANGALURU,25,SAJIPA MUDA,119,2021-2022,2,Rabi,Paddy-L,0-75-0.00,2022-01-24,December,1st week,12.838752,75.0271057,
442219881,24,Dakshina Kannada,2,Bantwal,2,PANEMANGALURU,25,SAJIPA MUDA,119,2021-2022,2,Rabi,NA Land ,0-10-50.00,2022-01-24,,,12.8369281,75.0290381,
442219899,24,Dakshina Kannada,2,Bantwal,2,PANEMANGALURU,25,SAJIPA MUDA,119,2021-2022,2,Rabi,NA Land ,0-6-50.00,2022-01-24,,,12.8368952,75.0290366,
442219932,24,Dakshina Kannada,2,Bantwal,2,PANEMANGALURU,25,SAJIPA MUDA,119,2021-2022,2,Rabi,NA Land ,0-6-0.00,2022-01-24,,,12.8369002,75.0290709,
442219941,24,Dakshina Kannada,2,Bantwal,2,PANEMANGALURU,25,SAJIPA MUDA,119,2021-2022,2,Rabi,NA Land ,0-26-50.00,2022-01-24,,,12.8368781,75.0290555,
442219976,24,Dakshina Kannada,2,Bantwal,2,PANEMANGALURU,25,SAJIPA MUDA,119,2021-2022,2,Rabi,NA Land ,0-50-0.00,2022-01-24,,,12.8379257,75.0266424,
442219906,24,Dakshina Kannada,2,Bantwal,2,PANEMANGALURU,25,SAJIPA MUDA,119,2021-2022,2,Rabi,NA Land ,0-6-50.00,2022-01-24,,,12.8368919,75.0290603,
442219959,24,Dakshina Kannada,2,Bantwal,2,PANEMANGALURU,25,SAJIPA MUDA,119,2021-2022,2,Rabi,NA Land ,0-66-0.00,2022-01-24,,,12.8368985,75.0290552,
442219956,24,Dakshina Kannada,2,Bantwal,2,PANEMANGALURU,25,SAJIPA MUDA,119,2021-2022,2,Rabi,NA Land ,1-57-0.00,2022-01-24,,,12.836892,75.0290505,
442220008,24,Dakshina Kannada,2,Bantwal,2,PANEMANGALURU,25,SAJIPA MUDA,119,2021-2022,2,Rabi,Betel Nuts (Areca nuts),2-49-0.00,2022-01-24,,,12.8432169,75.0299773,
442220008,24,Dakshina Kannada,2,Bantwal,2,PANEMANGALURU,25,SAJIPA MUDA,119,2021-2022,2,Rabi,Betel Nuts (Areca nuts),2-49-0.00,2022-01-24,,,12.8432168,75.0299796,
442362408,24,Dakshina Kannada,2,Bantwal,2,PANEMANGALURU,25,SAJIPA MUDA,119,2021-2022,2,Rabi,NA Land ,0-3-0.00,2022-01-27,,,12.8414706,75.0207747,
442582688,24,Dakshina Kannada,2,Bantwal,2,PANEMANGALURU,2,AMTURU,119,2021-2022,2,Rabi,Fallow,0-67-0.00,2022-02-01,,,12.8452239,75.056035,
442582720,24,Dakshina Kannada,2,Bantwal,2,PANEMANGALURU,2,AMTURU,119,2021-2022,2,Rabi,Betel Nuts (Areca nuts),0-93-0.00,2022-02-01,,,12.8455462,75.0564995,
442582720,24,Dakshina Kannada,2,Bantwal,2,PANEMANGALURU,2,AMTURU,119,2021-2022,2,Rabi,Betel Nuts (Areca nuts),0-93-0.00,2022-02-01,,,12.845546,75.0565007,
442582691,24,Dakshina Kannada,2,Bantwal,2,PANEMANGALURU,2,AMTURU,119,2021-2022,2,Rabi,Betel Nuts (Areca nuts),1-77-0.00,2022-02-01,,,12.8456402,75.056342,
442582691,24,Dakshina Kannada,2,Bantwal,2,PANEMANGALURU,2,AMTURU,119,2021-2022,2,Rabi,Betel Nuts (Areca nuts),1-77-0.00,2022-02-01,,,12.8456153,75.0564447,
442582683,24,Dakshina Kannada,2,Bantwal,2,PANEMANGALURU,2,AMTURU,119,2021-2022,2,Rabi,NA Land ,0-2-0.00,2022-02-01,,,12.8451868,75.0559396,
442582759,24,Dakshina Kannada,2,Bantwal,2,PANEMANGALURU,2,AMTURU,119,2021-2022,2,Rabi,Fallow,0-17-0.00,2022-02-01,,,12.8265745,75.0415068,
442582796,24,Dakshina Kannada,2,Bantwal,2,PANEMANGALURU,2,AMTURU,119,2021-2022,2,Rabi,Betel Nuts (Areca nuts),0-61-0.00,2022-02-01,,,12.8266128,75.0414924,
442582796,24,Dakshina Kannada,2,Bantwal,2,PANEMANGALURU,2,AMTURU,119,2021-2022,2,Rabi,Betel Nuts (Areca nuts),0-61-0.00,2022-02-01,,,12.8266105,75.0414981,
442582796,24,Dakshina Kannada,2,Bantwal,2,PANEMANGALURU,2,AMTURU,119,2021-2022,2,Rabi,Coconut,0-61-0.00,2022-02-01,,,12.8265378,75.0415405,
442582796,24,Dakshina Kannada,2,Bantwal,2,PANEMANGALURU,2,AMTURU,119,2021-2022,2,Rabi,Coconut,0-61-0.00,2022-02-01,,,12.8265401,75.041539,
442582799,24,Dakshina Kannada,2,Bantwal,2,PANEMANGALURU,2,AMTURU,119,2021-2022,2,Rabi,Betel Nuts (Areca nuts),0-72-0.00,2022-02-01,,,12.8280144,75.038901,
442582799,24,Dakshina Kannada,2,Bantwal,2,PANEMANGALURU,2,AMTURU,119,2021-2022,2,Rabi,Betel Nuts (Areca nuts),0-72-0.00,2022-02-01,,,12.8279803,75.0388513,
442582802,24,Dakshina Kannada,2,Bantwal,2,PANEMANGALURU,2,AMTURU,119,2021-2022,2,Rabi,Betel Nuts (Areca nuts),0-25-0.00,2022-02-01,,,12.827339,75.046572,
442582802,24,Dakshina Kannada,2,Bantwal,2,PANEMANGALURU,2,AMTURU,119,2021-2022,2,Rabi,Betel Nuts (Areca nuts),0-25-0.00,2022-02-01,,,12.8273129,75.0465344,
442582755,24,Dakshina Kannada,2,Bantwal,2,PANEMANGALURU,2,AMTURU,119,2021-2022,2,Rabi,Betel Nuts (Areca nuts),0-94-0.00,2022-02-01,,,12.8265936,75.0414851,
442582755,24,Dakshina Kannada,2,Bantwal,2,PANEMANGALURU,2,AMTURU,119,2021-2022,2,Rabi,Betel Nuts (Areca nuts),0-94-0.00,2022-02-01,,,12.8265984,75.041486,
442582755,24,Dakshina Kannada,2,Bantwal,2,PANEMANGALURU,2,AMTURU,119,2021-2022,2,Rabi,Coconut,0-94-0.00,2022-02-01,,,12.8265705,75.0415067,
442582755,24,Dakshina Kannada,2,Bantwal,2,PANEMANGALURU,2,AMTURU,119,2021-2022,2,Rabi,Coconut,0-94-0.00,2022-02-01,,,12.8265706,75.0415066,
442582685,24,Dakshina Kannada,2,Bantwal,2,PANEMANGALURU,2,AMTURU,119,2021-2022,2,Rabi,NA Land ,0-21-0.00,2022-02-01,,,12.8452322,75.0560073,
442245416,24,Dakshina Kannada,2,Bantwal,2,PANEMANGALURU,2,AMTURU,119,2021-2022,2,Rabi,Betel Nuts (Areca nuts),0-62-0.00,2022-01-25,,,12.8502113,75.036468,
442245416,24,Dakshina Kannada,2,Bantwal,2,PANEMANGALURU,2,AMTURU,119,2021-2022,2,Rabi,Coconut,0-62-0.00,2022-01-25,,,12.8500396,75.0366232,
442245416,24,Dakshina Kannada,2,Bantwal,2,PANEMANGALURU,2,AMTURU,119,2021-2022,2,Rabi,Coconut,0-62-0.00,2022-01-25,,,12.8500378,75.0366147,
442245417,24,Dakshina Kannada,2,Bantwal,2,PANEMANGALURU,2,AMTURU,119,2021-2022,2,Rabi,Betel Nuts (Areca nuts),4-21-0.00,2022-01-25,,,12.850141,75.0364292,
442245417,24,Dakshina Kannada,2,Bantwal,2,PANEMANGALURU,2,AMTURU,119,2021-2022,2,Rabi,Betel Nuts (Areca nuts),4-21-0.00,2022-01-25,,,12.8501421,75.0364291,
442245417,24,Dakshina Kannada,2,Bantwal,2,PANEMANGALURU,2,AMTURU,119,2021-2022,2,Rabi,Coconut,4-21-0.00,2022-01-25,,,12.8501437,75.0364296,
442245417,24,Dakshina Kannada,2,Bantwal,2,PANEMANGALURU,2,AMTURU,119,2021-2022,2,Rabi,Coconut,4-21-0.00,2022-01-25,,,12.8501437,75.0364295,
442245423,24,Dakshina Kannada,2,Bantwal,2,PANEMANGALURU,2,AMTURU,119,2021-2022,2,Rabi,Fallow,0-5-0.00,2022-01-25,,,12.8489216,75.037825,
442262513,24,Dakshina Kannada,2,Bantwal,2,PANEMANGALURU,25,SAJIPA MUDA,119,2021-2022,2,Rabi,NA Land ,0-4-0.00,2022-01-25,,,12.8524025,75.0216386,
442262501,24,Dakshina Kannada,2,Bantwal,2,PANEMANGALURU,25,SAJIPA MUDA,119,2021-2022,2,Rabi,NA Land ,0-2-0.00,2022-01-25,,,12.8522851,75.0224277,
442262505,24,Dakshina Kannada,2,Bantwal,2,PANEMANGALURU,25,SAJIPA MUDA,119,2021-2022,2,Rabi,NA Land ,0-8-0.00,2022-01-25,,,12.8522671,75.0224291,
442343931,24,Dakshina Kannada,2,Bantwal,2,PANEMANGALURU,25,SAJIPA MUDA,119,2021-2022,2,Rabi,NA Land ,0-16-0.00,2022-01-26,,,12.8581802,75.0321482,
442343935,24,Dakshina Kannada,2,Bantwal,2,PANEMANGALURU,25,SAJIPA MUDA,119,2021-2022,2,Rabi,NA Land ,0-4-0.00,2022-01-26,,,12.8581009,75.0321856,
442343956,24,Dakshina Kannada,2,Bantwal,2,PANEMANGALURU,25,SAJIPA MUDA,119,2021-2022,2,Rabi,NA Land ,0-8-0.00,2022-01-27,,,12.8458864,75.0261905,
442343925,24,Dakshina Kannada,2,Bantwal,2,PANEMANGALURU,25,SAJIPA MUDA,119,2021-2022,2,Rabi,Fallow,0-7-50.00,2022-01-26,,,12.8590737,75.0322413,
442343927,24,Dakshina Kannada,2,Bantwal,2,PANEMANGALURU,25,SAJIPA MUDA,119,2021-2022,2,Rabi,NA Land ,0-11-0.00,2022-01-26,,,12.85813201,75.03219219,
442343962,24,Dakshina Kannada,2,Bantwal,2,PANEMANGALURU,25,SAJIPA MUDA,119,2021-2022,2,Rabi,NA Land ,0-10-0.00,2022-01-27,,,12.8458833,75.0261883,
442113974,24,Dakshina Kannada,2,Bantwal,2,PANEMANGALURU,25,SAJIPA MUDA,119,2021-2022,2,Rabi,NA Land ,0-5-0.00,2022-01-22,,,12.8419217,75.0265995,
442114053,24,Dakshina Kannada,2,Bantwal,2,PANEMANGALURU,25,SAJIPA MUDA,119,2021-2022,2,Rabi,NA Land ,0-3-0.00,2022-01-22,,,12.8419215,75.0265606,
442114131,24,Dakshina Kannada,2,Bantwal,2,PANEMANGALURU,25,SAJIPA MUDA,119,2021-2022,2,Rabi,NA Land ,0-6-0.00,2022-01-22,,,12.8418772,75.0266037,
442113498,24,Dakshina Kannada,2,Bantwal,2,PANEMANGALURU,25,SAJIPA MUDA,119,2021-2022,2,Rabi,NA Land ,0-34-0.00,2022-01-22,,,12.8416978,75.0265103,
442113539,24,Dakshina Kannada,2,Bantwal,2,PANEMANGALURU,25,SAJIPA MUDA,119,2021-2022,2,Rabi,NA Land ,0-10-0.00,2022-01-22,,,12.8419198,75.026601,
442113620,24,Dakshina Kannada,2,Bantwal,2,PANEMANGALURU,25,SAJIPA MUDA,119,2021-2022,2,Rabi,NA Land ,0-13-0.00,2022-01-22,,,12.8419042,75.0266188,
442113679,24,Dakshina Kannada,2,Bantwal,2,PANEMANGALURU,25,SAJIPA MUDA,119,2021-2022,2,Rabi,NA Land ,0-1-0.00,2022-01-22,,,12.8419057,75.0266135,
442113910,24,Dakshina Kannada,2,Bantwal,2,PANEMANGALURU,25,SAJIPA MUDA,119,2021-2022,2,Rabi,NA Land ,0-15-0.00,2022-01-22,,,12.8419067,75.0266114,
442262507,24,Dakshina Kannada,2,Bantwal,2,PANEMANGALURU,25,SAJIPA MUDA,119,2021-2022,2,Rabi,NA Land ,3-35-0.00,2022-01-25,,,12.8522588,75.0222968,
442262509,24,Dakshina Kannada,2,Bantwal,2,PANEMANGALURU,25,SAJIPA MUDA,119,2021-2022,2,Rabi,NA Land ,2-85-0.00,2022-01-25,,,12.8522633,75.0224257,
442262511,24,Dakshina Kannada,2,Bantwal,2,PANEMANGALURU,25,SAJIPA MUDA,119,2021-2022,2,Rabi,NA Land ,0-32-0.00,2022-01-25,,,12.8522628,75.0224234,
442343937,24,Dakshina Kannada,2,Bantwal,2,PANEMANGALURU,25,SAJIPA MUDA,119,2021-2022,2,Rabi,NA Land ,0-9-0.00,2022-01-26,,,12.8531734,75.0223993,
442343939,24,Dakshina Kannada,2,Bantwal,2,PANEMANGALURU,25,SAJIPA MUDA,119,2021-2022,2,Rabi,NA Land ,1-23-0.00,2022-01-26,,,12.8531305,75.0224161,
442343944,24,Dakshina Kannada,2,Bantwal,2,PANEMANGALURU,25,SAJIPA MUDA,119,2021-2022,2,Rabi,NA Land ,0-2-0.00,2022-01-26,,,12.8468347,75.0268291,
442343968,24,Dakshina Kannada,2,Bantwal,2,PANEMANGALURU,25,SAJIPA MUDA,119,2021-2022,2,Rabi,NA Land ,0-25-0.00,2022-01-27,,,12.845874,75.0261845,
442343974,24,Dakshina Kannada,2,Bantwal,2,PANEMANGALURU,25,SAJIPA MUDA,119,2021-2022,2,Rabi,Fallow,0-12-50.00,2022-01-27,,,12.8458243,75.026133,
442360578,24,Dakshina Kannada,2,Bantwal,2,PANEMANGALURU,25,SAJIPA MUDA,119,2021-2022,2,Rabi,NA Land ,0-9-0.00,2022-01-27,,,12.8561478,75.0258067,
442219999,24,Dakshina Kannada,2,Bantwal,2,PANEMANGALURU,25,SAJIPA MUDA,119,2021-2022,2,Rabi,NA Land ,0-52-50.00,2022-01-24,,,12.8430925,75.0299926,
442220012,24,Dakshina Kannada,2,Bantwal,2,PANEMANGALURU,25,SAJIPA MUDA,119,2021-2022,2,Rabi,NA Land ,0-71-0.00,2022-01-24,,,12.8432158,75.0300035,
442219782,24,Dakshina Kannada,2,Bantwal,2,PANEMANGALURU,25,SAJIPA MUDA,119,2021-2022,2,Rabi,NA Land ,0-93-0.00,2022-01-24,,,12.8427708,75.0271242,
442219924,24,Dakshina Kannada,2,Bantwal,2,PANEMANGALURU,25,SAJIPA MUDA,119,2021-2022,2,Rabi,NA Land ,0-14-0.00,2022-01-24,,,12.8368962,75.0290716,
442219981,24,Dakshina Kannada,2,Bantwal,2,PANEMANGALURU,25,SAJIPA MUDA,119,2021-2022,2,Rabi,NA Land ,0-80-0.00,2022-01-24,,,12.8379242,75.0266439,
442219985,24,Dakshina Kannada,2,Bantwal,2,PANEMANGALURU,25,SAJIPA MUDA,119,2021-2022,2,Rabi,NA Land ,0-70-0.00,2022-01-24,,,12.8379236,75.026645,
441298901,24,Dakshina Kannada,2,Bantwal,2,PANEMANGALURU,25,SAJIPA MUDA,119,2021-2022,2,Rabi,Betel Nuts (Areca nuts),0-57-0.00,2022-01-11,,,12.8497681,75.0295715,
441298901,24,Dakshina Kannada,2,Bantwal,2,PANEMANGALURU,25,SAJIPA MUDA,119,2021-2022,2,Rabi,Betel Nuts (Areca nuts),0-57-0.00,2022-01-11,,,12.8497675,75.0295695,
441298915,24,Dakshina Kannada,2,Bantwal,2,PANEMANGALURU,25,SAJIPA MUDA,119,2021-2022,2,Rabi,Fallow,0-26-0.00,2022-01-11,,,12.8497733,75.0295737,
441298935,24,Dakshina Kannada,2,Bantwal,2,PANEMANGALURU,25,SAJIPA MUDA,119,2021-2022,2,Rabi,NA Land ,0-12-0.00,2022-01-11,,,12.8497607,75.0295678,
441298960,24,Dakshina Kannada,2,Bantwal,2,PANEMANGALURU,25,SAJIPA MUDA,119,2021-2022,2,Rabi,Betel Nuts (Areca nuts),0-68-0.00,2022-01-11,,,12.849775,75.0295798,
441298960,24,Dakshina Kannada,2,Bantwal,2,PANEMANGALURU,25,SAJIPA MUDA,119,2021-2022,2,Rabi,Betel Nuts (Areca nuts),0-68-0.00,2022-01-11,,,12.8497791,75.0295818,
441298779,24,Dakshina Kannada,2,Bantwal,2,PANEMANGALURU,25,SAJIPA MUDA,119,2021-2022,2,Rabi,NA Land ,0-5-0.00,2022-01-11,,,12.8444633,75.0316638,
441298804,24,Dakshina Kannada,2,Bantwal,2,PANEMANGALURU,25,SAJIPA MUDA,119,2021-2022,2,Rabi,NA Land ,0-7-0.00,2022-01-11,,,12.8444781,75.0317089,
441298841,24,Dakshina Kannada,2,Bantwal,2,PANEMANGALURU,25,SAJIPA MUDA,119,2021-2022,2,Rabi,NA Land ,0-1-0.00,2022-01-11,,,12.8444819,75.0316881,
441298868,24,Dakshina Kannada,2,Bantwal,2,PANEMANGALURU,25,SAJIPA MUDA,119,2021-2022,2,Rabi,NA Land ,0-25-50.00,2022-01-11,,,12.8516225,75.03431,
441298772,24,Dakshina Kannada,2,Bantwal,2,PANEMANGALURU,25,SAJIPA MUDA,119,2021-2022,2,Rabi,NA Land ,0-12-0.00,2022-01-11,,,12.8444588,75.0316659,
441298863,24,Dakshina Kannada,2,Bantwal,2,PANEMANGALURU,25,SAJIPA MUDA,119,2021-2022,2,Rabi,NA Land ,0-35-0.00,2022-01-11,,,12.85161867,75.03428908,
442360593,24,Dakshina Kannada,2,Bantwal,2,PANEMANGALURU,25,SAJIPA MUDA,119,2021-2022,2,Rabi,NA Land ,0-15-0.00,2022-01-27,,,12.8561517,75.0258274,
442360566,24,Dakshina Kannada,2,Bantwal,2,PANEMANGALURU,25,SAJIPA MUDA,119,2021-2022,2,Rabi,NA Land ,0-15-0.00,2022-01-27,,,12.856149,75.0257751,
442360605,24,Dakshina Kannada,2,Bantwal,2,PANEMANGALURU,25,SAJIPA MUDA,119,2021-2022,2,Rabi,NA Land ,0-15-0.00,2022-01-27,,,12.856138,75.0258518,
442245443,24,Dakshina Kannada,2,Bantwal,2,PANEMANGALURU,2,AMTURU,119,2021-2022,2,Rabi,NA Land ,0-15-0.00,2022-01-25,,,12.8448333,75.0604896,
442343941,24,Dakshina Kannada,2,Bantwal,2,PANEMANGALURU,25,SAJIPA MUDA,119,2021-2022,2,Rabi,NA Land ,1-5-0.00,2022-01-26,,,12.8530932,75.0224047,
442343942,24,Dakshina Kannada,2,Bantwal,2,PANEMANGALURU,25,SAJIPA MUDA,119,2021-2022,2,Rabi,NA Land ,0-24-0.00,2022-01-26,,,12.8531018,75.0223936,
442343971,24,Dakshina Kannada,2,Bantwal,2,PANEMANGALURU,25,SAJIPA MUDA,119,2021-2022,2,Rabi,NA Land ,0-12-50.00,2022-01-27,,,12.8458628,75.0261773,
442343929,24,Dakshina Kannada,2,Bantwal,2,PANEMANGALURU,25,SAJIPA MUDA,119,2021-2022,2,Rabi,NA Land ,0-18-0.00,2022-01-26,,,12.8581903,75.032049,
442343950,24,Dakshina Kannada,2,Bantwal,2,PANEMANGALURU,25,SAJIPA MUDA,119,2021-2022,2,Rabi,NA Land ,0-11-0.00,2022-01-26,,,12.8468036,75.0268068,
442343959,24,Dakshina Kannada,2,Bantwal,2,PANEMANGALURU,25,SAJIPA MUDA,119,2021-2022,2,Rabi,NA Land ,0-10-50.00,2022-01-27,,,12.8458826,75.0261891,
442343965,24,Dakshina Kannada,2,Bantwal,2,PANEMANGALURU,25,SAJIPA MUDA,119,2021-2022,2,Rabi,NA Land ,0-1-0.00,2022-01-27,,,12.84588,75.0261863,
442343979,24,Dakshina Kannada,2,Bantwal,2,PANEMANGALURU,25,SAJIPA MUDA,119,2021-2022,2,Rabi,NA Land ,0-4-0.00,2022-01-27,,,12.8457264,75.025931,
442262536,24,Dakshina Kannada,2,Bantwal,2,PANEMANGALURU,25,SAJIPA MUDA,119,2021-2022,2,Rabi,NA Land ,0-42-0.00,2022-01-25,,,12.8524376,75.0216187,
442262532,24,Dakshina Kannada,2,Bantwal,2,PANEMANGALURU,25,SAJIPA MUDA,119,2021-2022,2,Rabi,NA Land ,1-74-0.00,2022-01-25,,,12.8524435,75.021615,
442262534,24,Dakshina Kannada,2,Bantwal,2,PANEMANGALURU,25,SAJIPA MUDA,119,2021-2022,2,Rabi,NA Land ,0-10-0.00,2022-01-25,,,12.852442,75.0216159,
442343933,24,Dakshina Kannada,2,Bantwal,2,PANEMANGALURU,25,SAJIPA MUDA,119,2021-2022,2,Rabi,NA Land ,0-24-0.00,2022-01-26,,,12.8581649,75.0321565,
442343953,24,Dakshina Kannada,2,Bantwal,2,PANEMANGALURU,25,SAJIPA MUDA,119,2021-2022,2,Rabi,NA Land ,0-6-50.00,2022-01-27,,,12.8458934,75.0261913,
