Survey_id,District_code,District_Name,Taluk_code,Taluk_Name,Hobli_code,Hobli_Name,Village_code,Village_Name,Year_code,Years,Season_code,Season,Cropname,Crop_Extent,CropSurveyDate,Month,Weekname,Latitude,Longtitude,Image_url
442705259,24,Dakshina kannada,1,Mangalore,1,MANGALURU A,5,83-BAJAL,118,2020-2021,1,Kharif,Fallow,0-4-25.00,2020-09-24,NULL,NULL,12.8562383,74.8887136,https://kodi.karnataka.gov.in/crop_image/image?key=L09GRklDRVJfS0hBUklGX0NST1BfSU1BR0VTL0ltYWdlcy9ZQ18xMTgvU0NfMS9EQ18yNC9UQ18xL0hDXzEvVkNfNS9MQ18yOTMzL09OXzIvT25lXzE2MDA5MzM3ODU0NTMuanBn
445442295,24,Dakshina kannada,1,Mangalore,1,MANGALURU A,5,83-BAJAL,118,2020-2021,1,Kharif,Coconut,1-3-0.00,2020-10-21,NULL,NULL,12.8591403,74.8896211,https://kodi.karnataka.gov.in/crop_image/image?key=L09GRklDRVJfS0hBUklGX0NST1BfSU1BR0VTL0ltYWdlcy9ZQ18xMTgvU0NfMS9EQ18yNC9UQ18xL0hDXzEvVkNfNS9MQ18xMDA5L09OXzUvT25lXzE2MDMyNTczMzU1NjQuanBn
445442296,24,Dakshina kannada,1,Mangalore,1,MANGALURU A,5,83-BAJAL,118,2020-2021,1,Kharif,Betel Nuts (Areca nuts),0-15-0.00,2020-10-21,NULL,NULL,12.859166,74.8896421,https://kodi.karnataka.gov.in/crop_image/image?key=L09GRklDRVJfS0hBUklGX0NST1BfSU1BR0VTL0ltYWdlcy9ZQ18xMTgvU0NfMS9EQ18yNC9UQ18xL0hDXzEvVkNfNS9MQ18xMDI0L09OXzEvT25lXzE2MDMyNTc3NDcxMDQuanBn
445442297,24,Dakshina kannada,1,Mangalore,1,MANGALURU A,5,83-BAJAL,118,2020-2021,1,Kharif,Coconut,0-7-0.00,2020-10-21,NULL,NULL,12.8591699,74.8896604,https://kodi.karnataka.gov.in/crop_image/image?key=L09GRklDRVJfS0hBUklGX0NST1BfSU1BR0VTL0ltYWdlcy9ZQ18xMTgvU0NfMS9EQ18yNC9UQ18xL0hDXzEvVkNfNS9MQ18xMDIzL09OXzEvT25lXzE2MDMyNTc4OTM5OTMuanBn
445442298,24,Dakshina kannada,1,Mangalore,1,MANGALURU A,5,83-BAJAL,118,2020-2021,1,Kharif,Fallow,0-1-0.00,2020-10-21,NULL,NULL,12.8591784,74.8896387,https://kodi.karnataka.gov.in/crop_image/image?key=L09GRklDRVJfS0hBUklGX0NST1BfSU1BR0VTL0ltYWdlcy9ZQ18xMTgvU0NfMS9EQ18yNC9UQ18xL0hDXzEvVkNfNS9MQ18xMDI0L09OXzQvT25lXzE2MDMyNTgwMzQ5MDEuanBn
445442299,24,Dakshina kannada,1,Mangalore,1,MANGALURU A,5,83-BAJAL,118,2020-2021,1,Kharif,Cardamom,0-54-0.00,2020-10-21,NULL,NULL,12.8591614,74.8896493,https://kodi.karnataka.gov.in/crop_image/image?key=L09GRklDRVJfS0hBUklGX0NST1BfSU1BR0VTL0ltYWdlcy9ZQ18xMTgvU0NfMS9EQ18yNC9UQ18xL0hDXzEvVkNfNS9MQ18xMDI1L09OXzQvT25lXzE2MDMyNTgyMDg3MzAuanBn
445442300,24,Dakshina kannada,1,Mangalore,1,MANGALURU A,5,83-BAJAL,118,2020-2021,1,Kharif,Betel Nuts (Areca nuts),0-29-0.00,2020-10-21,NULL,NULL,12.8591333,74.8897029,https://kodi.karnataka.gov.in/crop_image/image?key=L09GRklDRVJfS0hBUklGX0NST1BfSU1BR0VTL0ltYWdlcy9ZQ18xMTgvU0NfMS9EQ18yNC9UQ18xL0hDXzEvVkNfNS9MQ18xMDI2L09OXzQvT25lXzE2MDMyNTgzNjMwMzUuanBn
445442301,24,Dakshina kannada,1,Mangalore,1,MANGALURU A,5,83-BAJAL,118,2020-2021,1,Kharif,Betel Nuts (Areca nuts),1-76-50.00,2020-10-21,NULL,NULL,12.8591569,74.8896381,https://kodi.karnataka.gov.in/crop_image/image?key=L09GRklDRVJfS0hBUklGX0NST1BfSU1BR0VTL0ltYWdlcy9ZQ18xMTgvU0NfMS9EQ18yNC9UQ18xL0hDXzEvVkNfNS9MQ18xMDA4L09OXzQvT25lXzE2MDMyNTg3NDkxOTUuanBn
445442302,24,Dakshina kannada,1,Mangalore,1,MANGALURU A,5,83-BAJAL,118,2020-2021,1,Kharif,Coconut,0-12-0.00,2020-10-21,NULL,NULL,12.8596729,74.8896712,https://kodi.karnataka.gov.in/crop_image/image?key=L09GRklDRVJfS0hBUklGX0NST1BfSU1BR0VTL0ltYWdlcy9ZQ18xMTgvU0NfMS9EQ18yNC9UQ18xL0hDXzEvVkNfNS9MQ185ODQvT05fMS9PbmVfMTYwMzI1OTIxMzE4Ny5qcGc=
40196557,24,Dakshina kannada,1,Mangalore,1,MANGALURU A,12,85 BI-JAPPINA MOGARU,118,2020-2021,1,Kharif,Paddy-L,1-0-0.00,2020-08-22,May,4th week,12.8472758,74.8660094,https://kodi.karnataka.gov.in/crop_image/image?key=L0ZBUk1FUl9DUk9QU1VSVkVZX0lNQUdFUy9JbWFnZXMvWUNfMTE4L1NDXzEvRENfMjQvVENfMS9IQ18xL1ZDXzEyL0xDXzE0MjUvT05fMi9PbmVfMTU5ODA3OTg1NjA4My5qcGc=
40196557,24,Dakshina kannada,1,Mangalore,1,MANGALURU A,12,85 BI-JAPPINA MOGARU,118,2020-2021,1,Kharif,Paddy-L,1-0-0.00,2020-08-22,May,4th week,12.8472695,74.8660558,https://kodi.karnataka.gov.in/crop_image/image?key=L0ZBUk1FUl9DUk9QU1VSVkVZX0lNQUdFUy9JbWFnZXMvWUNfMTE4L1NDXzEvRENfMjQvVENfMS9IQ18xL1ZDXzEyL0xDXzE0MjUvT05fMi9Ud29fMTU5ODA3OTg3NzY3OS5qcGc=
40196557,24,Dakshina kannada,1,Mangalore,1,MANGALURU A,12,85 BI-JAPPINA MOGARU,118,2020-2021,1,Kharif,Paddy-L,1-0-0.00,2020-08-22,May,4th week,12.8473531,74.866036,https://kodi.karnataka.gov.in/crop_image/image?key=L0ZBUk1FUl9DUk9QU1VSVkVZX0lNQUdFUy9JbWFnZXMvWUNfMTE4L1NDXzEvRENfMjQvVENfMS9IQ18xL1ZDXzEyL0xDXzE0MjUvT05fMi9UaHJlZV8xNTk4MDc5OTA1OTk2LmpwZw==
40196557,24,Dakshina kannada,1,Mangalore,1,MANGALURU A,12,85 BI-JAPPINA MOGARU,118,2020-2021,1,Kharif,Sugarcane-P,0-5-0.00,2020-08-22,February,3rd week,12.8473535,74.8660702,https://kodi.karnataka.gov.in/crop_image/image?key=L0ZBUk1FUl9DUk9QU1VSVkVZX0lNQUdFUy9JbWFnZXMvWUNfMTE4L1NDXzEvRENfMjQvVENfMS9IQ18xL1ZDXzEyL0xDXzE0MjUvT05fMi9PbmVfMTU5ODA3OTk2MTY3OS5qcGc=
40196557,24,Dakshina kannada,1,Mangalore,1,MANGALURU A,12,85 BI-JAPPINA MOGARU,118,2020-2021,1,Kharif,Sugarcane-P,0-5-0.00,2020-08-22,February,3rd week,12.8473755,74.8661008,https://kodi.karnataka.gov.in/crop_image/image?key=L0ZBUk1FUl9DUk9QU1VSVkVZX0lNQUdFUy9JbWFnZXMvWUNfMTE4L1NDXzEvRENfMjQvVENfMS9IQ18xL1ZDXzEyL0xDXzE0MjUvT05fMi9Ud29fMTU5ODA4MDAxMDU0NS5qcGc=
40196557,24,Dakshina kannada,1,Mangalore,1,MANGALURU A,12,85 BI-JAPPINA MOGARU,118,2020-2021,1,Kharif,Trees and Grooves,0-27-0.00,2020-08-22,NULL,NULL,12.8472298,74.8657617,https://kodi.karnataka.gov.in/crop_image/image?key=L0ZBUk1FUl9DUk9QU1VSVkVZX0lNQUdFUy9JbWFnZXMvWUNfMTE4L1NDXzEvRENfMjQvVENfMS9IQ18xL1ZDXzEyL0xDXzE0MjUvT05fMi9PbmVfMTU5ODA4MDQ2MjAxMi5qcGc=
40196557,24,Dakshina kannada,1,Mangalore,1,MANGALURU A,12,85 BI-JAPPINA MOGARU,118,2020-2021,1,Kharif,Trees and Grooves,0-27-0.00,2020-08-22,NULL,NULL,12.847265,74.8658131,https://kodi.karnataka.gov.in/crop_image/image?key=L0ZBUk1FUl9DUk9QU1VSVkVZX0lNQUdFUy9JbWFnZXMvWUNfMTE4L1NDXzEvRENfMjQvVENfMS9IQ18xL1ZDXzEyL0xDXzE0MjUvT05fMi9Ud29fMTU5ODA4MDUxNjQ3Ni5qcGc=
442110338,24,Dakshina kannada,1,Mangalore,1,MANGALURU A,12,85 BI-JAPPINA MOGARU,118,2020-2021,1,Kharif,Fallow,0-90-75.00,2020-09-22,NULL,NULL,12.8533397,74.870837,https://kodi.karnataka.gov.in/crop_image/image?key=L09GRklDRVJfS0hBUklGX0NST1BfSU1BR0VTL0ltYWdlcy9ZQ18xMTgvU0NfMS9EQ18yNC9UQ18xL0hDXzEvVkNfMTIvTENfODQxL09OXzIvT25lXzE2MDA3NjM0MzU0NzIuanBn
442110368,24,Dakshina kannada,1,Mangalore,1,MANGALURU A,12,85 BI-JAPPINA MOGARU,118,2020-2021,1,Kharif,Fallow,1-53-0.00,2020-09-22,NULL,NULL,12.8533762,74.8710026,https://kodi.karnataka.gov.in/crop_image/image?key=L09GRklDRVJfS0hBUklGX0NST1BfSU1BR0VTL0ltYWdlcy9ZQ18xMTgvU0NfMS9EQ18yNC9UQ18xL0hDXzEvVkNfMTIvTENfODM5L09OXzIvT25lXzE2MDA3NjM2MzMzMDcuanBn
442110392,24,Dakshina kannada,1,Mangalore,1,MANGALURU A,12,85 BI-JAPPINA MOGARU,118,2020-2021,1,Kharif,Fallow,0-66-0.00,2020-09-22,NULL,NULL,12.8538907,74.8707833,https://kodi.karnataka.gov.in/crop_image/image?key=L09GRklDRVJfS0hBUklGX0NST1BfSU1BR0VTL0ltYWdlcy9ZQ18xMTgvU0NfMS9EQ18yNC9UQ18xL0hDXzEvVkNfMTIvTENfODM4L09OXzMvT25lXzE2MDA3NjM3Njc0MjUuanBn
442110423,24,Dakshina kannada,1,Mangalore,1,MANGALURU A,12,85 BI-JAPPINA MOGARU,118,2020-2021,1,Kharif,Fallow,2-61-0.00,2020-09-22,NULL,NULL,12.853706,74.8704737,https://kodi.karnataka.gov.in/crop_image/image?key=L09GRklDRVJfS0hBUklGX0NST1BfSU1BR0VTL0ltYWdlcy9ZQ18xMTgvU0NfMS9EQ18yNC9UQ18xL0hDXzEvVkNfMTIvTENfODM3L09OXzIvT25lXzE2MDA3NjM5NTUwNDYuanBn
442110452,24,Dakshina kannada,1,Mangalore,1,MANGALURU A,12,85 BI-JAPPINA MOGARU,118,2020-2021,1,Kharif,Fallow,0-75-0.00,2020-09-22,NULL,NULL,12.853924,74.8690891,https://kodi.karnataka.gov.in/crop_image/image?key=L09GRklDRVJfS0hBUklGX0NST1BfSU1BR0VTL0ltYWdlcy9ZQ18xMTgvU0NfMS9EQ18yNC9UQ18xL0hDXzEvVkNfMTIvTENfODI5L09OXzIvT25lXzE2MDA3NjQ0ODM1NDAuanBn
442110473,24,Dakshina kannada,1,Mangalore,1,MANGALURU A,12,85 BI-JAPPINA MOGARU,118,2020-2021,1,Kharif,Fallow,0-24-50.00,2020-09-22,NULL,NULL,12.8540538,74.869124,https://kodi.karnataka.gov.in/crop_image/image?key=L09GRklDRVJfS0hBUklGX0NST1BfSU1BR0VTL0ltYWdlcy9ZQ18xMTgvU0NfMS9EQ18yNC9UQ18xL0hDXzEvVkNfMTIvTENfODI1L09OXzEvT25lXzE2MDA3NjQ1NzI4NzMuanBn
442110506,24,Dakshina kannada,1,Mangalore,1,MANGALURU A,12,85 BI-JAPPINA MOGARU,118,2020-2021,1,Kharif,Fallow,0-80-0.00,2020-09-22,NULL,NULL,12.8540545,74.8691192,https://kodi.karnataka.gov.in/crop_image/image?key=L09GRklDRVJfS0hBUklGX0NST1BfSU1BR0VTL0ltYWdlcy9ZQ18xMTgvU0NfMS9EQ18yNC9UQ18xL0hDXzEvVkNfMTIvTENfODIzL09OXzQvT25lXzE2MDA3NjQ2MDQyOTcuanBn
442110546,24,Dakshina kannada,1,Mangalore,1,MANGALURU A,12,85 BI-JAPPINA MOGARU,118,2020-2021,1,Kharif,Fallow,0-10-0.00,2020-09-22,NULL,NULL,12.8543359,74.8692909,https://kodi.karnataka.gov.in/crop_image/image?key=L09GRklDRVJfS0hBUklGX0NST1BfSU1BR0VTL0ltYWdlcy9ZQ18xMTgvU0NfMS9EQ18yNC9UQ18xL0hDXzEvVkNfMTIvTENfODI1L09OXzgvT25lXzE2MDA3NjUyNDEwMDQuanBn
442110565,24,Dakshina kannada,1,Mangalore,1,MANGALURU A,12,85 BI-JAPPINA MOGARU,118,2020-2021,1,Kharif,Fallow,0-48-0.00,2020-09-22,NULL,NULL,12.8542889,74.8692905,https://kodi.karnataka.gov.in/crop_image/image?key=L09GRklDRVJfS0hBUklGX0NST1BfSU1BR0VTL0ltYWdlcy9ZQ18xMTgvU0NfMS9EQ18yNC9UQ18xL0hDXzEvVkNfMTIvTENfODMwL09OXzEvT25lXzE2MDA3NjUzNDA5NjguanBn
442110608,24,Dakshina kannada,1,Mangalore,1,MANGALURU A,12,85 BI-JAPPINA MOGARU,118,2020-2021,1,Kharif,Fallow,0-66-0.00,2020-09-22,NULL,NULL,12.8545219,74.8690728,https://kodi.karnataka.gov.in/crop_image/image?key=L09GRklDRVJfS0hBUklGX0NST1BfSU1BR0VTL0ltYWdlcy9ZQ18xMTgvU0NfMS9EQ18yNC9UQ18xL0hDXzEvVkNfMTIvTENfODMzL09OXzQvT25lXzE2MDA3NjU0MjMwODkuanBn
442110633,24,Dakshina kannada,1,Mangalore,1,MANGALURU A,12,85 BI-JAPPINA MOGARU,118,2020-2021,1,Kharif,Fallow,0-60-0.00,2020-09-22,NULL,NULL,12.8546576,74.869191,https://kodi.karnataka.gov.in/crop_image/image?key=L09GRklDRVJfS0hBUklGX0NST1BfSU1BR0VTL0ltYWdlcy9ZQ18xMTgvU0NfMS9EQ18yNC9UQ18xL0hDXzEvVkNfMTIvTENfODM0L09OXzEvT25lXzE2MDA3NjU1MTc5MDMuanBn
442110668,24,Dakshina kannada,1,Mangalore,1,MANGALURU A,12,85 BI-JAPPINA MOGARU,118,2020-2021,1,Kharif,Fallow,0-41-0.00,2020-09-22,NULL,NULL,12.854524,74.8688666,https://kodi.karnataka.gov.in/crop_image/image?key=L09GRklDRVJfS0hBUklGX0NST1BfSU1BR0VTL0ltYWdlcy9ZQ18xMTgvU0NfMS9EQ18yNC9UQ18xL0hDXzEvVkNfMTIvTENfODM1L09OXzQvT25lXzE2MDA3NjU2MDI3MjQuanBn
442110690,24,Dakshina kannada,1,Mangalore,1,MANGALURU A,12,85 BI-JAPPINA MOGARU,118,2020-2021,1,Kharif,Fallow,0-65-0.00,2020-09-22,NULL,NULL,12.854821,74.8730189,https://kodi.karnataka.gov.in/crop_image/image?key=L09GRklDRVJfS0hBUklGX0NST1BfSU1BR0VTL0ltYWdlcy9ZQ18xMTgvU0NfMS9EQ18yNC9UQ18xL0hDXzEvVkNfMTIvTENfODQ3L09OXzEwL09uZV8xNjAwNzY3MzIxNjc1LmpwZw==
442110713,24,Dakshina kannada,1,Mangalore,1,MANGALURU A,12,85 BI-JAPPINA MOGARU,118,2020-2021,1,Kharif,Fallow,4-78-0.00,2020-09-22,NULL,NULL,12.8548446,74.8728585,https://kodi.karnataka.gov.in/crop_image/image?key=L09GRklDRVJfS0hBUklGX0NST1BfSU1BR0VTL0ltYWdlcy9ZQ18xMTgvU0NfMS9EQ18yNC9UQ18xL0hDXzEvVkNfMTIvTENfODQ2L09OXzEwL09uZV8xNjAwNzY3NDE3NTM1LmpwZw==
442110740,24,Dakshina kannada,1,Mangalore,1,MANGALURU A,12,85 BI-JAPPINA MOGARU,118,2020-2021,1,Kharif,Fallow,0-27-0.00,2020-09-22,NULL,NULL,12.8549765,74.8725523,https://kodi.karnataka.gov.in/crop_image/image?key=L09GRklDRVJfS0hBUklGX0NST1BfSU1BR0VTL0ltYWdlcy9ZQ18xMTgvU0NfMS9EQ18yNC9UQ18xL0hDXzEvVkNfMTIvTENfODQ3L09OXzcvT25lXzE2MDA3Njc1MzM5MzguanBn
442110771,24,Dakshina kannada,1,Mangalore,1,MANGALURU A,12,85 BI-JAPPINA MOGARU,118,2020-2021,1,Kharif,Fallow,0-74-71.00,2020-09-22,NULL,NULL,12.8549118,74.8726459,https://kodi.karnataka.gov.in/crop_image/image?key=L09GRklDRVJfS0hBUklGX0NST1BfSU1BR0VTL0ltYWdlcy9ZQ18xMTgvU0NfMS9EQ18yNC9UQ18xL0hDXzEvVkNfMTIvTENfODQ5L09OXzEvT25lXzE2MDA3Njc2MjIzMzUuanBn
442110799,24,Dakshina kannada,1,Mangalore,1,MANGALURU A,12,85 BI-JAPPINA MOGARU,118,2020-2021,1,Kharif,Fallow,1-53-0.00,2020-09-22,NULL,NULL,12.8549468,74.8723941,https://kodi.karnataka.gov.in/crop_image/image?key=L09GRklDRVJfS0hBUklGX0NST1BfSU1BR0VTL0ltYWdlcy9ZQ18xMTgvU0NfMS9EQ18yNC9UQ18xL0hDXzEvVkNfMTIvTENfODYzL09OXzQvT25lXzE2MDA3Njc3NDM1NjcuanBn
442110821,24,Dakshina kannada,1,Mangalore,1,MANGALURU A,12,85 BI-JAPPINA MOGARU,118,2020-2021,1,Kharif,Fallow,0-80-0.00,2020-09-22,NULL,NULL,12.855202,74.872066,https://kodi.karnataka.gov.in/crop_image/image?key=L09GRklDRVJfS0hBUklGX0NST1BfSU1BR0VTL0ltYWdlcy9ZQ18xMTgvU0NfMS9EQ18yNC9UQ18xL0hDXzEvVkNfMTIvTENfODQ2L09OXzEzL09uZV8xNjAwNzY4MDI0NDg2LmpwZw==
442110846,24,Dakshina kannada,1,Mangalore,1,MANGALURU A,12,85 BI-JAPPINA MOGARU,118,2020-2021,1,Kharif,Fallow,4-94-0.00,2020-09-22,NULL,NULL,12.8551895,74.8720934,https://kodi.karnataka.gov.in/crop_image/image?key=L09GRklDRVJfS0hBUklGX0NST1BfSU1BR0VTL0ltYWdlcy9ZQ18xMTgvU0NfMS9EQ18yNC9UQ18xL0hDXzEvVkNfMTIvTENfODUwL09OXzYvT25lXzE2MDA3NjgwODkyNzkuanBn
442110892,24,Dakshina kannada,1,Mangalore,1,MANGALURU A,12,85 BI-JAPPINA MOGARU,118,2020-2021,1,Kharif,Fallow,1-37-0.00,2020-09-22,NULL,NULL,12.855085,74.8721877,https://kodi.karnataka.gov.in/crop_image/image?key=L09GRklDRVJfS0hBUklGX0NST1BfSU1BR0VTL0ltYWdlcy9ZQ18xMTgvU0NfMS9EQ18yNC9UQ18xL0hDXzEvVkNfMTIvTENfODU0L09OXzgvT25lXzE2MDA3NjgyMzcyNzcuanBn
442110927,24,Dakshina kannada,1,Mangalore,1,MANGALURU A,12,85 BI-JAPPINA MOGARU,118,2020-2021,1,Kharif,NA Land ,0-5-0.00,2020-09-22,NULL,NULL,12.8439264,74.8667374,https://kodi.karnataka.gov.in/crop_image/image?key=L09GRklDRVJfS0hBUklGX0NST1BfSU1BR0VTL0ltYWdlcy9ZQ18xMTgvU0NfMS9EQ18yNC9UQ18xL0hDXzEvVkNfMTIvTENfMjc0My9PTl80NS9PbmVfMTYwMDc2OTEwMDA5OS5qcGc=
442110972,24,Dakshina kannada,1,Mangalore,1,MANGALURU A,12,85 BI-JAPPINA MOGARU,118,2020-2021,1,Kharif,Fallow,0-35-0.00,2020-09-22,NULL,NULL,12.8440607,74.8666466,https://kodi.karnataka.gov.in/crop_image/image?key=L09GRklDRVJfS0hBUklGX0NST1BfSU1BR0VTL0ltYWdlcy9ZQ18xMTgvU0NfMS9EQ18yNC9UQ18xL0hDXzEvVkNfMTIvTENfNDU0MC9PTl8yL09uZV8xNjAwNzY5NDYyMDgyLmpwZw==
442111002,24,Dakshina kannada,1,Mangalore,1,MANGALURU A,12,85 BI-JAPPINA MOGARU,118,2020-2021,1,Kharif,NA Land ,0-7-0.00,2020-09-22,NULL,NULL,12.844284,74.8666118,https://kodi.karnataka.gov.in/crop_image/image?key=L09GRklDRVJfS0hBUklGX0NST1BfSU1BR0VTL0ltYWdlcy9ZQ18xMTgvU0NfMS9EQ18yNC9UQ18xL0hDXzEvVkNfMTIvTENfNDUzOS9PTl8yL09uZV8xNjAwNzY5NTAyMjk2LmpwZw==
442111051,24,Dakshina kannada,1,Mangalore,1,MANGALURU A,12,85 BI-JAPPINA MOGARU,118,2020-2021,1,Kharif,Fallow,0-40-75.00,2020-09-22,NULL,NULL,12.8442843,74.8666147,https://kodi.karnataka.gov.in/crop_image/image?key=L09GRklDRVJfS0hBUklGX0NST1BfSU1BR0VTL0ltYWdlcy9ZQ18xMTgvU0NfMS9EQ18yNC9UQ18xL0hDXzEvVkNfMTIvTENfNDUzOC9PTl8yL09uZV8xNjAwNzY5NTM3MTM2LmpwZw==
442111083,24,Dakshina kannada,1,Mangalore,1,MANGALURU A,12,85 BI-JAPPINA MOGARU,118,2020-2021,1,Kharif,Paddy-L,0-36-0.00,2020-09-22,May,4th week,12.8440959,74.8666385,https://kodi.karnataka.gov.in/crop_image/image?key=L09GRklDRVJfS0hBUklGX0NST1BfSU1BR0VTL0ltYWdlcy9ZQ18xMTgvU0NfMS9EQ18yNC9UQ18xL0hDXzEvVkNfMTIvTENfMjc0My9PTl80Ni9PbmVfMTYwMDc2OTg0NzQ3MS5qcGc=
442111114,24,Dakshina kannada,1,Mangalore,1,MANGALURU A,12,85 BI-JAPPINA MOGARU,118,2020-2021,1,Kharif,Paddy-L,0-40-0.00,2020-09-22,May,4th week,12.8441084,74.866642,https://kodi.karnataka.gov.in/crop_image/image?key=L09GRklDRVJfS0hBUklGX0NST1BfSU1BR0VTL0ltYWdlcy9ZQ18xMTgvU0NfMS9EQ18yNC9UQ18xL0hDXzEvVkNfMTIvTENfMjc0My9PTl80Ny9PbmVfMTYwMDc2OTkwMjYxNi5qcGc=
442111154,24,Dakshina kannada,1,Mangalore,1,MANGALURU A,12,85 BI-JAPPINA MOGARU,118,2020-2021,1,Kharif,Paddy-L,0-16-0.00,2020-09-22,May,4th week,12.8441303,74.8666587,https://kodi.karnataka.gov.in/crop_image/image?key=L09GRklDRVJfS0hBUklGX0NST1BfSU1BR0VTL0ltYWdlcy9ZQ18xMTgvU0NfMS9EQ18yNC9UQ18xL0hDXzEvVkNfMTIvTENfMjc0My9PTl80OC9PbmVfMTYwMDc2OTk1MDYyNC5qcGc=
442111195,24,Dakshina kannada,1,Mangalore,1,MANGALURU A,12,85 BI-JAPPINA MOGARU,118,2020-2021,1,Kharif,Paddy-L,0-41-0.00,2020-09-22,May,4th week,12.8441392,74.8666596,https://kodi.karnataka.gov.in/crop_image/image?key=L09GRklDRVJfS0hBUklGX0NST1BfSU1BR0VTL0ltYWdlcy9ZQ18xMTgvU0NfMS9EQ18yNC9UQ18xL0hDXzEvVkNfMTIvTENfMjc0My9PTl80OS9PbmVfMTYwMDc3MDAwMzM2My5qcGc=
442111226,24,Dakshina kannada,1,Mangalore,1,MANGALURU A,12,85 BI-JAPPINA MOGARU,118,2020-2021,1,Kharif,Fallow,0-32-0.00,2020-09-22,NULL,NULL,12.8441412,74.8666596,https://kodi.karnataka.gov.in/crop_image/image?key=L09GRklDRVJfS0hBUklGX0NST1BfSU1BR0VTL0ltYWdlcy9ZQ18xMTgvU0NfMS9EQ18yNC9UQ18xL0hDXzEvVkNfMTIvTENfMjc0My9PTl81MC9PbmVfMTYwMDc3MDA1NDE5Ni5qcGc=
442111267,24,Dakshina kannada,1,Mangalore,1,MANGALURU A,12,85 BI-JAPPINA MOGARU,118,2020-2021,1,Kharif,Fallow,0-3-0.00,2020-09-22,NULL,NULL,12.8441575,74.8666656,https://kodi.karnataka.gov.in/crop_image/image?key=L09GRklDRVJfS0hBUklGX0NST1BfSU1BR0VTL0ltYWdlcy9ZQ18xMTgvU0NfMS9EQ18yNC9UQ18xL0hDXzEvVkNfMTIvTENfMjc0My9PTl81MS9PbmVfMTYwMDc3MDA5NDQyOC5qcGc=
442647166,24,Dakshina kannada,1,Mangalore,1,MANGALURU A,12,85 BI-JAPPINA MOGARU,118,2020-2021,1,Kharif,Fallow,0-81-0.00,2020-09-23,NULL,NULL,12.8553153,74.8636803,https://kodi.karnataka.gov.in/crop_image/image?key=L09GRklDRVJfS0hBUklGX0NST1BfSU1BR0VTL0ltYWdlcy9ZQ18xMTgvU0NfMS9EQ18yNC9UQ18xL0hDXzEvVkNfMTIvTENfNDYwL09OXzEvT25lXzE2MDA4NTA1OTg1MTguanBn
442647199,24,Dakshina kannada,1,Mangalore,1,MANGALURU A,12,85 BI-JAPPINA MOGARU,118,2020-2021,1,Kharif,Fallow,0-36-0.00,2020-09-23,NULL,NULL,12.8553819,74.8635097,https://kodi.karnataka.gov.in/crop_image/image?key=L09GRklDRVJfS0hBUklGX0NST1BfSU1BR0VTL0ltYWdlcy9ZQ18xMTgvU0NfMS9EQ18yNC9UQ18xL0hDXzEvVkNfMTIvTENfNDU4L09OXzEvT25lXzE2MDA4NTA2Mzc1NzIuanBn
442647214,24,Dakshina kannada,1,Mangalore,1,MANGALURU A,12,85 BI-JAPPINA MOGARU,118,2020-2021,1,Kharif,NA Land ,0-1-0.00,2020-09-23,NULL,NULL,12.8553808,74.8635082,https://kodi.karnataka.gov.in/crop_image/image?key=L09GRklDRVJfS0hBUklGX0NST1BfSU1BR0VTL0ltYWdlcy9ZQ18xMTgvU0NfMS9EQ18yNC9UQ18xL0hDXzEvVkNfMTIvTENfNDY0L09OXzEvT25lXzE2MDA4NTA3NDY2ODguanBn
442647263,24,Dakshina kannada,1,Mangalore,1,MANGALURU A,12,85 BI-JAPPINA MOGARU,118,2020-2021,1,Kharif,NA Land ,0-23-0.00,2020-09-23,NULL,NULL,12.855335,74.8634881,https://kodi.karnataka.gov.in/crop_image/image?key=L09GRklDRVJfS0hBUklGX0NST1BfSU1BR0VTL0ltYWdlcy9ZQ18xMTgvU0NfMS9EQ18yNC9UQ18xL0hDXzEvVkNfMTIvTENfNDYxL09OXzEvT25lXzE2MDA4NTA3NzUzNzMuanBn
442647283,24,Dakshina kannada,1,Mangalore,1,MANGALURU A,12,85 BI-JAPPINA MOGARU,118,2020-2021,1,Kharif,Coconut,0-25-0.00,2020-09-23,NULL,NULL,12.8553677,74.8635525,https://kodi.karnataka.gov.in/crop_image/image?key=L09GRklDRVJfS0hBUklGX0NST1BfSU1BR0VTL0ltYWdlcy9ZQ18xMTgvU0NfMS9EQ18yNC9UQ18xL0hDXzEvVkNfMTIvTENfNDY1L09OXzEvT25lXzE2MDA4NTA4NTAyMTkuanBn
442647304,24,Dakshina kannada,1,Mangalore,1,MANGALURU A,12,85 BI-JAPPINA MOGARU,118,2020-2021,1,Kharif,Fallow,0-54-0.00,2020-09-23,NULL,NULL,12.8553681,74.8635523,https://kodi.karnataka.gov.in/crop_image/image?key=L09GRklDRVJfS0hBUklGX0NST1BfSU1BR0VTL0ltYWdlcy9ZQ18xMTgvU0NfMS9EQ18yNC9UQ18xL0hDXzEvVkNfMTIvTENfNDY4L09OXzEvT25lXzE2MDA4NTA4ODI1MTEuanBn
442647324,24,Dakshina kannada,1,Mangalore,1,MANGALURU A,12,85 BI-JAPPINA MOGARU,118,2020-2021,1,Kharif,Fallow,1-4-0.00,2020-09-23,NULL,NULL,12.8553679,74.8635516,https://kodi.karnataka.gov.in/crop_image/image?key=L09GRklDRVJfS0hBUklGX0NST1BfSU1BR0VTL0ltYWdlcy9ZQ18xMTgvU0NfMS9EQ18yNC9UQ18xL0hDXzEvVkNfMTIvTENfNDY3L09OXzEvT25lXzE2MDA4NTA5MTkyNDYuanBn
442647354,24,Dakshina kannada,1,Mangalore,1,MANGALURU A,12,85 BI-JAPPINA MOGARU,118,2020-2021,1,Kharif,Fallow,0-74-0.00,2020-09-23,NULL,NULL,12.8553702,74.8635484,https://kodi.karnataka.gov.in/crop_image/image?key=L09GRklDRVJfS0hBUklGX0NST1BfSU1BR0VTL0ltYWdlcy9ZQ18xMTgvU0NfMS9EQ18yNC9UQ18xL0hDXzEvVkNfMTIvTENfNDY2L09OXzEvT25lXzE2MDA4NTA5Nzc0NDQuanBn
442647373,24,Dakshina kannada,1,Mangalore,1,MANGALURU A,12,85 BI-JAPPINA MOGARU,118,2020-2021,1,Kharif,Fallow,0-35-0.00,2020-09-23,NULL,NULL,12.8549441,74.8643392,https://kodi.karnataka.gov.in/crop_image/image?key=L09GRklDRVJfS0hBUklGX0NST1BfSU1BR0VTL0ltYWdlcy9ZQ18xMTgvU0NfMS9EQ18yNC9UQ18xL0hDXzEvVkNfMTIvTENfNDQ0L09OXzEvT25lXzE2MDA4NTEyMjUwMDguanBn
442647390,24,Dakshina kannada,1,Mangalore,1,MANGALURU A,12,85 BI-JAPPINA MOGARU,118,2020-2021,1,Kharif,Fallow,0-55-0.00,2020-09-23,NULL,NULL,12.8548405,74.8640941,https://kodi.karnataka.gov.in/crop_image/image?key=L09GRklDRVJfS0hBUklGX0NST1BfSU1BR0VTL0ltYWdlcy9ZQ18xMTgvU0NfMS9EQ18yNC9UQ18xL0hDXzEvVkNfMTIvTENfNDQ2L09OXzEvT25lXzE2MDA4NTEzMDQ0NTUuanBn
442647416,24,Dakshina kannada,1,Mangalore,1,MANGALURU A,12,85 BI-JAPPINA MOGARU,118,2020-2021,1,Kharif,Fallow,0-62-0.00,2020-09-23,NULL,NULL,12.854887,74.8641882,https://kodi.karnataka.gov.in/crop_image/image?key=L09GRklDRVJfS0hBUklGX0NST1BfSU1BR0VTL0ltYWdlcy9ZQ18xMTgvU0NfMS9EQ18yNC9UQ18xL0hDXzEvVkNfMTIvTENfNDQ3L09OXzEvT25lXzE2MDA4NTEzNTM5MTUuanBn
442647432,24,Dakshina kannada,1,Mangalore,1,MANGALURU A,12,85 BI-JAPPINA MOGARU,118,2020-2021,1,Kharif,Fallow,0-48-0.00,2020-09-23,NULL,NULL,12.8548953,74.8642032,https://kodi.karnataka.gov.in/crop_image/image?key=L09GRklDRVJfS0hBUklGX0NST1BfSU1BR0VTL0ltYWdlcy9ZQ18xMTgvU0NfMS9EQ18yNC9UQ18xL0hDXzEvVkNfMTIvTENfNDQ4L09OXzIvT25lXzE2MDA4NTE0MDcxMTcuanBn
442647448,24,Dakshina kannada,1,Mangalore,1,MANGALURU A,12,85 BI-JAPPINA MOGARU,118,2020-2021,1,Kharif,Fallow,0-48-0.00,2020-09-23,NULL,NULL,12.8548953,74.8642009,https://kodi.karnataka.gov.in/crop_image/image?key=L09GRklDRVJfS0hBUklGX0NST1BfSU1BR0VTL0ltYWdlcy9ZQ18xMTgvU0NfMS9EQ18yNC9UQ18xL0hDXzEvVkNfMTIvTENfNDQ5L09OXzEvT25lXzE2MDA4NTE0NDY2ODguanBn
442647509,24,Dakshina kannada,1,Mangalore,1,MANGALURU A,12,85 BI-JAPPINA MOGARU,118,2020-2021,1,Kharif,Fallow,0-23-0.00,2020-09-23,NULL,NULL,12.8548957,74.8642016,https://kodi.karnataka.gov.in/crop_image/image?key=L09GRklDRVJfS0hBUklGX0NST1BfSU1BR0VTL0ltYWdlcy9ZQ18xMTgvU0NfMS9EQ18yNC9UQ18xL0hDXzEvVkNfMTIvTENfNDUwL09OXzEvT25lXzE2MDA4NTE0OTczMzkuanBn
442647535,24,Dakshina kannada,1,Mangalore,1,MANGALURU A,12,85 BI-JAPPINA MOGARU,118,2020-2021,1,Kharif,Fallow,0-24-0.00,2020-09-23,NULL,NULL,12.8548966,74.8642024,https://kodi.karnataka.gov.in/crop_image/image?key=L09GRklDRVJfS0hBUklGX0NST1BfSU1BR0VTL0ltYWdlcy9ZQ18xMTgvU0NfMS9EQ18yNC9UQ18xL0hDXzEvVkNfMTIvTENfNDUxL09OXzEvT25lXzE2MDA4NTE1NDQ2NzAuanBn
442647563,24,Dakshina kannada,1,Mangalore,1,MANGALURU A,12,85 BI-JAPPINA MOGARU,118,2020-2021,1,Kharif,Fallow,0-66-50.00,2020-09-23,NULL,NULL,12.8548972,74.8642028,https://kodi.karnataka.gov.in/crop_image/image?key=L09GRklDRVJfS0hBUklGX0NST1BfSU1BR0VTL0ltYWdlcy9ZQ18xMTgvU0NfMS9EQ18yNC9UQ18xL0hDXzEvVkNfMTIvTENfNDUyL09OXzEvT25lXzE2MDA4NTE1ODE4MzkuanBn
442647591,24,Dakshina kannada,1,Mangalore,1,MANGALURU A,12,85 BI-JAPPINA MOGARU,118,2020-2021,1,Kharif,Fallow,0-12-0.00,2020-09-23,NULL,NULL,12.8549149,74.8642083,https://kodi.karnataka.gov.in/crop_image/image?key=L09GRklDRVJfS0hBUklGX0NST1BfSU1BR0VTL0ltYWdlcy9ZQ18xMTgvU0NfMS9EQ18yNC9UQ18xL0hDXzEvVkNfMTIvTENfNDUzL09OXzEvT25lXzE2MDA4NTE4NTg5NzcuanBn
442647611,24,Dakshina kannada,1,Mangalore,1,MANGALURU A,12,85 BI-JAPPINA MOGARU,118,2020-2021,1,Kharif,Fallow,0-16-0.00,2020-09-23,NULL,NULL,12.8549147,74.8642086,https://kodi.karnataka.gov.in/crop_image/image?key=L09GRklDRVJfS0hBUklGX0NST1BfSU1BR0VTL0ltYWdlcy9ZQ18xMTgvU0NfMS9EQ18yNC9UQ18xL0hDXzEvVkNfMTIvTENfNDU2L09OXzEvT25lXzE2MDA4NTE4OTIyMTcuanBn
442647631,24,Dakshina kannada,1,Mangalore,1,MANGALURU A,12,85 BI-JAPPINA MOGARU,118,2020-2021,1,Kharif,Fallow,0-17-0.00,2020-09-23,NULL,NULL,12.8549208,74.8642147,https://kodi.karnataka.gov.in/crop_image/image?key=L09GRklDRVJfS0hBUklGX0NST1BfSU1BR0VTL0ltYWdlcy9ZQ18xMTgvU0NfMS9EQ18yNC9UQ18xL0hDXzEvVkNfMTIvTENfNDU3L09OXzEvT25lXzE2MDA4NTIxNDA0ODIuanBn
442647664,24,Dakshina kannada,1,Mangalore,1,MANGALURU A,12,85 BI-JAPPINA MOGARU,118,2020-2021,1,Kharif,NA Land ,0-6-75.00,2020-09-23,NULL,NULL,12.8554196,74.8620139,https://kodi.karnataka.gov.in/crop_image/image?key=L09GRklDRVJfS0hBUklGX0NST1BfSU1BR0VTL0ltYWdlcy9ZQ18xMTgvU0NfMS9EQ18yNC9UQ18xL0hDXzEvVkNfMTIvTENfNDU0NC9PTl8xL09uZV8xNjAwODUyNDkxMjUxLmpwZw==
442647693,24,Dakshina kannada,1,Mangalore,1,MANGALURU A,12,85 BI-JAPPINA MOGARU,118,2020-2021,1,Kharif,Fallow,1-49-0.00,2020-09-23,NULL,NULL,12.8554075,74.8620256,https://kodi.karnataka.gov.in/crop_image/image?key=L09GRklDRVJfS0hBUklGX0NST1BfSU1BR0VTL0ltYWdlcy9ZQ18xMTgvU0NfMS9EQ18yNC9UQ18xL0hDXzEvVkNfMTIvTENfNDk1L09OXzEvT25lXzE2MDA4NTI1MzUzOTAuanBn
442647724,24,Dakshina kannada,1,Mangalore,1,MANGALURU A,12,85 BI-JAPPINA MOGARU,118,2020-2021,1,Kharif,Coconut,0-35-0.00,2020-09-23,NULL,NULL,12.8554063,74.8620267,https://kodi.karnataka.gov.in/crop_image/image?key=L09GRklDRVJfS0hBUklGX0NST1BfSU1BR0VTL0ltYWdlcy9ZQ18xMTgvU0NfMS9EQ18yNC9UQ18xL0hDXzEvVkNfMTIvTENfNDk2L09OXzEvT25lXzE2MDA4NTI1OTYxODEuanBn
442647760,24,Dakshina kannada,1,Mangalore,1,MANGALURU A,12,85 BI-JAPPINA MOGARU,118,2020-2021,1,Kharif,Coconut,0-44-0.00,2020-09-23,NULL,NULL,12.8554049,74.8620287,https://kodi.karnataka.gov.in/crop_image/image?key=L09GRklDRVJfS0hBUklGX0NST1BfSU1BR0VTL0ltYWdlcy9ZQ18xMTgvU0NfMS9EQ18yNC9UQ18xL0hDXzEvVkNfMTIvTENfNDk3L09OXzEvT25lXzE2MDA4NTI2NTQyMjkuanBn
442647797,24,Dakshina kannada,1,Mangalore,1,MANGALURU A,12,85 BI-JAPPINA MOGARU,118,2020-2021,1,Kharif,Fallow,2-48-0.00,2020-09-23,NULL,NULL,12.8554047,74.862032,https://kodi.karnataka.gov.in/crop_image/image?key=L09GRklDRVJfS0hBUklGX0NST1BfSU1BR0VTL0ltYWdlcy9ZQ18xMTgvU0NfMS9EQ18yNC9UQ18xL0hDXzEvVkNfMTIvTENfNTEyL09OXzEvT25lXzE2MDA4NTI3MDYxNjQuanBn
442647825,24,Dakshina kannada,1,Mangalore,1,MANGALURU A,12,85 BI-JAPPINA MOGARU,118,2020-2021,1,Kharif,Coconut,0-25-0.00,2020-09-23,NULL,NULL,12.8553994,74.8620389,https://kodi.karnataka.gov.in/crop_image/image?key=L09GRklDRVJfS0hBUklGX0NST1BfSU1BR0VTL0ltYWdlcy9ZQ18xMTgvU0NfMS9EQ18yNC9UQ18xL0hDXzEvVkNfMTIvTENfNTEzL09OXzEvT25lXzE2MDA4NTI3NDgxNjUuanBn
442647867,24,Dakshina kannada,1,Mangalore,1,MANGALURU A,12,85 BI-JAPPINA MOGARU,118,2020-2021,1,Kharif,NA Land ,0-41-0.00,2020-09-23,NULL,NULL,12.8553974,74.8620331,https://kodi.karnataka.gov.in/crop_image/image?key=L09GRklDRVJfS0hBUklGX0NST1BfSU1BR0VTL0ltYWdlcy9ZQ18xMTgvU0NfMS9EQ18yNC9UQ18xL0hDXzEvVkNfMTIvTENfNDg1L09OXzEvT25lXzE2MDA4NTI3ODc5NjAuanBn
442647895,24,Dakshina kannada,1,Mangalore,1,MANGALURU A,12,85 BI-JAPPINA MOGARU,118,2020-2021,1,Kharif,Coconut,0-41-0.00,2020-09-23,NULL,NULL,12.8554031,74.8620265,https://kodi.karnataka.gov.in/crop_image/image?key=L09GRklDRVJfS0hBUklGX0NST1BfSU1BR0VTL0ltYWdlcy9ZQ18xMTgvU0NfMS9EQ18yNC9UQ18xL0hDXzEvVkNfMTIvTENfNDg2L09OXzEvT25lXzE2MDA4NTI4NTkzMjIuanBn
442647938,24,Dakshina kannada,1,Mangalore,1,MANGALURU A,12,85 BI-JAPPINA MOGARU,118,2020-2021,1,Kharif,NA Land ,0-22-0.00,2020-09-23,NULL,NULL,12.8554033,74.8620262,https://kodi.karnataka.gov.in/crop_image/image?key=L09GRklDRVJfS0hBUklGX0NST1BfSU1BR0VTL0ltYWdlcy9ZQ18xMTgvU0NfMS9EQ18yNC9UQ18xL0hDXzEvVkNfMTIvTENfNDkwL09OXzIvT25lXzE2MDA4NTI4ODQ5OTYuanBn
442647971,24,Dakshina kannada,1,Mangalore,1,MANGALURU A,12,85 BI-JAPPINA MOGARU,118,2020-2021,1,Kharif,NA Land ,0-22-0.00,2020-09-23,NULL,NULL,12.8553934,74.8620241,https://kodi.karnataka.gov.in/crop_image/image?key=L09GRklDRVJfS0hBUklGX0NST1BfSU1BR0VTL0ltYWdlcy9ZQ18xMTgvU0NfMS9EQ18yNC9UQ18xL0hDXzEvVkNfMTIvTENfNDkxL09OXzEvT25lXzE2MDA4NTI5Mzc5ODAuanBn
442648001,24,Dakshina kannada,1,Mangalore,1,MANGALURU A,12,85 BI-JAPPINA MOGARU,118,2020-2021,1,Kharif,Fallow,0-73-0.00,2020-09-23,NULL,NULL,12.8527179,74.8620233,https://kodi.karnataka.gov.in/crop_image/image?key=L09GRklDRVJfS0hBUklGX0NST1BfSU1BR0VTL0ltYWdlcy9ZQ18xMTgvU0NfMS9EQ18yNC9UQ18xL0hDXzEvVkNfMTIvTENfNjMzL09OXzEzL09uZV8xNjAwODUzODEyNzMyLmpwZw==
442648031,24,Dakshina kannada,1,Mangalore,1,MANGALURU A,12,85 BI-JAPPINA MOGARU,118,2020-2021,1,Kharif,Fallow,0-54-0.00,2020-09-23,NULL,NULL,12.8536953,74.8638408,https://kodi.karnataka.gov.in/crop_image/image?key=L09GRklDRVJfS0hBUklGX0NST1BfSU1BR0VTL0ltYWdlcy9ZQ18xMTgvU0NfMS9EQ18yNC9UQ18xL0hDXzEvVkNfMTIvTENfNTMyL09OXzEvT25lXzE2MDA4NTQxNTE0MDAuanBn
442648062,24,Dakshina kannada,1,Mangalore,1,MANGALURU A,12,85 BI-JAPPINA MOGARU,118,2020-2021,1,Kharif,Fallow,0-22-50.00,2020-09-23,NULL,NULL,12.853076,74.8661071,https://kodi.karnataka.gov.in/crop_image/image?key=L09GRklDRVJfS0hBUklGX0NST1BfSU1BR0VTL0ltYWdlcy9ZQ18xMTgvU0NfMS9EQ18yNC9UQ18xL0hDXzEvVkNfMTIvTENfNTY2L09OXzQvT25lXzE2MDA4NTQ2NjAwMzEuanBn
442648085,24,Dakshina kannada,1,Mangalore,1,MANGALURU A,12,85 BI-JAPPINA MOGARU,118,2020-2021,1,Kharif,Fallow,0-60-0.00,2020-09-23,NULL,NULL,12.8530828,74.8660987,https://kodi.karnataka.gov.in/crop_image/image?key=L09GRklDRVJfS0hBUklGX0NST1BfSU1BR0VTL0ltYWdlcy9ZQ18xMTgvU0NfMS9EQ18yNC9UQ18xL0hDXzEvVkNfMTIvTENfNTc0L09OXzMvT25lXzE2MDA4NTQ2OTYzNTMuanBn
442648112,24,Dakshina kannada,1,Mangalore,1,MANGALURU A,12,85 BI-JAPPINA MOGARU,118,2020-2021,1,Kharif,Fallow,0-29-25.00,2020-09-23,NULL,NULL,12.8530804,74.8661005,https://kodi.karnataka.gov.in/crop_image/image?key=L09GRklDRVJfS0hBUklGX0NST1BfSU1BR0VTL0ltYWdlcy9ZQ18xMTgvU0NfMS9EQ18yNC9UQ18xL0hDXzEvVkNfMTIvTENfNTc1L09OXzEvT25lXzE2MDA4NTQ3NTEyNjAuanBn
442648132,24,Dakshina kannada,1,Mangalore,1,MANGALURU A,12,85 BI-JAPPINA MOGARU,118,2020-2021,1,Kharif,Fallow,0-36-0.00,2020-09-23,NULL,NULL,12.8530823,74.8661,https://kodi.karnataka.gov.in/crop_image/image?key=L09GRklDRVJfS0hBUklGX0NST1BfSU1BR0VTL0ltYWdlcy9ZQ18xMTgvU0NfMS9EQ18yNC9UQ18xL0hDXzEvVkNfMTIvTENfNTYwL09OXzQvT25lXzE2MDA4NTQ3OTMwNTAuanBn
442648158,24,Dakshina kannada,1,Mangalore,1,MANGALURU A,12,85 BI-JAPPINA MOGARU,118,2020-2021,1,Kharif,Fallow,0-78-0.00,2020-09-23,NULL,NULL,12.8530828,74.8660992,https://kodi.karnataka.gov.in/crop_image/image?key=L09GRklDRVJfS0hBUklGX0NST1BfSU1BR0VTL0ltYWdlcy9ZQ18xMTgvU0NfMS9EQ18yNC9UQ18xL0hDXzEvVkNfMTIvTENfNTcyL09OXzgvT25lXzE2MDA4NTQ4NDgwNDguanBn
442648184,24,Dakshina kannada,1,Mangalore,1,MANGALURU A,12,85 BI-JAPPINA MOGARU,118,2020-2021,1,Kharif,Fallow,0-33-0.00,2020-09-23,NULL,NULL,12.8530834,74.8661003,https://kodi.karnataka.gov.in/crop_image/image?key=L09GRklDRVJfS0hBUklGX0NST1BfSU1BR0VTL0ltYWdlcy9ZQ18xMTgvU0NfMS9EQ18yNC9UQ18xL0hDXzEvVkNfMTIvTENfNTcxL09OXzEvT25lXzE2MDA4NTQ4ODc5MTUuanBn
442648207,24,Dakshina kannada,1,Mangalore,1,MANGALURU A,12,85 BI-JAPPINA MOGARU,118,2020-2021,1,Kharif,Fallow,0-33-0.00,2020-09-23,NULL,NULL,12.8530855,74.8661,https://kodi.karnataka.gov.in/crop_image/image?key=L09GRklDRVJfS0hBUklGX0NST1BfSU1BR0VTL0ltYWdlcy9ZQ18xMTgvU0NfMS9EQ18yNC9UQ18xL0hDXzEvVkNfMTIvTENfNTcwL09OXzEvT25lXzE2MDA4NTQ5MjEyNzAuanBn
442648234,24,Dakshina kannada,1,Mangalore,1,MANGALURU A,12,85 BI-JAPPINA MOGARU,118,2020-2021,1,Kharif,Coconut,0-34-0.00,2020-09-23,NULL,NULL,12.8531003,74.8660905,https://kodi.karnataka.gov.in/crop_image/image?key=L09GRklDRVJfS0hBUklGX0NST1BfSU1BR0VTL0ltYWdlcy9ZQ18xMTgvU0NfMS9EQ18yNC9UQ18xL0hDXzEvVkNfMTIvTENfNTY5L09OXzEvT25lXzE2MDA4NTQ5NzY1NjEuanBn
442648257,24,Dakshina kannada,1,Mangalore,1,MANGALURU A,12,85 BI-JAPPINA MOGARU,118,2020-2021,1,Kharif,Fallow,0-32-0.00,2020-09-23,NULL,NULL,12.8531044,74.8660919,https://kodi.karnataka.gov.in/crop_image/image?key=L09GRklDRVJfS0hBUklGX0NST1BfSU1BR0VTL0ltYWdlcy9ZQ18xMTgvU0NfMS9EQ18yNC9UQ18xL0hDXzEvVkNfMTIvTENfNTY3L09OXzEvT25lXzE2MDA4NTUwMjI2NjcuanBn
442648281,24,Dakshina kannada,1,Mangalore,1,MANGALURU A,12,85 BI-JAPPINA MOGARU,118,2020-2021,1,Kharif,Fallow,0-22-50.00,2020-09-23,NULL,NULL,12.8531098,74.8660913,https://kodi.karnataka.gov.in/crop_image/image?key=L09GRklDRVJfS0hBUklGX0NST1BfSU1BR0VTL0ltYWdlcy9ZQ18xMTgvU0NfMS9EQ18yNC9UQ18xL0hDXzEvVkNfMTIvTENfNTY2L09OXzUvT25lXzE2MDA4NTUwNzQ4NTAuanBn
442648313,24,Dakshina kannada,1,Mangalore,1,MANGALURU A,12,85 BI-JAPPINA MOGARU,118,2020-2021,1,Kharif,Fallow,0-59-0.00,2020-09-23,NULL,NULL,12.8531122,74.8660887,https://kodi.karnataka.gov.in/crop_image/image?key=L09GRklDRVJfS0hBUklGX0NST1BfSU1BR0VTL0ltYWdlcy9ZQ18xMTgvU0NfMS9EQ18yNC9UQ18xL0hDXzEvVkNfMTIvTENfNTY1L09OXzIvT25lXzE2MDA4NTUxMjQ5NTYuanBn
442648873,24,Dakshina kannada,1,Mangalore,1,MANGALURU A,12,85 BI-JAPPINA MOGARU,118,2020-2021,1,Kharif,Fallow,0-28-0.00,2020-09-23,NULL,NULL,12.8531075,74.8660882,https://kodi.karnataka.gov.in/crop_image/image?key=L09GRklDRVJfS0hBUklGX0NST1BfSU1BR0VTL0ltYWdlcy9ZQ18xMTgvU0NfMS9EQ18yNC9UQ18xL0hDXzEvVkNfMTIvTENfNTY0L09OXzIvT25lXzE2MDA4NTUxNjY5MDIuanBn
442648924,24,Dakshina kannada,1,Mangalore,1,MANGALURU A,12,85 BI-JAPPINA MOGARU,118,2020-2021,1,Kharif,NA Land ,0-31-0.00,2020-09-23,NULL,NULL,12.853105,74.8660938,https://kodi.karnataka.gov.in/crop_image/image?key=L09GRklDRVJfS0hBUklGX0NST1BfSU1BR0VTL0ltYWdlcy9ZQ18xMTgvU0NfMS9EQ18yNC9UQ18xL0hDXzEvVkNfMTIvTENfNTYxL09OXzMvT25lXzE2MDA4NTUzNTA0ODQuanBn
442700590,24,Dakshina kannada,1,Mangalore,1,MANGALURU A,12,85 BI-JAPPINA MOGARU,118,2020-2021,1,Kharif,Fallow,0-58-50.00,2020-09-24,NULL,NULL,12.851326,74.8670505,https://kodi.karnataka.gov.in/crop_image/image?key=L09GRklDRVJfS0hBUklGX0NST1BfSU1BR0VTL0ltYWdlcy9ZQ18xMTgvU0NfMS9EQ18yNC9UQ18xL0hDXzEvVkNfMTIvTENfNTgwL09OXzMvT25lXzE2MDA5MzUyMzc0MjIuanBn
442700643,24,Dakshina kannada,1,Mangalore,1,MANGALURU A,12,85 BI-JAPPINA MOGARU,118,2020-2021,1,Kharif,Fallow,0-56-0.00,2020-09-24,NULL,NULL,12.8514563,74.8670392,https://kodi.karnataka.gov.in/crop_image/image?key=L09GRklDRVJfS0hBUklGX0NST1BfSU1BR0VTL0ltYWdlcy9ZQ18xMTgvU0NfMS9EQ18yNC9UQ18xL0hDXzEvVkNfMTIvTENfNTgxL09OXzQvT25lXzE2MDA5MzUyOTExODguanBn
442700679,24,Dakshina kannada,1,Mangalore,1,MANGALURU A,12,85 BI-JAPPINA MOGARU,118,2020-2021,1,Kharif,Fallow,0-22-0.00,2020-09-24,NULL,NULL,12.8514562,74.8670321,https://kodi.karnataka.gov.in/crop_image/image?key=L09GRklDRVJfS0hBUklGX0NST1BfSU1BR0VTL0ltYWdlcy9ZQ18xMTgvU0NfMS9EQ18yNC9UQ18xL0hDXzEvVkNfMTIvTENfNDUzNS9PTl8xL09uZV8xNjAwOTM1MzI2Njc0LmpwZw==
442700727,24,Dakshina kannada,1,Mangalore,1,MANGALURU A,12,85 BI-JAPPINA MOGARU,118,2020-2021,1,Kharif,NA Land ,0-29-50.00,2020-09-24,NULL,NULL,12.8514519,74.8670376,https://kodi.karnataka.gov.in/crop_image/image?key=L09GRklDRVJfS0hBUklGX0NST1BfSU1BR0VTL0ltYWdlcy9ZQ18xMTgvU0NfMS9EQ18yNC9UQ18xL0hDXzEvVkNfMTIvTENfNDUzNS9PTl8yL09uZV8xNjAwOTM1MzYyMzExLmpwZw==
442700770,24,Dakshina kannada,1,Mangalore,1,MANGALURU A,12,85 BI-JAPPINA MOGARU,118,2020-2021,1,Kharif,NA Land ,0-5-0.00,2020-09-24,NULL,NULL,12.8512221,74.8670984,https://kodi.karnataka.gov.in/crop_image/image?key=L09GRklDRVJfS0hBUklGX0NST1BfSU1BR0VTL0ltYWdlcy9ZQ18xMTgvU0NfMS9EQ18yNC9UQ18xL0hDXzEvVkNfMTIvTENfNDUzNS9PTl8zL09uZV8xNjAwOTM1NDEwNjQ1LmpwZw==
442700821,24,Dakshina kannada,1,Mangalore,1,MANGALURU A,12,85 BI-JAPPINA MOGARU,118,2020-2021,1,Kharif,Fallow,0-60-0.00,2020-09-24,NULL,NULL,12.8512371,74.8671218,https://kodi.karnataka.gov.in/crop_image/image?key=L09GRklDRVJfS0hBUklGX0NST1BfSU1BR0VTL0ltYWdlcy9ZQ18xMTgvU0NfMS9EQ18yNC9UQ18xL0hDXzEvVkNfMTIvTENfNDU0OS9PTl8xL09uZV8xNjAwOTM1NTMzMzM5LmpwZw==
442700862,24,Dakshina kannada,1,Mangalore,1,MANGALURU A,12,85 BI-JAPPINA MOGARU,118,2020-2021,1,Kharif,NA Land ,0-4-70.00,2020-09-24,NULL,NULL,12.8512346,74.8671194,https://kodi.karnataka.gov.in/crop_image/image?key=L09GRklDRVJfS0hBUklGX0NST1BfSU1BR0VTL0ltYWdlcy9ZQ18xMTgvU0NfMS9EQ18yNC9UQ18xL0hDXzEvVkNfMTIvTENfNTg3L09OXzIvT25lXzE2MDA5MzU1NzMyMDUuanBn
442700905,24,Dakshina kannada,1,Mangalore,1,MANGALURU A,12,85 BI-JAPPINA MOGARU,118,2020-2021,1,Kharif,Fallow,0-10-0.00,2020-09-24,NULL,NULL,12.8512397,74.8671248,https://kodi.karnataka.gov.in/crop_image/image?key=L09GRklDRVJfS0hBUklGX0NST1BfSU1BR0VTL0ltYWdlcy9ZQ18xMTgvU0NfMS9EQ18yNC9UQ18xL0hDXzEvVkNfMTIvTENfNDUzNy9PTl8xL09uZV8xNjAwOTM1NjAxNDM2LmpwZw==
40266043,24,Dakshina kannada,1,Mangalore,1,MANGALURU A,5,83-BAJAL,118,2020-2021,1,Kharif,Harvest over Crop-Paddy-L,0-55-0.00,2020-08-23,NULL,NULL,12.8526085,74.8844991,https://kodi.karnataka.gov.in/crop_image/image?key=L0ZBUk1FUl9DUk9QU1VSVkVZX0lNQUdFUy9JbWFnZXMvWUNfMTE4L1NDXzEvRENfMjQvVENfMS9IQ18xL1ZDXzUvTENfNDcyL09OXzIvT25lXzE1OTgxNzI3NDE1NDYuanBn
40266043,24,Dakshina kannada,1,Mangalore,1,MANGALURU A,5,83-BAJAL,118,2020-2021,1,Kharif,Harvest over Crop-Paddy-L,0-55-0.00,2020-08-23,NULL,NULL,12.8526156,74.8845003,https://kodi.karnataka.gov.in/crop_image/image?key=L0ZBUk1FUl9DUk9QU1VSVkVZX0lNQUdFUy9JbWFnZXMvWUNfMTE4L1NDXzEvRENfMjQvVENfMS9IQ18xL1ZDXzUvTENfNDcyL09OXzIvVHdvXzE1OTgxNzI3NTEwNDYuanBn
40266043,24,Dakshina kannada,1,Mangalore,1,MANGALURU A,5,83-BAJAL,118,2020-2021,1,Kharif,Harvest over Crop-Paddy-L,0-55-0.00,2020-08-23,NULL,NULL,12.8526166,74.8844972,https://kodi.karnataka.gov.in/crop_image/image?key=L0ZBUk1FUl9DUk9QU1VSVkVZX0lNQUdFUy9JbWFnZXMvWUNfMTE4L1NDXzEvRENfMjQvVENfMS9IQ18xL1ZDXzUvTENfNDcyL09OXzIvVGhyZWVfMTU5ODE3Mjc1OTg5OS5qcGc=
40271086,24,Dakshina kannada,1,Mangalore,1,MANGALURU A,5,83-BAJAL,118,2020-2021,1,Kharif,Harvest over Crop-Paddy-L,0-56-0.00,2020-08-23,NULL,NULL,12.8526752,74.8845988,https://kodi.karnataka.gov.in/crop_image/image?key=L0ZBUk1FUl9DUk9QU1VSVkVZX0lNQUdFUy9JbWFnZXMvWUNfMTE4L1NDXzEvRENfMjQvVENfMS9IQ18xL1ZDXzUvTENfMjY1OS9PTl81L09uZV8xNTk4MTc1NzI5MjQzLmpwZw==
40271086,24,Dakshina kannada,1,Mangalore,1,MANGALURU A,5,83-BAJAL,118,2020-2021,1,Kharif,Harvest over Crop-Paddy-L,0-56-0.00,2020-08-23,NULL,NULL,12.852676,74.8845935,https://kodi.karnataka.gov.in/crop_image/image?key=L0ZBUk1FUl9DUk9QU1VSVkVZX0lNQUdFUy9JbWFnZXMvWUNfMTE4L1NDXzEvRENfMjQvVENfMS9IQ18xL1ZDXzUvTENfMjY1OS9PTl81L1R3b18xNTk4MTc1NzQ1NTQ4LmpwZw==
40271086,24,Dakshina kannada,1,Mangalore,1,MANGALURU A,5,83-BAJAL,118,2020-2021,1,Kharif,Harvest over Crop-Paddy-L,0-56-0.00,2020-08-23,NULL,NULL,12.8526677,74.8845906,https://kodi.karnataka.gov.in/crop_image/image?key=L0ZBUk1FUl9DUk9QU1VSVkVZX0lNQUdFUy9JbWFnZXMvWUNfMTE4L1NDXzEvRENfMjQvVENfMS9IQ18xL1ZDXzUvTENfMjY1OS9PTl81L1RocmVlXzE1OTgxNzU3NjkyNjMuanBn
40271376,24,Dakshina kannada,1,Mangalore,1,MANGALURU A,5,83-BAJAL,118,2020-2021,1,Kharif,Harvest over Crop-Paddy-L,0-67-75.00,2020-08-23,NULL,NULL,12.8526648,74.8845902,https://kodi.karnataka.gov.in/crop_image/image?key=L0ZBUk1FUl9DUk9QU1VSVkVZX0lNQUdFUy9JbWFnZXMvWUNfMTE4L1NDXzEvRENfMjQvVENfMS9IQ18xL1ZDXzUvTENfMjY2My9PTl80L09uZV8xNTk4MTc1OTQ3MTMxLmpwZw==
40271376,24,Dakshina kannada,1,Mangalore,1,MANGALURU A,5,83-BAJAL,118,2020-2021,1,Kharif,Harvest over Crop-Paddy-L,0-67-75.00,2020-08-23,NULL,NULL,12.8526607,74.8845939,https://kodi.karnataka.gov.in/crop_image/image?key=L0ZBUk1FUl9DUk9QU1VSVkVZX0lNQUdFUy9JbWFnZXMvWUNfMTE4L1NDXzEvRENfMjQvVENfMS9IQ18xL1ZDXzUvTENfMjY2My9PTl80L1R3b18xNTk4MTc1OTY3MDM4LmpwZw==
40271376,24,Dakshina kannada,1,Mangalore,1,MANGALURU A,5,83-BAJAL,118,2020-2021,1,Kharif,Harvest over Crop-Paddy-L,0-67-75.00,2020-08-23,NULL,NULL,12.8526512,74.8846079,https://kodi.karnataka.gov.in/crop_image/image?key=L0ZBUk1FUl9DUk9QU1VSVkVZX0lNQUdFUy9JbWFnZXMvWUNfMTE4L1NDXzEvRENfMjQvVENfMS9IQ18xL1ZDXzUvTENfMjY2My9PTl80L1RocmVlXzE1OTgxNzU5ODU1NTYuanBn
40274162,24,Dakshina kannada,1,Mangalore,1,MANGALURU A,5,83-BAJAL,118,2020-2021,1,Kharif,Harvest over Crop-Banana ,0-19-0.00,2020-08-23,NULL,NULL,12.8545449,74.8836685,https://kodi.karnataka.gov.in/crop_image/image?key=L0ZBUk1FUl9DUk9QU1VSVkVZX0lNQUdFUy9JbWFnZXMvWUNfMTE4L1NDXzEvRENfMjQvVENfMS9IQ18xL1ZDXzUvTENfNDczL09OXzgvT25lXzE1OTgxNzc1NjY4OTcuanBn
40274162,24,Dakshina kannada,1,Mangalore,1,MANGALURU A,5,83-BAJAL,118,2020-2021,1,Kharif,Harvest over Crop-Banana ,0-19-0.00,2020-08-23,NULL,NULL,12.8544741,74.8837434,https://kodi.karnataka.gov.in/crop_image/image?key=L0ZBUk1FUl9DUk9QU1VSVkVZX0lNQUdFUy9JbWFnZXMvWUNfMTE4L1NDXzEvRENfMjQvVENfMS9IQ18xL1ZDXzUvTENfNDczL09OXzgvVHdvXzE1OTgxNzc1ODYwMzIuanBn
40274162,24,Dakshina kannada,1,Mangalore,1,MANGALURU A,5,83-BAJAL,118,2020-2021,1,Kharif,Harvest over Crop-Banana ,0-19-0.00,2020-08-23,NULL,NULL,12.8544738,74.883741,https://kodi.karnataka.gov.in/crop_image/image?key=L0ZBUk1FUl9DUk9QU1VSVkVZX0lNQUdFUy9JbWFnZXMvWUNfMTE4L1NDXzEvRENfMjQvVENfMS9IQ18xL1ZDXzUvTENfNDczL09OXzgvVGhyZWVfMTU5ODE3NzYwMDc4MS5qcGc=
40274493,24,Dakshina kannada,1,Mangalore,1,MANGALURU A,5,83-BAJAL,118,2020-2021,1,Kharif,Harvest over Crop-Paddy-L,0-16-0.00,2020-08-23,NULL,NULL,12.854451,74.8833809,https://kodi.karnataka.gov.in/crop_image/image?key=L0ZBUk1FUl9DUk9QU1VSVkVZX0lNQUdFUy9JbWFnZXMvWUNfMTE4L1NDXzEvRENfMjQvVENfMS9IQ18xL1ZDXzUvTENfNDc2L09OXzYvT25lXzE1OTgxNzc3OTY4NDguanBn
40274493,24,Dakshina kannada,1,Mangalore,1,MANGALURU A,5,83-BAJAL,118,2020-2021,1,Kharif,Harvest over Crop-Paddy-L,0-16-0.00,2020-08-23,NULL,NULL,12.8544688,74.8834254,https://kodi.karnataka.gov.in/crop_image/image?key=L0ZBUk1FUl9DUk9QU1VSVkVZX0lNQUdFUy9JbWFnZXMvWUNfMTE4L1NDXzEvRENfMjQvVENfMS9IQ18xL1ZDXzUvTENfNDc2L09OXzYvVHdvXzE1OTgxNzc4MDgyODcuanBn
40274493,24,Dakshina kannada,1,Mangalore,1,MANGALURU A,5,83-BAJAL,118,2020-2021,1,Kharif,Harvest over Crop-Paddy-L,0-16-0.00,2020-08-23,NULL,NULL,12.8545263,74.8834732,https://kodi.karnataka.gov.in/crop_image/image?key=L0ZBUk1FUl9DUk9QU1VSVkVZX0lNQUdFUy9JbWFnZXMvWUNfMTE4L1NDXzEvRENfMjQvVENfMS9IQ18xL1ZDXzUvTENfNDc2L09OXzYvVGhyZWVfMTU5ODE3NzgyMjczMC5qcGc=
40276503,24,Dakshina kannada,1,Mangalore,1,MANGALURU A,5,83-BAJAL,118,2020-2021,1,Kharif,Harvest over Crop-Banana ,0-61-75.00,2020-08-23,NULL,NULL,12.8540018,74.8845549,https://kodi.karnataka.gov.in/crop_image/image?key=L0ZBUk1FUl9DUk9QU1VSVkVZX0lNQUdFUy9JbWFnZXMvWUNfMTE4L1NDXzEvRENfMjQvVENfMS9IQ18xL1ZDXzUvTENfMjY1OS9PTl82L09uZV8xNTk4MTc4ODcxNjcwLmpwZw==
40276503,24,Dakshina kannada,1,Mangalore,1,MANGALURU A,5,83-BAJAL,118,2020-2021,1,Kharif,Harvest over Crop-Banana ,0-61-75.00,2020-08-23,NULL,NULL,12.8540016,74.8845553,https://kodi.karnataka.gov.in/crop_image/image?key=L0ZBUk1FUl9DUk9QU1VSVkVZX0lNQUdFUy9JbWFnZXMvWUNfMTE4L1NDXzEvRENfMjQvVENfMS9IQ18xL1ZDXzUvTENfMjY1OS9PTl82L1R3b18xNTk4MTc4ODgzMDA1LmpwZw==
40276503,24,Dakshina kannada,1,Mangalore,1,MANGALURU A,5,83-BAJAL,118,2020-2021,1,Kharif,Harvest over Crop-Banana ,0-61-75.00,2020-08-23,NULL,NULL,12.8540016,74.8845554,https://kodi.karnataka.gov.in/crop_image/image?key=L0ZBUk1FUl9DUk9QU1VSVkVZX0lNQUdFUy9JbWFnZXMvWUNfMTE4L1NDXzEvRENfMjQvVENfMS9IQ18xL1ZDXzUvTENfMjY1OS9PTl82L1RocmVlXzE1OTgxNzg4OTE1MTkuanBn
40278275,24,Dakshina kannada,1,Mangalore,1,MANGALURU A,5,83-BAJAL,118,2020-2021,1,Kharif,Harvest over Crop-Banana ,0-46-50.00,2020-08-23,NULL,NULL,12.8540526,74.883947,https://kodi.karnataka.gov.in/crop_image/image?key=L0ZBUk1FUl9DUk9QU1VSVkVZX0lNQUdFUy9JbWFnZXMvWUNfMTE4L1NDXzEvRENfMjQvVENfMS9IQ18xL1ZDXzUvTENfMjY2NS9PTl82L09uZV8xNTk4MTc5ODAyODY0LmpwZw==
40278275,24,Dakshina kannada,1,Mangalore,1,MANGALURU A,5,83-BAJAL,118,2020-2021,1,Kharif,Harvest over Crop-Banana ,0-46-50.00,2020-08-23,NULL,NULL,12.8540688,74.88393,https://kodi.karnataka.gov.in/crop_image/image?key=L0ZBUk1FUl9DUk9QU1VSVkVZX0lNQUdFUy9JbWFnZXMvWUNfMTE4L1NDXzEvRENfMjQvVENfMS9IQ18xL1ZDXzUvTENfMjY2NS9PTl82L1R3b18xNTk4MTc5ODE1NDMwLmpwZw==
40278275,24,Dakshina kannada,1,Mangalore,1,MANGALURU A,5,83-BAJAL,118,2020-2021,1,Kharif,Harvest over Crop-Banana ,0-46-50.00,2020-08-23,NULL,NULL,12.8540816,74.8839299,https://kodi.karnataka.gov.in/crop_image/image?key=L0ZBUk1FUl9DUk9QU1VSVkVZX0lNQUdFUy9JbWFnZXMvWUNfMTE4L1NDXzEvRENfMjQvVENfMS9IQ18xL1ZDXzUvTENfMjY2NS9PTl82L1RocmVlXzE1OTgxNzk4MjQ0MzcuanBn
40278618,24,Dakshina kannada,1,Mangalore,1,MANGALURU A,5,83-BAJAL,118,2020-2021,1,Kharif,Harvest over Crop-Grass,0-47-0.00,2020-08-23,NULL,NULL,12.8541337,74.8840572,https://kodi.karnataka.gov.in/crop_image/image?key=L0ZBUk1FUl9DUk9QU1VSVkVZX0lNQUdFUy9JbWFnZXMvWUNfMTE4L1NDXzEvRENfMjQvVENfMS9IQ18xL1ZDXzUvTENfMjY2My9PTl81L09uZV8xNTk4MTc5OTY2MDUzLmpwZw==
40278618,24,Dakshina kannada,1,Mangalore,1,MANGALURU A,5,83-BAJAL,118,2020-2021,1,Kharif,Harvest over Crop-Grass,0-47-0.00,2020-08-23,NULL,NULL,12.8541327,74.8840506,https://kodi.karnataka.gov.in/crop_image/image?key=L0ZBUk1FUl9DUk9QU1VSVkVZX0lNQUdFUy9JbWFnZXMvWUNfMTE4L1NDXzEvRENfMjQvVENfMS9IQ18xL1ZDXzUvTENfMjY2My9PTl81L1R3b18xNTk4MTc5OTc3MDMwLmpwZw==
40278618,24,Dakshina kannada,1,Mangalore,1,MANGALURU A,5,83-BAJAL,118,2020-2021,1,Kharif,Harvest over Crop-Grass,0-47-0.00,2020-08-23,NULL,NULL,12.8541314,74.8840515,https://kodi.karnataka.gov.in/crop_image/image?key=L0ZBUk1FUl9DUk9QU1VSVkVZX0lNQUdFUy9JbWFnZXMvWUNfMTE4L1NDXzEvRENfMjQvVENfMS9IQ18xL1ZDXzUvTENfMjY2My9PTl81L1RocmVlXzE1OTgxNzk5ODYzMzYuanBn
40337077,24,Dakshina kannada,1,Mangalore,1,MANGALURU A,5,83-BAJAL,118,2020-2021,1,Kharif,Betel Nuts (Areca nuts),0-4-0.00,2020-08-24,NULL,NULL,12.8507468,74.8871806,https://kodi.karnataka.gov.in/crop_image/image?key=L0ZBUk1FUl9DUk9QU1VSVkVZX0lNQUdFUy9JbWFnZXMvWUNfMTE4L1NDXzEvRENfMjQvVENfMS9IQ18xL1ZDXzUvTENfNTE3L09OXzEvT25lXzE1OTgyNTk1NTI1MzUuanBn
40337545,24,Dakshina kannada,1,Mangalore,1,MANGALURU A,5,83-BAJAL,118,2020-2021,1,Kharif,Coconut,0-7-0.00,2020-08-24,NULL,NULL,12.8507482,74.8871925,https://kodi.karnataka.gov.in/crop_image/image?key=L0ZBUk1FUl9DUk9QU1VSVkVZX0lNQUdFUy9JbWFnZXMvWUNfMTE4L1NDXzEvRENfMjQvVENfMS9IQ18xL1ZDXzUvTENfMjk4NS9PTl83L09uZV8xNTk4MjU5ODU5MTI4LmpwZw==
40337665,24,Dakshina kannada,1,Mangalore,1,MANGALURU A,5,83-BAJAL,118,2020-2021,1,Kharif,Coconut,2-45-0.00,2020-08-24,NULL,NULL,12.8508229,74.8871514,https://kodi.karnataka.gov.in/crop_image/image?key=L0ZBUk1FUl9DUk9QU1VSVkVZX0lNQUdFUy9JbWFnZXMvWUNfMTE4L1NDXzEvRENfMjQvVENfMS9IQ18xL1ZDXzUvTENfNTA2L09OXzIvT25lXzE1OTgyNTk5NzQyNTEuanBn
40337813,24,Dakshina kannada,1,Mangalore,1,MANGALURU A,5,83-BAJAL,118,2020-2021,1,Kharif,Coconut,0-50-0.00,2020-08-24,NULL,NULL,12.8508482,74.8871432,https://kodi.karnataka.gov.in/crop_image/image?key=L0ZBUk1FUl9DUk9QU1VSVkVZX0lNQUdFUy9JbWFnZXMvWUNfMTE4L1NDXzEvRENfMjQvVENfMS9IQ18xL1ZDXzUvTENfNTA5L09OXzEvT25lXzE1OTgyNjAwNzk3MjYuanBn
40337913,24,Dakshina kannada,1,Mangalore,1,MANGALURU A,5,83-BAJAL,118,2020-2021,1,Kharif,Fallow,0-3-0.00,2020-08-24,NULL,NULL,12.8508157,74.8871985,https://kodi.karnataka.gov.in/crop_image/image?key=L0ZBUk1FUl9DUk9QU1VSVkVZX0lNQUdFUy9JbWFnZXMvWUNfMTE4L1NDXzEvRENfMjQvVENfMS9IQ18xL1ZDXzUvTENfNTE2L09OXzEvT25lXzE1OTgyNjAxODA2NDUuanBn
40338114,24,Dakshina kannada,1,Mangalore,1,MANGALURU A,5,83-BAJAL,118,2020-2021,1,Kharif,Coconut,0-55-0.00,2020-08-24,NULL,NULL,12.8508322,74.8871827,https://kodi.karnataka.gov.in/crop_image/image?key=L0ZBUk1FUl9DUk9QU1VSVkVZX0lNQUdFUy9JbWFnZXMvWUNfMTE4L1NDXzEvRENfMjQvVENfMS9IQ18xL1ZDXzUvTENfMjM3My9PTl8xL09uZV8xNTk4MjYwMjg1NTcyLmpwZw==
40338625,24,Dakshina kannada,1,Mangalore,1,MANGALURU A,5,83-BAJAL,118,2020-2021,1,Kharif,Coconut,3-63-0.00,2020-08-24,NULL,NULL,12.8508293,74.8871302,https://kodi.karnataka.gov.in/crop_image/image?key=L0ZBUk1FUl9DUk9QU1VSVkVZX0lNQUdFUy9JbWFnZXMvWUNfMTE4L1NDXzEvRENfMjQvVENfMS9IQ18xL1ZDXzUvTENfMjM4Ni9PTl8yL09uZV8xNTk4MjYwNTY1NjQ3LmpwZw==
40339541,24,Dakshina kannada,1,Mangalore,1,MANGALURU A,5,83-BAJAL,118,2020-2021,1,Kharif,Betel Nuts (Areca nuts),0-25-0.00,2020-08-24,NULL,NULL,12.8507186,74.8871816,https://kodi.karnataka.gov.in/crop_image/image?key=L0ZBUk1FUl9DUk9QU1VSVkVZX0lNQUdFUy9JbWFnZXMvWUNfMTE4L1NDXzEvRENfMjQvVENfMS9IQ18xL1ZDXzUvTENfMjM5MC9PTl8xL09uZV8xNTk4MjYwOTg0NDY5LmpwZw==
40339684,24,Dakshina kannada,1,Mangalore,1,MANGALURU A,5,83-BAJAL,118,2020-2021,1,Kharif,Coconut,0-28-0.00,2020-08-24,NULL,NULL,12.8507689,74.8872375,https://kodi.karnataka.gov.in/crop_image/image?key=L0ZBUk1FUl9DUk9QU1VSVkVZX0lNQUdFUy9JbWFnZXMvWUNfMTE4L1NDXzEvRENfMjQvVENfMS9IQ18xL1ZDXzUvTENfNTA3L09OXzcvT25lXzE1OTgyNjEwNzk2NjUuanBn
40339802,24,Dakshina kannada,1,Mangalore,1,MANGALURU A,5,83-BAJAL,118,2020-2021,1,Kharif,Coconut,0-16-0.00,2020-08-24,NULL,NULL,12.8507909,74.8872051,https://kodi.karnataka.gov.in/crop_image/image?key=L0ZBUk1FUl9DUk9QU1VSVkVZX0lNQUdFUy9JbWFnZXMvWUNfMTE4L1NDXzEvRENfMjQvVENfMS9IQ18xL1ZDXzUvTENfNTA3L09OXzgvT25lXzE1OTgyNjExODA5MjAuanBn
40339973,24,Dakshina kannada,1,Mangalore,1,MANGALURU A,5,83-BAJAL,118,2020-2021,1,Kharif,Coconut,0-31-0.00,2020-08-24,NULL,NULL,12.8508278,74.8871964,https://kodi.karnataka.gov.in/crop_image/image?key=L0ZBUk1FUl9DUk9QU1VSVkVZX0lNQUdFUy9JbWFnZXMvWUNfMTE4L1NDXzEvRENfMjQvVENfMS9IQ18xL1ZDXzUvTENfNTA3L09OXzkvT25lXzE1OTgyNjEzMTYwNjcuanBn
40340098,24,Dakshina kannada,1,Mangalore,1,MANGALURU A,5,83-BAJAL,118,2020-2021,1,Kharif,Coconut,0-35-0.00,2020-08-24,NULL,NULL,12.8508374,74.8871864,https://kodi.karnataka.gov.in/crop_image/image?key=L0ZBUk1FUl9DUk9QU1VSVkVZX0lNQUdFUy9JbWFnZXMvWUNfMTE4L1NDXzEvRENfMjQvVENfMS9IQ18xL1ZDXzUvTENfNTA3L09OXzEwL09uZV8xNTk4MjYxMzk3MjIyLmpwZw==
40340277,24,Dakshina kannada,1,Mangalore,1,MANGALURU A,5,83-BAJAL,118,2020-2021,1,Kharif,Coconut,0-28-0.00,2020-08-24,NULL,NULL,12.8507907,74.8871897,https://kodi.karnataka.gov.in/crop_image/image?key=L0ZBUk1FUl9DUk9QU1VSVkVZX0lNQUdFUy9JbWFnZXMvWUNfMTE4L1NDXzEvRENfMjQvVENfMS9IQ18xL1ZDXzUvTENfNTA4L09OXzEvT25lXzE1OTgyNjE0OTcxMzMuanBn
40340458,24,Dakshina kannada,1,Mangalore,1,MANGALURU A,5,83-BAJAL,118,2020-2021,1,Kharif,Coconut,0-96-0.00,2020-08-24,NULL,NULL,12.8507744,74.8872129,https://kodi.karnataka.gov.in/crop_image/image?key=L0ZBUk1FUl9DUk9QU1VSVkVZX0lNQUdFUy9JbWFnZXMvWUNfMTE4L1NDXzEvRENfMjQvVENfMS9IQ18xL1ZDXzUvTENfNTEwL09OXzEvT25lXzE1OTgyNjE1NzQ5NDUuanBn
40340639,24,Dakshina kannada,1,Mangalore,1,MANGALURU A,5,83-BAJAL,118,2020-2021,1,Kharif,Coconut,0-10-0.00,2020-08-24,NULL,NULL,12.8507861,74.8872053,https://kodi.karnataka.gov.in/crop_image/image?key=L0ZBUk1FUl9DUk9QU1VSVkVZX0lNQUdFUy9JbWFnZXMvWUNfMTE4L1NDXzEvRENfMjQvVENfMS9IQ18xL1ZDXzUvTENfNTExL09OXzEvT25lXzE1OTgyNjE2NzcxOTMuanBn
40340829,24,Dakshina kannada,1,Mangalore,1,MANGALURU A,5,83-BAJAL,118,2020-2021,1,Kharif,Coconut,0-50-0.00,2020-08-24,NULL,NULL,12.8508302,74.8871477,https://kodi.karnataka.gov.in/crop_image/image?key=L0ZBUk1FUl9DUk9QU1VSVkVZX0lNQUdFUy9JbWFnZXMvWUNfMTE4L1NDXzEvRENfMjQvVENfMS9IQ18xL1ZDXzUvTENfNTEyL09OXzgvT25lXzE1OTgyNjE3NzgzNDMuanBn
40341716,24,Dakshina kannada,1,Mangalore,1,MANGALURU A,5,83-BAJAL,118,2020-2021,1,Kharif,Coconut,0-30-0.00,2020-08-24,NULL,NULL,12.850818,74.887178,https://kodi.karnataka.gov.in/crop_image/image?key=L0ZBUk1FUl9DUk9QU1VSVkVZX0lNQUdFUy9JbWFnZXMvWUNfMTE4L1NDXzEvRENfMjQvVENfMS9IQ18xL1ZDXzUvTENfNTEzL09OXzEvT25lXzE1OTgyNjIyNzEyMjYuanBn
40342053,24,Dakshina kannada,1,Mangalore,1,MANGALURU A,5,83-BAJAL,118,2020-2021,1,Kharif,Coconut,0-13-0.00,2020-08-24,NULL,NULL,12.8508076,74.8871918,https://kodi.karnataka.gov.in/crop_image/image?key=L0ZBUk1FUl9DUk9QU1VSVkVZX0lNQUdFUy9JbWFnZXMvWUNfMTE4L1NDXzEvRENfMjQvVENfMS9IQ18xL1ZDXzUvTENfNTE0L09OXzIvT25lXzE1OTgyNjI1MTI5NDIuanBn
40344813,24,Dakshina kannada,1,Mangalore,1,MANGALURU A,5,83-BAJAL,118,2020-2021,1,Kharif,Coconut,1-30-0.00,2020-08-24,NULL,NULL,12.8516337,74.8869417,https://kodi.karnataka.gov.in/crop_image/image?key=L0ZBUk1FUl9DUk9QU1VSVkVZX0lNQUdFUy9JbWFnZXMvWUNfMTE4L1NDXzEvRENfMjQvVENfMS9IQ18xL1ZDXzUvTENfNTQ5L09OXzIvT25lXzE1OTgyNjQxNTIwMTMuanBn
40345129,24,Dakshina kannada,1,Mangalore,1,MANGALURU A,5,83-BAJAL,118,2020-2021,1,Kharif,Coconut,0-39-0.00,2020-08-24,NULL,NULL,12.8516046,74.8870096,https://kodi.karnataka.gov.in/crop_image/image?key=L0ZBUk1FUl9DUk9QU1VSVkVZX0lNQUdFUy9JbWFnZXMvWUNfMTE4L1NDXzEvRENfMjQvVENfMS9IQ18xL1ZDXzUvTENfMjk4Ni9PTl84L09uZV8xNTk4MjY0MjIyMDU0LmpwZw==
40345703,24,Dakshina kannada,1,Mangalore,1,MANGALURU A,5,83-BAJAL,118,2020-2021,1,Kharif,Coconut,1-36-50.00,2020-08-24,NULL,NULL,12.8523268,74.8867977,https://kodi.karnataka.gov.in/crop_image/image?key=L0ZBUk1FUl9DUk9QU1VSVkVZX0lNQUdFUy9JbWFnZXMvWUNfMTE4L1NDXzEvRENfMjQvVENfMS9IQ18xL1ZDXzUvTENfMjE2MTQvT05fMS9PbmVfMTU5ODI2NDUxNTEyNy5qcGc=
40345866,24,Dakshina kannada,1,Mangalore,1,MANGALURU A,5,83-BAJAL,118,2020-2021,1,Kharif,Coconut,0-35-0.00,2020-08-24,NULL,NULL,12.8523196,74.8867789,https://kodi.karnataka.gov.in/crop_image/image?key=L0ZBUk1FUl9DUk9QU1VSVkVZX0lNQUdFUy9JbWFnZXMvWUNfMTE4L1NDXzEvRENfMjQvVENfMS9IQ18xL1ZDXzUvTENfMjE2MTYvT05fMi9PbmVfMTU5ODI2NDU5OTE0NS5qcGc=
40346011,24,Dakshina kannada,1,Mangalore,1,MANGALURU A,5,83-BAJAL,118,2020-2021,1,Kharif,Fallow,0-2-0.00,2020-08-24,NULL,NULL,12.8523466,74.8867802,https://kodi.karnataka.gov.in/crop_image/image?key=L0ZBUk1FUl9DUk9QU1VSVkVZX0lNQUdFUy9JbWFnZXMvWUNfMTE4L1NDXzEvRENfMjQvVENfMS9IQ18xL1ZDXzUvTENfNTMwL09OXzcvT25lXzE1OTgyNjQ2NTkyMzMuanBn
40346364,24,Dakshina kannada,1,Mangalore,1,MANGALURU A,5,83-BAJAL,118,2020-2021,1,Kharif,Coconut,0-6-0.00,2020-08-24,NULL,NULL,12.8523324,74.886791,https://kodi.karnataka.gov.in/crop_image/image?key=L0ZBUk1FUl9DUk9QU1VSVkVZX0lNQUdFUy9JbWFnZXMvWUNfMTE4L1NDXzEvRENfMjQvVENfMS9IQ18xL1ZDXzUvTENfNTI5L09OXzIvT25lXzE1OTgyNjQ4NDAwMzEuanBn
40346550,24,Dakshina kannada,1,Mangalore,1,MANGALURU A,5,83-BAJAL,118,2020-2021,1,Kharif,Coconut,0-15-0.00,2020-08-24,NULL,NULL,12.8523486,74.8867153,https://kodi.karnataka.gov.in/crop_image/image?key=L0ZBUk1FUl9DUk9QU1VSVkVZX0lNQUdFUy9JbWFnZXMvWUNfMTE4L1NDXzEvRENfMjQvVENfMS9IQ18xL1ZDXzUvTENfNTMyL09OXzEvT25lXzE1OTgyNjQ5MjM3NTguanBn
40346696,24,Dakshina kannada,1,Mangalore,1,MANGALURU A,5,83-BAJAL,118,2020-2021,1,Kharif,Coconut,0-8-0.00,2020-08-24,NULL,NULL,12.8523566,74.8867379,https://kodi.karnataka.gov.in/crop_image/image?key=L0ZBUk1FUl9DUk9QU1VSVkVZX0lNQUdFUy9JbWFnZXMvWUNfMTE4L1NDXzEvRENfMjQvVENfMS9IQ18xL1ZDXzUvTENfNTMzL09OXzEvT25lXzE1OTgyNjUwMjI4ODIuanBn
40346918,24,Dakshina kannada,1,Mangalore,1,MANGALURU A,5,83-BAJAL,118,2020-2021,1,Kharif,Fallow,0-1-0.00,2020-08-24,NULL,NULL,12.8523627,74.886765,https://kodi.karnataka.gov.in/crop_image/image?key=L0ZBUk1FUl9DUk9QU1VSVkVZX0lNQUdFUy9JbWFnZXMvWUNfMTE4L1NDXzEvRENfMjQvVENfMS9IQ18xL1ZDXzUvTENfNTM0L09OXzIvT25lXzE1OTgyNjUwODE2MjkuanBn
40347055,24,Dakshina kannada,1,Mangalore,1,MANGALURU A,5,83-BAJAL,118,2020-2021,1,Kharif,Coconut,0-21-0.00,2020-08-24,NULL,NULL,12.8523726,74.8867725,https://kodi.karnataka.gov.in/crop_image/image?key=L0ZBUk1FUl9DUk9QU1VSVkVZX0lNQUdFUy9JbWFnZXMvWUNfMTE4L1NDXzEvRENfMjQvVENfMS9IQ18xL1ZDXzUvTENfNTM1L09OXzEvT25lXzE1OTgyNjUxODU1MzYuanBn
40347294,24,Dakshina kannada,1,Mangalore,1,MANGALURU A,5,83-BAJAL,118,2020-2021,1,Kharif,Coconut,0-8-0.00,2020-08-24,NULL,NULL,12.8523966,74.8867828,https://kodi.karnataka.gov.in/crop_image/image?key=L0ZBUk1FUl9DUk9QU1VSVkVZX0lNQUdFUy9JbWFnZXMvWUNfMTE4L1NDXzEvRENfMjQvVENfMS9IQ18xL1ZDXzUvTENfNTM4L09OXzEwL09uZV8xNTk4MjY1MjkzOTk4LmpwZw==
40347749,24,Dakshina kannada,1,Mangalore,1,MANGALURU A,5,83-BAJAL,118,2020-2021,1,Kharif,Coconut,0-19-0.00,2020-08-24,NULL,NULL,12.8522894,74.8868506,https://kodi.karnataka.gov.in/crop_image/image?key=L0ZBUk1FUl9DUk9QU1VSVkVZX0lNQUdFUy9JbWFnZXMvWUNfMTE4L1NDXzEvRENfMjQvVENfMS9IQ18xL1ZDXzUvTENfNTM5L09OXzIvT25lXzE1OTgyNjU1NDIwMTMuanBn
40348014,24,Dakshina kannada,1,Mangalore,1,MANGALURU A,5,83-BAJAL,118,2020-2021,1,Kharif,Coconut,0-62-0.00,2020-08-24,NULL,NULL,12.8524819,74.8866868,https://kodi.karnataka.gov.in/crop_image/image?key=L0ZBUk1FUl9DUk9QU1VSVkVZX0lNQUdFUy9JbWFnZXMvWUNfMTE4L1NDXzEvRENfMjQvVENfMS9IQ18xL1ZDXzUvTENfNTQ4L09OXzkvT25lXzE1OTgyNjU2NTE1NjIuanBn
40348251,24,Dakshina kannada,1,Mangalore,1,MANGALURU A,5,83-BAJAL,118,2020-2021,1,Kharif,Coconut,0-47-0.00,2020-08-24,NULL,NULL,12.8524689,74.8866796,https://kodi.karnataka.gov.in/crop_image/image?key=L0ZBUk1FUl9DUk9QU1VSVkVZX0lNQUdFUy9JbWFnZXMvWUNfMTE4L1NDXzEvRENfMjQvVENfMS9IQ18xL1ZDXzUvTENfNTUwL09OXzIvT25lXzE1OTgyNjU3NDM0MzIuanBn
40348453,24,Dakshina kannada,1,Mangalore,1,MANGALURU A,5,83-BAJAL,118,2020-2021,1,Kharif,Coconut,1-8-0.00,2020-08-24,NULL,NULL,12.8524261,74.8866731,https://kodi.karnataka.gov.in/crop_image/image?key=L0ZBUk1FUl9DUk9QU1VSVkVZX0lNQUdFUy9JbWFnZXMvWUNfMTE4L1NDXzEvRENfMjQvVENfMS9IQ18xL1ZDXzUvTENfMjM4Mi9PTl8yL09uZV8xNTk4MjY1ODQyNzgzLmpwZw==
40348860,24,Dakshina kannada,1,Mangalore,1,MANGALURU A,5,83-BAJAL,118,2020-2021,1,Kharif,Coconut,1-0-0.00,2020-08-24,NULL,NULL,12.8525711,74.8866779,https://kodi.karnataka.gov.in/crop_image/image?key=L0ZBUk1FUl9DUk9QU1VSVkVZX0lNQUdFUy9JbWFnZXMvWUNfMTE4L1NDXzEvRENfMjQvVENfMS9IQ18xL1ZDXzUvTENfMjk0NC9PTl8xL09uZV8xNTk4MjY2MTA5OTE2LmpwZw==
40349290,24,Dakshina kannada,1,Mangalore,1,MANGALURU A,5,83-BAJAL,118,2020-2021,1,Kharif,Coconut,0-25-0.00,2020-08-24,NULL,NULL,12.8525927,74.8866537,https://kodi.karnataka.gov.in/crop_image/image?key=L0ZBUk1FUl9DUk9QU1VSVkVZX0lNQUdFUy9JbWFnZXMvWUNfMTE4L1NDXzEvRENfMjQvVENfMS9IQ18xL1ZDXzUvTENfNTQwL09OXzcvT25lXzE1OTgyNjYyNzI4NzcuanBn
40349486,24,Dakshina kannada,1,Mangalore,1,MANGALURU A,5,83-BAJAL,118,2020-2021,1,Kharif,Coconut,1-0-0.00,2020-08-24,NULL,NULL,12.8525863,74.8866497,https://kodi.karnataka.gov.in/crop_image/image?key=L0ZBUk1FUl9DUk9QU1VSVkVZX0lNQUdFUy9JbWFnZXMvWUNfMTE4L1NDXzEvRENfMjQvVENfMS9IQ18xL1ZDXzUvTENfNTQxL09OXzEvT25lXzE1OTgyNjYzNTA5ODEuanBn
40350444,24,Dakshina kannada,1,Mangalore,1,MANGALURU A,5,83-BAJAL,118,2020-2021,1,Kharif,Coconut,0-61-0.00,2020-08-24,NULL,NULL,12.8525297,74.8866677,https://kodi.karnataka.gov.in/crop_image/image?key=L0ZBUk1FUl9DUk9QU1VSVkVZX0lNQUdFUy9JbWFnZXMvWUNfMTE4L1NDXzEvRENfMjQvVENfMS9IQ18xL1ZDXzUvTENfNTQyL09OXzEvT25lXzE1OTgyNjY2OTE0ODIuanBn
40350777,24,Dakshina kannada,1,Mangalore,1,MANGALURU A,5,83-BAJAL,118,2020-2021,1,Kharif,Coconut,0-55-0.00,2020-08-24,NULL,NULL,12.8525121,74.8866888,https://kodi.karnataka.gov.in/crop_image/image?key=L0ZBUk1FUl9DUk9QU1VSVkVZX0lNQUdFUy9JbWFnZXMvWUNfMTE4L1NDXzEvRENfMjQvVENfMS9IQ18xL1ZDXzUvTENfNTQzL09OXzEvT25lXzE1OTgyNjY3ODYwMzQuanBn
40350973,24,Dakshina kannada,1,Mangalore,1,MANGALURU A,5,83-BAJAL,118,2020-2021,1,Kharif,Coconut,1-7-0.00,2020-08-24,NULL,NULL,12.8524673,74.8866768,https://kodi.karnataka.gov.in/crop_image/image?key=L0ZBUk1FUl9DUk9QU1VSVkVZX0lNQUdFUy9JbWFnZXMvWUNfMTE4L1NDXzEvRENfMjQvVENfMS9IQ18xL1ZDXzUvTENfNTQ0L09OXzEvT25lXzE1OTgyNjY4NzQ4NjcuanBn
40351090,24,Dakshina kannada,1,Mangalore,1,MANGALURU A,5,83-BAJAL,118,2020-2021,1,Kharif,Coconut,0-60-0.00,2020-08-24,NULL,NULL,12.8524428,74.8867029,https://kodi.karnataka.gov.in/crop_image/image?key=L0ZBUk1FUl9DUk9QU1VSVkVZX0lNQUdFUy9JbWFnZXMvWUNfMTE4L1NDXzEvRENfMjQvVENfMS9IQ18xL1ZDXzUvTENfNTQ1L09OXzgvT25lXzE1OTgyNjY5NTQ3MjEuanBn
40351203,24,Dakshina kannada,1,Mangalore,1,MANGALURU A,5,83-BAJAL,118,2020-2021,1,Kharif,Coconut,0-54-50.00,2020-08-24,NULL,NULL,12.8524124,74.8867315,https://kodi.karnataka.gov.in/crop_image/image?key=L0ZBUk1FUl9DUk9QU1VSVkVZX0lNQUdFUy9JbWFnZXMvWUNfMTE4L1NDXzEvRENfMjQvVENfMS9IQ18xL1ZDXzUvTENfNTQ2L09OXzEvT25lXzE1OTgyNjcwMjE2ODYuanBn
40351339,24,Dakshina kannada,1,Mangalore,1,MANGALURU A,5,83-BAJAL,118,2020-2021,1,Kharif,Coconut,0-6-50.00,2020-08-24,NULL,NULL,12.8524316,74.8867294,https://kodi.karnataka.gov.in/crop_image/image?key=L0ZBUk1FUl9DUk9QU1VSVkVZX0lNQUdFUy9JbWFnZXMvWUNfMTE4L1NDXzEvRENfMjQvVENfMS9IQ18xL1ZDXzUvTENfNTQ2L09OXzIvT25lXzE1OTgyNjcwNzgyOTAuanBn
40351519,24,Dakshina kannada,1,Mangalore,1,MANGALURU A,5,83-BAJAL,118,2020-2021,1,Kharif,Coconut,0-6-50.00,2020-08-24,NULL,NULL,12.8524333,74.8866999,https://kodi.karnataka.gov.in/crop_image/image?key=L0ZBUk1FUl9DUk9QU1VSVkVZX0lNQUdFUy9JbWFnZXMvWUNfMTE4L1NDXzEvRENfMjQvVENfMS9IQ18xL1ZDXzUvTENfNTUxL09OXzE2L09uZV8xNTk4MjY3MTY5ODEzLmpwZw==
40351714,24,Dakshina kannada,1,Mangalore,1,MANGALURU A,5,83-BAJAL,118,2020-2021,1,Kharif,Coconut,0-3-0.00,2020-08-24,NULL,NULL,12.852306,74.8867352,https://kodi.karnataka.gov.in/crop_image/image?key=L0ZBUk1FUl9DUk9QU1VSVkVZX0lNQUdFUy9JbWFnZXMvWUNfMTE4L1NDXzEvRENfMjQvVENfMS9IQ18xL1ZDXzUvTENfNTU4L09OXzkvT25lXzE1OTgyNjcyNTY1NTQuanBn
40351869,24,Dakshina kannada,1,Mangalore,1,MANGALURU A,5,83-BAJAL,118,2020-2021,1,Kharif,Coconut,0-3-0.00,2020-08-24,NULL,NULL,12.8523069,74.8867099,https://kodi.karnataka.gov.in/crop_image/image?key=L0ZBUk1FUl9DUk9QU1VSVkVZX0lNQUdFUy9JbWFnZXMvWUNfMTE4L1NDXzEvRENfMjQvVENfMS9IQ18xL1ZDXzUvTENfNTYwL09OXzcvT25lXzE1OTgyNjczMjMwMjEuanBn
40351949,24,Dakshina kannada,1,Mangalore,1,MANGALURU A,5,83-BAJAL,118,2020-2021,1,Kharif,Fallow,0-4-0.00,2020-08-24,NULL,NULL,12.8523082,74.8867309,https://kodi.karnataka.gov.in/crop_image/image?key=L0ZBUk1FUl9DUk9QU1VSVkVZX0lNQUdFUy9JbWFnZXMvWUNfMTE4L1NDXzEvRENfMjQvVENfMS9IQ18xL1ZDXzUvTENfNTYxL09OXzIvT25lXzE1OTgyNjczODA3NzIuanBn
40352361,24,Dakshina kannada,1,Mangalore,1,MANGALURU A,5,83-BAJAL,118,2020-2021,1,Kharif,Coconut,1-36-0.00,2020-08-24,NULL,NULL,12.85236,74.8867535,https://kodi.karnataka.gov.in/crop_image/image?key=L0ZBUk1FUl9DUk9QU1VSVkVZX0lNQUdFUy9JbWFnZXMvWUNfMTE4L1NDXzEvRENfMjQvVENfMS9IQ18xL1ZDXzUvTENfNTcxL09OXzkvT25lXzE1OTgyNjc2MDk2MDIuanBn
40352478,24,Dakshina kannada,1,Mangalore,1,MANGALURU A,5,83-BAJAL,118,2020-2021,1,Kharif,Coconut,0-13-0.00,2020-08-24,NULL,NULL,12.8523608,74.886776,https://kodi.karnataka.gov.in/crop_image/image?key=L0ZBUk1FUl9DUk9QU1VSVkVZX0lNQUdFUy9JbWFnZXMvWUNfMTE4L1NDXzEvRENfMjQvVENfMS9IQ18xL1ZDXzUvTENfNTczL09OXzIvT25lXzE1OTgyNjc2ODUyNDEuanBn
40352707,24,Dakshina kannada,1,Mangalore,1,MANGALURU A,5,83-BAJAL,118,2020-2021,1,Kharif,Fallow,0-2-0.00,2020-08-24,NULL,NULL,12.8523671,74.8867939,https://kodi.karnataka.gov.in/crop_image/image?key=L0ZBUk1FUl9DUk9QU1VSVkVZX0lNQUdFUy9JbWFnZXMvWUNfMTE4L1NDXzEvRENfMjQvVENfMS9IQ18xL1ZDXzUvTENfMjI2NS9PTl8xMi9PbmVfMTU5ODI2Nzc1NzA3OC5qcGc=
40352860,24,Dakshina kannada,1,Mangalore,1,MANGALURU A,5,83-BAJAL,118,2020-2021,1,Kharif,Coconut,0-17-0.00,2020-08-24,NULL,NULL,12.8523485,74.8867505,https://kodi.karnataka.gov.in/crop_image/image?key=L0ZBUk1FUl9DUk9QU1VSVkVZX0lNQUdFUy9JbWFnZXMvWUNfMTE4L1NDXzEvRENfMjQvVENfMS9IQ18xL1ZDXzUvTENfNTc0L09OXzEvT25lXzE1OTgyNjc4NDEyMDAuanBn
40352952,24,Dakshina kannada,1,Mangalore,1,MANGALURU A,5,83-BAJAL,118,2020-2021,1,Kharif,Fallow,0-1-0.00,2020-08-24,NULL,NULL,12.8523621,74.8867746,https://kodi.karnataka.gov.in/crop_image/image?key=L0ZBUk1FUl9DUk9QU1VSVkVZX0lNQUdFUy9JbWFnZXMvWUNfMTE4L1NDXzEvRENfMjQvVENfMS9IQ18xL1ZDXzUvTENfNTc4L09OXzIvT25lXzE1OTgyNjc4OTAwODEuanBn
40353126,24,Dakshina kannada,1,Mangalore,1,MANGALURU A,5,83-BAJAL,118,2020-2021,1,Kharif,Fallow,0-3-0.00,2020-08-24,NULL,NULL,12.8523306,74.8867697,https://kodi.karnataka.gov.in/crop_image/image?key=L0ZBUk1FUl9DUk9QU1VSVkVZX0lNQUdFUy9JbWFnZXMvWUNfMTE4L1NDXzEvRENfMjQvVENfMS9IQ18xL1ZDXzUvTENfMjI3Ni9PTl8xL09uZV8xNTk4MjY3OTg5MDUxLmpwZw==
40353227,24,Dakshina kannada,1,Mangalore,1,MANGALURU A,5,83-BAJAL,118,2020-2021,1,Kharif,Fallow,0-6-0.00,2020-08-24,NULL,NULL,12.852317,74.8867702,https://kodi.karnataka.gov.in/crop_image/image?key=L0ZBUk1FUl9DUk9QU1VSVkVZX0lNQUdFUy9JbWFnZXMvWUNfMTE4L1NDXzEvRENfMjQvVENfMS9IQ18xL1ZDXzUvTENfMjMzNC9PTl8xL09uZV8xNTk4MjY4MDM0NDE2LmpwZw==
40420399,24,Dakshina kannada,1,Mangalore,1,MANGALURU A,5,83-BAJAL,118,2020-2021,1,Kharif,Coconut,0-8-0.00,2020-08-25,NULL,NULL,12.8633957,74.8943112,https://kodi.karnataka.gov.in/crop_image/image?key=L0ZBUk1FUl9DUk9QU1VSVkVZX0lNQUdFUy9JbWFnZXMvWUNfMTE4L1NDXzEvRENfMjQvVENfMS9IQ18xL1ZDXzUvTENfMTIyOC9PTl8xL09uZV8xNTk4MzQ2NzM0NDA1LmpwZw==
40420906,24,Dakshina kannada,1,Mangalore,1,MANGALURU A,5,83-BAJAL,118,2020-2021,1,Kharif,Coconut,0-7-0.00,2020-08-25,NULL,NULL,12.8633033,74.8943854,https://kodi.karnataka.gov.in/crop_image/image?key=L0ZBUk1FUl9DUk9QU1VSVkVZX0lNQUdFUy9JbWFnZXMvWUNfMTE4L1NDXzEvRENfMjQvVENfMS9IQ18xL1ZDXzUvTENfMTIyOS9PTl80L09uZV8xNTk4MzQ3MDczODAxLmpwZw==
40421698,24,Dakshina kannada,1,Mangalore,1,MANGALURU A,5,83-BAJAL,118,2020-2021,1,Kharif,Betel Nuts (Areca nuts),0-28-0.00,2020-08-25,NULL,NULL,12.8631501,74.8944552,https://kodi.karnataka.gov.in/crop_image/image?key=L0ZBUk1FUl9DUk9QU1VSVkVZX0lNQUdFUy9JbWFnZXMvWUNfMTE4L1NDXzEvRENfMjQvVENfMS9IQ18xL1ZDXzUvTENfMTIzMC9PTl8xL09uZV8xNTk4MzQ3NDc1MDExLmpwZw==
40422099,24,Dakshina kannada,1,Mangalore,1,MANGALURU A,5,83-BAJAL,118,2020-2021,1,Kharif,Betel Nuts (Areca nuts),0-27-0.00,2020-08-25,NULL,NULL,12.8631418,74.8944677,https://kodi.karnataka.gov.in/crop_image/image?key=L0ZBUk1FUl9DUk9QU1VSVkVZX0lNQUdFUy9JbWFnZXMvWUNfMTE4L1NDXzEvRENfMjQvVENfMS9IQ18xL1ZDXzUvTENfMTIzMi9PTl8xL09uZV8xNTk4MzQ3Njg0MDQzLmpwZw==
40422428,24,Dakshina kannada,1,Mangalore,1,MANGALURU A,5,83-BAJAL,118,2020-2021,1,Kharif,Coconut,0-24-0.00,2020-08-25,NULL,NULL,12.8631217,74.8944496,https://kodi.karnataka.gov.in/crop_image/image?key=L0ZBUk1FUl9DUk9QU1VSVkVZX0lNQUdFUy9JbWFnZXMvWUNfMTE4L1NDXzEvRENfMjQvVENfMS9IQ18xL1ZDXzUvTENfMTIzMy9PTl8xL09uZV8xNTk4MzQ3ODQxMDg1LmpwZw==
40422632,24,Dakshina kannada,1,Mangalore,1,MANGALURU A,5,83-BAJAL,118,2020-2021,1,Kharif,Betel Nuts (Areca nuts),0-30-0.00,2020-08-25,NULL,NULL,12.8631025,74.894466,https://kodi.karnataka.gov.in/crop_image/image?key=L0ZBUk1FUl9DUk9QU1VSVkVZX0lNQUdFUy9JbWFnZXMvWUNfMTE4L1NDXzEvRENfMjQvVENfMS9IQ18xL1ZDXzUvTENfMTIzNC9PTl8yL09uZV8xNTk4MzQ3OTcyNzUwLmpwZw==
40422826,24,Dakshina kannada,1,Mangalore,1,MANGALURU A,5,83-BAJAL,118,2020-2021,1,Kharif,Betel Nuts (Areca nuts),0-16-0.00,2020-08-25,NULL,NULL,12.8633571,74.8943361,https://kodi.karnataka.gov.in/crop_image/image?key=L0ZBUk1FUl9DUk9QU1VSVkVZX0lNQUdFUy9JbWFnZXMvWUNfMTE4L1NDXzEvRENfMjQvVENfMS9IQ18xL1ZDXzUvTENfMTIzNS9PTl8yL09uZV8xNTk4MzQ4MTE4MTk5LmpwZw==
40423085,24,Dakshina kannada,1,Mangalore,1,MANGALURU A,5,83-BAJAL,118,2020-2021,1,Kharif,Betel Nuts (Areca nuts),0-15-0.00,2020-08-25,NULL,NULL,12.8633557,74.8943345,https://kodi.karnataka.gov.in/crop_image/image?key=L0ZBUk1FUl9DUk9QU1VSVkVZX0lNQUdFUy9JbWFnZXMvWUNfMTE4L1NDXzEvRENfMjQvVENfMS9IQ18xL1ZDXzUvTENfMTIzNi9PTl8zL09uZV8xNTk4MzQ4MjUyNzMzLmpwZw==
40423399,24,Dakshina kannada,1,Mangalore,1,MANGALURU A,5,83-BAJAL,118,2020-2021,1,Kharif,Betel Nuts (Areca nuts),0-17-0.00,2020-08-25,NULL,NULL,12.8633589,74.8943343,https://kodi.karnataka.gov.in/crop_image/image?key=L0ZBUk1FUl9DUk9QU1VSVkVZX0lNQUdFUy9JbWFnZXMvWUNfMTE4L1NDXzEvRENfMjQvVENfMS9IQ18xL1ZDXzUvTENfMjE1OTQvT05fMS9PbmVfMTU5ODM0ODQwNTk4Ni5qcGc=
40423712,24,Dakshina kannada,1,Mangalore,1,MANGALURU A,5,83-BAJAL,118,2020-2021,1,Kharif,Betel Nuts (Areca nuts),0-11-0.00,2020-08-25,NULL,NULL,12.8633657,74.8943353,https://kodi.karnataka.gov.in/crop_image/image?key=L0ZBUk1FUl9DUk9QU1VSVkVZX0lNQUdFUy9JbWFnZXMvWUNfMTE4L1NDXzEvRENfMjQvVENfMS9IQ18xL1ZDXzUvTENfMTI0MS9PTl8xL09uZV8xNTk4MzQ4NjAzMjAwLmpwZw==
40423976,24,Dakshina kannada,1,Mangalore,1,MANGALURU A,5,83-BAJAL,118,2020-2021,1,Kharif,Coconut,0-16-0.00,2020-08-25,NULL,NULL,12.8633572,74.8943456,https://kodi.karnataka.gov.in/crop_image/image?key=L0ZBUk1FUl9DUk9QU1VSVkVZX0lNQUdFUy9JbWFnZXMvWUNfMTE4L1NDXzEvRENfMjQvVENfMS9IQ18xL1ZDXzUvTENfMTI0Mi9PTl8xL09uZV8xNTk4MzQ4NzY5Mzk2LmpwZw==
40424282,24,Dakshina kannada,1,Mangalore,1,MANGALURU A,5,83-BAJAL,118,2020-2021,1,Kharif,Betel Nuts (Areca nuts),0-22-0.00,2020-08-25,NULL,NULL,12.8633759,74.8942544,https://kodi.karnataka.gov.in/crop_image/image?key=L0ZBUk1FUl9DUk9QU1VSVkVZX0lNQUdFUy9JbWFnZXMvWUNfMTE4L1NDXzEvRENfMjQvVENfMS9IQ18xL1ZDXzUvTENfMTI0My9PTl8xL09uZV8xNTk4MzQ4OTAwNTcxLmpwZw==
40425534,24,Dakshina kannada,1,Mangalore,1,MANGALURU A,5,83-BAJAL,118,2020-2021,1,Kharif,Betel Nuts (Areca nuts),0-32-0.00,2020-08-25,NULL,NULL,12.8634175,74.8942982,https://kodi.karnataka.gov.in/crop_image/image?key=L0ZBUk1FUl9DUk9QU1VSVkVZX0lNQUdFUy9JbWFnZXMvWUNfMTE4L1NDXzEvRENfMjQvVENfMS9IQ18xL1ZDXzUvTENfMTI0NC9PTl8xL09uZV8xNTk4MzQ5Mzg4NzE0LmpwZw==
40425986,24,Dakshina kannada,1,Mangalore,1,MANGALURU A,5,83-BAJAL,118,2020-2021,1,Kharif,Betel Nuts (Areca nuts),0-45-0.00,2020-08-25,NULL,NULL,12.8634177,74.8943141,https://kodi.karnataka.gov.in/crop_image/image?key=L0ZBUk1FUl9DUk9QU1VSVkVZX0lNQUdFUy9JbWFnZXMvWUNfMTE4L1NDXzEvRENfMjQvVENfMS9IQ18xL1ZDXzUvTENfMTE5OC9PTl8xL09uZV8xNTk4MzQ5NTU2OTYzLmpwZw==
40426226,24,Dakshina kannada,1,Mangalore,1,MANGALURU A,5,83-BAJAL,118,2020-2021,1,Kharif,Betel Nuts (Areca nuts),0-11-0.00,2020-08-25,NULL,NULL,12.8634657,74.8942992,https://kodi.karnataka.gov.in/crop_image/image?key=L0ZBUk1FUl9DUk9QU1VSVkVZX0lNQUdFUy9JbWFnZXMvWUNfMTE4L1NDXzEvRENfMjQvVENfMS9IQ18xL1ZDXzUvTENfMTI1Ni9PTl80L09uZV8xNTk4MzQ5NjE4MzI0LmpwZw==
40426477,24,Dakshina kannada,1,Mangalore,1,MANGALURU A,5,83-BAJAL,118,2020-2021,1,Kharif,Fallow,0-1-50.00,2020-08-25,NULL,NULL,12.8634326,74.8943147,https://kodi.karnataka.gov.in/crop_image/image?key=L0ZBUk1FUl9DUk9QU1VSVkVZX0lNQUdFUy9JbWFnZXMvWUNfMTE4L1NDXzEvRENfMjQvVENfMS9IQ18xL1ZDXzUvTENfMjE2MDMvT05fMS9PbmVfMTU5ODM0OTcxNDc3MC5qcGc=
40427108,24,Dakshina kannada,1,Mangalore,1,MANGALURU A,5,83-BAJAL,118,2020-2021,1,Kharif,Fallow,0-13-0.00,2020-08-25,NULL,NULL,12.8633995,74.894294,https://kodi.karnataka.gov.in/crop_image/image?key=L0ZBUk1FUl9DUk9QU1VSVkVZX0lNQUdFUy9JbWFnZXMvWUNfMTE4L1NDXzEvRENfMjQvVENfMS9IQ18xL1ZDXzUvTENfMjE2MDMvT05fMi9PbmVfMTU5ODM0OTk2MDMzNC5qcGc=
40427298,24,Dakshina kannada,1,Mangalore,1,MANGALURU A,5,83-BAJAL,118,2020-2021,1,Kharif,Fallow,0-0-50.00,2020-08-25,NULL,NULL,12.863418,74.8943173,https://kodi.karnataka.gov.in/crop_image/image?key=L0ZBUk1FUl9DUk9QU1VSVkVZX0lNQUdFUy9JbWFnZXMvWUNfMTE4L1NDXzEvRENfMjQvVENfMS9IQ18xL1ZDXzUvTENfMjE2MDMvT05fMy9PbmVfMTU5ODM1MDAzNjc3MC5qcGc=
40427514,24,Dakshina kannada,1,Mangalore,1,MANGALURU A,5,83-BAJAL,118,2020-2021,1,Kharif,Fallow,0-13-0.00,2020-08-25,NULL,NULL,12.8634478,74.8943104,https://kodi.karnataka.gov.in/crop_image/image?key=L0ZBUk1FUl9DUk9QU1VSVkVZX0lNQUdFUy9JbWFnZXMvWUNfMTE4L1NDXzEvRENfMjQvVENfMS9IQ18xL1ZDXzUvTENfMjE2MDMvT05fNC9PbmVfMTU5ODM1MDEyNTE3OC5qcGc=
40427932,24,Dakshina kannada,1,Mangalore,1,MANGALURU A,5,83-BAJAL,118,2020-2021,1,Kharif,Fallow,0-4-50.00,2020-08-25,NULL,NULL,12.8634359,74.8943258,https://kodi.karnataka.gov.in/crop_image/image?key=L0ZBUk1FUl9DUk9QU1VSVkVZX0lNQUdFUy9JbWFnZXMvWUNfMTE4L1NDXzEvRENfMjQvVENfMS9IQ18xL1ZDXzUvTENfMjE2MDMvT05fNi9PbmVfMTU5ODM1MDMxMzA3OS5qcGc=
40428594,24,Dakshina kannada,1,Mangalore,1,MANGALURU A,5,83-BAJAL,118,2020-2021,1,Kharif,Fallow,0-12-50.00,2020-08-25,NULL,NULL,12.8634068,74.8943587,https://kodi.karnataka.gov.in/crop_image/image?key=L0ZBUk1FUl9DUk9QU1VSVkVZX0lNQUdFUy9JbWFnZXMvWUNfMTE4L1NDXzEvRENfMjQvVENfMS9IQ18xL1ZDXzUvTENfMjE2MDMvT05fNy9PbmVfMTU5ODM1MDU4NTA3Ny5qcGc=
40428766,24,Dakshina kannada,1,Mangalore,1,MANGALURU A,5,83-BAJAL,118,2020-2021,1,Kharif,Fallow,0-9-0.00,2020-08-25,NULL,NULL,12.8633748,74.8943329,https://kodi.karnataka.gov.in/crop_image/image?key=L0ZBUk1FUl9DUk9QU1VSVkVZX0lNQUdFUy9JbWFnZXMvWUNfMTE4L1NDXzEvRENfMjQvVENfMS9IQ18xL1ZDXzUvTENfMjE2MDQvT05fMS9PbmVfMTU5ODM1MDY0Mjg5MC5qcGc=
40429277,24,Dakshina kannada,1,Mangalore,1,MANGALURU A,5,83-BAJAL,118,2020-2021,1,Kharif,Betel Nuts (Areca nuts),0-16-60.00,2020-08-25,NULL,NULL,12.8634047,74.8943398,https://kodi.karnataka.gov.in/crop_image/image?key=L0ZBUk1FUl9DUk9QU1VSVkVZX0lNQUdFUy9JbWFnZXMvWUNfMTE4L1NDXzEvRENfMjQvVENfMS9IQ18xL1ZDXzUvTENfMjE2MjEvT05fMS9PbmVfMTU5ODM1MDkwNjA0MS5qcGc=
40429489,24,Dakshina kannada,1,Mangalore,1,MANGALURU A,5,83-BAJAL,118,2020-2021,1,Kharif,Fallow,0-7-0.00,2020-08-25,NULL,NULL,12.8633902,74.8943591,https://kodi.karnataka.gov.in/crop_image/image?key=L0ZBUk1FUl9DUk9QU1VSVkVZX0lNQUdFUy9JbWFnZXMvWUNfMTE4L1NDXzEvRENfMjQvVENfMS9IQ18xL1ZDXzUvTENfMTIwMi9PTl80L09uZV8xNTk4MzUwOTc1Nzg4LmpwZw==
40429667,24,Dakshina kannada,1,Mangalore,1,MANGALURU A,5,83-BAJAL,118,2020-2021,1,Kharif,Fallow,0-3-0.00,2020-08-25,NULL,NULL,12.8634822,74.8943543,https://kodi.karnataka.gov.in/crop_image/image?key=L0ZBUk1FUl9DUk9QU1VSVkVZX0lNQUdFUy9JbWFnZXMvWUNfMTE4L1NDXzEvRENfMjQvVENfMS9IQ18xL1ZDXzUvTENfMTIxMi9PTl81L09uZV8xNTk4MzUxMDQ3OTExLmpwZw==
40429875,24,Dakshina kannada,1,Mangalore,1,MANGALURU A,5,83-BAJAL,118,2020-2021,1,Kharif,Fallow,0-7-0.00,2020-08-25,NULL,NULL,12.8634324,74.8943728,https://kodi.karnataka.gov.in/crop_image/image?key=L0ZBUk1FUl9DUk9QU1VSVkVZX0lNQUdFUy9JbWFnZXMvWUNfMTE4L1NDXzEvRENfMjQvVENfMS9IQ18xL1ZDXzUvTENfMTIxMy9PTl8zL09uZV8xNTk4MzUxMTIzMjU2LmpwZw==
40430086,24,Dakshina kannada,1,Mangalore,1,MANGALURU A,5,83-BAJAL,118,2020-2021,1,Kharif,Fallow,0-7-0.00,2020-08-25,NULL,NULL,12.8634198,74.8943489,https://kodi.karnataka.gov.in/crop_image/image?key=L0ZBUk1FUl9DUk9QU1VSVkVZX0lNQUdFUy9JbWFnZXMvWUNfMTE4L1NDXzEvRENfMjQvVENfMS9IQ18xL1ZDXzUvTENfMTIxMi9PTl80L09uZV8xNTk4MzUxMjE0NDkzLmpwZw==
40430256,24,Dakshina kannada,1,Mangalore,1,MANGALURU A,5,83-BAJAL,118,2020-2021,1,Kharif,Fallow,0-14-0.00,2020-08-25,NULL,NULL,12.8633504,74.8943518,https://kodi.karnataka.gov.in/crop_image/image?key=L0ZBUk1FUl9DUk9QU1VSVkVZX0lNQUdFUy9JbWFnZXMvWUNfMTE4L1NDXzEvRENfMjQvVENfMS9IQ18xL1ZDXzUvTENfMTIxNC9PTl8yL09uZV8xNTk4MzUxMjgyNzc3LmpwZw==
40430998,24,Dakshina kannada,1,Mangalore,1,MANGALURU A,5,83-BAJAL,118,2020-2021,1,Kharif,Coconut,1-67-0.00,2020-08-25,NULL,NULL,12.8633829,74.8943485,https://kodi.karnataka.gov.in/crop_image/image?key=L0ZBUk1FUl9DUk9QU1VSVkVZX0lNQUdFUy9JbWFnZXMvWUNfMTE4L1NDXzEvRENfMjQvVENfMS9IQ18xL1ZDXzUvTENfMTIyMC9PTl8xL09uZV8xNTk4MzUxNDUyNTQ4LmpwZw==
40430998,24,Dakshina kannada,1,Mangalore,1,MANGALURU A,5,83-BAJAL,118,2020-2021,1,Kharif,Betel Nuts (Areca nuts),2-0-0.00,2020-08-25,NULL,NULL,12.8634041,74.8943777,https://kodi.karnataka.gov.in/crop_image/image?key=L0ZBUk1FUl9DUk9QU1VSVkVZX0lNQUdFUy9JbWFnZXMvWUNfMTE4L1NDXzEvRENfMjQvVENfMS9IQ18xL1ZDXzUvTENfMTIyMC9PTl8xL09uZV8xNTk4MzUxNTQ4NjgzLmpwZw==
40431112,24,Dakshina kannada,1,Mangalore,1,MANGALURU A,5,83-BAJAL,118,2020-2021,1,Kharif,Fallow,0-3-0.00,2020-08-25,NULL,NULL,12.8634202,74.8943224,https://kodi.karnataka.gov.in/crop_image/image?key=L0ZBUk1FUl9DUk9QU1VSVkVZX0lNQUdFUy9JbWFnZXMvWUNfMTE4L1NDXzEvRENfMjQvVENfMS9IQ18xL1ZDXzUvTENfMjE2MjAvT05fMS9PbmVfMTU5ODM1MTYyMjIwNy5qcGc=
40431302,24,Dakshina kannada,1,Mangalore,1,MANGALURU A,5,83-BAJAL,118,2020-2021,1,Kharif,Fallow,0-3-0.00,2020-08-25,NULL,NULL,12.8634006,74.8943178,https://kodi.karnataka.gov.in/crop_image/image?key=L0ZBUk1FUl9DUk9QU1VSVkVZX0lNQUdFUy9JbWFnZXMvWUNfMTE4L1NDXzEvRENfMjQvVENfMS9IQ18xL1ZDXzUvTENfMjE2MjAvT05fMi9PbmVfMTU5ODM1MTc0NDU1MS5qcGc=
40431407,24,Dakshina kannada,1,Mangalore,1,MANGALURU A,5,83-BAJAL,118,2020-2021,1,Kharif,Fallow,0-3-0.00,2020-08-25,NULL,NULL,12.8634008,74.8943249,https://kodi.karnataka.gov.in/crop_image/image?key=L0ZBUk1FUl9DUk9QU1VSVkVZX0lNQUdFUy9JbWFnZXMvWUNfMTE4L1NDXzEvRENfMjQvVENfMS9IQ18xL1ZDXzUvTENfMjE2MjAvT05fNS9PbmVfMTU5ODM1MTc5MzMyMS5qcGc=
40431535,24,Dakshina kannada,1,Mangalore,1,MANGALURU A,5,83-BAJAL,118,2020-2021,1,Kharif,Fallow,0-4-40.00,2020-08-25,NULL,NULL,12.8634141,74.894283,https://kodi.karnataka.gov.in/crop_image/image?key=L0ZBUk1FUl9DUk9QU1VSVkVZX0lNQUdFUy9JbWFnZXMvWUNfMTE4L1NDXzEvRENfMjQvVENfMS9IQ18xL1ZDXzUvTENfMjE2MjAvT05fOS9PbmVfMTU5ODM1MTg2Njk2My5qcGc=
40431717,24,Dakshina kannada,1,Mangalore,1,MANGALURU A,5,83-BAJAL,118,2020-2021,1,Kharif,Fallow,0-3-0.00,2020-08-25,NULL,NULL,12.8634311,74.8943054,https://kodi.karnataka.gov.in/crop_image/image?key=L0ZBUk1FUl9DUk9QU1VSVkVZX0lNQUdFUy9JbWFnZXMvWUNfMTE4L1NDXzEvRENfMjQvVENfMS9IQ18xL1ZDXzUvTENfMjE2MjAvT05fMTAvT25lXzE1OTgzNTE5Njc5MjEuanBn
40434128,24,Dakshina kannada,1,Mangalore,1,MANGALURU A,5,83-BAJAL,118,2020-2021,1,Kharif,Coconut,0-10-0.00,2020-08-25,NULL,NULL,12.8637229,74.8951339,https://kodi.karnataka.gov.in/crop_image/image?key=L0ZBUk1FUl9DUk9QU1VSVkVZX0lNQUdFUy9JbWFnZXMvWUNfMTE4L1NDXzEvRENfMjQvVENfMS9IQ18xL1ZDXzUvTENfMTI2NS9PTl8xMS9PbmVfMTU5ODM1Mjg0OTE1NC5qcGc=
40434310,24,Dakshina kannada,1,Mangalore,1,MANGALURU A,5,83-BAJAL,118,2020-2021,1,Kharif,Coconut,0-35-0.00,2020-08-25,NULL,NULL,12.8637555,74.8951853,https://kodi.karnataka.gov.in/crop_image/image?key=L0ZBUk1FUl9DUk9QU1VSVkVZX0lNQUdFUy9JbWFnZXMvWUNfMTE4L1NDXzEvRENfMjQvVENfMS9IQ18xL1ZDXzUvTENfMTI1OS9PTl8xL09uZV8xNTk4MzUyOTU1MDQwLmpwZw==
40434654,24,Dakshina kannada,1,Mangalore,1,MANGALURU A,5,83-BAJAL,118,2020-2021,1,Kharif,Coconut,3-12-0.00,2020-08-25,NULL,NULL,12.863768,74.8951429,https://kodi.karnataka.gov.in/crop_image/image?key=L0ZBUk1FUl9DUk9QU1VSVkVZX0lNQUdFUy9JbWFnZXMvWUNfMTE4L1NDXzEvRENfMjQvVENfMS9IQ18xL1ZDXzUvTENfMTI2MC9PTl8xL09uZV8xNTk4MzUzMDQ3MzQxLmpwZw==
40434654,24,Dakshina kannada,1,Mangalore,1,MANGALURU A,5,83-BAJAL,118,2020-2021,1,Kharif,Betel Nuts (Areca nuts),2-0-0.00,2020-08-25,NULL,NULL,12.8637651,74.895136,https://kodi.karnataka.gov.in/crop_image/image?key=L0ZBUk1FUl9DUk9QU1VSVkVZX0lNQUdFUy9JbWFnZXMvWUNfMTE4L1NDXzEvRENfMjQvVENfMS9IQ18xL1ZDXzUvTENfMTI2MC9PTl8xL09uZV8xNTk4MzUzMTM0MTQ2LmpwZw==
40434825,24,Dakshina kannada,1,Mangalore,1,MANGALURU A,5,83-BAJAL,118,2020-2021,1,Kharif,Coconut,0-67-0.00,2020-08-25,NULL,NULL,12.8637435,74.8951475,https://kodi.karnataka.gov.in/crop_image/image?key=L0ZBUk1FUl9DUk9QU1VSVkVZX0lNQUdFUy9JbWFnZXMvWUNfMTE4L1NDXzEvRENfMjQvVENfMS9IQ18xL1ZDXzUvTENfMTI2OS9PTl8xL09uZV8xNTk4MzUzMTkxNjIxLmpwZw==
40437488,24,Dakshina kannada,1,Mangalore,1,MANGALURU A,5,83-BAJAL,118,2020-2021,1,Kharif,Betel Nuts (Areca nuts),1-40-0.00,2020-08-25,NULL,NULL,12.8634209,74.8969521,https://kodi.karnataka.gov.in/crop_image/image?key=L0ZBUk1FUl9DUk9QU1VSVkVZX0lNQUdFUy9JbWFnZXMvWUNfMTE4L1NDXzEvRENfMjQvVENfMS9IQ18xL1ZDXzUvTENfMTI3Ni9PTl8xL09uZV8xNTk4MzU0MjMzNzc0LmpwZw==
40437659,24,Dakshina kannada,1,Mangalore,1,MANGALURU A,5,83-BAJAL,118,2020-2021,1,Kharif,Betel Nuts (Areca nuts),0-92-0.00,2020-08-25,NULL,NULL,12.8634076,74.8969456,https://kodi.karnataka.gov.in/crop_image/image?key=L0ZBUk1FUl9DUk9QU1VSVkVZX0lNQUdFUy9JbWFnZXMvWUNfMTE4L1NDXzEvRENfMjQvVENfMS9IQ18xL1ZDXzUvTENfMTI5NC9PTl8xL09uZV8xNTk4MzU0MzE4Mjg0LmpwZw==
40437852,24,Dakshina kannada,1,Mangalore,1,MANGALURU A,5,83-BAJAL,118,2020-2021,1,Kharif,Coconut,0-44-0.00,2020-08-25,NULL,NULL,12.8633936,74.8969539,https://kodi.karnataka.gov.in/crop_image/image?key=L0ZBUk1FUl9DUk9QU1VSVkVZX0lNQUdFUy9JbWFnZXMvWUNfMTE4L1NDXzEvRENfMjQvVENfMS9IQ18xL1ZDXzUvTENfMTI5NS9PTl8xL09uZV8xNTk4MzU0MzkwNjc5LmpwZw==
40438117,24,Dakshina kannada,1,Mangalore,1,MANGALURU A,5,83-BAJAL,118,2020-2021,1,Kharif,Coconut,0-20-0.00,2020-08-25,NULL,NULL,12.8634071,74.896895,https://kodi.karnataka.gov.in/crop_image/image?key=L0ZBUk1FUl9DUk9QU1VSVkVZX0lNQUdFUy9JbWFnZXMvWUNfMTE4L1NDXzEvRENfMjQvVENfMS9IQ18xL1ZDXzUvTENfMTI5Ni9PTl8xL09uZV8xNTk4MzU0NTA4MzAyLmpwZw==
40438319,24,Dakshina kannada,1,Mangalore,1,MANGALURU A,5,83-BAJAL,118,2020-2021,1,Kharif,Betel Nuts (Areca nuts),0-40-0.00,2020-08-25,NULL,NULL,12.8633834,74.8969332,https://kodi.karnataka.gov.in/crop_image/image?key=L0ZBUk1FUl9DUk9QU1VSVkVZX0lNQUdFUy9JbWFnZXMvWUNfMTE4L1NDXzEvRENfMjQvVENfMS9IQ18xL1ZDXzUvTENfMTI5Ny9PTl8xL09uZV8xNTk4MzU0NjExNzI0LmpwZw==
40438492,24,Dakshina kannada,1,Mangalore,1,MANGALURU A,5,83-BAJAL,118,2020-2021,1,Kharif,Betel Nuts (Areca nuts),0-14-0.00,2020-08-25,NULL,NULL,12.8634226,74.8969466,https://kodi.karnataka.gov.in/crop_image/image?key=L0ZBUk1FUl9DUk9QU1VSVkVZX0lNQUdFUy9JbWFnZXMvWUNfMTE4L1NDXzEvRENfMjQvVENfMS9IQ18xL1ZDXzUvTENfMjE1OTMvT05fMS9PbmVfMTU5ODM1NDcwNDcwOS5qcGc=
40438690,24,Dakshina kannada,1,Mangalore,1,MANGALURU A,5,83-BAJAL,118,2020-2021,1,Kharif,Coconut,1-60-0.00,2020-08-25,NULL,NULL,12.8634015,74.8968964,https://kodi.karnataka.gov.in/crop_image/image?key=L0ZBUk1FUl9DUk9QU1VSVkVZX0lNQUdFUy9JbWFnZXMvWUNfMTE4L1NDXzEvRENfMjQvVENfMS9IQ18xL1ZDXzUvTENfMTMxMi9PTl8xL09uZV8xNTk4MzU0NzcyNzg5LmpwZw==
40438874,24,Dakshina kannada,1,Mangalore,1,MANGALURU A,5,83-BAJAL,118,2020-2021,1,Kharif,Betel Nuts (Areca nuts),0-43-0.00,2020-08-25,NULL,NULL,12.8633911,74.8969659,https://kodi.karnataka.gov.in/crop_image/image?key=L0ZBUk1FUl9DUk9QU1VSVkVZX0lNQUdFUy9JbWFnZXMvWUNfMTE4L1NDXzEvRENfMjQvVENfMS9IQ18xL1ZDXzUvTENfMTMxMy9PTl8xL09uZV8xNTk4MzU0ODQ1NzI4LmpwZw==
40439493,24,Dakshina kannada,1,Mangalore,1,MANGALURU A,5,83-BAJAL,118,2020-2021,1,Kharif,Fallow,0-4-0.00,2020-08-25,NULL,NULL,12.8633962,74.8969542,https://kodi.karnataka.gov.in/crop_image/image?key=L0ZBUk1FUl9DUk9QU1VSVkVZX0lNQUdFUy9JbWFnZXMvWUNfMTE4L1NDXzEvRENfMjQvVENfMS9IQ18xL1ZDXzUvTENfMjE2MDcvT05fMy9PbmVfMTU5ODM1NTExNDM4Ny5qcGc=
40439710,24,Dakshina kannada,1,Mangalore,1,MANGALURU A,5,83-BAJAL,118,2020-2021,1,Kharif,Fallow,0-4-0.00,2020-08-25,NULL,NULL,12.8633937,74.8969242,https://kodi.karnataka.gov.in/crop_image/image?key=L0ZBUk1FUl9DUk9QU1VSVkVZX0lNQUdFUy9JbWFnZXMvWUNfMTE4L1NDXzEvRENfMjQvVENfMS9IQ18xL1ZDXzUvTENfMjE2MDcvT05fNC9PbmVfMTU5ODM1NTIxMDkyNC5qcGc=
40440029,24,Dakshina kannada,1,Mangalore,1,MANGALURU A,5,83-BAJAL,118,2020-2021,1,Kharif,Coconut,0-14-0.00,2020-08-25,NULL,NULL,12.8633892,74.8969455,https://kodi.karnataka.gov.in/crop_image/image?key=L0ZBUk1FUl9DUk9QU1VSVkVZX0lNQUdFUy9JbWFnZXMvWUNfMTE4L1NDXzEvRENfMjQvVENfMS9IQ18xL1ZDXzUvTENfMTI3Ny9PTl8xL09uZV8xNTk4MzU1MzU0NjQ3LmpwZw==
40440494,24,Dakshina kannada,1,Mangalore,1,MANGALURU A,5,83-BAJAL,118,2020-2021,1,Kharif,Betel Nuts (Areca nuts),0-58-0.00,2020-08-25,NULL,NULL,12.8633938,74.8969186,https://kodi.karnataka.gov.in/crop_image/image?key=L0ZBUk1FUl9DUk9QU1VSVkVZX0lNQUdFUy9JbWFnZXMvWUNfMTE4L1NDXzEvRENfMjQvVENfMS9IQ18xL1ZDXzUvTENfMTI3OC9PTl8xL09uZV8xNTk4MzU1NTIzOTM2LmpwZw==
40440744,24,Dakshina kannada,1,Mangalore,1,MANGALURU A,5,83-BAJAL,118,2020-2021,1,Kharif,Betel Nuts (Areca nuts),0-48-0.00,2020-08-25,NULL,NULL,12.8633765,74.8969201,https://kodi.karnataka.gov.in/crop_image/image?key=L0ZBUk1FUl9DUk9QU1VSVkVZX0lNQUdFUy9JbWFnZXMvWUNfMTE4L1NDXzEvRENfMjQvVENfMS9IQ18xL1ZDXzUvTENfMTI3OS9PTl8xL09uZV8xNTk4MzU1NjE2OTYxLmpwZw==
40440957,24,Dakshina kannada,1,Mangalore,1,MANGALURU A,5,83-BAJAL,118,2020-2021,1,Kharif,Betel Nuts (Areca nuts),1-33-0.00,2020-08-25,NULL,NULL,12.8633512,74.8968848,https://kodi.karnataka.gov.in/crop_image/image?key=L0ZBUk1FUl9DUk9QU1VSVkVZX0lNQUdFUy9JbWFnZXMvWUNfMTE4L1NDXzEvRENfMjQvVENfMS9IQ18xL1ZDXzUvTENfMTI4NC9PTl8xL09uZV8xNTk4MzU1NzE0OTkxLmpwZw==
40441770,24,Dakshina kannada,1,Mangalore,1,MANGALURU A,5,83-BAJAL,118,2020-2021,1,Kharif,Coconut,1-33-0.00,2020-08-25,NULL,NULL,12.8633973,74.8968652,https://kodi.karnataka.gov.in/crop_image/image?key=L0ZBUk1FUl9DUk9QU1VSVkVZX0lNQUdFUy9JbWFnZXMvWUNfMTE4L1NDXzEvRENfMjQvVENfMS9IQ18xL1ZDXzUvTENfMTI4NS9PTl8xL09uZV8xNTk4MzU2MTQ5MzAzLmpwZw==
40441994,24,Dakshina kannada,1,Mangalore,1,MANGALURU A,5,83-BAJAL,118,2020-2021,1,Kharif,Fallow,0-5-0.00,2020-08-25,NULL,NULL,12.8633573,74.8969909,https://kodi.karnataka.gov.in/crop_image/image?key=L0ZBUk1FUl9DUk9QU1VSVkVZX0lNQUdFUy9JbWFnZXMvWUNfMTE4L1NDXzEvRENfMjQvVENfMS9IQ18xL1ZDXzUvTENfMTI4Ni9PTl8xL09uZV8xNTk4MzU2MjY0NjgwLmpwZw==
40442275,24,Dakshina kannada,1,Mangalore,1,MANGALURU A,5,83-BAJAL,118,2020-2021,1,Kharif,Coconut,0-42-0.00,2020-08-25,NULL,NULL,12.8633945,74.8969591,https://kodi.karnataka.gov.in/crop_image/image?key=L0ZBUk1FUl9DUk9QU1VSVkVZX0lNQUdFUy9JbWFnZXMvWUNfMTE4L1NDXzEvRENfMjQvVENfMS9IQ18xL1ZDXzUvTENfMTI4Ny9PTl8xL09uZV8xNTk4MzU2Mzc5ODEyLmpwZw==
40442437,24,Dakshina kannada,1,Mangalore,1,MANGALURU A,5,83-BAJAL,118,2020-2021,1,Kharif,Betel Nuts (Areca nuts),0-36-0.00,2020-08-25,NULL,NULL,12.8633778,74.8969766,https://kodi.karnataka.gov.in/crop_image/image?key=L0ZBUk1FUl9DUk9QU1VSVkVZX0lNQUdFUy9JbWFnZXMvWUNfMTE4L1NDXzEvRENfMjQvVENfMS9IQ18xL1ZDXzUvTENfMTI4OC9PTl8xL09uZV8xNTk4MzU2NDQwNjAxLmpwZw==
40494952,24,Dakshina kannada,1,Mangalore,1,MANGALURU A,5,83-BAJAL,118,2020-2021,1,Kharif,Coconut,0-19-0.00,2020-08-26,NULL,NULL,12.8489891,74.8760109,https://kodi.karnataka.gov.in/crop_image/image?key=L0ZBUk1FUl9DUk9QU1VSVkVZX0lNQUdFUy9JbWFnZXMvWUNfMTE4L1NDXzEvRENfMjQvVENfMS9IQ18xL1ZDXzUvTENfNTUvT05fMy9PbmVfMTU5ODQyMzY3NTc4MS5qcGc=
40495211,24,Dakshina kannada,1,Mangalore,1,MANGALURU A,5,83-BAJAL,118,2020-2021,1,Kharif,Coconut,0-20-0.00,2020-08-26,NULL,NULL,12.8490018,74.8760061,https://kodi.karnataka.gov.in/crop_image/image?key=L0ZBUk1FUl9DUk9QU1VSVkVZX0lNQUdFUy9JbWFnZXMvWUNfMTE4L1NDXzEvRENfMjQvVENfMS9IQ18xL1ZDXzUvTENfNjgvT05fNC9PbmVfMTU5ODQyMzc0MTc3Mi5qcGc=
40495612,24,Dakshina kannada,1,Mangalore,1,MANGALURU A,5,83-BAJAL,118,2020-2021,1,Kharif,Coconut,0-24-0.00,2020-08-26,NULL,NULL,12.8489654,74.8759937,https://kodi.karnataka.gov.in/crop_image/image?key=L0ZBUk1FUl9DUk9QU1VSVkVZX0lNQUdFUy9JbWFnZXMvWUNfMTE4L1NDXzEvRENfMjQvVENfMS9IQ18xL1ZDXzUvTENfNzcvT05fMy9PbmVfMTU5ODQyMzg1OTIxMy5qcGc=
40495995,24,Dakshina kannada,1,Mangalore,1,MANGALURU A,5,83-BAJAL,118,2020-2021,1,Kharif,Coconut,0-10-0.00,2020-08-26,NULL,NULL,12.8490471,74.8759623,https://kodi.karnataka.gov.in/crop_image/image?key=L0ZBUk1FUl9DUk9QU1VSVkVZX0lNQUdFUy9JbWFnZXMvWUNfMTE4L1NDXzEvRENfMjQvVENfMS9IQ18xL1ZDXzUvTENfODUvT05fMy9PbmVfMTU5ODQyMzk2NjA1NC5qcGc=
40496283,24,Dakshina kannada,1,Mangalore,1,MANGALURU A,5,83-BAJAL,118,2020-2021,1,Kharif,Coconut,0-60-0.00,2020-08-26,NULL,NULL,12.8490478,74.8759785,https://kodi.karnataka.gov.in/crop_image/image?key=L0ZBUk1FUl9DUk9QU1VSVkVZX0lNQUdFUy9JbWFnZXMvWUNfMTE4L1NDXzEvRENfMjQvVENfMS9IQ18xL1ZDXzUvTENfMjc1NC9PTl80L09uZV8xNTk4NDI0MDgyMjkwLmpwZw==
40497687,24,Dakshina kannada,1,Mangalore,1,MANGALURU A,5,83-BAJAL,118,2020-2021,1,Kharif,Coconut,0-18-0.00,2020-08-26,NULL,NULL,12.8511204,74.8762611,https://kodi.karnataka.gov.in/crop_image/image?key=L0ZBUk1FUl9DUk9QU1VSVkVZX0lNQUdFUy9JbWFnZXMvWUNfMTE4L1NDXzEvRENfMjQvVENfMS9IQ18xL1ZDXzUvTENfMTkvT05fMy9PbmVfMTU5ODQyNDU4ODIwNS5qcGc=
40498860,24,Dakshina kannada,1,Mangalore,1,MANGALURU A,5,83-BAJAL,118,2020-2021,1,Kharif,Coconut,3-0-0.00,2020-08-26,NULL,NULL,12.847964,74.8795585,https://kodi.karnataka.gov.in/crop_image/image?key=L0ZBUk1FUl9DUk9QU1VSVkVZX0lNQUdFUy9JbWFnZXMvWUNfMTE4L1NDXzEvRENfMjQvVENfMS9IQ18xL1ZDXzUvTENfMTE0L09OXzEvT25lXzE1OTg0MjQ5MzcwOTEuanBn
40499066,24,Dakshina kannada,1,Mangalore,1,MANGALURU A,5,83-BAJAL,118,2020-2021,1,Kharif,Coconut,0-25-0.00,2020-08-26,NULL,NULL,12.8479918,74.8795721,https://kodi.karnataka.gov.in/crop_image/image?key=L0ZBUk1FUl9DUk9QU1VSVkVZX0lNQUdFUy9JbWFnZXMvWUNfMTE4L1NDXzEvRENfMjQvVENfMS9IQ18xL1ZDXzUvTENfMTE2L09OXzEvT25lXzE1OTg0MjUwMDk2ODkuanBn
40499337,24,Dakshina kannada,1,Mangalore,1,MANGALURU A,5,83-BAJAL,118,2020-2021,1,Kharif,Coconut,0-22-0.00,2020-08-26,NULL,NULL,12.8479601,74.8796188,https://kodi.karnataka.gov.in/crop_image/image?key=L0ZBUk1FUl9DUk9QU1VSVkVZX0lNQUdFUy9JbWFnZXMvWUNfMTE4L1NDXzEvRENfMjQvVENfMS9IQ18xL1ZDXzUvTENfMTE5L09OXzEvT25lXzE1OTg0MjUwNzY1OTguanBn
40499653,24,Dakshina kannada,1,Mangalore,1,MANGALURU A,5,83-BAJAL,118,2020-2021,1,Kharif,Coconut,0-7-0.00,2020-08-26,NULL,NULL,12.8479584,74.8795905,https://kodi.karnataka.gov.in/crop_image/image?key=L0ZBUk1FUl9DUk9QU1VSVkVZX0lNQUdFUy9JbWFnZXMvWUNfMTE4L1NDXzEvRENfMjQvVENfMS9IQ18xL1ZDXzUvTENfMTIwL09OXzEvT25lXzE1OTg0MjUxOTM2NDguanBn
40499792,24,Dakshina kannada,1,Mangalore,1,MANGALURU A,5,83-BAJAL,118,2020-2021,1,Kharif,Coconut,1-97-0.00,2020-08-26,NULL,NULL,12.848001,74.879558,https://kodi.karnataka.gov.in/crop_image/image?key=L0ZBUk1FUl9DUk9QU1VSVkVZX0lNQUdFUy9JbWFnZXMvWUNfMTE4L1NDXzEvRENfMjQvVENfMS9IQ18xL1ZDXzUvTENfMTIyL09OXzEvT25lXzE1OTg0MjUyNjMzMDcuanBn
40499964,24,Dakshina kannada,1,Mangalore,1,MANGALURU A,5,83-BAJAL,118,2020-2021,1,Kharif,Fallow,0-4-0.00,2020-08-26,NULL,NULL,12.8480237,74.8795607,https://kodi.karnataka.gov.in/crop_image/image?key=L0ZBUk1FUl9DUk9QU1VSVkVZX0lNQUdFUy9JbWFnZXMvWUNfMTE4L1NDXzEvRENfMjQvVENfMS9IQ18xL1ZDXzUvTENfMTI0L09OXzEvT25lXzE1OTg0MjUzMjg1NTIuanBn
40501393,24,Dakshina kannada,1,Mangalore,1,MANGALURU A,5,83-BAJAL,118,2020-2021,1,Kharif,Coconut,0-55-0.00,2020-08-26,NULL,NULL,12.8509769,74.8777285,https://kodi.karnataka.gov.in/crop_image/image?key=L0ZBUk1FUl9DUk9QU1VSVkVZX0lNQUdFUy9JbWFnZXMvWUNfMTE4L1NDXzEvRENfMjQvVENfMS9IQ18xL1ZDXzUvTENfMTMwL09OXzEvT25lXzE1OTg0MjU3OTI2NjIuanBn
40501932,24,Dakshina kannada,1,Mangalore,1,MANGALURU A,5,83-BAJAL,118,2020-2021,1,Kharif,Coconut,0-21-0.00,2020-08-26,NULL,NULL,12.8509807,74.8776967,https://kodi.karnataka.gov.in/crop_image/image?key=L0ZBUk1FUl9DUk9QU1VSVkVZX0lNQUdFUy9JbWFnZXMvWUNfMTE4L1NDXzEvRENfMjQvVENfMS9IQ18xL1ZDXzUvTENfMTU1L09OXzQvT25lXzE1OTg0MjU5NDkzNTguanBn
40502177,24,Dakshina kannada,1,Mangalore,1,MANGALURU A,5,83-BAJAL,118,2020-2021,1,Kharif,Coconut,0-19-0.00,2020-08-26,NULL,NULL,12.8509867,74.8777119,https://kodi.karnataka.gov.in/crop_image/image?key=L0ZBUk1FUl9DUk9QU1VSVkVZX0lNQUdFUy9JbWFnZXMvWUNfMTE4L1NDXzEvRENfMjQvVENfMS9IQ18xL1ZDXzUvTENfMTU2L09OXzEvT25lXzE1OTg0MjYwMjI0MzMuanBn
40502415,24,Dakshina kannada,1,Mangalore,1,MANGALURU A,5,83-BAJAL,118,2020-2021,1,Kharif,Coconut,0-44-0.00,2020-08-26,NULL,NULL,12.8509869,74.8777024,https://kodi.karnataka.gov.in/crop_image/image?key=L0ZBUk1FUl9DUk9QU1VSVkVZX0lNQUdFUy9JbWFnZXMvWUNfMTE4L1NDXzEvRENfMjQvVENfMS9IQ18xL1ZDXzUvTENfMjkxMC9PTl8xL09uZV8xNTk4NDI2MDg1MzY0LmpwZw==
40502623,24,Dakshina kannada,1,Mangalore,1,MANGALURU A,5,83-BAJAL,118,2020-2021,1,Kharif,Coconut,0-33-0.00,2020-08-26,NULL,NULL,12.8509709,74.8776744,https://kodi.karnataka.gov.in/crop_image/image?key=L0ZBUk1FUl9DUk9QU1VSVkVZX0lNQUdFUy9JbWFnZXMvWUNfMTE4L1NDXzEvRENfMjQvVENfMS9IQ18xL1ZDXzUvTENfMTMxL09OXzEvT25lXzE1OTg0MjYxODU5NjYuanBn
40647353,24,Dakshina kannada,1,Mangalore,1,MANGALURU A,5,83-BAJAL,118,2020-2021,1,Kharif,Coconut,0-20-0.00,2020-08-27,NULL,NULL,12.8493168,74.8837854,https://kodi.karnataka.gov.in/crop_image/image?key=L0ZBUk1FUl9DUk9QU1VSVkVZX0lNQUdFUy9JbWFnZXMvWUNfMTE4L1NDXzEvRENfMjQvVENfMS9IQ18xL1ZDXzUvTENfMjk4MC9PTl84L09uZV8xNTk4NTIyODcyODI4LmpwZw==
40647605,24,Dakshina kannada,1,Mangalore,1,MANGALURU A,5,83-BAJAL,118,2020-2021,1,Kharif,Coconut,0-20-0.00,2020-08-27,NULL,NULL,12.8493176,74.8837912,https://kodi.karnataka.gov.in/crop_image/image?key=L0ZBUk1FUl9DUk9QU1VSVkVZX0lNQUdFUy9JbWFnZXMvWUNfMTE4L1NDXzEvRENfMjQvVENfMS9IQ18xL1ZDXzUvTENfMjk4MS9PTl83L09uZV8xNTk4NTIyOTU4NjQyLmpwZw==
40647820,24,Dakshina kannada,1,Mangalore,1,MANGALURU A,5,83-BAJAL,118,2020-2021,1,Kharif,Coconut,0-20-0.00,2020-08-27,NULL,NULL,12.8493351,74.8837896,https://kodi.karnataka.gov.in/crop_image/image?key=L0ZBUk1FUl9DUk9QU1VSVkVZX0lNQUdFUy9JbWFnZXMvWUNfMTE4L1NDXzEvRENfMjQvVENfMS9IQ18xL1ZDXzUvTENfMjk4NC9PTl83L09uZV8xNTk4NTIzMDk0NzkyLmpwZw==
40648000,24,Dakshina kannada,1,Mangalore,1,MANGALURU A,5,83-BAJAL,118,2020-2021,1,Kharif,Coconut,1-43-0.00,2020-08-27,NULL,NULL,12.8493865,74.8837966,https://kodi.karnataka.gov.in/crop_image/image?key=L0ZBUk1FUl9DUk9QU1VSVkVZX0lNQUdFUy9JbWFnZXMvWUNfMTE4L1NDXzEvRENfMjQvVENfMS9IQ18xL1ZDXzUvTENfNDI0L09OXzEvT25lXzE1OTg1MjMxODA5OTQuanBn
40648162,24,Dakshina kannada,1,Mangalore,1,MANGALURU A,5,83-BAJAL,118,2020-2021,1,Kharif,Coconut,0-56-0.00,2020-08-27,NULL,NULL,12.8494115,74.883827,https://kodi.karnataka.gov.in/crop_image/image?key=L0ZBUk1FUl9DUk9QU1VSVkVZX0lNQUdFUy9JbWFnZXMvWUNfMTE4L1NDXzEvRENfMjQvVENfMS9IQ18xL1ZDXzUvTENfNDI1L09OXzEvT25lXzE1OTg1MjMyNjUwODEuanBn
40648376,24,Dakshina kannada,1,Mangalore,1,MANGALURU A,5,83-BAJAL,118,2020-2021,1,Kharif,Coconut,1-16-0.00,2020-08-27,NULL,NULL,12.849394,74.8838215,https://kodi.karnataka.gov.in/crop_image/image?key=L0ZBUk1FUl9DUk9QU1VSVkVZX0lNQUdFUy9JbWFnZXMvWUNfMTE4L1NDXzEvRENfMjQvVENfMS9IQ18xL1ZDXzUvTENfNDI2L09OXzgvT25lXzE1OTg1MjMzNTc2NTQuanBn
40648636,24,Dakshina kannada,1,Mangalore,1,MANGALURU A,5,83-BAJAL,118,2020-2021,1,Kharif,Coconut,0-93-0.00,2020-08-27,NULL,NULL,12.8493686,74.8838192,https://kodi.karnataka.gov.in/crop_image/image?key=L0ZBUk1FUl9DUk9QU1VSVkVZX0lNQUdFUy9JbWFnZXMvWUNfMTE4L1NDXzEvRENfMjQvVENfMS9IQ18xL1ZDXzUvTENfNDI3L09OXzEvT25lXzE1OTg1MjM0ODc3MjcuanBn
40648950,24,Dakshina kannada,1,Mangalore,1,MANGALURU A,5,83-BAJAL,118,2020-2021,1,Kharif,Coconut,0-40-0.00,2020-08-27,NULL,NULL,12.849437,74.8835877,https://kodi.karnataka.gov.in/crop_image/image?key=L0ZBUk1FUl9DUk9QU1VSVkVZX0lNQUdFUy9JbWFnZXMvWUNfMTE4L1NDXzEvRENfMjQvVENfMS9IQ18xL1ZDXzUvTENfNDI4L09OXzIvT25lXzE1OTg1MjM2NDYxOTkuanBn
40649406,24,Dakshina kannada,1,Mangalore,1,MANGALURU A,5,83-BAJAL,118,2020-2021,1,Kharif,Coconut,1-14-0.00,2020-08-27,NULL,NULL,12.8496157,74.8836051,https://kodi.karnataka.gov.in/crop_image/image?key=L0ZBUk1FUl9DUk9QU1VSVkVZX0lNQUdFUy9JbWFnZXMvWUNfMTE4L1NDXzEvRENfMjQvVENfMS9IQ18xL1ZDXzUvTENfMjM4MC9PTl8yL09uZV8xNTk4NTIzNzg5Nzk1LmpwZw==
40649659,24,Dakshina kannada,1,Mangalore,1,MANGALURU A,5,83-BAJAL,118,2020-2021,1,Kharif,Coconut,0-23-0.00,2020-08-27,NULL,NULL,12.8496405,74.8835908,https://kodi.karnataka.gov.in/crop_image/image?key=L0ZBUk1FUl9DUk9QU1VSVkVZX0lNQUdFUy9JbWFnZXMvWUNfMTE4L1NDXzEvRENfMjQvVENfMS9IQ18xL1ZDXzUvTENfMjg2MS9PTl8xL09uZV8xNTk4NTIzOTU2MjA3LmpwZw==
40649884,24,Dakshina kannada,1,Mangalore,1,MANGALURU A,5,83-BAJAL,118,2020-2021,1,Kharif,Coconut,2-94-0.00,2020-08-27,NULL,NULL,12.8496558,74.8836552,https://kodi.karnataka.gov.in/crop_image/image?key=L0ZBUk1FUl9DUk9QU1VSVkVZX0lNQUdFUy9JbWFnZXMvWUNfMTE4L1NDXzEvRENfMjQvVENfMS9IQ18xL1ZDXzUvTENfNDE4L09OXzEvT25lXzE1OTg1MjQwMzE4NzguanBn
40650102,24,Dakshina kannada,1,Mangalore,1,MANGALURU A,5,83-BAJAL,118,2020-2021,1,Kharif,Coconut,0-16-0.00,2020-08-27,NULL,NULL,12.8496402,74.8835666,https://kodi.karnataka.gov.in/crop_image/image?key=L0ZBUk1FUl9DUk9QU1VSVkVZX0lNQUdFUy9JbWFnZXMvWUNfMTE4L1NDXzEvRENfMjQvVENfMS9IQ18xL1ZDXzUvTENfNDE5L09OXzcvT25lXzE1OTg1MjQxMDIyMzEuanBn
40650320,24,Dakshina kannada,1,Mangalore,1,MANGALURU A,5,83-BAJAL,118,2020-2021,1,Kharif,Coconut,0-39-0.00,2020-08-27,NULL,NULL,12.8497101,74.8836544,https://kodi.karnataka.gov.in/crop_image/image?key=L0ZBUk1FUl9DUk9QU1VSVkVZX0lNQUdFUy9JbWFnZXMvWUNfMTE4L1NDXzEvRENfMjQvVENfMS9IQ18xL1ZDXzUvTENfNDIwL09OXzEvT25lXzE1OTg1MjQxODI0MTEuanBn
40650536,24,Dakshina kannada,1,Mangalore,1,MANGALURU A,5,83-BAJAL,118,2020-2021,1,Kharif,Coconut,0-43-0.00,2020-08-27,NULL,NULL,12.849712,74.8836306,https://kodi.karnataka.gov.in/crop_image/image?key=L0ZBUk1FUl9DUk9QU1VSVkVZX0lNQUdFUy9JbWFnZXMvWUNfMTE4L1NDXzEvRENfMjQvVENfMS9IQ18xL1ZDXzUvTENfNDIyL09OXzEvT25lXzE1OTg1MjQyNTkwMjYuanBn
40650808,24,Dakshina kannada,1,Mangalore,1,MANGALURU A,5,83-BAJAL,118,2020-2021,1,Kharif,Coconut,1-11-0.00,2020-08-27,NULL,NULL,12.8495794,74.8835689,https://kodi.karnataka.gov.in/crop_image/image?key=L0ZBUk1FUl9DUk9QU1VSVkVZX0lNQUdFUy9JbWFnZXMvWUNfMTE4L1NDXzEvRENfMjQvVENfMS9IQ18xL1ZDXzUvTENfNDIzL09OXzMvT25lXzE1OTg1MjQ0MDIwNDAuanBn
41206594,24,Dakshina kannada,1,Mangalore,1,MANGALURU A,5,83-BAJAL,118,2020-2021,1,Kharif,Betel Nuts (Areca nuts),0-72-0.00,2020-09-02,NULL,NULL,12.8552422,74.8823405,https://kodi.karnataka.gov.in/crop_image/image?key=L0ZBUk1FUl9DUk9QU1VSVkVZX0lNQUdFUy9JbWFnZXMvWUNfMTE4L1NDXzEvRENfMjQvVENfMS9IQ18xL1ZDXzUvTENfMzI0L09OXzEvT25lXzE1OTkwMjQxMzg2MTUuanBn
41207496,24,Dakshina kannada,1,Mangalore,1,MANGALURU A,5,83-BAJAL,118,2020-2021,1,Kharif,Betel Nuts (Areca nuts),0-43-25.00,2020-09-02,NULL,NULL,12.8552537,74.8823355,https://kodi.karnataka.gov.in/crop_image/image?key=L0ZBUk1FUl9DUk9QU1VSVkVZX0lNQUdFUy9JbWFnZXMvWUNfMTE4L1NDXzEvRENfMjQvVENfMS9IQ18xL1ZDXzUvTENfMzI2L09OXzEvT25lXzE1OTkwMjQ0NTY3NDUuanBn
41211981,24,Dakshina kannada,1,Mangalore,1,MANGALURU A,5,83-BAJAL,118,2020-2021,1,Kharif,Coconut,0-25-0.00,2020-09-02,NULL,NULL,12.8513197,74.8859694,https://kodi.karnataka.gov.in/crop_image/image?key=L0ZBUk1FUl9DUk9QU1VSVkVZX0lNQUdFUy9JbWFnZXMvWUNfMTE4L1NDXzEvRENfMjQvVENfMS9IQ18xL1ZDXzUvTENfNTAxL09OXzcvT25lXzE1OTkwMjU3ODY1OTEuanBn
41212511,24,Dakshina kannada,1,Mangalore,1,MANGALURU A,5,83-BAJAL,118,2020-2021,1,Kharif,Coconut,0-98-0.00,2020-09-02,NULL,NULL,12.8513179,74.8859744,https://kodi.karnataka.gov.in/crop_image/image?key=L0ZBUk1FUl9DUk9QU1VSVkVZX0lNQUdFUy9JbWFnZXMvWUNfMTE4L1NDXzEvRENfMjQvVENfMS9IQ18xL1ZDXzUvTENfNTAyL09OXzIvT25lXzE1OTkwMjU5MTI4NjEuanBn
41212833,24,Dakshina kannada,1,Mangalore,1,MANGALURU A,5,83-BAJAL,118,2020-2021,1,Kharif,Coconut,1-75-0.00,2020-09-02,NULL,NULL,12.8513255,74.8859775,https://kodi.karnataka.gov.in/crop_image/image?key=L0ZBUk1FUl9DUk9QU1VSVkVZX0lNQUdFUy9JbWFnZXMvWUNfMTE4L1NDXzEvRENfMjQvVENfMS9IQ18xL1ZDXzUvTENfMjM4NC9PTl8yL09uZV8xNTk5MDI2MDAxMjM4LmpwZw==
41213262,24,Dakshina kannada,1,Mangalore,1,MANGALURU A,5,83-BAJAL,118,2020-2021,1,Kharif,Coconut,0-6-0.00,2020-09-02,NULL,NULL,12.8513226,74.8859629,https://kodi.karnataka.gov.in/crop_image/image?key=L0ZBUk1FUl9DUk9QU1VSVkVZX0lNQUdFUy9JbWFnZXMvWUNfMTE4L1NDXzEvRENfMjQvVENfMS9IQ18xL1ZDXzUvTENfNTA0L09OXzEvT25lXzE1OTkwMjYwOTQzODAuanBn
41213805,24,Dakshina kannada,1,Mangalore,1,MANGALURU A,5,83-BAJAL,118,2020-2021,1,Kharif,Coconut,0-5-0.00,2020-09-02,NULL,NULL,12.8513028,74.8859729,https://kodi.karnataka.gov.in/crop_image/image?key=L0ZBUk1FUl9DUk9QU1VSVkVZX0lNQUdFUy9JbWFnZXMvWUNfMTE4L1NDXzEvRENfMjQvVENfMS9IQ18xL1ZDXzUvTENfNTA1L09OXzcvT25lXzE1OTkwMjYyMjA2ODMuanBn
41261575,24,Dakshina kannada,1,Mangalore,1,MANGALURU A,5,83-BAJAL,118,2020-2021,1,Kharif,Fallow,0-1-50.00,2020-09-02,NULL,NULL,12.8516526,74.8835756,https://kodi.karnataka.gov.in/crop_image/image?key=L0ZBUk1FUl9DUk9QU1VSVkVZX0lNQUdFUy9JbWFnZXMvWUNfMTE4L1NDXzEvRENfMjQvVENfMS9IQ18xL1ZDXzUvTENfNDU1L09OXzEvT25lXzE1OTkwNDA3MTEzNTYuanBn
41262144,24,Dakshina kannada,1,Mangalore,1,MANGALURU A,5,83-BAJAL,118,2020-2021,1,Kharif,Fallow,0-10-0.00,2020-09-02,NULL,NULL,12.8517822,74.8835107,https://kodi.karnataka.gov.in/crop_image/image?key=L0ZBUk1FUl9DUk9QU1VSVkVZX0lNQUdFUy9JbWFnZXMvWUNfMTE4L1NDXzEvRENfMjQvVENfMS9IQ18xL1ZDXzUvTENfNDU1L09OXzIvT25lXzE1OTkwNDA4NzgxODkuanBn
41262335,24,Dakshina kannada,1,Mangalore,1,MANGALURU A,5,83-BAJAL,118,2020-2021,1,Kharif,Fallow,0-8-50.00,2020-09-02,NULL,NULL,12.8518123,74.8834923,https://kodi.karnataka.gov.in/crop_image/image?key=L0ZBUk1FUl9DUk9QU1VSVkVZX0lNQUdFUy9JbWFnZXMvWUNfMTE4L1NDXzEvRENfMjQvVENfMS9IQ18xL1ZDXzUvTENfNDU1L09OXzMvT25lXzE1OTkwNDA5MzczODguanBn
41262751,24,Dakshina kannada,1,Mangalore,1,MANGALURU A,5,83-BAJAL,118,2020-2021,1,Kharif,Fallow,0-2-0.00,2020-09-02,NULL,NULL,12.8518226,74.883498,https://kodi.karnataka.gov.in/crop_image/image?key=L0ZBUk1FUl9DUk9QU1VSVkVZX0lNQUdFUy9JbWFnZXMvWUNfMTE4L1NDXzEvRENfMjQvVENfMS9IQ18xL1ZDXzUvTENfNDU2L09OXzEvT25lXzE1OTkwNDEwNTYyOTEuanBn
41262869,24,Dakshina kannada,1,Mangalore,1,MANGALURU A,5,83-BAJAL,118,2020-2021,1,Kharif,Fallow,0-4-0.00,2020-09-02,NULL,NULL,12.8518452,74.883478,https://kodi.karnataka.gov.in/crop_image/image?key=L0ZBUk1FUl9DUk9QU1VSVkVZX0lNQUdFUy9JbWFnZXMvWUNfMTE4L1NDXzEvRENfMjQvVENfMS9IQ18xL1ZDXzUvTENfNDU3L09OXzEvT25lXzE1OTkwNDEwOTYzMDAuanBn
41263294,24,Dakshina kannada,1,Mangalore,1,MANGALURU A,5,83-BAJAL,118,2020-2021,1,Kharif,Fallow,0-2-0.00,2020-09-02,NULL,NULL,12.8518087,74.8835218,https://kodi.karnataka.gov.in/crop_image/image?key=L0ZBUk1FUl9DUk9QU1VSVkVZX0lNQUdFUy9JbWFnZXMvWUNfMTE4L1NDXzEvRENfMjQvVENfMS9IQ18xL1ZDXzUvTENfNDU4L09OXzEvT25lXzE1OTkwNDEyMjY5MzUuanBn
41263587,24,Dakshina kannada,1,Mangalore,1,MANGALURU A,5,83-BAJAL,118,2020-2021,1,Kharif,Fallow,0-4-0.00,2020-09-02,NULL,NULL,12.8518304,74.8834937,https://kodi.karnataka.gov.in/crop_image/image?key=L0ZBUk1FUl9DUk9QU1VSVkVZX0lNQUdFUy9JbWFnZXMvWUNfMTE4L1NDXzEvRENfMjQvVENfMS9IQ18xL1ZDXzUvTENfNDU5L09OXzMvT25lXzE1OTkwNDEyODA1NTYuanBn
41264326,24,Dakshina kannada,1,Mangalore,1,MANGALURU A,5,83-BAJAL,118,2020-2021,1,Kharif,Coconut,0-20-0.00,2020-09-02,NULL,NULL,12.8518246,74.883478,https://kodi.karnataka.gov.in/crop_image/image?key=L0ZBUk1FUl9DUk9QU1VSVkVZX0lNQUdFUy9JbWFnZXMvWUNfMTE4L1NDXzEvRENfMjQvVENfMS9IQ18xL1ZDXzUvTENfNDM4L09OXzMvT25lXzE1OTkwNDE1NzE2NDEuanBn
41264654,24,Dakshina kannada,1,Mangalore,1,MANGALURU A,5,83-BAJAL,118,2020-2021,1,Kharif,Coconut,0-54-0.00,2020-09-02,NULL,NULL,12.8517828,74.8835064,https://kodi.karnataka.gov.in/crop_image/image?key=L0ZBUk1FUl9DUk9QU1VSVkVZX0lNQUdFUy9JbWFnZXMvWUNfMTE4L1NDXzEvRENfMjQvVENfMS9IQ18xL1ZDXzUvTENfNDM4L09OXzE5L09uZV8xNTk5MDQxNjY5NzI5LmpwZw==
41264979,24,Dakshina kannada,1,Mangalore,1,MANGALURU A,5,83-BAJAL,118,2020-2021,1,Kharif,Coconut,0-15-0.00,2020-09-02,NULL,NULL,12.8518107,74.8834807,https://kodi.karnataka.gov.in/crop_image/image?key=L0ZBUk1FUl9DUk9QU1VSVkVZX0lNQUdFUy9JbWFnZXMvWUNfMTE4L1NDXzEvRENfMjQvVENfMS9IQ18xL1ZDXzUvTENfNDM5L09OXzEvT25lXzE1OTkwNDE3NzI0MTguanBn
41265126,24,Dakshina kannada,1,Mangalore,1,MANGALURU A,5,83-BAJAL,118,2020-2021,1,Kharif,Coconut,0-11-0.00,2020-09-02,NULL,NULL,12.8518062,74.8834759,https://kodi.karnataka.gov.in/crop_image/image?key=L0ZBUk1FUl9DUk9QU1VSVkVZX0lNQUdFUy9JbWFnZXMvWUNfMTE4L1NDXzEvRENfMjQvVENfMS9IQ18xL1ZDXzUvTENfNDQxL09OXzEvT25lXzE1OTkwNDE4NTA1ODAuanBn
41265232,24,Dakshina kannada,1,Mangalore,1,MANGALURU A,5,83-BAJAL,118,2020-2021,1,Kharif,Fallow,0-55-0.00,2020-09-02,NULL,NULL,12.8518077,74.8834832,https://kodi.karnataka.gov.in/crop_image/image?key=L0ZBUk1FUl9DUk9QU1VSVkVZX0lNQUdFUy9JbWFnZXMvWUNfMTE4L1NDXzEvRENfMjQvVENfMS9IQ18xL1ZDXzUvTENfNDQwL09OXzIvT25lXzE1OTkwNDE4OTQyMTAuanBn
41265431,24,Dakshina kannada,1,Mangalore,1,MANGALURU A,5,83-BAJAL,118,2020-2021,1,Kharif,Coconut,0-27-0.00,2020-09-02,NULL,NULL,12.8518152,74.8834768,https://kodi.karnataka.gov.in/crop_image/image?key=L0ZBUk1FUl9DUk9QU1VSVkVZX0lNQUdFUy9JbWFnZXMvWUNfMTE4L1NDXzEvRENfMjQvVENfMS9IQ18xL1ZDXzUvTENfMjY1NS9PTl8xL09uZV8xNTk5MDQxOTU2NzQ0LmpwZw==
41265652,24,Dakshina kannada,1,Mangalore,1,MANGALURU A,5,83-BAJAL,118,2020-2021,1,Kharif,Coconut,0-18-0.00,2020-09-02,NULL,NULL,12.8518393,74.883477,https://kodi.karnataka.gov.in/crop_image/image?key=L0ZBUk1FUl9DUk9QU1VSVkVZX0lNQUdFUy9JbWFnZXMvWUNfMTE4L1NDXzEvRENfMjQvVENfMS9IQ18xL1ZDXzUvTENfNDQyL09OXzEvT25lXzE1OTkwNDIwMzkxNTEuanBn
41265808,24,Dakshina kannada,1,Mangalore,1,MANGALURU A,5,83-BAJAL,118,2020-2021,1,Kharif,Coconut,0-40-0.00,2020-09-02,NULL,NULL,12.8518524,74.8834941,https://kodi.karnataka.gov.in/crop_image/image?key=L0ZBUk1FUl9DUk9QU1VSVkVZX0lNQUdFUy9JbWFnZXMvWUNfMTE4L1NDXzEvRENfMjQvVENfMS9IQ18xL1ZDXzUvTENfNDQzL09OXzUvT25lXzE1OTkwNDIwOTA4ODEuanBn
41265997,24,Dakshina kannada,1,Mangalore,1,MANGALURU A,5,83-BAJAL,118,2020-2021,1,Kharif,Fallow,0-3-0.00,2020-09-02,NULL,NULL,12.8518544,74.8834865,https://kodi.karnataka.gov.in/crop_image/image?key=L0ZBUk1FUl9DUk9QU1VSVkVZX0lNQUdFUy9JbWFnZXMvWUNfMTE4L1NDXzEvRENfMjQvVENfMS9IQ18xL1ZDXzUvTENfNDQ0L09OXzEvT25lXzE1OTkwNDIxNjQ1NzQuanBn
41266165,24,Dakshina kannada,1,Mangalore,1,MANGALURU A,5,83-BAJAL,118,2020-2021,1,Kharif,Coconut,0-12-0.00,2020-09-02,NULL,NULL,12.8518732,74.8834951,https://kodi.karnataka.gov.in/crop_image/image?key=L0ZBUk1FUl9DUk9QU1VSVkVZX0lNQUdFUy9JbWFnZXMvWUNfMTE4L1NDXzEvRENfMjQvVENfMS9IQ18xL1ZDXzUvTENfNDQ1L09OXzEvT25lXzE1OTkwNDIyNDQzODAuanBn
41266340,24,Dakshina kannada,1,Mangalore,1,MANGALURU A,5,83-BAJAL,118,2020-2021,1,Kharif,Coconut,0-30-0.00,2020-09-02,NULL,NULL,12.8518526,74.8834866,https://kodi.karnataka.gov.in/crop_image/image?key=L0ZBUk1FUl9DUk9QU1VSVkVZX0lNQUdFUy9JbWFnZXMvWUNfMTE4L1NDXzEvRENfMjQvVENfMS9IQ18xL1ZDXzUvTENfMjM2OS9PTl8xL09uZV8xNTk5MDQyMzA4Nzg2LmpwZw==
41266522,24,Dakshina kannada,1,Mangalore,1,MANGALURU A,5,83-BAJAL,118,2020-2021,1,Kharif,Coconut,0-20-0.00,2020-09-02,NULL,NULL,12.8518728,74.8835089,https://kodi.karnataka.gov.in/crop_image/image?key=L0ZBUk1FUl9DUk9QU1VSVkVZX0lNQUdFUy9JbWFnZXMvWUNfMTE4L1NDXzEvRENfMjQvVENfMS9IQ18xL1ZDXzUvTENfMjM3MC9PTl8xL09uZV8xNTk5MDQyMzc2NjYzLmpwZw==
41266670,24,Dakshina kannada,1,Mangalore,1,MANGALURU A,5,83-BAJAL,118,2020-2021,1,Kharif,Fallow,0-18-0.00,2020-09-02,NULL,NULL,12.8518551,74.8834981,https://kodi.karnataka.gov.in/crop_image/image?key=L0ZBUk1FUl9DUk9QU1VSVkVZX0lNQUdFUy9JbWFnZXMvWUNfMTE4L1NDXzEvRENfMjQvVENfMS9IQ18xL1ZDXzUvTENfMjM3OS9PTl8yL09uZV8xNTk5MDQyNDE5MDIyLmpwZw==
41266868,24,Dakshina kannada,1,Mangalore,1,MANGALURU A,5,83-BAJAL,118,2020-2021,1,Kharif,Coconut,0-27-0.00,2020-09-02,NULL,NULL,12.851853,74.8834974,https://kodi.karnataka.gov.in/crop_image/image?key=L0ZBUk1FUl9DUk9QU1VSVkVZX0lNQUdFUy9JbWFnZXMvWUNfMTE4L1NDXzEvRENfMjQvVENfMS9IQ18xL1ZDXzUvTENfMjM4My9PTl8yL09uZV8xNTk5MDQyNDc2MzcyLmpwZw==
41267006,24,Dakshina kannada,1,Mangalore,1,MANGALURU A,5,83-BAJAL,118,2020-2021,1,Kharif,Fallow,0-22-0.00,2020-09-02,NULL,NULL,12.8518472,74.8835074,https://kodi.karnataka.gov.in/crop_image/image?key=L0ZBUk1FUl9DUk9QU1VSVkVZX0lNQUdFUy9JbWFnZXMvWUNfMTE4L1NDXzEvRENfMjQvVENfMS9IQ18xL1ZDXzUvTENfNDQ2L09OXzgvT25lXzE1OTkwNDI1MTExMDMuanBn
41267129,24,Dakshina kannada,1,Mangalore,1,MANGALURU A,5,83-BAJAL,118,2020-2021,1,Kharif,Fallow,0-22-0.00,2020-09-02,NULL,NULL,12.8518499,74.8834912,https://kodi.karnataka.gov.in/crop_image/image?key=L0ZBUk1FUl9DUk9QU1VSVkVZX0lNQUdFUy9JbWFnZXMvWUNfMTE4L1NDXzEvRENfMjQvVENfMS9IQ18xL1ZDXzUvTENfNDQ3L09OXzIvT25lXzE1OTkwNDI1NzQxMTkuanBn
41267240,24,Dakshina kannada,1,Mangalore,1,MANGALURU A,5,83-BAJAL,118,2020-2021,1,Kharif,Fallow,0-4-50.00,2020-09-02,NULL,NULL,12.8519031,74.8834986,https://kodi.karnataka.gov.in/crop_image/image?key=L0ZBUk1FUl9DUk9QU1VSVkVZX0lNQUdFUy9JbWFnZXMvWUNfMTE4L1NDXzEvRENfMjQvVENfMS9IQ18xL1ZDXzUvTENfNDQ4L09OXzEvT25lXzE1OTkwNDI2MTg3MzkuanBn
41267313,24,Dakshina kannada,1,Mangalore,1,MANGALURU A,5,83-BAJAL,118,2020-2021,1,Kharif,Fallow,0-10-0.00,2020-09-02,NULL,NULL,12.8519271,74.8835037,https://kodi.karnataka.gov.in/crop_image/image?key=L0ZBUk1FUl9DUk9QU1VSVkVZX0lNQUdFUy9JbWFnZXMvWUNfMTE4L1NDXzEvRENfMjQvVENfMS9IQ18xL1ZDXzUvTENfNDQ4L09OXzIvT25lXzE1OTkwNDI2NTcyNjguanBn
442078222,24,Dakshina kannada,1,Mangalore,1,MANGALURU A,5,83-BAJAL,118,2020-2021,1,Kharif,Coconut,0-60-0.00,2020-09-22,NULL,NULL,12.8515982,74.8870114,https://kodi.karnataka.gov.in/crop_image/image?key=L09GRklDRVJfS0hBUklGX0NST1BfSU1BR0VTL0ltYWdlcy9ZQ18xMTgvU0NfMS9EQ18yNC9UQ18xL0hDXzEvVkNfNS9MQ181NDAvT05fOC9PbmVfMTYwMDc2NTg1ODcyNy5qcGc=
442305724,24,Dakshina kannada,1,Mangalore,1,MANGALURU A,5,83-BAJAL,118,2020-2021,1,Kharif,Coconut,0-7-0.00,2020-09-22,NULL,NULL,12.8579329,74.8935407,https://kodi.karnataka.gov.in/crop_image/image?key=L09GRklDRVJfS0hBUklGX0NST1BfSU1BR0VTL0ltYWdlcy9ZQ18xMTgvU0NfMS9EQ18yNC9UQ18xL0hDXzEvVkNfNS9MQ18yMTYyNS9PTl8xL09uZV8xNjAwNzY2MzYxNTE3LmpwZw==
442305746,24,Dakshina kannada,1,Mangalore,1,MANGALURU A,5,83-BAJAL,118,2020-2021,1,Kharif,Coconut,0-8-0.00,2020-09-22,NULL,NULL,12.8579363,74.8934999,https://kodi.karnataka.gov.in/crop_image/image?key=L09GRklDRVJfS0hBUklGX0NST1BfSU1BR0VTL0ltYWdlcy9ZQ18xMTgvU0NfMS9EQ18yNC9UQ18xL0hDXzEvVkNfNS9MQ18yMTYyNS9PTl8yL09uZV8xNjAwNzY2NDYyNzQ2LmpwZw==
442305767,24,Dakshina kannada,1,Mangalore,1,MANGALURU A,5,83-BAJAL,118,2020-2021,1,Kharif,Coconut,0-8-0.00,2020-09-22,NULL,NULL,12.8579256,74.8935083,https://kodi.karnataka.gov.in/crop_image/image?key=L09GRklDRVJfS0hBUklGX0NST1BfSU1BR0VTL0ltYWdlcy9ZQ18xMTgvU0NfMS9EQ18yNC9UQ18xL0hDXzEvVkNfNS9MQ18yMTYyNS9PTl8xNS9PbmVfMTYwMDc2NjU1MTU2Mi5qcGc=
442305786,24,Dakshina kannada,1,Mangalore,1,MANGALURU A,5,83-BAJAL,118,2020-2021,1,Kharif,Coconut,0-8-0.00,2020-09-22,NULL,NULL,12.8579164,74.8935089,https://kodi.karnataka.gov.in/crop_image/image?key=L09GRklDRVJfS0hBUklGX0NST1BfSU1BR0VTL0ltYWdlcy9ZQ18xMTgvU0NfMS9EQ18yNC9UQ18xL0hDXzEvVkNfNS9MQ18yMTYyNS9PTl83L09uZV8xNjAwNzY2NjI0NzY2LmpwZw==
442305810,24,Dakshina kannada,1,Mangalore,1,MANGALURU A,5,83-BAJAL,118,2020-2021,1,Kharif,Coconut,0-6-10.00,2020-09-22,NULL,NULL,12.8579007,74.8935234,https://kodi.karnataka.gov.in/crop_image/image?key=L09GRklDRVJfS0hBUklGX0NST1BfSU1BR0VTL0ltYWdlcy9ZQ18xMTgvU0NfMS9EQ18yNC9UQ18xL0hDXzEvVkNfNS9MQ18yMTYyNS9PTl8xNi9PbmVfMTYwMDc2NjY5NTkzNS5qcGc=
442305828,24,Dakshina kannada,1,Mangalore,1,MANGALURU A,5,83-BAJAL,118,2020-2021,1,Kharif,Coconut,0-10-0.00,2020-09-22,NULL,NULL,12.857899,74.8935131,https://kodi.karnataka.gov.in/crop_image/image?key=L09GRklDRVJfS0hBUklGX0NST1BfSU1BR0VTL0ltYWdlcy9ZQ18xMTgvU0NfMS9EQ18yNC9UQ18xL0hDXzEvVkNfNS9MQ18yMTYyNS9PTl8yMi9PbmVfMTYwMDc2Njc2NTM4NS5qcGc=
442305849,24,Dakshina kannada,1,Mangalore,1,MANGALURU A,5,83-BAJAL,118,2020-2021,1,Kharif,Coconut,0-10-0.00,2020-09-22,NULL,NULL,12.8579149,74.8935281,https://kodi.karnataka.gov.in/crop_image/image?key=L09GRklDRVJfS0hBUklGX0NST1BfSU1BR0VTL0ltYWdlcy9ZQ18xMTgvU0NfMS9EQ18yNC9UQ18xL0hDXzEvVkNfNS9MQ18yMTYyNS9PTl8yMy9PbmVfMTYwMDc2Njg5NzcwMy5qcGc=
442305871,24,Dakshina kannada,1,Mangalore,1,MANGALURU A,5,83-BAJAL,118,2020-2021,1,Kharif,Coconut,0-6-0.00,2020-09-22,NULL,NULL,12.8579549,74.8935259,https://kodi.karnataka.gov.in/crop_image/image?key=L09GRklDRVJfS0hBUklGX0NST1BfSU1BR0VTL0ltYWdlcy9ZQ18xMTgvU0NfMS9EQ18yNC9UQ18xL0hDXzEvVkNfNS9MQ18yMTYyNS9PTl8yNC9PbmVfMTYwMDc2NzA0NTIxNy5qcGc=
442305895,24,Dakshina kannada,1,Mangalore,1,MANGALURU A,5,83-BAJAL,118,2020-2021,1,Kharif,Coconut,0-9-0.00,2020-09-22,NULL,NULL,12.8578473,74.89337,https://kodi.karnataka.gov.in/crop_image/image?key=L09GRklDRVJfS0hBUklGX0NST1BfSU1BR0VTL0ltYWdlcy9ZQ18xMTgvU0NfMS9EQ18yNC9UQ18xL0hDXzEvVkNfNS9MQ18yMTYyNS9PTl8yNS9PbmVfMTYwMDc2NzU1MzI0MC5qcGc=
442305924,24,Dakshina kannada,1,Mangalore,1,MANGALURU A,5,83-BAJAL,118,2020-2021,1,Kharif,Coconut,0-7-20.00,2020-09-23,NULL,NULL,12.8578781,74.893487,https://kodi.karnataka.gov.in/crop_image/image?key=L09GRklDRVJfS0hBUklGX0NST1BfSU1BR0VTL0ltYWdlcy9ZQ18xMTgvU0NfMS9EQ18yNC9UQ18xL0hDXzEvVkNfNS9MQ18yMTYyNS9PTl8yNi9PbmVfMTYwMDgzNzMzNDQ2Ny5qcGc=
442305948,24,Dakshina kannada,1,Mangalore,1,MANGALURU A,5,83-BAJAL,118,2020-2021,1,Kharif,Coconut,0-7-20.00,2020-09-23,NULL,NULL,12.8578472,74.8934683,https://kodi.karnataka.gov.in/crop_image/image?key=L09GRklDRVJfS0hBUklGX0NST1BfSU1BR0VTL0ltYWdlcy9ZQ18xMTgvU0NfMS9EQ18yNC9UQ18xL0hDXzEvVkNfNS9MQ18yMTYyNS9PTl8yNy9PbmVfMTYwMDgzNzQyNzM2OC5qcGc=
442305974,24,Dakshina kannada,1,Mangalore,1,MANGALURU A,5,83-BAJAL,118,2020-2021,1,Kharif,Coconut,0-5-0.00,2020-09-23,NULL,NULL,12.8578632,74.8934964,https://kodi.karnataka.gov.in/crop_image/image?key=L09GRklDRVJfS0hBUklGX0NST1BfSU1BR0VTL0ltYWdlcy9ZQ18xMTgvU0NfMS9EQ18yNC9UQ18xL0hDXzEvVkNfNS9MQ18yMTYyNS9PTl8yOC9PbmVfMTYwMDgzNzUxMjY5My5qcGc=
442306003,24,Dakshina kannada,1,Mangalore,1,MANGALURU A,5,83-BAJAL,118,2020-2021,1,Kharif,Coconut,0-5-0.00,2020-09-23,NULL,NULL,12.8578532,74.8934754,https://kodi.karnataka.gov.in/crop_image/image?key=L09GRklDRVJfS0hBUklGX0NST1BfSU1BR0VTL0ltYWdlcy9ZQ18xMTgvU0NfMS9EQ18yNC9UQ18xL0hDXzEvVkNfNS9MQ18yMTYyNS9PTl8yOS9PbmVfMTYwMDgzNzYxNzE0OC5qcGc=
442306047,24,Dakshina kannada,1,Mangalore,1,MANGALURU A,5,83-BAJAL,118,2020-2021,1,Kharif,Coconut,0-57-0.00,2020-09-23,NULL,NULL,12.8578922,74.8934732,https://kodi.karnataka.gov.in/crop_image/image?key=L09GRklDRVJfS0hBUklGX0NST1BfSU1BR0VTL0ltYWdlcy9ZQ18xMTgvU0NfMS9EQ18yNC9UQ18xL0hDXzEvVkNfNS9MQ18yMTYyNS9PTl8zMi9PbmVfMTYwMDgzNzc2Mjc5NS5qcGc=
442306075,24,Dakshina kannada,1,Mangalore,1,MANGALURU A,5,83-BAJAL,118,2020-2021,1,Kharif,Coconut,0-5-0.00,2020-09-23,NULL,NULL,12.8578613,74.8934888,https://kodi.karnataka.gov.in/crop_image/image?key=L09GRklDRVJfS0hBUklGX0NST1BfSU1BR0VTL0ltYWdlcy9ZQ18xMTgvU0NfMS9EQ18yNC9UQ18xL0hDXzEvVkNfNS9MQ18yMTYyNS9PTl81Ni9PbmVfMTYwMDgzNzg2MzM4Mi5qcGc=
442306104,24,Dakshina kannada,1,Mangalore,1,MANGALURU A,5,83-BAJAL,118,2020-2021,1,Kharif,Coconut,0-6-25.00,2020-09-23,NULL,NULL,12.8578677,74.8934986,https://kodi.karnataka.gov.in/crop_image/image?key=L09GRklDRVJfS0hBUklGX0NST1BfSU1BR0VTL0ltYWdlcy9ZQ18xMTgvU0NfMS9EQ18yNC9UQ18xL0hDXzEvVkNfNS9MQ18yMTYyNS9PTl81My9PbmVfMTYwMDgzNzk3MzUzMS5qcGc=
442306124,24,Dakshina kannada,1,Mangalore,1,MANGALURU A,5,83-BAJAL,118,2020-2021,1,Kharif,Coconut,0-4-75.00,2020-09-23,NULL,NULL,12.8578696,74.8935049,https://kodi.karnataka.gov.in/crop_image/image?key=L09GRklDRVJfS0hBUklGX0NST1BfSU1BR0VTL0ltYWdlcy9ZQ18xMTgvU0NfMS9EQ18yNC9UQ18xL0hDXzEvVkNfNS9MQ18yMTYyNS9PTl81MS9PbmVfMTYwMDgzODAzNTYxNy5qcGc=
442306149,24,Dakshina kannada,1,Mangalore,1,MANGALURU A,5,83-BAJAL,118,2020-2021,1,Kharif,Coconut,0-9-0.00,2020-09-23,NULL,NULL,12.8578592,74.8934941,https://kodi.karnataka.gov.in/crop_image/image?key=L09GRklDRVJfS0hBUklGX0NST1BfSU1BR0VTL0ltYWdlcy9ZQ18xMTgvU0NfMS9EQ18yNC9UQ18xL0hDXzEvVkNfNS9MQ18yMTYyNS9PTl80My9PbmVfMTYwMDgzODE4MzE2MC5qcGc=
442306176,24,Dakshina kannada,1,Mangalore,1,MANGALURU A,5,83-BAJAL,118,2020-2021,1,Kharif,Coconut,0-7-0.00,2020-09-23,NULL,NULL,12.8578645,74.8934903,https://kodi.karnataka.gov.in/crop_image/image?key=L09GRklDRVJfS0hBUklGX0NST1BfSU1BR0VTL0ltYWdlcy9ZQ18xMTgvU0NfMS9EQ18yNC9UQ18xL0hDXzEvVkNfNS9MQ18yMTYyNS9PTl80Mi9PbmVfMTYwMDgzODI1MTMwNy5qcGc=
442306199,24,Dakshina kannada,1,Mangalore,1,MANGALURU A,5,83-BAJAL,118,2020-2021,1,Kharif,Coconut,0-35-50.00,2020-09-23,NULL,NULL,12.8578621,74.8934871,https://kodi.karnataka.gov.in/crop_image/image?key=L09GRklDRVJfS0hBUklGX0NST1BfSU1BR0VTL0ltYWdlcy9ZQ18xMTgvU0NfMS9EQ18yNC9UQ18xL0hDXzEvVkNfNS9MQ18yMTYyNS9PTl8zOS9PbmVfMTYwMDgzODM3MjQyNi5qcGc=
442306223,24,Dakshina kannada,1,Mangalore,1,MANGALURU A,5,83-BAJAL,118,2020-2021,1,Kharif,Coconut,0-6-75.00,2020-09-23,NULL,NULL,12.8578633,74.8934785,https://kodi.karnataka.gov.in/crop_image/image?key=L09GRklDRVJfS0hBUklGX0NST1BfSU1BR0VTL0ltYWdlcy9ZQ18xMTgvU0NfMS9EQ18yNC9UQ18xL0hDXzEvVkNfNS9MQ18yMTYyNS9PTl8zOC9PbmVfMTYwMDgzODQ2MTcwNS5qcGc=
442306245,24,Dakshina kannada,1,Mangalore,1,MANGALURU A,5,83-BAJAL,118,2020-2021,1,Kharif,Coconut,0-28-50.00,2020-09-23,NULL,NULL,12.8578639,74.8934758,https://kodi.karnataka.gov.in/crop_image/image?key=L09GRklDRVJfS0hBUklGX0NST1BfSU1BR0VTL0ltYWdlcy9ZQ18xMTgvU0NfMS9EQ18yNC9UQ18xL0hDXzEvVkNfNS9MQ18yMTYyNS9PTl8zNy9PbmVfMTYwMDgzODUyMDkwMy5qcGc=
442306265,24,Dakshina kannada,1,Mangalore,1,MANGALURU A,5,83-BAJAL,118,2020-2021,1,Kharif,Coconut,0-29-25.00,2020-09-23,NULL,NULL,12.857878,74.8934833,https://kodi.karnataka.gov.in/crop_image/image?key=L09GRklDRVJfS0hBUklGX0NST1BfSU1BR0VTL0ltYWdlcy9ZQ18xMTgvU0NfMS9EQ18yNC9UQ18xL0hDXzEvVkNfNS9MQ18yMTYyNS9PTl8zNi9PbmVfMTYwMDgzODU3MTEzNi5qcGc=
442306281,24,Dakshina kannada,1,Mangalore,1,MANGALURU A,5,83-BAJAL,118,2020-2021,1,Kharif,Coconut,0-3-0.00,2020-09-23,NULL,NULL,12.8578483,74.8935111,https://kodi.karnataka.gov.in/crop_image/image?key=L09GRklDRVJfS0hBUklGX0NST1BfSU1BR0VTL0ltYWdlcy9ZQ18xMTgvU0NfMS9EQ18yNC9UQ18xL0hDXzEvVkNfNS9MQ18yMTYyNS9PTl8zNS9PbmVfMTYwMDgzODY0NDIwOC5qcGc=
442306299,24,Dakshina kannada,1,Mangalore,1,MANGALURU A,5,83-BAJAL,118,2020-2021,1,Kharif,Coconut,0-10-0.00,2020-09-23,NULL,NULL,12.8578464,74.893495,https://kodi.karnataka.gov.in/crop_image/image?key=L09GRklDRVJfS0hBUklGX0NST1BfSU1BR0VTL0ltYWdlcy9ZQ18xMTgvU0NfMS9EQ18yNC9UQ18xL0hDXzEvVkNfNS9MQ18yMTYyNS9PTl8zNC9PbmVfMTYwMDgzODY5Njg1Mi5qcGc=
442327142,24,Dakshina kannada,1,Mangalore,1,MANGALURU A,5,83-BAJAL,118,2020-2021,1,Kharif,Coconut,0-14-0.00,2020-09-23,NULL,NULL,12.8509249,74.8776253,https://kodi.karnataka.gov.in/crop_image/image?key=L09GRklDRVJfS0hBUklGX0NST1BfSU1BR0VTL0ltYWdlcy9ZQ18xMTgvU0NfMS9EQ18yNC9UQ18xL0hDXzEvVkNfNS9MQ18xMzQvT05fMy9PbmVfMTYwMDg0MjM2MjU5OS5qcGc=
442327161,24,Dakshina kannada,1,Mangalore,1,MANGALURU A,5,83-BAJAL,118,2020-2021,1,Kharif,Coconut,0-14-0.00,2020-09-23,NULL,NULL,12.8509281,74.8776276,https://kodi.karnataka.gov.in/crop_image/image?key=L09GRklDRVJfS0hBUklGX0NST1BfSU1BR0VTL0ltYWdlcy9ZQ18xMTgvU0NfMS9EQ18yNC9UQ18xL0hDXzEvVkNfNS9MQ18xMzUvT05fMS9PbmVfMTYwMDg0MjQxODg2Ny5qcGc=
442327195,24,Dakshina kannada,1,Mangalore,1,MANGALURU A,5,83-BAJAL,118,2020-2021,1,Kharif,Coconut,0-10-0.00,2020-09-23,NULL,NULL,12.8509528,74.8776333,https://kodi.karnataka.gov.in/crop_image/image?key=L09GRklDRVJfS0hBUklGX0NST1BfSU1BR0VTL0ltYWdlcy9ZQ18xMTgvU0NfMS9EQ18yNC9UQ18xL0hDXzEvVkNfNS9MQ18yNDA4L09OXzEvT25lXzE2MDA4NDI0ODE2OTIuanBn
442327224,24,Dakshina kannada,1,Mangalore,1,MANGALURU A,5,83-BAJAL,118,2020-2021,1,Kharif,Coconut,1-11-0.00,2020-09-23,NULL,NULL,12.8509289,74.8776431,https://kodi.karnataka.gov.in/crop_image/image?key=L09GRklDRVJfS0hBUklGX0NST1BfSU1BR0VTL0ltYWdlcy9ZQ18xMTgvU0NfMS9EQ18yNC9UQ18xL0hDXzEvVkNfNS9MQ18xMzcvT05fMS9PbmVfMTYwMDg0MjU0OTcwOS5qcGc=
442327258,24,Dakshina kannada,1,Mangalore,1,MANGALURU A,5,83-BAJAL,118,2020-2021,1,Kharif,Coconut,0-42-0.00,2020-09-23,NULL,NULL,12.8509136,74.8776545,https://kodi.karnataka.gov.in/crop_image/image?key=L09GRklDRVJfS0hBUklGX0NST1BfSU1BR0VTL0ltYWdlcy9ZQ18xMTgvU0NfMS9EQ18yNC9UQ18xL0hDXzEvVkNfNS9MQ18yNDA3L09OXzEvT25lXzE2MDA4NDI2OTk4NTguanBn
442327292,24,Dakshina kannada,1,Mangalore,1,MANGALURU A,5,83-BAJAL,118,2020-2021,1,Kharif,Coconut,0-49-0.00,2020-09-23,NULL,NULL,12.8509287,74.877647,https://kodi.karnataka.gov.in/crop_image/image?key=L09GRklDRVJfS0hBUklGX0NST1BfSU1BR0VTL0ltYWdlcy9ZQ18xMTgvU0NfMS9EQ18yNC9UQ18xL0hDXzEvVkNfNS9MQ18xMzkvT05fMS9PbmVfMTYwMDg0Mjc3MTEwNi5qcGc=
442327317,24,Dakshina kannada,1,Mangalore,1,MANGALURU A,5,83-BAJAL,118,2020-2021,1,Kharif,Coconut,0-10-80.00,2020-09-23,NULL,NULL,12.8509295,74.8776447,https://kodi.karnataka.gov.in/crop_image/image?key=L09GRklDRVJfS0hBUklGX0NST1BfSU1BR0VTL0ltYWdlcy9ZQ18xMTgvU0NfMS9EQ18yNC9UQ18xL0hDXzEvVkNfNS9MQ18xNDAvT05fMS9PbmVfMTYwMDg0MjgyMjU1Ny5qcGc=
442327346,24,Dakshina kannada,1,Mangalore,1,MANGALURU A,5,83-BAJAL,118,2020-2021,1,Kharif,Fallow,0-3-10.00,2020-09-23,NULL,NULL,12.850959,74.87765,https://kodi.karnataka.gov.in/crop_image/image?key=L09GRklDRVJfS0hBUklGX0NST1BfSU1BR0VTL0ltYWdlcy9ZQ18xMTgvU0NfMS9EQ18yNC9UQ18xL0hDXzEvVkNfNS9MQ18xNDAvT05fMy9PbmVfMTYwMDg0Mjg4NDA0My5qcGc=
442327380,24,Dakshina kannada,1,Mangalore,1,MANGALURU A,5,83-BAJAL,118,2020-2021,1,Kharif,Coconut,0-10-0.00,2020-09-23,NULL,NULL,12.8509507,74.8776584,https://kodi.karnataka.gov.in/crop_image/image?key=L09GRklDRVJfS0hBUklGX0NST1BfSU1BR0VTL0ltYWdlcy9ZQ18xMTgvU0NfMS9EQ18yNC9UQ18xL0hDXzEvVkNfNS9MQ18xNDIvT05fMS9PbmVfMTYwMDg0Mjk0NDgxMy5qcGc=
442327417,24,Dakshina kannada,1,Mangalore,1,MANGALURU A,5,83-BAJAL,118,2020-2021,1,Kharif,Coconut,0-12-0.00,2020-09-23,NULL,NULL,12.8509432,74.877673,https://kodi.karnataka.gov.in/crop_image/image?key=L09GRklDRVJfS0hBUklGX0NST1BfSU1BR0VTL0ltYWdlcy9ZQ18xMTgvU0NfMS9EQ18yNC9UQ18xL0hDXzEvVkNfNS9MQ18xNDgvT05fMi9PbmVfMTYwMDg0MzAyMTQwOS5qcGc=
442327448,24,Dakshina kannada,1,Mangalore,1,MANGALURU A,5,83-BAJAL,118,2020-2021,1,Kharif,Coconut,0-19-0.00,2020-09-23,NULL,NULL,12.850942,74.8776708,https://kodi.karnataka.gov.in/crop_image/image?key=L09GRklDRVJfS0hBUklGX0NST1BfSU1BR0VTL0ltYWdlcy9ZQ18xMTgvU0NfMS9EQ18yNC9UQ18xL0hDXzEvVkNfNS9MQ18xNDkvT05fMS9PbmVfMTYwMDg0MzA3ODg4NS5qcGc=
442367381,24,Dakshina kannada,1,Mangalore,1,MANGALURU A,5,83-BAJAL,118,2020-2021,1,Kharif,Betel Nuts (Areca nuts),0-55-0.00,2020-09-23,NULL,NULL,12.8540829,74.8840604,https://kodi.karnataka.gov.in/crop_image/image?key=L09GRklDRVJfS0hBUklGX0NST1BfSU1BR0VTL0ltYWdlcy9ZQ18xMTgvU0NfMS9EQ18yNC9UQ18xL0hDXzEvVkNfNS9MQ180NzIvT05fMy9PbmVfMTYwMDg0Njk0MjI0Ni5qcGc=
442367420,24,Dakshina kannada,1,Mangalore,1,MANGALURU A,5,83-BAJAL,118,2020-2021,1,Kharif,Coconut,0-34-0.00,2020-09-23,NULL,NULL,12.8540753,74.8840546,https://kodi.karnataka.gov.in/crop_image/image?key=L09GRklDRVJfS0hBUklGX0NST1BfSU1BR0VTL0ltYWdlcy9ZQ18xMTgvU0NfMS9EQ18yNC9UQ18xL0hDXzEvVkNfNS9MQ180NzQvT05fMy9PbmVfMTYwMDg0NzAwNzQ1Ni5qcGc=
442367441,24,Dakshina kannada,1,Mangalore,1,MANGALURU A,5,83-BAJAL,118,2020-2021,1,Kharif,Coconut,0-47-75.00,2020-09-23,NULL,NULL,12.8540708,74.8840663,https://kodi.karnataka.gov.in/crop_image/image?key=L09GRklDRVJfS0hBUklGX0NST1BfSU1BR0VTL0ltYWdlcy9ZQ18xMTgvU0NfMS9EQ18yNC9UQ18xL0hDXzEvVkNfNS9MQ18yNjYzL09OXzYvT25lXzE2MDA4NDcwOTAyNDYuanBn
442367462,24,Dakshina kannada,1,Mangalore,1,MANGALURU A,5,83-BAJAL,118,2020-2021,1,Kharif,Coconut,0-10-0.00,2020-09-23,NULL,NULL,12.8549362,74.8881391,https://kodi.karnataka.gov.in/crop_image/image?key=L09GRklDRVJfS0hBUklGX0NST1BfSU1BR0VTL0ltYWdlcy9ZQ18xMTgvU0NfMS9EQ18yNC9UQ18xL0hDXzEvVkNfNS9MQ18yMTYyOS9PTl8xL09uZV8xNjAwODQ3NTExMzIyLmpwZw==
442663529,24,Dakshina kannada,1,Mangalore,1,MANGALURU A,5,83-BAJAL,118,2020-2021,1,Kharif,Coconut,0-27-0.00,2020-09-24,NULL,NULL,12.8510734,74.8843412,https://kodi.karnataka.gov.in/crop_image/image?key=L09GRklDRVJfS0hBUklGX0NST1BfSU1BR0VTL0ltYWdlcy9ZQ18xMTgvU0NfMS9EQ18yNC9UQ18xL0hDXzEvVkNfNS9MQ180MTkvT05fOC9PbmVfMTYwMDkyMjA5Mzg1MS5qcGc=
442663557,24,Dakshina kannada,1,Mangalore,1,MANGALURU A,5,83-BAJAL,118,2020-2021,1,Kharif,Coconut,0-65-0.00,2020-09-24,NULL,NULL,12.8515519,74.8834654,https://kodi.karnataka.gov.in/crop_image/image?key=L09GRklDRVJfS0hBUklGX0NST1BfSU1BR0VTL0ltYWdlcy9ZQ18xMTgvU0NfMS9EQ18yNC9UQ18xL0hDXzEvVkNfNS9MQ180MzcvT05fMi9PbmVfMTYwMDkyMjM2OTY5Mi5qcGc=
442663575,24,Dakshina kannada,1,Mangalore,1,MANGALURU A,5,83-BAJAL,118,2020-2021,1,Kharif,Fallow,0-10-25.00,2020-09-24,NULL,NULL,12.8515539,74.8834803,https://kodi.karnataka.gov.in/crop_image/image?key=L09GRklDRVJfS0hBUklGX0NST1BfSU1BR0VTL0ltYWdlcy9ZQ18xMTgvU0NfMS9EQ18yNC9UQ18xL0hDXzEvVkNfNS9MQ180NDQvT05fMi9PbmVfMTYwMDkyMjQ2NDMyMy5qcGc=
442663597,24,Dakshina kannada,1,Mangalore,1,MANGALURU A,5,83-BAJAL,118,2020-2021,1,Kharif,Fallow,0-11-0.00,2020-09-24,NULL,NULL,12.8515559,74.8834859,https://kodi.karnataka.gov.in/crop_image/image?key=L09GRklDRVJfS0hBUklGX0NST1BfSU1BR0VTL0ltYWdlcy9ZQ18xMTgvU0NfMS9EQ18yNC9UQ18xL0hDXzEvVkNfNS9MQ180NDQvT05fNC9PbmVfMTYwMDkyMjUxMDQ5Mi5qcGc=
442663626,24,Dakshina kannada,1,Mangalore,1,MANGALURU A,5,83-BAJAL,118,2020-2021,1,Kharif,Coconut,0-12-75.00,2020-09-24,NULL,NULL,12.8515685,74.8834796,https://kodi.karnataka.gov.in/crop_image/image?key=L09GRklDRVJfS0hBUklGX0NST1BfSU1BR0VTL0ltYWdlcy9ZQ18xMTgvU0NfMS9EQ18yNC9UQ18xL0hDXzEvVkNfNS9MQ180NDQvT05fNi9PbmVfMTYwMDkyMjU4NTIwNy5qcGc=
442663642,24,Dakshina kannada,1,Mangalore,1,MANGALURU A,5,83-BAJAL,118,2020-2021,1,Kharif,Coconut,0-15-0.00,2020-09-24,NULL,NULL,12.8515682,74.8834845,https://kodi.karnataka.gov.in/crop_image/image?key=L09GRklDRVJfS0hBUklGX0NST1BfSU1BR0VTL0ltYWdlcy9ZQ18xMTgvU0NfMS9EQ18yNC9UQ18xL0hDXzEvVkNfNS9MQ180NDQvT05fMTMvT25lXzE2MDA5MjI2NTUzMzAuanBn
442663664,24,Dakshina kannada,1,Mangalore,1,MANGALURU A,5,83-BAJAL,118,2020-2021,1,Kharif,Fallow,0-10-0.00,2020-09-24,NULL,NULL,12.8515485,74.8834898,https://kodi.karnataka.gov.in/crop_image/image?key=L09GRklDRVJfS0hBUklGX0NST1BfSU1BR0VTL0ltYWdlcy9ZQ18xMTgvU0NfMS9EQ18yNC9UQ18xL0hDXzEvVkNfNS9MQ180NDQvT05fMTQvT25lXzE2MDA5MjI3MDQyMTUuanBn
442663689,24,Dakshina kannada,1,Mangalore,1,MANGALURU A,5,83-BAJAL,118,2020-2021,1,Kharif,Fallow,0-10-25.00,2020-09-24,NULL,NULL,12.8515153,74.8834992,https://kodi.karnataka.gov.in/crop_image/image?key=L09GRklDRVJfS0hBUklGX0NST1BfSU1BR0VTL0ltYWdlcy9ZQ18xMTgvU0NfMS9EQ18yNC9UQ18xL0hDXzEvVkNfNS9MQ180NDgvT05fNC9PbmVfMTYwMDkyMjkwMDU3OS5qcGc=
442663714,24,Dakshina kannada,1,Mangalore,1,MANGALURU A,5,83-BAJAL,118,2020-2021,1,Kharif,Fallow,0-7-25.00,2020-09-24,NULL,NULL,12.8515317,74.8834797,https://kodi.karnataka.gov.in/crop_image/image?key=L09GRklDRVJfS0hBUklGX0NST1BfSU1BR0VTL0ltYWdlcy9ZQ18xMTgvU0NfMS9EQ18yNC9UQ18xL0hDXzEvVkNfNS9MQ180NDgvT05fMy9PbmVfMTYwMDkyMzAyNzgxOC5qcGc=
442663741,24,Dakshina kannada,1,Mangalore,1,MANGALURU A,5,83-BAJAL,118,2020-2021,1,Kharif,Fallow,0-5-0.00,2020-09-24,NULL,NULL,12.8515278,74.8835144,https://kodi.karnataka.gov.in/crop_image/image?key=L09GRklDRVJfS0hBUklGX0NST1BfSU1BR0VTL0ltYWdlcy9ZQ18xMTgvU0NfMS9EQ18yNC9UQ18xL0hDXzEvVkNfNS9MQ180NDgvT05fNS9PbmVfMTYwMDkyMzE1NDk1Mi5qcGc=
442663768,24,Dakshina kannada,1,Mangalore,1,MANGALURU A,5,83-BAJAL,118,2020-2021,1,Kharif,Fallow,0-5-0.00,2020-09-24,NULL,NULL,12.8515231,74.883517,https://kodi.karnataka.gov.in/crop_image/image?key=L09GRklDRVJfS0hBUklGX0NST1BfSU1BR0VTL0ltYWdlcy9ZQ18xMTgvU0NfMS9EQ18yNC9UQ18xL0hDXzEvVkNfNS9MQ180NDgvT05fNi9PbmVfMTYwMDkyMzE5NTMyNC5qcGc=
442663789,24,Dakshina kannada,1,Mangalore,1,MANGALURU A,5,83-BAJAL,118,2020-2021,1,Kharif,Fallow,0-10-0.00,2020-09-24,NULL,NULL,12.85151,74.8835034,https://kodi.karnataka.gov.in/crop_image/image?key=L09GRklDRVJfS0hBUklGX0NST1BfSU1BR0VTL0ltYWdlcy9ZQ18xMTgvU0NfMS9EQ18yNC9UQ18xL0hDXzEvVkNfNS9MQ180NDgvT05fNy9PbmVfMTYwMDkyMzI0OTAwMS5qcGc=
442663816,24,Dakshina kannada,1,Mangalore,1,MANGALURU A,5,83-BAJAL,118,2020-2021,1,Kharif,Fallow,0-5-0.00,2020-09-24,NULL,NULL,12.8515103,74.8835425,https://kodi.karnataka.gov.in/crop_image/image?key=L09GRklDRVJfS0hBUklGX0NST1BfSU1BR0VTL0ltYWdlcy9ZQ18xMTgvU0NfMS9EQ18yNC9UQ18xL0hDXzEvVkNfNS9MQ180NDgvT05fOC9PbmVfMTYwMDkyMzI5OTQ3NC5qcGc=
442663831,24,Dakshina kannada,1,Mangalore,1,MANGALURU A,5,83-BAJAL,118,2020-2021,1,Kharif,Fallow,0-30-0.00,2020-09-24,NULL,NULL,12.8515201,74.8835062,https://kodi.karnataka.gov.in/crop_image/image?key=L09GRklDRVJfS0hBUklGX0NST1BfSU1BR0VTL0ltYWdlcy9ZQ18xMTgvU0NfMS9EQ18yNC9UQ18xL0hDXzEvVkNfNS9MQ180NDkvT05fMi9PbmVfMTYwMDkyMzM2MzczOC5qcGc=
442663852,24,Dakshina kannada,1,Mangalore,1,MANGALURU A,5,83-BAJAL,118,2020-2021,1,Kharif,Fallow,0-11-0.00,2020-09-24,NULL,NULL,12.8515222,74.8834951,https://kodi.karnataka.gov.in/crop_image/image?key=L09GRklDRVJfS0hBUklGX0NST1BfSU1BR0VTL0ltYWdlcy9ZQ18xMTgvU0NfMS9EQ18yNC9UQ18xL0hDXzEvVkNfNS9MQ180NTAvT05fMS9PbmVfMTYwMDkyMzQyMTQ3MC5qcGc=
442663881,24,Dakshina kannada,1,Mangalore,1,MANGALURU A,5,83-BAJAL,118,2020-2021,1,Kharif,Fallow,0-4-0.00,2020-09-24,NULL,NULL,12.8515115,74.8834989,https://kodi.karnataka.gov.in/crop_image/image?key=L09GRklDRVJfS0hBUklGX0NST1BfSU1BR0VTL0ltYWdlcy9ZQ18xMTgvU0NfMS9EQ18yNC9UQ18xL0hDXzEvVkNfNS9MQ180NTEvT05fMS9PbmVfMTYwMDkyMzQ2NzE0My5qcGc=
442663911,24,Dakshina kannada,1,Mangalore,1,MANGALURU A,5,83-BAJAL,118,2020-2021,1,Kharif,Fallow,0-9-0.00,2020-09-24,NULL,NULL,12.851515,74.8834897,https://kodi.karnataka.gov.in/crop_image/image?key=L09GRklDRVJfS0hBUklGX0NST1BfSU1BR0VTL0ltYWdlcy9ZQ18xMTgvU0NfMS9EQ18yNC9UQ18xL0hDXzEvVkNfNS9MQ180NTIvT05fMS9PbmVfMTYwMDkyMzU1MTcwOC5qcGc=
442663954,24,Dakshina kannada,1,Mangalore,1,MANGALURU A,5,83-BAJAL,118,2020-2021,1,Kharif,Fallow,0-7-0.00,2020-09-24,NULL,NULL,12.8515142,74.8834984,https://kodi.karnataka.gov.in/crop_image/image?key=L09GRklDRVJfS0hBUklGX0NST1BfSU1BR0VTL0ltYWdlcy9ZQ18xMTgvU0NfMS9EQ18yNC9UQ18xL0hDXzEvVkNfNS9MQ180NTMvT05fMi9PbmVfMTYwMDkyMzc2ODgyMy5qcGc=
442663976,24,Dakshina kannada,1,Mangalore,1,MANGALURU A,5,83-BAJAL,118,2020-2021,1,Kharif,Fallow,0-22-0.00,2020-09-24,NULL,NULL,12.8515091,74.8834983,https://kodi.karnataka.gov.in/crop_image/image?key=L09GRklDRVJfS0hBUklGX0NST1BfSU1BR0VTL0ltYWdlcy9ZQ18xMTgvU0NfMS9EQ18yNC9UQ18xL0hDXzEvVkNfNS9MQ18yMzcxL09OXzEvT25lXzE2MDA5MjM5MDgzNDEuanBn
442663999,24,Dakshina kannada,1,Mangalore,1,MANGALURU A,5,83-BAJAL,118,2020-2021,1,Kharif,Fallow,0-5-0.00,2020-09-24,NULL,NULL,12.8515162,74.8835186,https://kodi.karnataka.gov.in/crop_image/image?key=L09GRklDRVJfS0hBUklGX0NST1BfSU1BR0VTL0ltYWdlcy9ZQ18xMTgvU0NfMS9EQ18yNC9UQ18xL0hDXzEvVkNfNS9MQ180NTQvT05fMi9PbmVfMTYwMDkyMzk2NzYwNi5qcGc=
442664025,24,Dakshina kannada,1,Mangalore,1,MANGALURU A,5,83-BAJAL,118,2020-2021,1,Kharif,Fallow,2-18-0.00,2020-09-24,NULL,NULL,12.8517235,74.8850762,https://kodi.karnataka.gov.in/crop_image/image?key=L09GRklDRVJfS0hBUklGX0NST1BfSU1BR0VTL0ltYWdlcy9ZQ18xMTgvU0NfMS9EQ18yNC9UQ18xL0hDXzEvVkNfNS9MQ180OTEvT05fMS9PbmVfMTYwMDkyNDU0MDQ4MC5qcGc=
442664054,24,Dakshina kannada,1,Mangalore,1,MANGALURU A,5,83-BAJAL,118,2020-2021,1,Kharif,Fallow,1-3-0.00,2020-09-24,NULL,NULL,12.85188,74.8850126,https://kodi.karnataka.gov.in/crop_image/image?key=L09GRklDRVJfS0hBUklGX0NST1BfSU1BR0VTL0ltYWdlcy9ZQ18xMTgvU0NfMS9EQ18yNC9UQ18xL0hDXzEvVkNfNS9MQ180OTkvT05fMS9PbmVfMTYwMDkyNDcxNzE2MC5qcGc=
442664089,24,Dakshina kannada,1,Mangalore,1,MANGALURU A,5,83-BAJAL,118,2020-2021,1,Kharif,Fallow,0-13-75.00,2020-09-24,NULL,NULL,12.8518473,74.8850059,https://kodi.karnataka.gov.in/crop_image/image?key=L09GRklDRVJfS0hBUklGX0NST1BfSU1BR0VTL0ltYWdlcy9ZQ18xMTgvU0NfMS9EQ18yNC9UQ18xL0hDXzEvVkNfNS9MQ18yOTc3L09OXzIvT25lXzE2MDA5MjQ3NjIxODYuanBn
442664118,24,Dakshina kannada,1,Mangalore,1,MANGALURU A,5,83-BAJAL,118,2020-2021,1,Kharif,Fallow,0-11-25.00,2020-09-24,NULL,NULL,12.8518757,74.8850251,https://kodi.karnataka.gov.in/crop_image/image?key=L09GRklDRVJfS0hBUklGX0NST1BfSU1BR0VTL0ltYWdlcy9ZQ18xMTgvU0NfMS9EQ18yNC9UQ18xL0hDXzEvVkNfNS9MQ18yOTc3L09OXzgvT25lXzE2MDA5MjQ4MDE3OTIuanBn
442664136,24,Dakshina kannada,1,Mangalore,1,MANGALURU A,5,83-BAJAL,118,2020-2021,1,Kharif,Coconut,1-33-0.00,2020-09-24,NULL,NULL,12.8518643,74.8849908,https://kodi.karnataka.gov.in/crop_image/image?key=L09GRklDRVJfS0hBUklGX0NST1BfSU1BR0VTL0ltYWdlcy9ZQ18xMTgvU0NfMS9EQ18yNC9UQ18xL0hDXzEvVkNfNS9MQ180OTMvT05fMS9PbmVfMTYwMDkyNDg4ODkzNC5qcGc=
442664167,24,Dakshina kannada,1,Mangalore,1,MANGALURU A,5,83-BAJAL,118,2020-2021,1,Kharif,Fallow,0-40-0.00,2020-09-24,NULL,NULL,12.8518425,74.8849835,https://kodi.karnataka.gov.in/crop_image/image?key=L09GRklDRVJfS0hBUklGX0NST1BfSU1BR0VTL0ltYWdlcy9ZQ18xMTgvU0NfMS9EQ18yNC9UQ18xL0hDXzEvVkNfNS9MQ180OTQvT05fMi9PbmVfMTYwMDkyNDkzOTkxMi5qcGc=
442664197,24,Dakshina kannada,1,Mangalore,1,MANGALURU A,5,83-BAJAL,118,2020-2021,1,Kharif,Fallow,0-15-0.00,2020-09-24,NULL,NULL,12.8518343,74.8849702,https://kodi.karnataka.gov.in/crop_image/image?key=L09GRklDRVJfS0hBUklGX0NST1BfSU1BR0VTL0ltYWdlcy9ZQ18xMTgvU0NfMS9EQ18yNC9UQ18xL0hDXzEvVkNfNS9MQ18yMzc4L09OXzIvT25lXzE2MDA5MjQ5ODMyOTMuanBn
442664221,24,Dakshina kannada,1,Mangalore,1,MANGALURU A,5,83-BAJAL,118,2020-2021,1,Kharif,Fallow,0-8-0.00,2020-09-24,NULL,NULL,12.8518567,74.8849884,https://kodi.karnataka.gov.in/crop_image/image?key=L09GRklDRVJfS0hBUklGX0NST1BfSU1BR0VTL0ltYWdlcy9ZQ18xMTgvU0NfMS9EQ18yNC9UQ18xL0hDXzEvVkNfNS9MQ18yMzc4L09OXzMvT25lXzE2MDA5MjUwMjMwNTYuanBn
442664240,24,Dakshina kannada,1,Mangalore,1,MANGALURU A,5,83-BAJAL,118,2020-2021,1,Kharif,Fallow,0-7-0.00,2020-09-24,NULL,NULL,12.8518638,74.8850106,https://kodi.karnataka.gov.in/crop_image/image?key=L09GRklDRVJfS0hBUklGX0NST1BfSU1BR0VTL0ltYWdlcy9ZQ18xMTgvU0NfMS9EQ18yNC9UQ18xL0hDXzEvVkNfNS9MQ18yMzc4L09OXzUvT25lXzE2MDA5MjUwNzkyMTkuanBn
442664256,24,Dakshina kannada,1,Mangalore,1,MANGALURU A,5,83-BAJAL,118,2020-2021,1,Kharif,Fallow,0-25-0.00,2020-09-24,NULL,NULL,12.8518899,74.8850496,https://kodi.karnataka.gov.in/crop_image/image?key=L09GRklDRVJfS0hBUklGX0NST1BfSU1BR0VTL0ltYWdlcy9ZQ18xMTgvU0NfMS9EQ18yNC9UQ18xL0hDXzEvVkNfNS9MQ180OTYvT05fMi9PbmVfMTYwMDkyNTE1NTQ4MC5qcGc=
442664289,24,Dakshina kannada,1,Mangalore,1,MANGALURU A,5,83-BAJAL,118,2020-2021,1,Kharif,Fallow,0-3-0.00,2020-09-24,NULL,NULL,12.8518474,74.8850066,https://kodi.karnataka.gov.in/crop_image/image?key=L09GRklDRVJfS0hBUklGX0NST1BfSU1BR0VTL0ltYWdlcy9ZQ18xMTgvU0NfMS9EQ18yNC9UQ18xL0hDXzEvVkNfNS9MQ180OTYvT05fNS9PbmVfMTYwMDkyNTE5NDkyMC5qcGc=
442664315,24,Dakshina kannada,1,Mangalore,1,MANGALURU A,5,83-BAJAL,118,2020-2021,1,Kharif,Fallow,0-17-0.00,2020-09-24,NULL,NULL,12.8518611,74.8850012,https://kodi.karnataka.gov.in/crop_image/image?key=L09GRklDRVJfS0hBUklGX0NST1BfSU1BR0VTL0ltYWdlcy9ZQ18xMTgvU0NfMS9EQ18yNC9UQ18xL0hDXzEvVkNfNS9MQ180OTcvT05fNy9PbmVfMTYwMDkyNTIzNTEyNi5qcGc=
442664340,24,Dakshina kannada,1,Mangalore,1,MANGALURU A,5,83-BAJAL,118,2020-2021,1,Kharif,Fallow,0-25-0.00,2020-09-24,NULL,NULL,12.8518512,74.8849721,https://kodi.karnataka.gov.in/crop_image/image?key=L09GRklDRVJfS0hBUklGX0NST1BfSU1BR0VTL0ltYWdlcy9ZQ18xMTgvU0NfMS9EQ18yNC9UQ18xL0hDXzEvVkNfNS9MQ18yMzc3L09OXzMvT25lXzE2MDA5MjUzNTEyMjIuanBn
442664361,24,Dakshina kannada,1,Mangalore,1,MANGALURU A,5,83-BAJAL,118,2020-2021,1,Kharif,Coconut,0-30-0.00,2020-09-24,NULL,NULL,12.8546664,74.8871799,https://kodi.karnataka.gov.in/crop_image/image?key=L09GRklDRVJfS0hBUklGX0NST1BfSU1BR0VTL0ltYWdlcy9ZQ18xMTgvU0NfMS9EQ18yNC9UQ18xL0hDXzEvVkNfNS9MQ182NDcvT05fMy9PbmVfMTYwMDkyNjExMjQwNi5qcGc=
442664387,24,Dakshina kannada,1,Mangalore,1,MANGALURU A,5,83-BAJAL,118,2020-2021,1,Kharif,Fallow,0-16-0.00,2020-09-24,NULL,NULL,12.8547047,74.887168,https://kodi.karnataka.gov.in/crop_image/image?key=L09GRklDRVJfS0hBUklGX0NST1BfSU1BR0VTL0ltYWdlcy9ZQ18xMTgvU0NfMS9EQ18yNC9UQ18xL0hDXzEvVkNfNS9MQ182NDcvT05fMS9PbmVfMTYwMDkyNjIxMzY2MS5qcGc=
442664422,24,Dakshina kannada,1,Mangalore,1,MANGALURU A,5,83-BAJAL,118,2020-2021,1,Kharif,Coconut,0-40-0.00,2020-09-24,NULL,NULL,12.8546687,74.8871918,https://kodi.karnataka.gov.in/crop_image/image?key=L09GRklDRVJfS0hBUklGX0NST1BfSU1BR0VTL0ltYWdlcy9ZQ18xMTgvU0NfMS9EQ18yNC9UQ18xL0hDXzEvVkNfNS9MQ182NDkvT05fMS9PbmVfMTYwMDkyNjI2MjkyOS5qcGc=
442664440,24,Dakshina kannada,1,Mangalore,1,MANGALURU A,5,83-BAJAL,118,2020-2021,1,Kharif,Fallow,0-5-25.00,2020-09-24,NULL,NULL,12.8549751,74.8881438,https://kodi.karnataka.gov.in/crop_image/image?key=L09GRklDRVJfS0hBUklGX0NST1BfSU1BR0VTL0ltYWdlcy9ZQ18xMTgvU0NfMS9EQ18yNC9UQ18xL0hDXzEvVkNfNS9MQ18yMTYyOC9PTl8xL09uZV8xNjAwOTI2NTgzNTI4LmpwZw==
442664465,24,Dakshina kannada,1,Mangalore,1,MANGALURU A,5,83-BAJAL,118,2020-2021,1,Kharif,Fallow,0-9-68.00,2020-09-24,NULL,NULL,12.8549619,74.8881419,https://kodi.karnataka.gov.in/crop_image/image?key=L09GRklDRVJfS0hBUklGX0NST1BfSU1BR0VTL0ltYWdlcy9ZQ18xMTgvU0NfMS9EQ18yNC9UQ18xL0hDXzEvVkNfNS9MQ182NjYvT05fMjEvT25lXzE2MDA5MjY2MzMzNjMuanBn
442664483,24,Dakshina kannada,1,Mangalore,1,MANGALURU A,5,83-BAJAL,118,2020-2021,1,Kharif,Coconut,0-14-75.00,2020-09-24,NULL,NULL,12.8549531,74.8881459,https://kodi.karnataka.gov.in/crop_image/image?key=L09GRklDRVJfS0hBUklGX0NST1BfSU1BR0VTL0ltYWdlcy9ZQ18xMTgvU0NfMS9EQ18yNC9UQ18xL0hDXzEvVkNfNS9MQ18yMTYyOC9PTl82L09uZV8xNjAwOTI2NzIxODM3LmpwZw==
442664506,24,Dakshina kannada,1,Mangalore,1,MANGALURU A,5,83-BAJAL,118,2020-2021,1,Kharif,Coconut,0-18-75.00,2020-09-24,NULL,NULL,12.8549444,74.8881284,https://kodi.karnataka.gov.in/crop_image/image?key=L09GRklDRVJfS0hBUklGX0NST1BfSU1BR0VTL0ltYWdlcy9ZQ18xMTgvU0NfMS9EQ18yNC9UQ18xL0hDXzEvVkNfNS9MQ18yMTYyOC9PTl83L09uZV8xNjAwOTI2ODA1MzA2LmpwZw==
442664535,24,Dakshina kannada,1,Mangalore,1,MANGALURU A,5,83-BAJAL,118,2020-2021,1,Kharif,Fallow,0-37-0.00,2020-09-24,NULL,NULL,12.8549393,74.8881395,https://kodi.karnataka.gov.in/crop_image/image?key=L09GRklDRVJfS0hBUklGX0NST1BfSU1BR0VTL0ltYWdlcy9ZQ18xMTgvU0NfMS9EQ18yNC9UQ18xL0hDXzEvVkNfNS9MQ18yMTYyOC9PTl8xOS9PbmVfMTYwMDkyNjg1MTc3Mi5qcGc=
442664556,24,Dakshina kannada,1,Mangalore,1,MANGALURU A,5,83-BAJAL,118,2020-2021,1,Kharif,Fallow,0-25-25.00,2020-09-24,NULL,NULL,12.854938,74.8881419,https://kodi.karnataka.gov.in/crop_image/image?key=L09GRklDRVJfS0hBUklGX0NST1BfSU1BR0VTL0ltYWdlcy9ZQ18xMTgvU0NfMS9EQ18yNC9UQ18xL0hDXzEvVkNfNS9MQ18yMTYyOC9PTl8yNi9PbmVfMTYwMDkyNjkwNDMwNi5qcGc=
442664578,24,Dakshina kannada,1,Mangalore,1,MANGALURU A,5,83-BAJAL,118,2020-2021,1,Kharif,Fallow,0-14-50.00,2020-09-24,NULL,NULL,12.8549568,74.8881261,https://kodi.karnataka.gov.in/crop_image/image?key=L09GRklDRVJfS0hBUklGX0NST1BfSU1BR0VTL0ltYWdlcy9ZQ18xMTgvU0NfMS9EQ18yNC9UQ18xL0hDXzEvVkNfNS9MQ18yMTYyOC9PTl8yOS9PbmVfMTYwMDkyNjk0MzYwMS5qcGc=
442664597,24,Dakshina kannada,1,Mangalore,1,MANGALURU A,5,83-BAJAL,118,2020-2021,1,Kharif,Fallow,0-1-0.00,2020-09-24,NULL,NULL,12.8549194,74.8881595,https://kodi.karnataka.gov.in/crop_image/image?key=L09GRklDRVJfS0hBUklGX0NST1BfSU1BR0VTL0ltYWdlcy9ZQ18xMTgvU0NfMS9EQ18yNC9UQ18xL0hDXzEvVkNfNS9MQ18yMTYyOC9PTl8zMC9PbmVfMTYwMDkyNzAyODI0OS5qcGc=
442664620,24,Dakshina kannada,1,Mangalore,1,MANGALURU A,5,83-BAJAL,118,2020-2021,1,Kharif,Coconut,0-10-0.00,2020-10-23,NULL,NULL,12.8550838,74.8882689,https://kodi.karnataka.gov.in/crop_image/image?key=L1NVUEVSVklTT1JfS0hBUklGX1RQS19JTUFHRVMvSW1hZ2VzL1lDXzExOC9TQ18xL0RDXzI0L1RDXzEvSENfMS9WQ181L0xDXzIxNjI4L09OXzMzL09uZV8xNjAzNDQyMDE1NTU2LmpwZw==
442664636,24,Dakshina kannada,1,Mangalore,1,MANGALURU A,5,83-BAJAL,118,2020-2021,1,Kharif,Fallow,0-1-0.00,2020-09-24,NULL,NULL,12.854934,74.8881498,https://kodi.karnataka.gov.in/crop_image/image?key=L09GRklDRVJfS0hBUklGX0NST1BfSU1BR0VTL0ltYWdlcy9ZQ18xMTgvU0NfMS9EQ18yNC9UQ18xL0hDXzEvVkNfNS9MQ18yMTYyOC9PTl8zNC9PbmVfMTYwMDkyNzIwMjE4NC5qcGc=
442664664,24,Dakshina kannada,1,Mangalore,1,MANGALURU A,5,83-BAJAL,118,2020-2021,1,Kharif,Fallow,0-10-0.00,2020-09-24,NULL,NULL,12.8549453,74.8881454,https://kodi.karnataka.gov.in/crop_image/image?key=L09GRklDRVJfS0hBUklGX0NST1BfSU1BR0VTL0ltYWdlcy9ZQ18xMTgvU0NfMS9EQ18yNC9UQ18xL0hDXzEvVkNfNS9MQ18yMTYyOC9PTl80Mi9PbmVfMTYwMDkyNzI1ODU0NC5qcGc=
442664683,24,Dakshina kannada,1,Mangalore,1,MANGALURU A,5,83-BAJAL,118,2020-2021,1,Kharif,Fallow,0-22-0.00,2020-09-24,NULL,NULL,12.8549402,74.8881485,https://kodi.karnataka.gov.in/crop_image/image?key=L09GRklDRVJfS0hBUklGX0NST1BfSU1BR0VTL0ltYWdlcy9ZQ18xMTgvU0NfMS9EQ18yNC9UQ18xL0hDXzEvVkNfNS9MQ18yMTYyOC9PTl80My9PbmVfMTYwMDkyNzI5NzM2NC5qcGc=
442664702,24,Dakshina kannada,1,Mangalore,1,MANGALURU A,5,83-BAJAL,118,2020-2021,1,Kharif,Fallow,0-10-0.00,2020-09-24,NULL,NULL,12.8578103,74.8933236,https://kodi.karnataka.gov.in/crop_image/image?key=L09GRklDRVJfS0hBUklGX0NST1BfSU1BR0VTL0ltYWdlcy9ZQ18xMTgvU0NfMS9EQ18yNC9UQ18xL0hDXzEvVkNfNS9MQ18yMTYyNS9PTl8zMy9PbmVfMTYwMDkyNzYwMzgyNy5qcGc=
442664711,24,Dakshina kannada,1,Mangalore,1,MANGALURU A,5,83-BAJAL,118,2020-2021,1,Kharif,Fallow,0-10-0.00,2020-09-24,NULL,NULL,12.8578307,74.8933945,https://kodi.karnataka.gov.in/crop_image/image?key=L09GRklDRVJfS0hBUklGX0NST1BfSU1BR0VTL0ltYWdlcy9ZQ18xMTgvU0NfMS9EQ18yNC9UQ18xL0hDXzEvVkNfNS9MQ18yMTYyNS9PTl8zMC9PbmVfMTYwMDkyNzY2NTU1MS5qcGc=
442664720,24,Dakshina kannada,1,Mangalore,1,MANGALURU A,5,83-BAJAL,118,2020-2021,1,Kharif,Fallow,0-9-50.00,2020-09-24,NULL,NULL,12.8578493,74.8934857,https://kodi.karnataka.gov.in/crop_image/image?key=L09GRklDRVJfS0hBUklGX0NST1BfSU1BR0VTL0ltYWdlcy9ZQ18xMTgvU0NfMS9EQ18yNC9UQ18xL0hDXzEvVkNfNS9MQ18yMTYyNS9PTl8zMS9PbmVfMTYwMDkyNzcyNTU4Ny5qcGc=
442664728,24,Dakshina kannada,1,Mangalore,1,MANGALURU A,5,83-BAJAL,118,2020-2021,1,Kharif,Fallow,0-10-0.00,2020-09-24,NULL,NULL,12.8578557,74.8934755,https://kodi.karnataka.gov.in/crop_image/image?key=L09GRklDRVJfS0hBUklGX0NST1BfSU1BR0VTL0ltYWdlcy9ZQ18xMTgvU0NfMS9EQ18yNC9UQ18xL0hDXzEvVkNfNS9MQ18yMTYyNS9PTl80Ny9PbmVfMTYwMDkyNzc2NzcwNi5qcGc=
442664736,24,Dakshina kannada,1,Mangalore,1,MANGALURU A,5,83-BAJAL,118,2020-2021,1,Kharif,Fallow,0-3-0.00,2020-09-24,NULL,NULL,12.8578556,74.893493,https://kodi.karnataka.gov.in/crop_image/image?key=L09GRklDRVJfS0hBUklGX0NST1BfSU1BR0VTL0ltYWdlcy9ZQ18xMTgvU0NfMS9EQ18yNC9UQ18xL0hDXzEvVkNfNS9MQ18yMTYyNS9PTl80OC9PbmVfMTYwMDkyNzgxNjA1MS5qcGc=
442664744,24,Dakshina kannada,1,Mangalore,1,MANGALURU A,5,83-BAJAL,118,2020-2021,1,Kharif,Fallow,0-10-0.00,2020-09-24,NULL,NULL,12.8578479,74.8935045,https://kodi.karnataka.gov.in/crop_image/image?key=L09GRklDRVJfS0hBUklGX0NST1BfSU1BR0VTL0ltYWdlcy9ZQ18xMTgvU0NfMS9EQ18yNC9UQ18xL0hDXzEvVkNfNS9MQ18yMTYyNS9PTl80OS9PbmVfMTYwMDkyNzg3NDA3NC5qcGc=
442664752,24,Dakshina kannada,1,Mangalore,1,MANGALURU A,5,83-BAJAL,118,2020-2021,1,Kharif,Fallow,0-7-0.00,2020-09-24,NULL,NULL,12.857846,74.8934978,https://kodi.karnataka.gov.in/crop_image/image?key=L09GRklDRVJfS0hBUklGX0NST1BfSU1BR0VTL0ltYWdlcy9ZQ18xMTgvU0NfMS9EQ18yNC9UQ18xL0hDXzEvVkNfNS9MQ18yMTYyNS9PTl81MC9PbmVfMTYwMDkyNzk2ODA1NC5qcGc=
442664759,24,Dakshina kannada,1,Mangalore,1,MANGALURU A,5,83-BAJAL,118,2020-2021,1,Kharif,Fallow,0-5-0.00,2020-09-24,NULL,NULL,12.8578407,74.8935148,https://kodi.karnataka.gov.in/crop_image/image?key=L09GRklDRVJfS0hBUklGX0NST1BfSU1BR0VTL0ltYWdlcy9ZQ18xMTgvU0NfMS9EQ18yNC9UQ18xL0hDXzEvVkNfNS9MQ18yMTYyNS9PTl81Mi9PbmVfMTYwMDkyODExODk2Ni5qcGc=
442664765,24,Dakshina kannada,1,Mangalore,1,MANGALURU A,5,83-BAJAL,118,2020-2021,1,Kharif,Fallow,0-3-75.00,2020-09-24,NULL,NULL,12.8578234,74.8935109,https://kodi.karnataka.gov.in/crop_image/image?key=L09GRklDRVJfS0hBUklGX0NST1BfSU1BR0VTL0ltYWdlcy9ZQ18xMTgvU0NfMS9EQ18yNC9UQ18xL0hDXzEvVkNfNS9MQ18yMTYyNS9PTl81NC9PbmVfMTYwMDkyODE1NjU3MC5qcGc=
442664771,24,Dakshina kannada,1,Mangalore,1,MANGALURU A,5,83-BAJAL,118,2020-2021,1,Kharif,Fallow,0-5-25.00,2020-09-24,NULL,NULL,12.8578409,74.8934988,https://kodi.karnataka.gov.in/crop_image/image?key=L09GRklDRVJfS0hBUklGX0NST1BfSU1BR0VTL0ltYWdlcy9ZQ18xMTgvU0NfMS9EQ18yNC9UQ18xL0hDXzEvVkNfNS9MQ18yMTYyNS9PTl81NS9PbmVfMTYwMDkyODIwOTM2NS5qcGc=
442700943,24,Dakshina kannada,1,Mangalore,1,MANGALURU A,12,85 BI-JAPPINA MOGARU,118,2020-2021,1,Kharif,Fallow,0-12-0.00,2020-09-24,NULL,NULL,12.8512398,74.8671247,https://kodi.karnataka.gov.in/crop_image/image?key=L09GRklDRVJfS0hBUklGX0NST1BfSU1BR0VTL0ltYWdlcy9ZQ18xMTgvU0NfMS9EQ18yNC9UQ18xL0hDXzEvVkNfMTIvTENfNDUzNi9PTl8xL09uZV8xNjAwOTM1NjMzMTIxLmpwZw==
442700982,24,Dakshina kannada,1,Mangalore,1,MANGALURU A,12,85 BI-JAPPINA MOGARU,118,2020-2021,1,Kharif,Fallow,0-49-0.00,2020-09-24,NULL,NULL,12.8530648,74.8627636,https://kodi.karnataka.gov.in/crop_image/image?key=L09GRklDRVJfS0hBUklGX0NST1BfSU1BR0VTL0ltYWdlcy9ZQ18xMTgvU0NfMS9EQ18yNC9UQ18xL0hDXzEvVkNfMTIvTENfNTI2L09OXzEvT25lXzE2MDA5MzYzMzIxMjcuanBn
442701027,24,Dakshina kannada,1,Mangalore,1,MANGALURU A,12,85 BI-JAPPINA MOGARU,118,2020-2021,1,Kharif,Fallow,0-49-0.00,2020-09-24,NULL,NULL,12.8530689,74.8627591,https://kodi.karnataka.gov.in/crop_image/image?key=L09GRklDRVJfS0hBUklGX0NST1BfSU1BR0VTL0ltYWdlcy9ZQ18xMTgvU0NfMS9EQ18yNC9UQ18xL0hDXzEvVkNfMTIvTENfNTI3L09OXzEvT25lXzE2MDA5MzYzNzIzMDAuanBn
442701070,24,Dakshina kannada,1,Mangalore,1,MANGALURU A,12,85 BI-JAPPINA MOGARU,118,2020-2021,1,Kharif,Fallow,0-74-0.00,2020-09-24,NULL,NULL,12.8530684,74.8627619,https://kodi.karnataka.gov.in/crop_image/image?key=L09GRklDRVJfS0hBUklGX0NST1BfSU1BR0VTL0ltYWdlcy9ZQ18xMTgvU0NfMS9EQ18yNC9UQ18xL0hDXzEvVkNfMTIvTENfNTI4L09OXzEvT25lXzE2MDA5MzY0Mzg2ODUuanBn
442701108,24,Dakshina kannada,1,Mangalore,1,MANGALURU A,12,85 BI-JAPPINA MOGARU,118,2020-2021,1,Kharif,Fallow,2-68-0.00,2020-09-24,NULL,NULL,12.8530697,74.8627701,https://kodi.karnataka.gov.in/crop_image/image?key=L09GRklDRVJfS0hBUklGX0NST1BfSU1BR0VTL0ltYWdlcy9ZQ18xMTgvU0NfMS9EQ18yNC9UQ18xL0hDXzEvVkNfMTIvTENfNTI5L09OXzEvT25lXzE2MDA5MzY0NzEzOTYuanBn
445452529,24,Dakshina kannada,1,Mangalore,1,MANGALURU A,4,90 BI-BOLURU B,118,2020-2021,1,Kharif,Paddy-L,0-35-0.00,2020-11-30,July,2nd week,12.8944001,74.8320875,https://kodi.karnataka.gov.in/crop_image/image?key=L1NVUEVSVklTT1JfS0hBUklGX1RQS19JTUFHRVMvSW1hZ2VzL1lDXzExOC9TQ18xL0RDXzI0L1RDXzEvSENfMS9WQ180L0xDXzE5MzEvT05fMi9PbmVfMTYwNjczMjU4MjM1Mi5qcGc=
445452529,24,Dakshina kannada,1,Mangalore,1,MANGALURU A,4,90 BI-BOLURU B,118,2020-2021,1,Kharif,Paddy-L,0-35-0.00,2020-11-30,July,2nd week,12.8944003,74.8320868,https://kodi.karnataka.gov.in/crop_image/image?key=L1NVUEVSVklTT1JfS0hBUklGX1RQS19JTUFHRVMvSW1hZ2VzL1lDXzExOC9TQ18xL0RDXzI0L1RDXzEvSENfMS9WQ180L0xDXzE5MzEvT05fMi9Ud29fMTYwNjczMjU5NjE5Mi5qcGc=
445452530,24,Dakshina kannada,1,Mangalore,1,MANGALURU A,4,90 BI-BOLURU B,118,2020-2021,1,Kharif,Paddy-L,1-25-0.00,2020-11-30,July,2nd week,12.8943978,74.8320846,https://kodi.karnataka.gov.in/crop_image/image?key=L1NVUEVSVklTT1JfS0hBUklGX1RQS19JTUFHRVMvSW1hZ2VzL1lDXzExOC9TQ18xL0RDXzI0L1RDXzEvSENfMS9WQ180L0xDXzE5NDUvT05fMy9PbmVfMTYwNjczMjc0NTk1MC5qcGc=
445452530,24,Dakshina kannada,1,Mangalore,1,MANGALURU A,4,90 BI-BOLURU B,118,2020-2021,1,Kharif,Paddy-L,1-25-0.00,2020-11-30,July,2nd week,12.8943975,74.8320844,https://kodi.karnataka.gov.in/crop_image/image?key=L1NVUEVSVklTT1JfS0hBUklGX1RQS19JTUFHRVMvSW1hZ2VzL1lDXzExOC9TQ18xL0RDXzI0L1RDXzEvSENfMS9WQ180L0xDXzE5NDUvT05fMy9Ud29fMTYwNjczMjc1NjcwNS5qcGc=
445452531,24,Dakshina kannada,1,Mangalore,1,MANGALURU A,4,90 BI-BOLURU B,118,2020-2021,1,Kharif,Paddy-L,0-12-0.00,2020-11-30,July,2nd week,12.8943957,74.8320817,https://kodi.karnataka.gov.in/crop_image/image?key=L1NVUEVSVklTT1JfS0hBUklGX1RQS19JTUFHRVMvSW1hZ2VzL1lDXzExOC9TQ18xL0RDXzI0L1RDXzEvSENfMS9WQ180L0xDXzE3MDEvT05fMi9PbmVfMTYwNjczMjgzNjAwOC5qcGc=
445452531,24,Dakshina kannada,1,Mangalore,1,MANGALURU A,4,90 BI-BOLURU B,118,2020-2021,1,Kharif,Paddy-L,0-12-0.00,2020-11-30,July,2nd week,12.8943971,74.8320826,https://kodi.karnataka.gov.in/crop_image/image?key=L1NVUEVSVklTT1JfS0hBUklGX1RQS19JTUFHRVMvSW1hZ2VzL1lDXzExOC9TQ18xL0RDXzI0L1RDXzEvSENfMS9WQ180L0xDXzE3MDEvT05fMi9Ud29fMTYwNjczMjg0ODg1My5qcGc=
445452532,24,Dakshina kannada,1,Mangalore,1,MANGALURU A,4,90 BI-BOLURU B,118,2020-2021,1,Kharif,Paddy-L,0-21-0.00,2020-11-30,July,2nd week,12.8943378,74.8321664,https://kodi.karnataka.gov.in/crop_image/image?key=L1NVUEVSVklTT1JfS0hBUklGX1RQS19JTUFHRVMvSW1hZ2VzL1lDXzExOC9TQ18xL0RDXzI0L1RDXzEvSENfMS9WQ180L0xDXzE5NDgvT05fMi9PbmVfMTYwNjczMzE0MjU5MC5qcGc=
445452532,24,Dakshina kannada,1,Mangalore,1,MANGALURU A,4,90 BI-BOLURU B,118,2020-2021,1,Kharif,Paddy-L,0-21-0.00,2020-11-30,July,2nd week,12.8943377,74.8321665,https://kodi.karnataka.gov.in/crop_image/image?key=L1NVUEVSVklTT1JfS0hBUklGX1RQS19JTUFHRVMvSW1hZ2VzL1lDXzExOC9TQ18xL0RDXzI0L1RDXzEvSENfMS9WQ180L0xDXzE5NDgvT05fMi9Ud29fMTYwNjczMzE1MTc1OC5qcGc=
442664776,24,Dakshina kannada,1,Mangalore,1,MANGALURU A,5,83-BAJAL,118,2020-2021,1,Kharif,Fallow,0-3-38.00,2020-09-24,NULL,NULL,12.8612176,74.8893279,https://kodi.karnataka.gov.in/crop_image/image?key=L09GRklDRVJfS0hBUklGX0NST1BfSU1BR0VTL0ltYWdlcy9ZQ18xMTgvU0NfMS9EQ18yNC9UQ18xL0hDXzEvVkNfNS9MQ185NzcvT05fNC9PbmVfMTYwMDkyODQ1MTAxNS5qcGc=
442664782,24,Dakshina kannada,1,Mangalore,1,MANGALURU A,5,83-BAJAL,118,2020-2021,1,Kharif,Fallow,0-15-0.00,2020-09-24,NULL,NULL,12.8612236,74.8893308,https://kodi.karnataka.gov.in/crop_image/image?key=L09GRklDRVJfS0hBUklGX0NST1BfSU1BR0VTL0ltYWdlcy9ZQ18xMTgvU0NfMS9EQ18yNC9UQ18xL0hDXzEvVkNfNS9MQ185NzQvT05fMi9PbmVfMTYwMDkyODQ4ODA1MC5qcGc=
442664786,24,Dakshina kannada,1,Mangalore,1,MANGALURU A,5,83-BAJAL,118,2020-2021,1,Kharif,Fallow,0-10-0.00,2020-09-24,NULL,NULL,12.8645139,74.8934215,https://kodi.karnataka.gov.in/crop_image/image?key=L09GRklDRVJfS0hBUklGX0NST1BfSU1BR0VTL0ltYWdlcy9ZQ18xMTgvU0NfMS9EQ18yNC9UQ18xL0hDXzEvVkNfNS9MQ18xMjY1L09OXzEyL09uZV8xNjAwOTI5OTI0NzMzLmpwZw==
442705192,24,Dakshina kannada,1,Mangalore,1,MANGALURU A,5,83-BAJAL,118,2020-2021,1,Kharif,Fallow,0-0-91.00,2020-09-24,NULL,NULL,12.8544847,74.8803004,https://kodi.karnataka.gov.in/crop_image/image?key=L09GRklDRVJfS0hBUklGX0NST1BfSU1BR0VTL0ltYWdlcy9ZQ18xMTgvU0NfMS9EQ18yNC9UQ18xL0hDXzEvVkNfNS9MQ18yMTYyNy9PTl8xNS9PbmVfMTYwMDkzMTc3MzYxMi5qcGc=
